{
  "genome": {
    "max_growth_steps": 295,
    "size_x": 10,
    "size_y": 11,
    "diffusion_rate": 0.055505546389962884,
    "num_morphogens": 3,
    "division_threshold": 0.3350439177150926,
    "cell_differentiation_threshold": 0.6329017910948903,
    "axon_growth_threshold": 0.5302814005383606,
    "max_axon_length": 4,
    "axon_connect_threshold": 0.28147401355098417,
    "self_connect_isolated_neurons_fraction": 0.11169571686760073,
    "weight_adjustment_target": 0.381737158337543,
    "weight_adjustment_rate": 0.007180060170261208,
    "progenitor_secretion_rates": [
      0.24932193147848153,
      0.19558008725737264,
      0.41674875331955635
    ],
    "neuron_secretion_rates": [
      0.0776529371894874,
      0.002341127118738795,
      0.37511295667432504
    ],
    "inhibition_matrix": [
      [
        0.0,
        0.14718788371853125,
        0.0
      ],
      [
        0.17768675077018647,
        0.0,
        0.0
      ],
      [
        0.15912555836079822,
        0.0,
        0.0
      ]
    ],
    "diffusion_patterns": [
      [
        [
          0.14035183873681714,
          0.054981569471596166,
          0.06004807035484945
        ],
        [
          0.19266433040108266,
          0.07981949281681637,
          0.280539409971871
        ],
        [
          0.03854687637256375,
          0.0826034016903485,
          0.07044501018405505
        ]
      ],
      [
        [
          0.03300545127421864,
          0.09809737660921175,
          0.07971751652532226
        ],
        [
          0.1660161760447132,
          0.10326668063850514,
          0.18755057678159337
        ],
        [
          0.1070739264651201,
          0.20033063593225323,
          0.024941659729062225
        ]
      ],
      [
        [
          0.021405523248020447,
          0.20155974340518817,
          0.12652661346137098
        ],
        [
          0.06937013865525544,
          0.1756812363685998,
          0.16641384181201493
        ],
        [
          0.05598430207097525,
          0.01150616700412681,
          0.17155243397444817
        ]
      ]
    ]
  },
  "eta": -0.01,
  "decay": 0.01,
  "fitness": 1.0,
  "reward": 500.0,
  "stratum": "perfect",
  "condition": "B",
  "run_seed": 1001
}