{
  "genome": {
    "max_growth_steps": 202,
    "size_x": 20,
    "size_y": 19,
    "diffusion_rate": 0.06011633897870115,
    "num_morphogens": 3,
    "division_threshold": 0.39118125754605054,
    "cell_differentiation_threshold": 0.7180325952715839,
    "axon_growth_threshold": 0.674921389143994,
    "max_axon_length": 7,
    "axon_connect_threshold": 0.7060904093587309,
    "self_connect_isolated_neurons_fraction": 0.23086720066533517,
    "weight_adjustment_target": 0.48115466270912827,
    "weight_adjustment_rate": 0.008949564445927247,
    "progenitor_secretion_rates": [
      0.38793977436499977,
      0.4264832349662716,
      0.016435817243595052
    ],
    "neuron_secretion_rates": [
      0.478710792439136,
      0.40536210855004334,
      0.4069649250602803
    ],
    "inhibition_matrix": [
      [
        0.0,
        0.15944456489026232,
        0.35689295324871856
      ],
      [
        0.0,
        0.0,
        0.08864297720858039
      ],
      [
        0.0,
        0.20417765231686347,
        0.1077909479527211
      ]
    ],
    "diffusion_patterns": [
      [
        [
          0.13914771618983465,
          0.1112625911657954,
          0.07153303477881029
        ],
        [
          0.08450242014419546,
          0.10918041310842369,
          0.15471384237918992
        ],
        [
          0.1030416137636503,
          0.1186274430059443,
          0.10799092546415592
        ]
      ],
      [
        [
          0.12886808510492803,
          0.13760437521763813,
          0.07120262529153573
        ],
        [
          0.12202787162586456,
          0.23663988385613657,
          0.010353557356043541
        ],
        [
          0.055480457706523253,
          0.19535757541931206,
          0.042465568422018235
        ]
      ],
      [
        [
          0.15556434559777907,
          0.04550116304781572,
          0.09053023195793612
        ],
        [
          0.15723345597856497,
          0.22069541012028404,
          0.04670897128948236
        ],
        [
          0.13389519961558902,
          0.06383743313880462,
          0.08603378925374405
        ]
      ]
    ]
  },
  "eta": 0.039861427919198986,
  "decay": 0.003460068412317439,
  "fitness": 0.8393,
  "reward": -80.34999999999998,
  "stratum": "high_mid",
  "condition": "C",
  "run_seed": 1026,
  "env": "Acrobot-v1"
}