{
  "genome": {
    "max_growth_steps": 199,
    "size_x": 10,
    "size_y": 10,
    "diffusion_rate": 0.1852656408888939,
    "num_morphogens": 3,
    "division_threshold": 0.5174939096325785,
    "cell_differentiation_threshold": 0.5105660785098756,
    "axon_growth_threshold": 0.2817065800170379,
    "max_axon_length": 3,
    "axon_connect_threshold": 0.45331646215287413,
    "self_connect_isolated_neurons_fraction": 0.5141012347135265,
    "weight_adjustment_target": 0.5560092428894862,
    "weight_adjustment_rate": 0.02165584269498127,
    "progenitor_secretion_rates": [
      0.4673181927377449,
      0.3361766443544578,
      0.27492718808095823
    ],
    "neuron_secretion_rates": [
      0.4947785862425268,
      0.08012757334988513,
      0.25430233168719174
    ],
    "inhibition_matrix": [
      [
        0.0,
        0.0,
        0.0
      ],
      [
        0.17854328824538063,
        0.0,
        0.0
      ],
      [
        0.0,
        0.36045440835785764,
        0.0
      ]
    ],
    "diffusion_patterns": [
      [
        [
          0.10527081962215262,
          0.019990872938398168,
          0.17203489194256866
        ],
        [
          0.0990912605974806,
          0.046567596320162476,
          0.09692455531682224
        ],
        [
          0.14633638823761014,
          0.14279282824073503,
          0.17099078678407006
        ]
      ],
      [
        [
          0.08495394400994502,
          0.18601120651136016,
          0.05141311485573362
        ],
        [
          0.043898032051723115,
          0.27086142311278555,
          0.15808074696398228
        ],
        [
          0.023118173747476177,
          0.04867560494993211,
          0.13298775379706207
        ]
      ],
      [
        [
          0.07766767676661447,
          0.07798172283326833,
          0.20810124688908424
        ],
        [
          0.018621987418306857,
          0.18090081644191786,
          0.18442241895906142
        ],
        [
          0.16322954617979896,
          0.052986546780266965,
          0.0360880377316809
        ]
      ]
    ]
  },
  "eta": 0.0,
  "decay": 0.0,
  "fitness": 1.0,
  "reward": 500.0,
  "stratum": "perfect",
  "condition": "A",
  "run_seed": 1009
}