{
  "genome": {
    "max_growth_steps": 216,
    "size_x": 10,
    "size_y": 10,
    "diffusion_rate": 0.1803579877873075,
    "num_morphogens": 3,
    "division_threshold": 0.4728220017092366,
    "cell_differentiation_threshold": 0.468602156267987,
    "axon_growth_threshold": 0.30467010253955173,
    "max_axon_length": 3,
    "axon_connect_threshold": 0.7714885670155975,
    "self_connect_isolated_neurons_fraction": 0.11760386741554618,
    "weight_adjustment_target": 1.0,
    "weight_adjustment_rate": 0.009385038258893318,
    "progenitor_secretion_rates": [
      0.44826965354120424,
      0.42869299466643906,
      0.09294031924050572
    ],
    "neuron_secretion_rates": [
      0.21319796868048196,
      0.007878055516880145,
      0.12245060152825504
    ],
    "inhibition_matrix": [
      [
        0.0,
        0.0,
        0.0
      ],
      [
        0.21882655247589794,
        0.0,
        0.0
      ],
      [
        0.0,
        0.3867159835324383,
        0.0
      ]
    ],
    "diffusion_patterns": [
      [
        [
          0.13979809970426194,
          0.009951921635816286,
          0.0025458935007584256
        ],
        [
          0.10433597326728519,
          0.17660613115235274,
          0.09829236769313594
        ],
        [
          0.2570085662522769,
          0.08467893549787411,
          0.12678211129623848
        ]
      ],
      [
        [
          0.16046500746461356,
          0.1867974006748669,
          0.15175358683690066
        ],
        [
          0.10454822038751198,
          0.06452529745756762,
          0.07467454324764367
        ],
        [
          0.07441721830036359,
          0.044762628439824634,
          0.13805609719070747
        ]
      ],
      [
        [
          0.10489525220683472,
          0.1274080685453845,
          0.03465687942391714
        ],
        [
          0.07690423198884874,
          0.07371748631758093,
          0.07964753872377232
        ],
        [
          0.1053155656446017,
          0.016185060449643282,
          0.38126991669941673
        ]
      ]
    ]
  },
  "eta": -0.01,
  "decay": 0.01,
  "fitness": 1.0,
  "reward": 500.0,
  "stratum": "perfect",
  "condition": "B",
  "run_seed": 1015
}