{
  "genome": {
    "max_growth_steps": 181,
    "size_x": 9,
    "size_y": 10,
    "diffusion_rate": 0.08542912963482577,
    "num_morphogens": 3,
    "division_threshold": 0.5956483001560121,
    "cell_differentiation_threshold": 0.46290921338976737,
    "axon_growth_threshold": 0.5258848777375074,
    "max_axon_length": 11,
    "axon_connect_threshold": 0.8554818512336353,
    "self_connect_isolated_neurons_fraction": 0.08843369502411479,
    "weight_adjustment_target": 0.5551506684022596,
    "weight_adjustment_rate": 0.00912766959854996,
    "progenitor_secretion_rates": [
      0.24939854398058936,
      0.05603962568508397,
      0.4134873793454291
    ],
    "neuron_secretion_rates": [
      0.04020898784140842,
      0.152692549555137,
      0.08156397199183713
    ],
    "inhibition_matrix": [
      [
        0.3784250365305165,
        0.11640585696001937,
        0.0
      ],
      [
        0.0,
        0.0,
        0.0
      ],
      [
        0.0,
        0.014157253537323,
        0.06892958393956422
      ]
    ],
    "diffusion_patterns": [
      [
        [
          0.10925374859012008,
          0.032411972526636273,
          0.01753894558268314
        ],
        [
          0.25200350128869614,
          0.242439443426968,
          0.02265745438280105
        ],
        [
          0.10233872853696797,
          0.12828009302749843,
          0.09307611263762898
        ]
      ],
      [
        [
          0.07872290271105115,
          0.009550943573760053,
          0.12187419757006915
        ],
        [
          0.12606256500410148,
          0.10885617719011907,
          0.0749024714945363
        ],
        [
          0.2217467958826305,
          0.13315620630847827,
          0.12512774026525394
        ]
      ],
      [
        [
          0.08626669805901073,
          0.048901817129394676,
          0.242501828029411
        ],
        [
          0.15242534031284752,
          0.1757288748229247,
          0.11538588151686159
        ],
        [
          0.07932677720591552,
          0.09180669351857826,
          0.007656089405055944
        ]
      ]
    ]
  },
  "eta": 0.22970096092562858,
  "decay": 0.09378784728983998,
  "fitness": 1.0,
  "reward": 500.0,
  "stratum": "perfect",
  "condition": "C",
  "run_seed": 1025
}