{
  "genome": {
    "max_growth_steps": 160,
    "size_x": 20,
    "size_y": 20,
    "diffusion_rate": 0.16589065793831867,
    "num_morphogens": 3,
    "division_threshold": 0.6751479195099825,
    "cell_differentiation_threshold": 0.6069493568119666,
    "axon_growth_threshold": 0.48974087323889093,
    "max_axon_length": 5,
    "axon_connect_threshold": 0.9017995122037792,
    "self_connect_isolated_neurons_fraction": 0.03403426387373966,
    "weight_adjustment_target": 0.45231813312891594,
    "weight_adjustment_rate": 0.038656201930822816,
    "progenitor_secretion_rates": [
      0.49911757715393074,
      0.4883770822023648,
      0.0602158347140625
    ],
    "neuron_secretion_rates": [
      0.3894080478558395,
      0.3538203053106826,
      0.15960680388470477
    ],
    "inhibition_matrix": [
      [
        0.45757980391630554,
        0.0,
        0.38015723011199093
      ],
      [
        0.47111849447509113,
        0.0,
        0.04920684896599481
      ],
      [
        0.0,
        0.053918559772981434,
        0.0
      ]
    ],
    "diffusion_patterns": [
      [
        [
          0.01810210400760493,
          0.20371786473676712,
          0.09126557588060294
        ],
        [
          0.1500899523425914,
          0.13288232842047198,
          0.1008125564028104
        ],
        [
          0.056447209420380035,
          0.04862354300539121,
          0.19805886578337997
        ]
      ],
      [
        [
          0.10559819587655266,
          0.17656656124245848,
          0.1360832464394021
        ],
        [
          0.2028628731233647,
          0.06867794357767851,
          0.1669162505487676
        ],
        [
          0.025619465804713158,
          0.09447795551980345,
          0.023197507867259427
        ]
      ],
      [
        [
          0.12357801221486123,
          0.11674672355531306,
          0.1380675752527687
        ],
        [
          0.15252060577902196,
          0.01210431439693766,
          0.1455303848613133
        ],
        [
          0.09037821883480893,
          0.10444877399054901,
          0.11662539111442612
        ]
      ]
    ]
  },
  "eta": 0.0,
  "decay": 0.0,
  "fitness": 0.7989999999999999,
  "reward": -100.50000000000003,
  "stratum": "high_mid",
  "condition": "A",
  "run_seed": 1006,
  "env": "Acrobot-v1"
}