{
  "genome": {
    "max_growth_steps": 208,
    "size_x": 20,
    "size_y": 20,
    "diffusion_rate": 0.294803118535845,
    "num_morphogens": 3,
    "division_threshold": 0.44929957398788545,
    "cell_differentiation_threshold": 0.5420065323657262,
    "axon_growth_threshold": 0.24280038532838433,
    "max_axon_length": 8,
    "axon_connect_threshold": 0.9959531636955014,
    "self_connect_isolated_neurons_fraction": 0.47183301197891636,
    "weight_adjustment_target": 1.0,
    "weight_adjustment_rate": 0.02064611470952229,
    "progenitor_secretion_rates": [
      0.17528842019889085,
      0.11325324130632747,
      0.34555908360172494
    ],
    "neuron_secretion_rates": [
      0.009786271461929619,
      0.4389644958646367,
      0.3443444613124007
    ],
    "inhibition_matrix": [
      [
        0.0,
        0.0,
        0.0
      ],
      [
        0.0,
        0.4625677025468023,
        0.0
      ],
      [
        0.0,
        0.0,
        0.0
      ]
    ],
    "diffusion_patterns": [
      [
        [
          0.25469150334463136,
          0.040546672391779524,
          0.13652141802254641
        ],
        [
          0.010539587613614723,
          0.13637357081621237,
          0.17253204880043166
        ],
        [
          0.030945044064628387,
          0.012142691108707615,
          0.2057074638374481
        ]
      ],
      [
        [
          0.09954160438213241,
          0.12448569308492553,
          0.14431996131887898
        ],
        [
          0.11964933298147218,
          0.14857167602456398,
          0.023792878849832052
        ],
        [
          0.08638264701212833,
          0.1772005897186623,
          0.07605561662740422
        ]
      ],
      [
        [
          0.003147098586240517,
          0.1021535549676661,
          0.13714031971790244
        ],
        [
          0.10406991011593919,
          0.14676478290574996,
          0.09640966610651772
        ],
        [
          0.1044656537760037,
          0.19775633984050497,
          0.10809267398347558
        ]
      ]
    ]
  },
  "eta": -0.03119839284000202,
  "decay": 0.045252729248725705,
  "fitness": 0.8383,
  "reward": -80.84999999999998,
  "stratum": "high_mid",
  "condition": "C",
  "run_seed": 1004,
  "env": "Acrobot-v1"
}