{
  "genome": {
    "max_growth_steps": 196,
    "size_x": 20,
    "size_y": 20,
    "diffusion_rate": 0.15608722645966944,
    "num_morphogens": 3,
    "division_threshold": 0.5139363480903922,
    "cell_differentiation_threshold": 0.3277684913597329,
    "axon_growth_threshold": 0.6783347083185914,
    "max_axon_length": 7,
    "axon_connect_threshold": 0.9735843798826366,
    "self_connect_isolated_neurons_fraction": 0.025200607332106155,
    "weight_adjustment_target": 0.43844029294311015,
    "weight_adjustment_rate": 0.00795589164243298,
    "progenitor_secretion_rates": [
      0.37935674030323485,
      0.3137869300643013,
      0.24725281736103538
    ],
    "neuron_secretion_rates": [
      0.3719240174021399,
      0.049172062523150206,
      0.08974201517430663
    ],
    "inhibition_matrix": [
      [
        0.29841725594000923,
        0.0,
        0.0
      ],
      [
        0.1507301441692438,
        0.2749138507559847,
        0.0
      ],
      [
        0.0,
        0.0,
        0.35700104252195175
      ]
    ],
    "diffusion_patterns": [
      [
        [
          0.11703259015929673,
          0.1372423032753122,
          0.04661642183151455
        ],
        [
          0.2227069762018219,
          0.09908608037173863,
          0.17062030099326075
        ],
        [
          0.06879700992716165,
          0.04778284344395945,
          0.0901154737959342
        ]
      ],
      [
        [
          0.10374217584646517,
          0.06157297705368694,
          0.11165202220770212
        ],
        [
          0.03174416284486853,
          0.17604225988758743,
          0.06315490189507926
        ],
        [
          0.14298544807697497,
          0.1572495855984905,
          0.1518564665891451
        ]
      ],
      [
        [
          0.09049883135497455,
          0.04948633601282851,
          0.18069591268203825
        ],
        [
          0.05158910780361134,
          0.18107622414691268,
          0.07254941108389963
        ],
        [
          0.12575491990333212,
          0.19175812886371388,
          0.05659112814868911
        ]
      ]
    ]
  },
  "eta": -0.001,
  "decay": 0.05,
  "fitness": 0.7778,
  "reward": -111.09999999999998,
  "stratum": "high_mid",
  "condition": "B",
  "run_seed": 1024,
  "env": "Acrobot-v1"
}