{
  "network_id": 15935,
  "seed": 5015935,
  "valid": true,
  "baseline_reward": -500.0,
  "stratum": "weak",
  "genome": {
    "max_growth_steps": 200,
    "size_x": 20,
    "size_y": 20,
    "diffusion_rate": 0.1264810749802688,
    "num_morphogens": 3,
    "division_threshold": 0.6194088080281765,
    "cell_differentiation_threshold": 0.49120914007734634,
    "axon_growth_threshold": 0.43760745130952383,
    "max_axon_length": 2,
    "axon_connect_threshold": 0.8111783088536025,
    "self_connect_isolated_neurons_fraction": 0.28744830930103277,
    "weight_adjustment_target": 0.4647188209120569,
    "weight_adjustment_rate": 0.018594493900508914,
    "progenitor_secretion_rates": [
      0.23019904898156457,
      0.07927868920785414,
      0.4949295068410539
    ],
    "neuron_secretion_rates": [
      0.05425811949825238,
      0.19745222379184368,
      0.02789437849763854
    ],
    "inhibition_matrix": [
      [
        0.0,
        0.00739618995811131,
        0.0
      ],
      [
        0.0,
        0.0,
        0.0
      ],
      [
        0.0,
        0.0,
        0.0
      ]
    ],
    "diffusion_patterns": [
      [
        [
          0.0005264265362443565,
          0.21582239679406512,
          0.18134273906058418
        ],
        [
          0.043128437123630306,
          0.09760703507235285,
          0.20935332103844745
        ],
        [
          0.058150775948735356,
          0.13113420424520483,
          0.06293466418073555
        ]
      ],
      [
        [
          0.16516974826202846,
          0.06341114328603967,
          0.09972570347967345
        ],
        [
          0.16201283631516208,
          0.1685728545873972,
          0.08198206026921334
        ],
        [
          0.13454815348648244,
          0.0275147738219864,
          0.09706272649201682
        ]
      ],
      [
        [
          0.1606689606473959,
          0.21568741009604978,
          0.19726291103949933
        ],
        [
          0.03067214381342657,
          0.2047745934237032,
          0.024502646869295878
        ],
        [
          0.05821376745027642,
          0.08306093194356315,
          0.025156634716789906
        ]
      ]
    ]
  },
  "network_stats": {
    "neurons": 400,
    "connections": 573
  },
  "rollout_data": {
    "rewards": [
      -500.0,
      -500.0,
      -500.0,
      -500.0,
      -500.0,
      -500.0,
      -500.0,
      -500.0,
      -500.0,
      -500.0,
      -500.0,
      -500.0,
      -500.0,
      -500.0,
      -500.0,
      -500.0,
      -500.0,
      -500.0,
      -500.0,
      -500.0
    ],
    "lengths": [
      500,
      500,
      500,
      500,
      500,
      500,
      500,
      500,
      500,
      500,
      500,
      500,
      500,
      500,
      500,
      500,
      500,
      500,
      500,
      500
    ],
    "eval_seeds": [
      5015935,
      5015936,
      5015937,
      5015938,
      5015939,
      5015940,
      5015941,
      5015942,
      5015943,
      5015944,
      5015945,
      5015946,
      5015947,
      5015948,
      5015949,
      5015950,
      5015951,
      5015952,
      5015953,
      5015954
    ]
  }
}