{
  "network_id": 10434,
  "seed": 5010434,
  "valid": true,
  "baseline_reward": -500.0,
  "stratum": "weak",
  "genome": {
    "max_growth_steps": 200,
    "size_x": 20,
    "size_y": 20,
    "diffusion_rate": 0.14267240161390074,
    "num_morphogens": 3,
    "division_threshold": 0.43327575308224675,
    "cell_differentiation_threshold": 0.42999100228382353,
    "axon_growth_threshold": 0.22581991484500955,
    "max_axon_length": 3,
    "axon_connect_threshold": 0.818000660082247,
    "self_connect_isolated_neurons_fraction": 0.279288117802888,
    "weight_adjustment_target": 0.3929180757653634,
    "weight_adjustment_rate": 0.009477763535549494,
    "progenitor_secretion_rates": [
      0.2808360104506128,
      0.0665834569466559,
      0.1880667237874637
    ],
    "neuron_secretion_rates": [
      0.03102738123393417,
      0.30186656848337395,
      0.29898229148537436
    ],
    "inhibition_matrix": [
      [
        0.0,
        0.47272000410735215,
        0.3465049080918836
      ],
      [
        0.0,
        0.0,
        0.0
      ],
      [
        0.0,
        0.19199484630403996,
        0.0
      ]
    ],
    "diffusion_patterns": [
      [
        [
          0.04215535033922978,
          0.10309592066391883,
          0.049221680120265225
        ],
        [
          0.062446271661817696,
          0.13018736615810308,
          0.17503022693572723
        ],
        [
          0.17299654207893528,
          0.11497604439249445,
          0.1498905976495084
        ]
      ],
      [
        [
          0.028007439682675377,
          0.06133504313495039,
          0.05496362212288439
        ],
        [
          0.1763222839300529,
          0.1522708716954951,
          0.18690275952701788
        ],
        [
          0.12207000947866188,
          0.08365825348965733,
          0.13446971693860477
        ]
      ],
      [
        [
          0.01038728844221945,
          0.08000650747061881,
          0.02736602251283845
        ],
        [
          0.13888210324267455,
          0.20732372326998355,
          0.15045923981900158
        ],
        [
          0.2530633009992275,
          0.03471826819225313,
          0.09779354605118287
        ]
      ]
    ]
  },
  "network_stats": {
    "neurons": 18,
    "connections": 31
  },
  "rollout_data": {
    "rewards": [
      -500.0,
      -500.0,
      -500.0,
      -500.0,
      -500.0,
      -500.0,
      -500.0,
      -500.0,
      -500.0,
      -500.0,
      -500.0,
      -500.0,
      -500.0,
      -500.0,
      -500.0,
      -500.0,
      -500.0,
      -500.0,
      -500.0,
      -500.0
    ],
    "lengths": [
      500,
      500,
      500,
      500,
      500,
      500,
      500,
      500,
      500,
      500,
      500,
      500,
      500,
      500,
      500,
      500,
      500,
      500,
      500,
      500
    ],
    "eval_seeds": [
      5010434,
      5010435,
      5010436,
      5010437,
      5010438,
      5010439,
      5010440,
      5010441,
      5010442,
      5010443,
      5010444,
      5010445,
      5010446,
      5010447,
      5010448,
      5010449,
      5010450,
      5010451,
      5010452,
      5010453
    ]
  }
}