{
  "network_id": 4359,
  "seed": 5004359,
  "valid": true,
  "baseline_reward": -500.0,
  "stratum": "weak",
  "genome": {
    "max_growth_steps": 200,
    "size_x": 20,
    "size_y": 20,
    "diffusion_rate": 0.13272108497741808,
    "num_morphogens": 3,
    "division_threshold": 0.4121652998890369,
    "cell_differentiation_threshold": 0.6101483934072814,
    "axon_growth_threshold": 0.33126533041732437,
    "max_axon_length": 8,
    "axon_connect_threshold": 0.46951657308424966,
    "self_connect_isolated_neurons_fraction": 0.24212739482113776,
    "weight_adjustment_target": 0.6310480389200527,
    "weight_adjustment_rate": 0.012742114262377013,
    "progenitor_secretion_rates": [
      0.47160654027333565,
      0.33535945224984565,
      0.21843924664959347
    ],
    "neuron_secretion_rates": [
      0.4148417092141555,
      0.33768672585024434,
      0.25889383692068835
    ],
    "inhibition_matrix": [
      [
        0.0,
        0.03627019033099588,
        0.17390743597390268
      ],
      [
        0.0,
        0.0,
        0.0
      ],
      [
        0.1474668580917708,
        0.0,
        0.0
      ]
    ],
    "diffusion_patterns": [
      [
        [
          0.20743655680440923,
          0.07258463571656085,
          0.045381795630696484
        ],
        [
          0.19109336858716988,
          0.232412333555645,
          0.01941625111976431
        ],
        [
          0.035120281039113466,
          0.038725910621059303,
          0.15782886692558165
        ]
      ],
      [
        [
          0.15085825428205715,
          0.10744506158804648,
          0.17186877216180713
        ],
        [
          0.1186703650031866,
          0.08375035086847989,
          0.18255256470363387
        ],
        [
          0.026498556300681732,
          0.025992469531172152,
          0.13236360556093493
        ]
      ],
      [
        [
          0.07583579534119853,
          0.16103683361153803,
          0.09071332902218594
        ],
        [
          0.13844916790057352,
          0.1380380663110605,
          0.11214199713661209
        ],
        [
          0.0069385401749905064,
          0.17664602762060058,
          0.10020024288124038
        ]
      ]
    ]
  },
  "network_stats": {
    "neurons": 400,
    "connections": 1009
  },
  "rollout_data": {
    "rewards": [
      -500.0,
      -500.0,
      -500.0,
      -500.0,
      -500.0,
      -500.0,
      -500.0,
      -500.0,
      -500.0,
      -500.0,
      -500.0,
      -500.0,
      -500.0,
      -500.0,
      -500.0,
      -500.0,
      -500.0,
      -500.0,
      -500.0,
      -500.0
    ],
    "lengths": [
      500,
      500,
      500,
      500,
      500,
      500,
      500,
      500,
      500,
      500,
      500,
      500,
      500,
      500,
      500,
      500,
      500,
      500,
      500,
      500
    ],
    "eval_seeds": [
      5004359,
      5004360,
      5004361,
      5004362,
      5004363,
      5004364,
      5004365,
      5004366,
      5004367,
      5004368,
      5004369,
      5004370,
      5004371,
      5004372,
      5004373,
      5004374,
      5004375,
      5004376,
      5004377,
      5004378
    ]
  }
}