{
  "network_id": 7303,
  "seed": 5007303,
  "valid": true,
  "baseline_reward": -500.0,
  "stratum": "weak",
  "genome": {
    "max_growth_steps": 200,
    "size_x": 20,
    "size_y": 20,
    "diffusion_rate": 0.07027025674635183,
    "num_morphogens": 3,
    "division_threshold": 0.3062682381074639,
    "cell_differentiation_threshold": 0.3948767657300958,
    "axon_growth_threshold": 0.4775616093657183,
    "max_axon_length": 3,
    "axon_connect_threshold": 0.4768991170447792,
    "self_connect_isolated_neurons_fraction": 0.021049942198071436,
    "weight_adjustment_target": 0.32213296728555957,
    "weight_adjustment_rate": 0.017287004365159092,
    "progenitor_secretion_rates": [
      0.44937172631758737,
      0.12872881329592495,
      0.3535346270198339
    ],
    "neuron_secretion_rates": [
      0.1457407407840388,
      0.1061985879585094,
      0.01450306193779377
    ],
    "inhibition_matrix": [
      [
        0.0,
        0.0,
        0.25724730458090694
      ],
      [
        0.0,
        0.0,
        0.0
      ],
      [
        0.0,
        0.0,
        0.0
      ]
    ],
    "diffusion_patterns": [
      [
        [
          0.10703001531993984,
          0.044516255183496785,
          0.049997835641761336
        ],
        [
          0.13773652487359409,
          0.11327018309002926,
          0.12564971891603113
        ],
        [
          0.1018136416838815,
          0.169758680494404,
          0.15022714479686208
        ]
      ],
      [
        [
          0.0478262776547826,
          0.200974376662027,
          0.020867549271136664
        ],
        [
          0.12677990767213393,
          0.15502924185502326,
          0.036498411511843826
        ],
        [
          0.057571142447884124,
          0.18945505217220937,
          0.16499804075295907
        ]
      ],
      [
        [
          0.0973008584003148,
          0.11920557418576998,
          0.10049677320910133
        ],
        [
          0.05325919411697195,
          0.17124722384999402,
          0.10206745259162396
        ],
        [
          0.14006925160433079,
          0.05191641399029159,
          0.1644372580516015
        ]
      ]
    ]
  },
  "network_stats": {
    "neurons": 400,
    "connections": 930
  },
  "rollout_data": {
    "rewards": [
      -500.0,
      -500.0,
      -500.0,
      -500.0,
      -500.0,
      -500.0,
      -500.0,
      -500.0,
      -500.0,
      -500.0,
      -500.0,
      -500.0,
      -500.0,
      -500.0,
      -500.0,
      -500.0,
      -500.0,
      -500.0,
      -500.0,
      -500.0
    ],
    "lengths": [
      500,
      500,
      500,
      500,
      500,
      500,
      500,
      500,
      500,
      500,
      500,
      500,
      500,
      500,
      500,
      500,
      500,
      500,
      500,
      500
    ],
    "eval_seeds": [
      5007303,
      5007304,
      5007305,
      5007306,
      5007307,
      5007308,
      5007309,
      5007310,
      5007311,
      5007312,
      5007313,
      5007314,
      5007315,
      5007316,
      5007317,
      5007318,
      5007319,
      5007320,
      5007321,
      5007322
    ]
  }
}