{
  "network_id": 9777,
  "seed": 5009777,
  "valid": true,
  "baseline_reward": -500.0,
  "stratum": "weak",
  "genome": {
    "max_growth_steps": 200,
    "size_x": 20,
    "size_y": 20,
    "diffusion_rate": 0.07958641830295475,
    "num_morphogens": 3,
    "division_threshold": 0.4283152247659978,
    "cell_differentiation_threshold": 0.6349660148123519,
    "axon_growth_threshold": 0.25161845593713855,
    "max_axon_length": 7,
    "axon_connect_threshold": 0.5717961053985195,
    "self_connect_isolated_neurons_fraction": 0.0873613825257852,
    "weight_adjustment_target": 0.6654439856532105,
    "weight_adjustment_rate": 0.014299552895003101,
    "progenitor_secretion_rates": [
      0.4290691759938111,
      0.3981584294065443,
      0.4566300084399235
    ],
    "neuron_secretion_rates": [
      0.43356296117999227,
      0.1959753882987869,
      0.41333779413354776
    ],
    "inhibition_matrix": [
      [
        0.0,
        0.0,
        0.41965814015594993
      ],
      [
        0.28582346580079965,
        0.0,
        0.0
      ],
      [
        0.07049189189234639,
        0.0,
        0.0
      ]
    ],
    "diffusion_patterns": [
      [
        [
          0.04972486496433393,
          0.04967009101240239,
          0.14779853278128505
        ],
        [
          0.13213775433253694,
          0.16678927643132674,
          0.12557976716583627
        ],
        [
          0.017071956085202313,
          0.15494850210291225,
          0.1562792551241641
        ]
      ],
      [
        [
          0.14831903214375322,
          0.14157434023746904,
          0.08347265061058154
        ],
        [
          0.12225479233823038,
          0.061783727927544,
          0.15362049754930082
        ],
        [
          0.17223845190619694,
          0.005458905547367848,
          0.1112776017395561
        ]
      ],
      [
        [
          0.2303097346941958,
          0.008441038416028342,
          0.04398547468905667
        ],
        [
          0.055205416038832875,
          0.1542764982300348,
          0.06128990493448788
        ],
        [
          0.07272307615180687,
          0.18328864162761,
          0.19048021521794684
        ]
      ]
    ]
  },
  "network_stats": {
    "neurons": 138,
    "connections": 617
  },
  "rollout_data": {
    "rewards": [
      -500.0,
      -500.0,
      -500.0,
      -500.0,
      -500.0,
      -500.0,
      -500.0,
      -500.0,
      -500.0,
      -500.0,
      -500.0,
      -500.0,
      -500.0,
      -500.0,
      -500.0,
      -500.0,
      -500.0,
      -500.0,
      -500.0,
      -500.0
    ],
    "lengths": [
      500,
      500,
      500,
      500,
      500,
      500,
      500,
      500,
      500,
      500,
      500,
      500,
      500,
      500,
      500,
      500,
      500,
      500,
      500,
      500
    ],
    "eval_seeds": [
      5009777,
      5009778,
      5009779,
      5009780,
      5009781,
      5009782,
      5009783,
      5009784,
      5009785,
      5009786,
      5009787,
      5009788,
      5009789,
      5009790,
      5009791,
      5009792,
      5009793,
      5009794,
      5009795,
      5009796
    ]
  }
}