{
  "network_id": 11391,
  "seed": 5011391,
  "valid": true,
  "baseline_reward": -500.0,
  "stratum": "weak",
  "genome": {
    "max_growth_steps": 200,
    "size_x": 20,
    "size_y": 20,
    "diffusion_rate": 0.1845674960874558,
    "num_morphogens": 3,
    "division_threshold": 0.32009429417463303,
    "cell_differentiation_threshold": 0.526644004148042,
    "axon_growth_threshold": 0.33563786929202105,
    "max_axon_length": 2,
    "axon_connect_threshold": 0.7232325246225626,
    "self_connect_isolated_neurons_fraction": 0.29781085690417386,
    "weight_adjustment_target": 0.32315281995669026,
    "weight_adjustment_rate": 0.007701969112399934,
    "progenitor_secretion_rates": [
      0.19844686100105152,
      0.09402178058545302,
      0.18648691391542566
    ],
    "neuron_secretion_rates": [
      0.4226133093660949,
      0.4680910442353408,
      0.22680121723185198
    ],
    "inhibition_matrix": [
      [
        0.0,
        0.24532585787534766,
        0.2826813610056506
      ],
      [
        0.0,
        0.0,
        0.0
      ],
      [
        0.0,
        0.21113127713387042,
        0.0
      ]
    ],
    "diffusion_patterns": [
      [
        [
          0.11377359002172494,
          0.09811483082431009,
          0.09603037258577685
        ],
        [
          0.037753737763418636,
          0.19496366791274883,
          0.15390081376281686
        ],
        [
          0.1995922913140294,
          0.0645565687025863,
          0.04131412711258816
        ]
      ],
      [
        [
          0.18557278429762847,
          0.020947952529379737,
          0.04671761859334173
        ],
        [
          0.16189110151358277,
          0.058294872274269924,
          0.0264330592209263
        ],
        [
          0.19330304038519422,
          0.17850397371238466,
          0.12833559747329226
        ]
      ],
      [
        [
          0.13114186500369593,
          0.08488281922658443,
          0.1710937055644856
        ],
        [
          0.014614420009314193,
          0.13089391729529226,
          0.020429721018741416
        ],
        [
          0.07449562304732833,
          0.23547617091236814,
          0.1369717579221897
        ]
      ]
    ]
  },
  "network_stats": {
    "neurons": 400,
    "connections": 1198
  },
  "rollout_data": {
    "rewards": [
      -500.0,
      -500.0,
      -500.0,
      -500.0,
      -500.0,
      -500.0,
      -500.0,
      -500.0,
      -500.0,
      -500.0,
      -500.0,
      -500.0,
      -500.0,
      -500.0,
      -500.0,
      -500.0,
      -500.0,
      -500.0,
      -500.0,
      -500.0
    ],
    "lengths": [
      500,
      500,
      500,
      500,
      500,
      500,
      500,
      500,
      500,
      500,
      500,
      500,
      500,
      500,
      500,
      500,
      500,
      500,
      500,
      500
    ],
    "eval_seeds": [
      5011391,
      5011392,
      5011393,
      5011394,
      5011395,
      5011396,
      5011397,
      5011398,
      5011399,
      5011400,
      5011401,
      5011402,
      5011403,
      5011404,
      5011405,
      5011406,
      5011407,
      5011408,
      5011409,
      5011410
    ]
  }
}