{
  "network_id": 4659,
  "seed": 5004659,
  "valid": true,
  "baseline_reward": -500.0,
  "stratum": "weak",
  "genome": {
    "max_growth_steps": 200,
    "size_x": 20,
    "size_y": 20,
    "diffusion_rate": 0.19199387256531153,
    "num_morphogens": 3,
    "division_threshold": 0.3600271225890426,
    "cell_differentiation_threshold": 0.3879519994177751,
    "axon_growth_threshold": 0.2436043070285049,
    "max_axon_length": 4,
    "axon_connect_threshold": 0.9687449399329305,
    "self_connect_isolated_neurons_fraction": 0.10314080483139562,
    "weight_adjustment_target": 0.5032765330367669,
    "weight_adjustment_rate": 0.015614265463177601,
    "progenitor_secretion_rates": [
      0.30503195153027407,
      0.43244279971711175,
      0.14446172883440017
    ],
    "neuron_secretion_rates": [
      0.06896910801619183,
      0.3046524219545003,
      0.15806742580357114
    ],
    "inhibition_matrix": [
      [
        0.0,
        0.0,
        0.0
      ],
      [
        0.3930468487253964,
        0.0,
        0.0
      ],
      [
        0.0,
        0.0,
        0.0
      ]
    ],
    "diffusion_patterns": [
      [
        [
          0.0010571882259437166,
          0.20738986217709196,
          0.005581173690832021
        ],
        [
          0.024704846157454195,
          0.16035938834858848,
          0.07442260669364723
        ],
        [
          0.12217057561456028,
          0.18850980019886016,
          0.21580455889302202
        ]
      ],
      [
        [
          0.13583883716347483,
          0.003757823275981314,
          0.05752646051446189
        ],
        [
          0.06995727015099182,
          0.020577074875489595,
          0.10860817926003999
        ],
        [
          0.2232732151280605,
          0.16377190536957367,
          0.21668923426192643
        ]
      ],
      [
        [
          0.01574942956230203,
          0.17205287380725137,
          0.14025777205439746
        ],
        [
          0.12420396689354342,
          0.06338148006044404,
          0.17518415713680555
        ],
        [
          0.0038392560078948693,
          0.16996331912931234,
          0.13536774534804907
        ]
      ]
    ]
  },
  "network_stats": {
    "neurons": 400,
    "connections": 1204
  },
  "rollout_data": {
    "rewards": [
      -500.0,
      -500.0,
      -500.0,
      -500.0,
      -500.0,
      -500.0,
      -500.0,
      -500.0,
      -500.0,
      -500.0,
      -500.0,
      -500.0,
      -500.0,
      -500.0,
      -500.0,
      -500.0,
      -500.0,
      -500.0,
      -500.0,
      -500.0
    ],
    "lengths": [
      500,
      500,
      500,
      500,
      500,
      500,
      500,
      500,
      500,
      500,
      500,
      500,
      500,
      500,
      500,
      500,
      500,
      500,
      500,
      500
    ],
    "eval_seeds": [
      5004659,
      5004660,
      5004661,
      5004662,
      5004663,
      5004664,
      5004665,
      5004666,
      5004667,
      5004668,
      5004669,
      5004670,
      5004671,
      5004672,
      5004673,
      5004674,
      5004675,
      5004676,
      5004677,
      5004678
    ]
  }
}