{
  "network_id": 6073,
  "seed": 5006073,
  "valid": true,
  "baseline_reward": -500.0,
  "stratum": "weak",
  "genome": {
    "max_growth_steps": 200,
    "size_x": 20,
    "size_y": 20,
    "diffusion_rate": 0.14347923693075693,
    "num_morphogens": 3,
    "division_threshold": 0.6084011656336006,
    "cell_differentiation_threshold": 0.6350036045793054,
    "axon_growth_threshold": 0.45983525067783176,
    "max_axon_length": 8,
    "axon_connect_threshold": 0.7683021886301197,
    "self_connect_isolated_neurons_fraction": 0.18766148097937577,
    "weight_adjustment_target": 0.4085155378613754,
    "weight_adjustment_rate": 0.005233203787089124,
    "progenitor_secretion_rates": [
      0.4737761904310872,
      0.24963180263716472,
      0.015336821646552201
    ],
    "neuron_secretion_rates": [
      0.1642429785396345,
      0.20790074171082568,
      0.3707066180837547
    ],
    "inhibition_matrix": [
      [
        0.0,
        0.0,
        0.44793026125555163
      ],
      [
        0.0,
        0.0,
        0.0
      ],
      [
        0.0,
        0.0,
        0.0
      ]
    ],
    "diffusion_patterns": [
      [
        [
          0.1506829567168089,
          0.24579516506567514,
          0.03972376116182486
        ],
        [
          0.08669623648255782,
          0.2100765831457274,
          0.11204740454935484
        ],
        [
          0.04034431979646714,
          0.034579715944677646,
          0.08005385713690638
        ]
      ],
      [
        [
          0.10840963284997084,
          0.04647654304145233,
          0.11340620948375614
        ],
        [
          0.1599161431340172,
          0.02946008588148615,
          0.03366518102860341
        ],
        [
          0.17200814297667014,
          0.1608720588388043,
          0.17578600276523942
        ]
      ],
      [
        [
          0.07202087443355083,
          0.10745696034328231,
          0.31976144286788155
        ],
        [
          0.021586504872998232,
          0.06620624900711776,
          0.029965734271664206
        ],
        [
          0.09244523248047534,
          0.16641792941833522,
          0.12413907230469459
        ]
      ]
    ]
  },
  "network_stats": {
    "neurons": 396,
    "connections": 1114
  },
  "rollout_data": {
    "rewards": [
      -500.0,
      -500.0,
      -500.0,
      -500.0,
      -500.0,
      -500.0,
      -500.0,
      -500.0,
      -500.0,
      -500.0,
      -500.0,
      -500.0,
      -500.0,
      -500.0,
      -500.0,
      -500.0,
      -500.0,
      -500.0,
      -500.0,
      -500.0
    ],
    "lengths": [
      500,
      500,
      500,
      500,
      500,
      500,
      500,
      500,
      500,
      500,
      500,
      500,
      500,
      500,
      500,
      500,
      500,
      500,
      500,
      500
    ],
    "eval_seeds": [
      5006073,
      5006074,
      5006075,
      5006076,
      5006077,
      5006078,
      5006079,
      5006080,
      5006081,
      5006082,
      5006083,
      5006084,
      5006085,
      5006086,
      5006087,
      5006088,
      5006089,
      5006090,
      5006091,
      5006092
    ]
  }
}