{
  "network_id": 9404,
  "seed": 5009404,
  "valid": true,
  "baseline_reward": -500.0,
  "stratum": "weak",
  "genome": {
    "max_growth_steps": 200,
    "size_x": 20,
    "size_y": 20,
    "diffusion_rate": 0.18000925875416524,
    "num_morphogens": 3,
    "division_threshold": 0.4474326415352069,
    "cell_differentiation_threshold": 0.4806343409872486,
    "axon_growth_threshold": 0.3465660896686575,
    "max_axon_length": 9,
    "axon_connect_threshold": 0.4282321540482511,
    "self_connect_isolated_neurons_fraction": 0.24368214601927096,
    "weight_adjustment_target": 0.6357007656165491,
    "weight_adjustment_rate": 0.00949936922533735,
    "progenitor_secretion_rates": [
      0.42756769713100434,
      0.1878946614251844,
      0.10451918908083169
    ],
    "neuron_secretion_rates": [
      0.4763319223281189,
      0.3515738751847331,
      0.3773830222172413
    ],
    "inhibition_matrix": [
      [
        0.0,
        0.0,
        0.0
      ],
      [
        0.0,
        0.0,
        0.0
      ],
      [
        0.0,
        0.39960788278847603,
        0.0
      ]
    ],
    "diffusion_patterns": [
      [
        [
          0.23846026520137342,
          0.04245513976964532,
          0.03496763471734327
        ],
        [
          0.18582285757473016,
          0.1578085877368027,
          0.0669061482593068
        ],
        [
          0.012335079411357579,
          0.09909023333216066,
          0.1621540539972799
        ]
      ],
      [
        [
          0.1792861991000379,
          0.17629628475001075,
          0.09495392780855474
        ],
        [
          0.07495015373413079,
          0.19279312181378241,
          0.02477421652810713
        ],
        [
          0.041629936359854264,
          0.15188310594508575,
          0.0634330539604362
        ]
      ],
      [
        [
          0.04975434853410286,
          0.08046221426405016,
          0.157161610407347
        ],
        [
          0.09154839491377303,
          0.1421710452093884,
          0.11296149749834805
        ],
        [
          0.07610824475676516,
          0.16677838922888472,
          0.12305425518734052
        ]
      ]
    ]
  },
  "network_stats": {
    "neurons": 400,
    "connections": 1145
  },
  "rollout_data": {
    "rewards": [
      -500.0,
      -500.0,
      -500.0,
      -500.0,
      -500.0,
      -500.0,
      -500.0,
      -500.0,
      -500.0,
      -500.0,
      -500.0,
      -500.0,
      -500.0,
      -500.0,
      -500.0,
      -500.0,
      -500.0,
      -500.0,
      -500.0,
      -500.0
    ],
    "lengths": [
      500,
      500,
      500,
      500,
      500,
      500,
      500,
      500,
      500,
      500,
      500,
      500,
      500,
      500,
      500,
      500,
      500,
      500,
      500,
      500
    ],
    "eval_seeds": [
      5009404,
      5009405,
      5009406,
      5009407,
      5009408,
      5009409,
      5009410,
      5009411,
      5009412,
      5009413,
      5009414,
      5009415,
      5009416,
      5009417,
      5009418,
      5009419,
      5009420,
      5009421,
      5009422,
      5009423
    ]
  }
}