{
  "network_id": 14588,
  "seed": 5014588,
  "valid": true,
  "baseline_reward": -500.0,
  "stratum": "weak",
  "genome": {
    "max_growth_steps": 200,
    "size_x": 20,
    "size_y": 20,
    "diffusion_rate": 0.13907740376474895,
    "num_morphogens": 3,
    "division_threshold": 0.40609895582808875,
    "cell_differentiation_threshold": 0.5115473696557785,
    "axon_growth_threshold": 0.33251611668908,
    "max_axon_length": 2,
    "axon_connect_threshold": 0.7116488702714598,
    "self_connect_isolated_neurons_fraction": 0.20992288800209788,
    "weight_adjustment_target": 0.3249288454583418,
    "weight_adjustment_rate": 0.014689920570616927,
    "progenitor_secretion_rates": [
      0.41354849877411665,
      0.33282044044233927,
      0.006635758850082052
    ],
    "neuron_secretion_rates": [
      0.2942739311388261,
      0.28593308720549254,
      0.292061461284993
    ],
    "inhibition_matrix": [
      [
        0.0,
        0.08822944292026857,
        0.4745394342923288
      ],
      [
        0.08098611594673427,
        0.0,
        0.0
      ],
      [
        0.40189924605090366,
        0.0,
        0.0
      ]
    ],
    "diffusion_patterns": [
      [
        [
          0.1613000937054466,
          0.10321029605961937,
          0.08997244183631478
        ],
        [
          0.09707924755503135,
          0.2152044119049539,
          0.2528826032074022
        ],
        [
          0.026488204418693304,
          0.03943160556387846,
          0.014431095748660305
        ]
      ],
      [
        [
          0.08354166783944625,
          0.017052590214210264,
          0.00971726349740342
        ],
        [
          0.243799547369209,
          0.13263591279414547,
          0.04171372692298157
        ],
        [
          0.20739838065532187,
          0.20524813361247288,
          0.058892777094809154
        ]
      ],
      [
        [
          0.056461884492569774,
          0.009287915252192532,
          0.028285743667437233
        ],
        [
          0.15518179478803562,
          0.14785325135183613,
          0.14460163258488593
        ],
        [
          0.13211143122097008,
          0.16517689590843398,
          0.16103945073363865
        ]
      ]
    ]
  },
  "network_stats": {
    "neurons": 367,
    "connections": 769
  },
  "rollout_data": {
    "rewards": [
      -500.0,
      -500.0,
      -500.0,
      -500.0,
      -500.0,
      -500.0,
      -500.0,
      -500.0,
      -500.0,
      -500.0,
      -500.0,
      -500.0,
      -500.0,
      -500.0,
      -500.0,
      -500.0,
      -500.0,
      -500.0,
      -500.0,
      -500.0
    ],
    "lengths": [
      500,
      500,
      500,
      500,
      500,
      500,
      500,
      500,
      500,
      500,
      500,
      500,
      500,
      500,
      500,
      500,
      500,
      500,
      500,
      500
    ],
    "eval_seeds": [
      5014588,
      5014589,
      5014590,
      5014591,
      5014592,
      5014593,
      5014594,
      5014595,
      5014596,
      5014597,
      5014598,
      5014599,
      5014600,
      5014601,
      5014602,
      5014603,
      5014604,
      5014605,
      5014606,
      5014607
    ]
  }
}