{
  "network_id": 19243,
  "seed": 5019243,
  "valid": true,
  "baseline_reward": -500.0,
  "stratum": "weak",
  "genome": {
    "max_growth_steps": 200,
    "size_x": 20,
    "size_y": 20,
    "diffusion_rate": 0.13937750306153157,
    "num_morphogens": 3,
    "division_threshold": 0.5005960736686441,
    "cell_differentiation_threshold": 0.4675595304282019,
    "axon_growth_threshold": 0.37451357246923495,
    "max_axon_length": 3,
    "axon_connect_threshold": 0.8737845090158471,
    "self_connect_isolated_neurons_fraction": 0.15998236141393896,
    "weight_adjustment_target": 0.5831893653620546,
    "weight_adjustment_rate": 0.014828872913372183,
    "progenitor_secretion_rates": [
      0.31257153464269993,
      0.28448888228978536,
      0.08509322373066308
    ],
    "neuron_secretion_rates": [
      0.17526568875355092,
      0.35969394120252707,
      0.16225182135789307
    ],
    "inhibition_matrix": [
      [
        0.0,
        0.0,
        0.0
      ],
      [
        0.0,
        0.0,
        0.044101126486867814
      ],
      [
        0.0,
        0.0,
        0.0
      ]
    ],
    "diffusion_patterns": [
      [
        [
          0.008594066853594986,
          0.1539054991360421,
          0.2295611558162978
        ],
        [
          0.1864273567802644,
          0.07992575685891816,
          0.17103850345432134
        ],
        [
          0.09137780258317871,
          0.05165086205712693,
          0.027518996460255633
        ]
      ],
      [
        [
          0.1526999609557302,
          0.117022586078294,
          0.11259604835631701
        ],
        [
          0.021282101130720894,
          0.0716558140172586,
          0.15221253821638886
        ],
        [
          0.26138332250565455,
          0.06848525961589745,
          0.04266236912373838
        ]
      ],
      [
        [
          0.04616943766507121,
          0.1470033109915777,
          0.14932137852334726
        ],
        [
          0.19127097775747015,
          0.07877174057477009,
          0.13493472847500607
        ],
        [
          0.1621871253634161,
          0.05989078832925648,
          0.03045051232008487
        ]
      ]
    ]
  },
  "network_stats": {
    "neurons": 355,
    "connections": 1016
  },
  "rollout_data": {
    "rewards": [
      -500.0,
      -500.0,
      -500.0,
      -500.0,
      -500.0,
      -500.0,
      -500.0,
      -500.0,
      -500.0,
      -500.0,
      -500.0,
      -500.0,
      -500.0,
      -500.0,
      -500.0,
      -500.0,
      -500.0,
      -500.0,
      -500.0,
      -500.0
    ],
    "lengths": [
      500,
      500,
      500,
      500,
      500,
      500,
      500,
      500,
      500,
      500,
      500,
      500,
      500,
      500,
      500,
      500,
      500,
      500,
      500,
      500
    ],
    "eval_seeds": [
      5019243,
      5019244,
      5019245,
      5019246,
      5019247,
      5019248,
      5019249,
      5019250,
      5019251,
      5019252,
      5019253,
      5019254,
      5019255,
      5019256,
      5019257,
      5019258,
      5019259,
      5019260,
      5019261,
      5019262
    ]
  }
}