{
  "network_id": 2675,
  "seed": 5002675,
  "valid": true,
  "baseline_reward": -179.8,
  "stratum": "near_perfect",
  "genome": {
    "max_growth_steps": 200,
    "size_x": 20,
    "size_y": 20,
    "diffusion_rate": 0.12705068196337693,
    "num_morphogens": 3,
    "division_threshold": 0.38420453252155934,
    "cell_differentiation_threshold": 0.3140106160155042,
    "axon_growth_threshold": 0.27687186076125747,
    "max_axon_length": 6,
    "axon_connect_threshold": 0.4807645543771345,
    "self_connect_isolated_neurons_fraction": 0.024354595685867807,
    "weight_adjustment_target": 0.42988489553633163,
    "weight_adjustment_rate": 0.018487491255625755,
    "progenitor_secretion_rates": [
      0.25637686593576836,
      0.2860177399030284,
      0.31566354715710304
    ],
    "neuron_secretion_rates": [
      0.02049149045099663,
      0.012351001987023269,
      0.2950239982165289
    ],
    "inhibition_matrix": [
      [
        0.0,
        0.03371432752202058,
        0.0
      ],
      [
        0.0,
        0.0,
        0.4518521070110034
      ],
      [
        0.2154533951838588,
        0.4863721843178444,
        0.0
      ]
    ],
    "diffusion_patterns": [
      [
        [
          0.10194635079913984,
          0.06094004163351143,
          0.02982944122203531
        ],
        [
          0.14245325761306016,
          0.03677621259591771,
          0.16411449110013548
        ],
        [
          0.13384303991139818,
          0.18256491749010728,
          0.14753224763469464
        ]
      ],
      [
        [
          0.1582963305485461,
          0.14441911657597595,
          0.17111273534868432
        ],
        [
          0.020520503363745987,
          0.07194634699097549,
          0.05718527050818588
        ],
        [
          0.1740632415949286,
          0.17170733608103814,
          0.030749118987919363
        ]
      ],
      [
        [
          0.20367123630547382,
          0.18540631655813947,
          0.0014571681958852137
        ],
        [
          0.0057831708158678895,
          0.2198347227658961,
          0.08432236314058664
        ],
        [
          0.17763638081131172,
          0.03773461006797228,
          0.08415403133886688
        ]
      ]
    ]
  },
  "network_stats": {
    "neurons": 398,
    "connections": 2135
  },
  "rollout_data": {
    "rewards": [
      -142.0,
      -120.0,
      -155.0,
      -136.0,
      -125.0,
      -161.0,
      -131.0,
      -500.0,
      -133.0,
      -156.0,
      -158.0,
      -180.0,
      -139.0,
      -158.0,
      -500.0,
      -129.0,
      -176.0,
      -143.0,
      -120.0,
      -134.0
    ],
    "lengths": [
      143,
      121,
      156,
      137,
      126,
      162,
      132,
      500,
      134,
      157,
      159,
      181,
      140,
      159,
      500,
      130,
      177,
      144,
      121,
      135
    ],
    "eval_seeds": [
      5002675,
      5002676,
      5002677,
      5002678,
      5002679,
      5002680,
      5002681,
      5002682,
      5002683,
      5002684,
      5002685,
      5002686,
      5002687,
      5002688,
      5002689,
      5002690,
      5002691,
      5002692,
      5002693,
      5002694
    ]
  }
}