{
  "network_id": 4509,
  "seed": 5004509,
  "valid": true,
  "baseline_reward": -500.0,
  "stratum": "weak",
  "genome": {
    "max_growth_steps": 200,
    "size_x": 20,
    "size_y": 20,
    "diffusion_rate": 0.06223666209553904,
    "num_morphogens": 3,
    "division_threshold": 0.6760323496799368,
    "cell_differentiation_threshold": 0.5630152895322187,
    "axon_growth_threshold": 0.3765281168183281,
    "max_axon_length": 4,
    "axon_connect_threshold": 0.6761835455384434,
    "self_connect_isolated_neurons_fraction": 0.09315624921607775,
    "weight_adjustment_target": 0.5722354268514117,
    "weight_adjustment_rate": 0.005105379157360625,
    "progenitor_secretion_rates": [
      0.4417382685818412,
      0.3315606357212769,
      0.4220475561715002
    ],
    "neuron_secretion_rates": [
      0.27779340384454637,
      0.24228344097172239,
      0.47171237500621466
    ],
    "inhibition_matrix": [
      [
        0.0,
        0.0,
        0.0
      ],
      [
        0.0,
        0.0,
        0.0
      ],
      [
        0.0,
        0.0,
        0.0
      ]
    ],
    "diffusion_patterns": [
      [
        [
          0.052623010313114726,
          0.1680031293015164,
          0.17117009662500213
        ],
        [
          0.05904078182604013,
          0.02281128097229798,
          0.18899319365676187
        ],
        [
          0.14870568044643828,
          0.17969412657241474,
          0.00895870028641373
        ]
      ],
      [
        [
          0.10072161274825217,
          0.0361304555324433,
          0.11412410720691388
        ],
        [
          0.08558279097033865,
          0.15207909661522614,
          0.16328668601278695
        ],
        [
          0.1583602202533409,
          0.1721672260346298,
          0.017547804626068052
        ]
      ],
      [
        [
          0.1319342546980398,
          0.04678253742930877,
          0.1042787435323546
        ],
        [
          0.15243551057308313,
          0.048370949915078044,
          0.2201526210496707
        ],
        [
          0.0220360724797425,
          0.06117362795852562,
          0.21283568236419695
        ]
      ]
    ]
  },
  "network_stats": {
    "neurons": 55,
    "connections": 113
  },
  "rollout_data": {
    "rewards": [
      -500.0,
      -500.0,
      -500.0,
      -500.0,
      -500.0,
      -500.0,
      -500.0,
      -500.0,
      -500.0,
      -500.0,
      -500.0,
      -500.0,
      -500.0,
      -500.0,
      -500.0,
      -500.0,
      -500.0,
      -500.0,
      -500.0,
      -500.0
    ],
    "lengths": [
      500,
      500,
      500,
      500,
      500,
      500,
      500,
      500,
      500,
      500,
      500,
      500,
      500,
      500,
      500,
      500,
      500,
      500,
      500,
      500
    ],
    "eval_seeds": [
      5004509,
      5004510,
      5004511,
      5004512,
      5004513,
      5004514,
      5004515,
      5004516,
      5004517,
      5004518,
      5004519,
      5004520,
      5004521,
      5004522,
      5004523,
      5004524,
      5004525,
      5004526,
      5004527,
      5004528
    ]
  }
}