{
  "network_id": 18045,
  "seed": 5018045,
  "valid": true,
  "baseline_reward": -169.8,
  "stratum": "near_perfect",
  "genome": {
    "max_growth_steps": 200,
    "size_x": 20,
    "size_y": 20,
    "diffusion_rate": 0.1375661838349312,
    "num_morphogens": 3,
    "division_threshold": 0.3549455615897531,
    "cell_differentiation_threshold": 0.4868662148780809,
    "axon_growth_threshold": 0.3999642218411753,
    "max_axon_length": 8,
    "axon_connect_threshold": 0.718087820139229,
    "self_connect_isolated_neurons_fraction": 0.04184607516379182,
    "weight_adjustment_target": 0.36137786246206344,
    "weight_adjustment_rate": 0.019178266233857162,
    "progenitor_secretion_rates": [
      0.33271800386875455,
      0.1553792682980511,
      0.02177071955736326
    ],
    "neuron_secretion_rates": [
      0.25540774137397854,
      0.18541988766158696,
      0.05757931719817355
    ],
    "inhibition_matrix": [
      [
        0.0,
        0.0,
        0.07096399489262889
      ],
      [
        0.0,
        0.0,
        0.0
      ],
      [
        0.0,
        0.0,
        0.0
      ]
    ],
    "diffusion_patterns": [
      [
        [
          0.1788989689897536,
          0.17873408712687766,
          0.052363777706938994
        ],
        [
          0.16614222922756994,
          0.15911426405103046,
          0.05290034399446425
        ],
        [
          0.08103782613471928,
          0.09462703538092025,
          0.036181467387725555
        ]
      ],
      [
        [
          0.003058836661753338,
          0.03189230039899784,
          0.2861267387141665
        ],
        [
          0.19073243578794466,
          0.03258907763358749,
          0.20785121081393454
        ],
        [
          0.014929070239091373,
          0.19413133173482816,
          0.038688998015696086
        ]
      ],
      [
        [
          0.08704783687309607,
          0.2387362131394689,
          0.01935901183088653
        ],
        [
          0.22306070859496388,
          0.013375898365797735,
          0.04151898770721835
        ],
        [
          0.2609448104590862,
          0.06258458493425352,
          0.05337194809522889
        ]
      ]
    ]
  },
  "network_stats": {
    "neurons": 400,
    "connections": 1615
  },
  "rollout_data": {
    "rewards": [
      -145.0,
      -136.0,
      -140.0,
      -177.0,
      -151.0,
      -141.0,
      -170.0,
      -152.0,
      -151.0,
      -159.0,
      -189.0,
      -136.0,
      -349.0,
      -175.0,
      -143.0,
      -183.0,
      -219.0,
      -170.0,
      -152.0,
      -158.0
    ],
    "lengths": [
      146,
      137,
      141,
      178,
      152,
      142,
      171,
      153,
      152,
      160,
      190,
      137,
      350,
      176,
      144,
      184,
      220,
      171,
      153,
      159
    ],
    "eval_seeds": [
      5018045,
      5018046,
      5018047,
      5018048,
      5018049,
      5018050,
      5018051,
      5018052,
      5018053,
      5018054,
      5018055,
      5018056,
      5018057,
      5018058,
      5018059,
      5018060,
      5018061,
      5018062,
      5018063,
      5018064
    ]
  }
}