{
  "network_id": 17723,
  "seed": 5017723,
  "valid": true,
  "baseline_reward": -500.0,
  "stratum": "weak",
  "genome": {
    "max_growth_steps": 200,
    "size_x": 20,
    "size_y": 20,
    "diffusion_rate": 0.07577246866357261,
    "num_morphogens": 3,
    "division_threshold": 0.5334428693361527,
    "cell_differentiation_threshold": 0.44038859602494385,
    "axon_growth_threshold": 0.2015612920885561,
    "max_axon_length": 7,
    "axon_connect_threshold": 0.9668632970078248,
    "self_connect_isolated_neurons_fraction": 0.19156503885550796,
    "weight_adjustment_target": 0.6702743124393814,
    "weight_adjustment_rate": 0.017829661454620636,
    "progenitor_secretion_rates": [
      0.3719583361197862,
      0.3074892440370801,
      0.20487394297274542
    ],
    "neuron_secretion_rates": [
      0.28804041763600463,
      0.08271483158696569,
      0.32440973595208855
    ],
    "inhibition_matrix": [
      [
        0.0,
        0.3187327621763226,
        0.0
      ],
      [
        0.1789270320921802,
        0.0,
        0.2253127458087706
      ],
      [
        0.0,
        0.0,
        0.0
      ]
    ],
    "diffusion_patterns": [
      [
        [
          0.021686865931938727,
          0.22039337807193599,
          0.004591511584498431
        ],
        [
          0.00466806233281588,
          0.20134601718174922,
          0.23654608318997808
        ],
        [
          0.06818624297141068,
          0.09917708421676481,
          0.1434047545189081
        ]
      ],
      [
        [
          0.0552931590506178,
          0.06560551782344301,
          0.17472243394954945
        ],
        [
          0.1741759476250563,
          0.018254790824503455,
          0.008233753700225952
        ],
        [
          0.12434345657505275,
          0.24464357494571679,
          0.13472736550583445
        ]
      ],
      [
        [
          0.10404130606536537,
          0.05704582132238964,
          0.015895764886769026
        ],
        [
          0.1516788937135688,
          0.2136315433338188,
          0.0691644608466999
        ],
        [
          0.17166466947907516,
          0.07067253807531555,
          0.14620500227699768
        ]
      ]
    ]
  },
  "network_stats": {
    "neurons": 400,
    "connections": 1202
  },
  "rollout_data": {
    "rewards": [
      -500.0,
      -500.0,
      -500.0,
      -500.0,
      -500.0,
      -500.0,
      -500.0,
      -500.0,
      -500.0,
      -500.0,
      -500.0,
      -500.0,
      -500.0,
      -500.0,
      -500.0,
      -500.0,
      -500.0,
      -500.0,
      -500.0,
      -500.0
    ],
    "lengths": [
      500,
      500,
      500,
      500,
      500,
      500,
      500,
      500,
      500,
      500,
      500,
      500,
      500,
      500,
      500,
      500,
      500,
      500,
      500,
      500
    ],
    "eval_seeds": [
      5017723,
      5017724,
      5017725,
      5017726,
      5017727,
      5017728,
      5017729,
      5017730,
      5017731,
      5017732,
      5017733,
      5017734,
      5017735,
      5017736,
      5017737,
      5017738,
      5017739,
      5017740,
      5017741,
      5017742
    ]
  }
}