{
  "network_id": 18310,
  "seed": 5018310,
  "valid": true,
  "baseline_reward": -500.0,
  "stratum": "weak",
  "genome": {
    "max_growth_steps": 200,
    "size_x": 20,
    "size_y": 20,
    "diffusion_rate": 0.1163212694740722,
    "num_morphogens": 3,
    "division_threshold": 0.5182279394038909,
    "cell_differentiation_threshold": 0.588025048737259,
    "axon_growth_threshold": 0.381273719766203,
    "max_axon_length": 6,
    "axon_connect_threshold": 0.6836532878273157,
    "self_connect_isolated_neurons_fraction": 0.1871919303373038,
    "weight_adjustment_target": 0.5452244328595748,
    "weight_adjustment_rate": 0.014649045144846806,
    "progenitor_secretion_rates": [
      0.4866347639709278,
      0.2582649564075386,
      0.38293291199285684
    ],
    "neuron_secretion_rates": [
      0.16141893591974565,
      0.1147527098938032,
      0.4092627603968515
    ],
    "inhibition_matrix": [
      [
        0.0,
        0.3980745778723261,
        0.0
      ],
      [
        0.3968362359134669,
        0.0,
        0.0
      ],
      [
        0.0,
        0.486637663697028,
        0.0
      ]
    ],
    "diffusion_patterns": [
      [
        [
          0.20409501224773763,
          0.10887544518552254,
          0.05144432724163074
        ],
        [
          0.2501335386367553,
          0.17074827874234239,
          0.06835889544293668
        ],
        [
          0.03350416788639268,
          0.04611090870274708,
          0.06672942591393483
        ]
      ],
      [
        [
          0.10779680615437201,
          0.036902067485378,
          0.0005713786992522205
        ],
        [
          0.1987839334118036,
          0.06646291758890573,
          0.07226499769275474
        ],
        [
          0.20160618911397082,
          0.13738078226022715,
          0.1782309275933356
        ]
      ],
      [
        [
          0.026002449523231507,
          0.12462711038195749,
          0.17243286310108027
        ],
        [
          0.17531118223889483,
          0.027358957557730018,
          0.08956833173758685
        ],
        [
          0.04470732995067098,
          0.1821786889132152,
          0.1578130865956327
        ]
      ]
    ]
  },
  "network_stats": {
    "neurons": 400,
    "connections": 1658
  },
  "rollout_data": {
    "rewards": [
      -500.0,
      -500.0,
      -500.0,
      -500.0,
      -500.0,
      -500.0,
      -500.0,
      -500.0,
      -500.0,
      -500.0,
      -500.0,
      -500.0,
      -500.0,
      -500.0,
      -500.0,
      -500.0,
      -500.0,
      -500.0,
      -500.0,
      -500.0
    ],
    "lengths": [
      500,
      500,
      500,
      500,
      500,
      500,
      500,
      500,
      500,
      500,
      500,
      500,
      500,
      500,
      500,
      500,
      500,
      500,
      500,
      500
    ],
    "eval_seeds": [
      5018310,
      5018311,
      5018312,
      5018313,
      5018314,
      5018315,
      5018316,
      5018317,
      5018318,
      5018319,
      5018320,
      5018321,
      5018322,
      5018323,
      5018324,
      5018325,
      5018326,
      5018327,
      5018328,
      5018329
    ]
  }
}