{
  "network_id": 16950,
  "seed": 5016950,
  "valid": true,
  "baseline_reward": -500.0,
  "stratum": "weak",
  "genome": {
    "max_growth_steps": 200,
    "size_x": 20,
    "size_y": 20,
    "diffusion_rate": 0.15641235480317378,
    "num_morphogens": 3,
    "division_threshold": 0.5258271427295721,
    "cell_differentiation_threshold": 0.5883096436923425,
    "axon_growth_threshold": 0.3613610461923112,
    "max_axon_length": 2,
    "axon_connect_threshold": 0.7366010748912283,
    "self_connect_isolated_neurons_fraction": 0.1995022415410659,
    "weight_adjustment_target": 0.6596635755155816,
    "weight_adjustment_rate": 0.007677675415070199,
    "progenitor_secretion_rates": [
      0.14338199824738984,
      0.05663426248439818,
      0.10101636360908217
    ],
    "neuron_secretion_rates": [
      0.14624100552631575,
      0.3458535734306724,
      0.2928120903202617
    ],
    "inhibition_matrix": [
      [
        0.0,
        0.0,
        0.0
      ],
      [
        0.0,
        0.0,
        0.04661026984087874
      ],
      [
        0.1548691174816052,
        0.0,
        0.0
      ]
    ],
    "diffusion_patterns": [
      [
        [
          0.1786856440899712,
          0.11449197184185758,
          0.08871377928063585
        ],
        [
          0.05748449927467353,
          0.14428305718366782,
          0.018777025200298742
        ],
        [
          0.15778234055207763,
          0.04577134327186083,
          0.19401033930495676
        ]
      ],
      [
        [
          0.25030310420118024,
          0.2181381935818216,
          0.10772571955210537
        ],
        [
          0.012888394060100549,
          0.10321977490212375,
          0.07447086846595893
        ],
        [
          0.0006905425875977049,
          0.11998414637254633,
          0.11257925627656541
        ]
      ],
      [
        [
          0.1920460499209364,
          0.0640033330159933,
          0.11915067953227287
        ],
        [
          0.06334326484769132,
          0.07905700958558588,
          0.03997050333675296
        ],
        [
          0.0620516099439626,
          0.16849044707956456,
          0.21188710273724015
        ]
      ]
    ]
  },
  "network_stats": {
    "neurons": 400,
    "connections": 1067
  },
  "rollout_data": {
    "rewards": [
      -500.0,
      -500.0,
      -500.0,
      -500.0,
      -500.0,
      -500.0,
      -500.0,
      -500.0,
      -500.0,
      -500.0,
      -500.0,
      -500.0,
      -500.0,
      -500.0,
      -500.0,
      -500.0,
      -500.0,
      -500.0,
      -500.0,
      -500.0
    ],
    "lengths": [
      500,
      500,
      500,
      500,
      500,
      500,
      500,
      500,
      500,
      500,
      500,
      500,
      500,
      500,
      500,
      500,
      500,
      500,
      500,
      500
    ],
    "eval_seeds": [
      5016950,
      5016951,
      5016952,
      5016953,
      5016954,
      5016955,
      5016956,
      5016957,
      5016958,
      5016959,
      5016960,
      5016961,
      5016962,
      5016963,
      5016964,
      5016965,
      5016966,
      5016967,
      5016968,
      5016969
    ]
  }
}