{
  "network_id": 15280,
  "seed": 5015280,
  "valid": true,
  "baseline_reward": -500.0,
  "stratum": "weak",
  "genome": {
    "max_growth_steps": 200,
    "size_x": 20,
    "size_y": 20,
    "diffusion_rate": 0.12517585304674428,
    "num_morphogens": 3,
    "division_threshold": 0.3183096634685817,
    "cell_differentiation_threshold": 0.5035848618770646,
    "axon_growth_threshold": 0.3067079772180731,
    "max_axon_length": 7,
    "axon_connect_threshold": 0.7379859758134643,
    "self_connect_isolated_neurons_fraction": 0.24225190880244896,
    "weight_adjustment_target": 0.43024450298753625,
    "weight_adjustment_rate": 0.017510237118029588,
    "progenitor_secretion_rates": [
      0.3662563733347524,
      0.4725952618038186,
      0.0511140299818888
    ],
    "neuron_secretion_rates": [
      0.26295233767593656,
      0.3189869504048363,
      0.17954534890997492
    ],
    "inhibition_matrix": [
      [
        0.0,
        0.0,
        0.0
      ],
      [
        0.0,
        0.0,
        0.3128574932252387
      ],
      [
        0.09892264554727714,
        0.0,
        0.0
      ]
    ],
    "diffusion_patterns": [
      [
        [
          0.24057372616374184,
          0.16750939733498618,
          0.006669486134731622
        ],
        [
          0.00740865588028845,
          0.20580618186010408,
          0.17800861044994043
        ],
        [
          0.18268922756400532,
          0.008984039738907986,
          0.0023506748732940253
        ]
      ],
      [
        [
          0.0913883216944189,
          0.23185215608947696,
          0.07673583938320497
        ],
        [
          0.1665726947155771,
          0.05483048650894574,
          0.106422959130108
        ],
        [
          0.011887600058986779,
          0.023652056851628207,
          0.2366578855676534
        ]
      ],
      [
        [
          0.009434357231780965,
          0.05871730659178293,
          0.16337057255717746
        ],
        [
          0.1883845955587008,
          0.19222444743641742,
          0.06139047059176201
        ],
        [
          0.06003957932685157,
          0.13146164502623386,
          0.13497702567929293
        ]
      ]
    ]
  },
  "network_stats": {
    "neurons": 400,
    "connections": 1342
  },
  "rollout_data": {
    "rewards": [
      -500.0,
      -500.0,
      -500.0,
      -500.0,
      -500.0,
      -500.0,
      -500.0,
      -500.0,
      -500.0,
      -500.0,
      -500.0,
      -500.0,
      -500.0,
      -500.0,
      -500.0,
      -500.0,
      -500.0,
      -500.0,
      -500.0,
      -500.0
    ],
    "lengths": [
      500,
      500,
      500,
      500,
      500,
      500,
      500,
      500,
      500,
      500,
      500,
      500,
      500,
      500,
      500,
      500,
      500,
      500,
      500,
      500
    ],
    "eval_seeds": [
      5015280,
      5015281,
      5015282,
      5015283,
      5015284,
      5015285,
      5015286,
      5015287,
      5015288,
      5015289,
      5015290,
      5015291,
      5015292,
      5015293,
      5015294,
      5015295,
      5015296,
      5015297,
      5015298,
      5015299
    ]
  }
}