{
  "network_id": 19085,
  "seed": 5019085,
  "valid": true,
  "baseline_reward": -500.0,
  "stratum": "weak",
  "genome": {
    "max_growth_steps": 200,
    "size_x": 20,
    "size_y": 20,
    "diffusion_rate": 0.16909623062226975,
    "num_morphogens": 3,
    "division_threshold": 0.6137139713985041,
    "cell_differentiation_threshold": 0.6421592222829638,
    "axon_growth_threshold": 0.4863612459547738,
    "max_axon_length": 10,
    "axon_connect_threshold": 0.43088075830825656,
    "self_connect_isolated_neurons_fraction": 0.035155463233754215,
    "weight_adjustment_target": 0.6422356841834832,
    "weight_adjustment_rate": 0.005472117945426249,
    "progenitor_secretion_rates": [
      0.4067334865665149,
      0.0313237015574232,
      0.31523721437072827
    ],
    "neuron_secretion_rates": [
      0.4859020387561482,
      0.029886809366337863,
      0.11181289392156618
    ],
    "inhibition_matrix": [
      [
        0.0,
        0.0,
        0.12774892424589857
      ],
      [
        0.0,
        0.0,
        0.0
      ],
      [
        0.0,
        0.0,
        0.0
      ]
    ],
    "diffusion_patterns": [
      [
        [
          0.03175677137124878,
          0.1618937391307655,
          0.16739136778466193
        ],
        [
          0.12013749483746358,
          0.049247631474126106,
          0.03605913496268003
        ],
        [
          0.15651548644328941,
          0.17249320820822592,
          0.10450516578753877
        ]
      ],
      [
        [
          0.035165432901994996,
          0.21043087871810853,
          0.029645471574314006
        ],
        [
          0.13936620602475203,
          0.09726179886199589,
          0.16319788135475266
        ],
        [
          0.006877557523287301,
          0.18734195046552674,
          0.13071282257526798
        ]
      ],
      [
        [
          0.17018873670118806,
          0.11321433620948627,
          0.005715026116419755
        ],
        [
          0.13280249171612626,
          0.11818842800103146,
          0.054347570362409905
        ],
        [
          0.1699398750146064,
          0.09740034427438067,
          0.1382031916043511
        ]
      ]
    ]
  },
  "network_stats": {
    "neurons": 400,
    "connections": 458
  },
  "rollout_data": {
    "rewards": [
      -500.0,
      -500.0,
      -500.0,
      -500.0,
      -500.0,
      -500.0,
      -500.0,
      -500.0,
      -500.0,
      -500.0,
      -500.0,
      -500.0,
      -500.0,
      -500.0,
      -500.0,
      -500.0,
      -500.0,
      -500.0,
      -500.0,
      -500.0
    ],
    "lengths": [
      500,
      500,
      500,
      500,
      500,
      500,
      500,
      500,
      500,
      500,
      500,
      500,
      500,
      500,
      500,
      500,
      500,
      500,
      500,
      500
    ],
    "eval_seeds": [
      5019085,
      5019086,
      5019087,
      5019088,
      5019089,
      5019090,
      5019091,
      5019092,
      5019093,
      5019094,
      5019095,
      5019096,
      5019097,
      5019098,
      5019099,
      5019100,
      5019101,
      5019102,
      5019103,
      5019104
    ]
  }
}