{
  "network_id": 12056,
  "seed": 5012056,
  "valid": true,
  "baseline_reward": -500.0,
  "stratum": "weak",
  "genome": {
    "max_growth_steps": 200,
    "size_x": 20,
    "size_y": 20,
    "diffusion_rate": 0.15680227189764223,
    "num_morphogens": 3,
    "division_threshold": 0.4831535143689007,
    "cell_differentiation_threshold": 0.4646843741727479,
    "axon_growth_threshold": 0.2823073588884611,
    "max_axon_length": 6,
    "axon_connect_threshold": 0.9302116881263209,
    "self_connect_isolated_neurons_fraction": 0.08956818771597015,
    "weight_adjustment_target": 0.30433302015279723,
    "weight_adjustment_rate": 0.013067762857297443,
    "progenitor_secretion_rates": [
      0.43305503612437335,
      0.3544013364883824,
      0.34201951472151965
    ],
    "neuron_secretion_rates": [
      0.20014428313647797,
      0.06244861728999351,
      0.21374058523482753
    ],
    "inhibition_matrix": [
      [
        0.0,
        0.0,
        0.0033168993235843103
      ],
      [
        0.0,
        0.0,
        0.0
      ],
      [
        0.0,
        0.0,
        0.0
      ]
    ],
    "diffusion_patterns": [
      [
        [
          0.11302508102100048,
          0.011023542007427882,
          0.022557175632864922
        ],
        [
          0.08592535589078679,
          0.23702046726900478,
          0.16214037415718532
        ],
        [
          0.23699823131717132,
          0.04688306414952584,
          0.08442670855503283
        ]
      ],
      [
        [
          0.021774743049569646,
          0.00678392770675748,
          0.07299696235514502
        ],
        [
          0.23670247437817313,
          0.1454421267571437,
          0.15613854815617567
        ],
        [
          0.2249958022237267,
          0.09744772986152155,
          0.037717685511787204
        ]
      ],
      [
        [
          0.1442992715154325,
          0.10833876853961599,
          0.14750920161410258
        ],
        [
          0.037547750186420786,
          0.13839437082286304,
          0.145446705482771
        ],
        [
          0.006022799430191445,
          0.1270996962169717,
          0.14534143619163098
        ]
      ]
    ]
  },
  "network_stats": {
    "neurons": 400,
    "connections": 1006
  },
  "rollout_data": {
    "rewards": [
      -500.0,
      -500.0,
      -500.0,
      -500.0,
      -500.0,
      -500.0,
      -500.0,
      -500.0,
      -500.0,
      -500.0,
      -500.0,
      -500.0,
      -500.0,
      -500.0,
      -500.0,
      -500.0,
      -500.0,
      -500.0,
      -500.0,
      -500.0
    ],
    "lengths": [
      500,
      500,
      500,
      500,
      500,
      500,
      500,
      500,
      500,
      500,
      500,
      500,
      500,
      500,
      500,
      500,
      500,
      500,
      500,
      500
    ],
    "eval_seeds": [
      5012056,
      5012057,
      5012058,
      5012059,
      5012060,
      5012061,
      5012062,
      5012063,
      5012064,
      5012065,
      5012066,
      5012067,
      5012068,
      5012069,
      5012070,
      5012071,
      5012072,
      5012073,
      5012074,
      5012075
    ]
  }
}