{
  "network_id": 10296,
  "seed": 5010296,
  "valid": true,
  "baseline_reward": -500.0,
  "stratum": "weak",
  "genome": {
    "max_growth_steps": 200,
    "size_x": 20,
    "size_y": 20,
    "diffusion_rate": 0.10743395027268476,
    "num_morphogens": 3,
    "division_threshold": 0.6127132988286579,
    "cell_differentiation_threshold": 0.6284833843681248,
    "axon_growth_threshold": 0.28095440668675525,
    "max_axon_length": 7,
    "axon_connect_threshold": 0.7949288922827518,
    "self_connect_isolated_neurons_fraction": 0.10178039722964083,
    "weight_adjustment_target": 0.3298620597999472,
    "weight_adjustment_rate": 0.014508129076162456,
    "progenitor_secretion_rates": [
      0.4903508237466622,
      0.34204033075358264,
      0.46810413796938166
    ],
    "neuron_secretion_rates": [
      0.07847837574443473,
      0.22332319873145284,
      0.23835732930186587
    ],
    "inhibition_matrix": [
      [
        0.0,
        0.0,
        0.0
      ],
      [
        0.1065972244479384,
        0.0,
        0.0
      ],
      [
        0.0,
        0.047740773094502365,
        0.0
      ]
    ],
    "diffusion_patterns": [
      [
        [
          0.07756998219170883,
          0.0006053949103368871,
          0.05525494074639774
        ],
        [
          0.13990093289140831,
          0.18536681414672734,
          0.12380733686165667
        ],
        [
          0.15721283689778315,
          0.06013880840857598,
          0.20014295294540507
        ]
      ],
      [
        [
          0.08967194463105387,
          0.069338451697265,
          0.3256148943037231
        ],
        [
          0.07234359307105831,
          0.019518241744170266,
          0.16047930147801734
        ],
        [
          0.056835139494872566,
          0.1699137214502486,
          0.03628471212959095
        ]
      ],
      [
        [
          0.11124403146075364,
          0.19578708119443922,
          0.1790276139151359
        ],
        [
          0.09021919415234533,
          0.16364367312369063,
          0.0047759668600937805
        ],
        [
          0.015307803298906686,
          0.20383878793226445,
          0.036155848062370474
        ]
      ]
    ]
  },
  "network_stats": {
    "neurons": 400,
    "connections": 1710
  },
  "rollout_data": {
    "rewards": [
      -500.0,
      -500.0,
      -500.0,
      -500.0,
      -500.0,
      -500.0,
      -500.0,
      -500.0,
      -500.0,
      -500.0,
      -500.0,
      -500.0,
      -500.0,
      -500.0,
      -500.0,
      -500.0,
      -500.0,
      -500.0,
      -500.0,
      -500.0
    ],
    "lengths": [
      500,
      500,
      500,
      500,
      500,
      500,
      500,
      500,
      500,
      500,
      500,
      500,
      500,
      500,
      500,
      500,
      500,
      500,
      500,
      500
    ],
    "eval_seeds": [
      5010296,
      5010297,
      5010298,
      5010299,
      5010300,
      5010301,
      5010302,
      5010303,
      5010304,
      5010305,
      5010306,
      5010307,
      5010308,
      5010309,
      5010310,
      5010311,
      5010312,
      5010313,
      5010314,
      5010315
    ]
  }
}