{
  "network_id": 12499,
  "seed": 5012499,
  "valid": true,
  "baseline_reward": -500.0,
  "stratum": "weak",
  "genome": {
    "max_growth_steps": 200,
    "size_x": 20,
    "size_y": 20,
    "diffusion_rate": 0.09849738142164735,
    "num_morphogens": 3,
    "division_threshold": 0.5609272820798488,
    "cell_differentiation_threshold": 0.6783846704195322,
    "axon_growth_threshold": 0.34318708929525465,
    "max_axon_length": 9,
    "axon_connect_threshold": 0.5973776351418246,
    "self_connect_isolated_neurons_fraction": 0.1990220706021791,
    "weight_adjustment_target": 0.3959552057971978,
    "weight_adjustment_rate": 0.017049204491205647,
    "progenitor_secretion_rates": [
      0.4279222947785002,
      0.015608451874729201,
      0.04518315356630992
    ],
    "neuron_secretion_rates": [
      0.40028001042844324,
      0.41008834012212964,
      0.2906134581559594
    ],
    "inhibition_matrix": [
      [
        0.0,
        0.22688172515760469,
        0.0
      ],
      [
        0.0,
        0.0,
        0.0
      ],
      [
        0.0,
        0.0,
        0.0
      ]
    ],
    "diffusion_patterns": [
      [
        [
          0.15277463091195445,
          0.0648013844500793,
          0.09088064077163253
        ],
        [
          0.19690113159495964,
          0.055876982685074315,
          0.005730037892490848
        ],
        [
          0.20990484781716606,
          0.20014853838022537,
          0.022981805496417696
        ]
      ],
      [
        [
          0.1444888147174502,
          0.18642780451046473,
          0.15299445877723142
        ],
        [
          0.1735908942797227,
          0.10939870554793357,
          0.07194363640233858
        ],
        [
          0.019125974674106306,
          0.12331309011304224,
          0.018716620977710277
        ]
      ],
      [
        [
          0.11109481861714372,
          0.13681020654329434,
          0.06043154996937344
        ],
        [
          0.13796664473075262,
          0.0452793516073271,
          0.10709564772960073
        ],
        [
          0.11730705630092733,
          0.1344436985191994,
          0.14957102598238126
        ]
      ]
    ]
  },
  "network_stats": {
    "neurons": 400,
    "connections": 472
  },
  "rollout_data": {
    "rewards": [
      -500.0,
      -500.0,
      -500.0,
      -500.0,
      -500.0,
      -500.0,
      -500.0,
      -500.0,
      -500.0,
      -500.0,
      -500.0,
      -500.0,
      -500.0,
      -500.0,
      -500.0,
      -500.0,
      -500.0,
      -500.0,
      -500.0,
      -500.0
    ],
    "lengths": [
      500,
      500,
      500,
      500,
      500,
      500,
      500,
      500,
      500,
      500,
      500,
      500,
      500,
      500,
      500,
      500,
      500,
      500,
      500,
      500
    ],
    "eval_seeds": [
      5012499,
      5012500,
      5012501,
      5012502,
      5012503,
      5012504,
      5012505,
      5012506,
      5012507,
      5012508,
      5012509,
      5012510,
      5012511,
      5012512,
      5012513,
      5012514,
      5012515,
      5012516,
      5012517,
      5012518
    ]
  }
}