{
  "network_id": 9502,
  "seed": 5009502,
  "valid": true,
  "baseline_reward": -500.0,
  "stratum": "weak",
  "genome": {
    "max_growth_steps": 200,
    "size_x": 20,
    "size_y": 20,
    "diffusion_rate": 0.09474118615113788,
    "num_morphogens": 3,
    "division_threshold": 0.3051497382754303,
    "cell_differentiation_threshold": 0.3292765392096819,
    "axon_growth_threshold": 0.22142761756873708,
    "max_axon_length": 2,
    "axon_connect_threshold": 0.47527140192100403,
    "self_connect_isolated_neurons_fraction": 0.20379787865855542,
    "weight_adjustment_target": 0.4387879083724113,
    "weight_adjustment_rate": 0.006476317106711217,
    "progenitor_secretion_rates": [
      0.29082468779961274,
      0.09894767489729273,
      0.08607775762309294
    ],
    "neuron_secretion_rates": [
      0.17897885724828383,
      0.44757519565596304,
      0.45452320652529293
    ],
    "inhibition_matrix": [
      [
        0.0,
        0.10202012809941258,
        0.0
      ],
      [
        0.0,
        0.0,
        0.0
      ],
      [
        0.4955393715539403,
        0.0,
        0.0
      ]
    ],
    "diffusion_patterns": [
      [
        [
          0.07178762501743982,
          0.19684099425029927,
          0.09116920747598219
        ],
        [
          0.20580478416974818,
          0.22978417544408766,
          0.023354144122603147
        ],
        [
          0.0012793630364949275,
          0.0702101113059773,
          0.10976959517736762
        ]
      ],
      [
        [
          0.07779983532508339,
          0.17432919085951498,
          0.23235598451977965
        ],
        [
          0.06823416220722006,
          0.039362445212167266,
          0.19773183759315088
        ],
        [
          0.09451272444136416,
          0.00043220800445861453,
          0.11524161183726099
        ]
      ],
      [
        [
          0.29006664600571885,
          0.21851682152102445,
          0.20520550102988383
        ],
        [
          0.05838579999957685,
          0.010091713601118737,
          0.06621357296123372
        ],
        [
          0.030603976526941124,
          0.0699479698933993,
          0.05096799846110314
        ]
      ]
    ]
  },
  "network_stats": {
    "neurons": 400,
    "connections": 1091
  },
  "rollout_data": {
    "rewards": [
      -500.0,
      -500.0,
      -500.0,
      -500.0,
      -500.0,
      -500.0,
      -500.0,
      -500.0,
      -500.0,
      -500.0,
      -500.0,
      -500.0,
      -500.0,
      -500.0,
      -500.0,
      -500.0,
      -500.0,
      -500.0,
      -500.0,
      -500.0
    ],
    "lengths": [
      500,
      500,
      500,
      500,
      500,
      500,
      500,
      500,
      500,
      500,
      500,
      500,
      500,
      500,
      500,
      500,
      500,
      500,
      500,
      500
    ],
    "eval_seeds": [
      5009502,
      5009503,
      5009504,
      5009505,
      5009506,
      5009507,
      5009508,
      5009509,
      5009510,
      5009511,
      5009512,
      5009513,
      5009514,
      5009515,
      5009516,
      5009517,
      5009518,
      5009519,
      5009520,
      5009521
    ]
  }
}