{
  "network_id": 13722,
  "seed": 5013722,
  "valid": true,
  "baseline_reward": -449.9,
  "stratum": "low_mid",
  "genome": {
    "max_growth_steps": 200,
    "size_x": 20,
    "size_y": 20,
    "diffusion_rate": 0.0836608879854165,
    "num_morphogens": 3,
    "division_threshold": 0.3147192480532529,
    "cell_differentiation_threshold": 0.5317711768589477,
    "axon_growth_threshold": 0.2277172086995929,
    "max_axon_length": 8,
    "axon_connect_threshold": 0.5658072166400295,
    "self_connect_isolated_neurons_fraction": 0.05165963518727847,
    "weight_adjustment_target": 0.3353230564497501,
    "weight_adjustment_rate": 0.008302365622680536,
    "progenitor_secretion_rates": [
      0.43741548457674684,
      0.016263615615391636,
      0.062268416871006815
    ],
    "neuron_secretion_rates": [
      0.15924509723754676,
      0.41180948899619,
      0.010316565872773797
    ],
    "inhibition_matrix": [
      [
        0.0,
        0.014964481387834683,
        0.0
      ],
      [
        0.0,
        0.0,
        0.0
      ],
      [
        0.015649863375422013,
        0.0,
        0.0
      ]
    ],
    "diffusion_patterns": [
      [
        [
          0.037671763244789006,
          0.018242410667563644,
          0.20608564515957456
        ],
        [
          0.01662602325705285,
          0.19815680732364,
          0.13348327557202214
        ],
        [
          0.05359349837070642,
          0.22637685343019412,
          0.1097637229744572
        ]
      ],
      [
        [
          0.15572394165843176,
          0.15822703515604397,
          0.025740676103735708
        ],
        [
          0.09827774962519184,
          0.16935513442584732,
          0.16263440806354437
        ],
        [
          0.05888809184002626,
          0.0002955251470322385,
          0.17085743798014658
        ]
      ],
      [
        [
          0.12789631676765487,
          0.1641899050891495,
          0.1346713673629345
        ],
        [
          0.06345022553690216,
          0.07823815033978883,
          0.02886112787755019
        ],
        [
          0.14868706050758837,
          0.11683554220177816,
          0.1371703043166534
        ]
      ]
    ]
  },
  "network_stats": {
    "neurons": 400,
    "connections": 786
  },
  "rollout_data": {
    "rewards": [
      -500.0,
      -500.0,
      -500.0,
      -500.0,
      -359.0,
      -414.0,
      -403.0,
      -500.0,
      -500.0,
      -405.0,
      -395.0,
      -500.0,
      -427.0,
      -500.0,
      -389.0,
      -382.0,
      -411.0,
      -500.0,
      -413.0,
      -500.0
    ],
    "lengths": [
      500,
      500,
      500,
      500,
      360,
      415,
      404,
      500,
      500,
      406,
      396,
      500,
      428,
      500,
      390,
      383,
      412,
      500,
      414,
      500
    ],
    "eval_seeds": [
      5013722,
      5013723,
      5013724,
      5013725,
      5013726,
      5013727,
      5013728,
      5013729,
      5013730,
      5013731,
      5013732,
      5013733,
      5013734,
      5013735,
      5013736,
      5013737,
      5013738,
      5013739,
      5013740,
      5013741
    ]
  }
}