{
  "network_id": 1309,
  "seed": 5001309,
  "valid": true,
  "baseline_reward": -500.0,
  "stratum": "weak",
  "genome": {
    "max_growth_steps": 200,
    "size_x": 20,
    "size_y": 20,
    "diffusion_rate": 0.09988997744541456,
    "num_morphogens": 3,
    "division_threshold": 0.4021630361331481,
    "cell_differentiation_threshold": 0.6162354552903263,
    "axon_growth_threshold": 0.47905424741728725,
    "max_axon_length": 7,
    "axon_connect_threshold": 0.6839155399496789,
    "self_connect_isolated_neurons_fraction": 0.2687474387622017,
    "weight_adjustment_target": 0.6912874313011224,
    "weight_adjustment_rate": 0.016066356459106243,
    "progenitor_secretion_rates": [
      0.20455334639128003,
      0.15677677497570708,
      0.18672494653425198
    ],
    "neuron_secretion_rates": [
      0.22335929700865054,
      0.024768502992845554,
      0.0990417876198536
    ],
    "inhibition_matrix": [
      [
        0.0,
        0.0,
        0.16611752004005115
      ],
      [
        0.0,
        0.0,
        0.0
      ],
      [
        0.00468954618108719,
        0.0,
        0.0
      ]
    ],
    "diffusion_patterns": [
      [
        [
          0.20794381070580234,
          0.019786140398437294,
          0.003957155953674594
        ],
        [
          0.1878022856681622,
          0.10813069885547437,
          0.08930007577194628
        ],
        [
          0.1355093655377475,
          0.03369585920604588,
          0.21387460790270946
        ]
      ],
      [
        [
          0.16068826833752267,
          0.024449604588845132,
          0.1670784945822589
        ],
        [
          0.16674014614453447,
          0.10224623360727528,
          0.12835607643547337
        ],
        [
          0.033938940344821,
          0.08546617862713016,
          0.13103605733213897
        ]
      ],
      [
        [
          0.047233944851570106,
          0.016327460704149265,
          0.054619691465486786
        ],
        [
          0.2207479417720561,
          0.14238656638620772,
          0.06768022346480804
        ],
        [
          0.12476138230260714,
          0.14096197302117225,
          0.1852808160319427
        ]
      ]
    ]
  },
  "network_stats": {
    "neurons": 400,
    "connections": 1453
  },
  "rollout_data": {
    "rewards": [
      -500.0,
      -500.0,
      -500.0,
      -500.0,
      -500.0,
      -500.0,
      -500.0,
      -500.0,
      -500.0,
      -500.0,
      -500.0,
      -500.0,
      -500.0,
      -500.0,
      -500.0,
      -500.0,
      -500.0,
      -500.0,
      -500.0,
      -500.0
    ],
    "lengths": [
      500,
      500,
      500,
      500,
      500,
      500,
      500,
      500,
      500,
      500,
      500,
      500,
      500,
      500,
      500,
      500,
      500,
      500,
      500,
      500
    ],
    "eval_seeds": [
      5001309,
      5001310,
      5001311,
      5001312,
      5001313,
      5001314,
      5001315,
      5001316,
      5001317,
      5001318,
      5001319,
      5001320,
      5001321,
      5001322,
      5001323,
      5001324,
      5001325,
      5001326,
      5001327,
      5001328
    ]
  }
}