{
  "network_id": 3145,
  "seed": 5003145,
  "valid": true,
  "baseline_reward": -500.0,
  "stratum": "weak",
  "genome": {
    "max_growth_steps": 200,
    "size_x": 20,
    "size_y": 20,
    "diffusion_rate": 0.19712157168603617,
    "num_morphogens": 3,
    "division_threshold": 0.4723826008544907,
    "cell_differentiation_threshold": 0.6234821999686059,
    "axon_growth_threshold": 0.45677318445493803,
    "max_axon_length": 2,
    "axon_connect_threshold": 0.6460350576205817,
    "self_connect_isolated_neurons_fraction": 0.035855096045384595,
    "weight_adjustment_target": 0.45105873752032594,
    "weight_adjustment_rate": 0.00979467153007603,
    "progenitor_secretion_rates": [
      0.2047707480985983,
      0.07544074332986983,
      0.22251033267769388
    ],
    "neuron_secretion_rates": [
      0.3389233624771805,
      0.2799354185342227,
      0.4312865738101634
    ],
    "inhibition_matrix": [
      [
        0.0,
        0.0,
        0.0
      ],
      [
        0.0,
        0.0,
        0.0
      ],
      [
        0.0,
        0.0,
        0.0
      ]
    ],
    "diffusion_patterns": [
      [
        [
          0.09473747939318393,
          0.07428310145157489,
          0.11251374065104738
        ],
        [
          0.1419081771787339,
          0.13722867850326795,
          0.13093020953292292
        ],
        [
          0.03862315766833829,
          0.09406432749824227,
          0.17571112812268844
        ]
      ],
      [
        [
          0.10285952616223672,
          0.1940120541902053,
          0.08895113001057135
        ],
        [
          0.026169915772350682,
          0.05536780836277912,
          0.15535459776677404
        ],
        [
          0.17264423525402584,
          0.032292846225716994,
          0.17234788625533984
        ]
      ],
      [
        [
          0.15051008029349977,
          0.12095455237968569,
          0.10042501090526172
        ],
        [
          0.08785017574306854,
          0.09455080243329426,
          0.07695835403947193
        ],
        [
          0.17660734269120038,
          0.1418142593039618,
          0.05032942221055602
        ]
      ]
    ]
  },
  "network_stats": {
    "neurons": 400,
    "connections": 556
  },
  "rollout_data": {
    "rewards": [
      -500.0,
      -500.0,
      -500.0,
      -500.0,
      -500.0,
      -500.0,
      -500.0,
      -500.0,
      -500.0,
      -500.0,
      -500.0,
      -500.0,
      -500.0,
      -500.0,
      -500.0,
      -500.0,
      -500.0,
      -500.0,
      -500.0,
      -500.0
    ],
    "lengths": [
      500,
      500,
      500,
      500,
      500,
      500,
      500,
      500,
      500,
      500,
      500,
      500,
      500,
      500,
      500,
      500,
      500,
      500,
      500,
      500
    ],
    "eval_seeds": [
      5003145,
      5003146,
      5003147,
      5003148,
      5003149,
      5003150,
      5003151,
      5003152,
      5003153,
      5003154,
      5003155,
      5003156,
      5003157,
      5003158,
      5003159,
      5003160,
      5003161,
      5003162,
      5003163,
      5003164
    ]
  }
}