{
  "network_id": 12226,
  "seed": 5012226,
  "valid": true,
  "baseline_reward": -95.95,
  "stratum": "perfect",
  "genome": {
    "max_growth_steps": 200,
    "size_x": 20,
    "size_y": 20,
    "diffusion_rate": 0.07864592874055759,
    "num_morphogens": 3,
    "division_threshold": 0.3388757121903428,
    "cell_differentiation_threshold": 0.58255827043174,
    "axon_growth_threshold": 0.21976704957232676,
    "max_axon_length": 8,
    "axon_connect_threshold": 0.6984670181960383,
    "self_connect_isolated_neurons_fraction": 0.29810632555886063,
    "weight_adjustment_target": 0.35722205891692305,
    "weight_adjustment_rate": 0.006869229460209586,
    "progenitor_secretion_rates": [
      0.48211824795214947,
      0.02747926824330138,
      0.2786382732032041
    ],
    "neuron_secretion_rates": [
      0.07708579728950204,
      0.24579429179514384,
      0.29368950146356426
    ],
    "inhibition_matrix": [
      [
        0.0,
        0.3753688617553899,
        0.0
      ],
      [
        0.0,
        0.0,
        0.0
      ],
      [
        0.3554217910344364,
        0.2226473465762907,
        0.0
      ]
    ],
    "diffusion_patterns": [
      [
        [
          0.0683625974059661,
          0.19021915911726994,
          0.1414258421760341
        ],
        [
          0.009913792520552696,
          0.035324132419349404,
          0.13045811178047334
        ],
        [
          0.0864616962680636,
          0.13702722813526713,
          0.20080744017702373
        ]
      ],
      [
        [
          0.15749495491295057,
          0.016505479483893228,
          0.17928012056506706
        ],
        [
          0.11944602779658764,
          0.04029668151102427,
          0.16569364313513252
        ],
        [
          0.0985844033453365,
          0.16497804459586402,
          0.057720644654144296
        ]
      ],
      [
        [
          0.013065002197028185,
          0.07553965034329474,
          0.20934401984392834
        ],
        [
          0.1676332541352515,
          0.0947224624724581,
          0.07374405602589432
        ],
        [
          0.21066679795092863,
          0.13686075627923738,
          0.018424000751978812
        ]
      ]
    ]
  },
  "network_stats": {
    "neurons": 400,
    "connections": 1635
  },
  "rollout_data": {
    "rewards": [
      -119.0,
      -73.0,
      -113.0,
      -72.0,
      -80.0,
      -73.0,
      -83.0,
      -75.0,
      -95.0,
      -144.0,
      -104.0,
      -82.0,
      -84.0,
      -80.0,
      -85.0,
      -99.0,
      -138.0,
      -87.0,
      -126.0,
      -107.0
    ],
    "lengths": [
      120,
      74,
      114,
      73,
      81,
      74,
      84,
      76,
      96,
      145,
      105,
      83,
      85,
      81,
      86,
      100,
      139,
      88,
      127,
      108
    ],
    "eval_seeds": [
      5012226,
      5012227,
      5012228,
      5012229,
      5012230,
      5012231,
      5012232,
      5012233,
      5012234,
      5012235,
      5012236,
      5012237,
      5012238,
      5012239,
      5012240,
      5012241,
      5012242,
      5012243,
      5012244,
      5012245
    ]
  }
}