{
  "network_id": 3695,
  "seed": 5003695,
  "valid": true,
  "baseline_reward": -500.0,
  "stratum": "weak",
  "genome": {
    "max_growth_steps": 200,
    "size_x": 20,
    "size_y": 20,
    "diffusion_rate": 0.10127032185767303,
    "num_morphogens": 3,
    "division_threshold": 0.3734971036245324,
    "cell_differentiation_threshold": 0.47957980042650594,
    "axon_growth_threshold": 0.37103342541804074,
    "max_axon_length": 8,
    "axon_connect_threshold": 0.8540417953680989,
    "self_connect_isolated_neurons_fraction": 0.03170276753573735,
    "weight_adjustment_target": 0.4963432965949112,
    "weight_adjustment_rate": 0.013704956670629348,
    "progenitor_secretion_rates": [
      0.23184256765811168,
      0.1742362242712921,
      0.3469986496542615
    ],
    "neuron_secretion_rates": [
      0.20516966837153922,
      0.3380010942757515,
      0.2750730771780952
    ],
    "inhibition_matrix": [
      [
        0.0,
        0.0,
        0.23270687851351834
      ],
      [
        0.12439540292059048,
        0.0,
        0.0
      ],
      [
        0.0,
        0.0,
        0.0
      ]
    ],
    "diffusion_patterns": [
      [
        [
          0.022786424113420852,
          0.1122925612510093,
          0.10967898272371156
        ],
        [
          0.15091702282494615,
          0.0920123723584767,
          0.12322642975413425
        ],
        [
          0.15042559026816316,
          0.15311950195135027,
          0.08554111475478783
        ]
      ],
      [
        [
          0.011208747441757013,
          0.07111751602672554,
          0.14110385051422478
        ],
        [
          0.11175395866221857,
          0.1322179576609092,
          0.1277736671749342
        ],
        [
          0.19591884461592923,
          0.20365323307222885,
          0.005252224831072672
        ]
      ],
      [
        [
          0.11409028337785662,
          0.04985474632067275,
          0.011954390884505199
        ],
        [
          0.05803773824518553,
          0.09191829360607796,
          0.21420800130057263
        ],
        [
          0.1996238021964105,
          0.06683513159358159,
          0.19347761247513723
        ]
      ]
    ]
  },
  "network_stats": {
    "neurons": 400,
    "connections": 1007
  },
  "rollout_data": {
    "rewards": [
      -500.0,
      -500.0,
      -500.0,
      -500.0,
      -500.0,
      -500.0,
      -500.0,
      -500.0,
      -500.0,
      -500.0,
      -500.0,
      -500.0,
      -500.0,
      -500.0,
      -500.0,
      -500.0,
      -500.0,
      -500.0,
      -500.0,
      -500.0
    ],
    "lengths": [
      500,
      500,
      500,
      500,
      500,
      500,
      500,
      500,
      500,
      500,
      500,
      500,
      500,
      500,
      500,
      500,
      500,
      500,
      500,
      500
    ],
    "eval_seeds": [
      5003695,
      5003696,
      5003697,
      5003698,
      5003699,
      5003700,
      5003701,
      5003702,
      5003703,
      5003704,
      5003705,
      5003706,
      5003707,
      5003708,
      5003709,
      5003710,
      5003711,
      5003712,
      5003713,
      5003714
    ]
  }
}