{
  "network_id": 2437,
  "seed": 5002437,
  "valid": true,
  "baseline_reward": -500.0,
  "stratum": "weak",
  "genome": {
    "max_growth_steps": 200,
    "size_x": 20,
    "size_y": 20,
    "diffusion_rate": 0.06520134914393914,
    "num_morphogens": 3,
    "division_threshold": 0.41565735817268107,
    "cell_differentiation_threshold": 0.4583879247106728,
    "axon_growth_threshold": 0.3000349393236291,
    "max_axon_length": 8,
    "axon_connect_threshold": 0.7103476286790601,
    "self_connect_isolated_neurons_fraction": 0.08262259473120062,
    "weight_adjustment_target": 0.4408700956625655,
    "weight_adjustment_rate": 0.016104028741909575,
    "progenitor_secretion_rates": [
      0.28077550047192446,
      0.10354243093904908,
      0.15448828494689726
    ],
    "neuron_secretion_rates": [
      0.3024519374872741,
      0.44648022268189186,
      0.16120671106191442
    ],
    "inhibition_matrix": [
      [
        0.0,
        0.3159296618052097,
        0.0
      ],
      [
        0.20432375074472164,
        0.0,
        0.0
      ],
      [
        0.0,
        0.0,
        0.0
      ]
    ],
    "diffusion_patterns": [
      [
        [
          0.15956892810265721,
          0.12962806388450854,
          0.14040367184179203
        ],
        [
          0.07160975542012252,
          0.2506209591083279,
          0.04272872431398157
        ],
        [
          0.1341032065964826,
          0.05698877666741633,
          0.014347914064711401
        ]
      ],
      [
        [
          0.11623544903910883,
          0.01577317540247178,
          0.1531486918305259
        ],
        [
          0.07921320317731542,
          0.17218568677456422,
          0.1618867280208002
        ],
        [
          0.08710349640521997,
          0.12495346371583747,
          0.08950010563415607
        ]
      ],
      [
        [
          0.06167958403621366,
          0.15244085577935354,
          0.07377982715228856
        ],
        [
          0.07900622811367707,
          0.07473325066370635,
          0.1682771058082997
        ],
        [
          0.16492482131787986,
          0.1204619230258635,
          0.10469640410271779
        ]
      ]
    ]
  },
  "network_stats": {
    "neurons": 400,
    "connections": 513
  },
  "rollout_data": {
    "rewards": [
      -500.0,
      -500.0,
      -500.0,
      -500.0,
      -500.0,
      -500.0,
      -500.0,
      -500.0,
      -500.0,
      -500.0,
      -500.0,
      -500.0,
      -500.0,
      -500.0,
      -500.0,
      -500.0,
      -500.0,
      -500.0,
      -500.0,
      -500.0
    ],
    "lengths": [
      500,
      500,
      500,
      500,
      500,
      500,
      500,
      500,
      500,
      500,
      500,
      500,
      500,
      500,
      500,
      500,
      500,
      500,
      500,
      500
    ],
    "eval_seeds": [
      5002437,
      5002438,
      5002439,
      5002440,
      5002441,
      5002442,
      5002443,
      5002444,
      5002445,
      5002446,
      5002447,
      5002448,
      5002449,
      5002450,
      5002451,
      5002452,
      5002453,
      5002454,
      5002455,
      5002456
    ]
  }
}