{
  "network_id": 12085,
  "seed": 5012085,
  "valid": true,
  "baseline_reward": -500.0,
  "stratum": "weak",
  "genome": {
    "max_growth_steps": 200,
    "size_x": 20,
    "size_y": 20,
    "diffusion_rate": 0.08229424295545099,
    "num_morphogens": 3,
    "division_threshold": 0.6721738655961967,
    "cell_differentiation_threshold": 0.5611223010735713,
    "axon_growth_threshold": 0.2298733563562386,
    "max_axon_length": 6,
    "axon_connect_threshold": 0.8265656000394928,
    "self_connect_isolated_neurons_fraction": 0.1831189891988572,
    "weight_adjustment_target": 0.40729402688227506,
    "weight_adjustment_rate": 0.009316618006240911,
    "progenitor_secretion_rates": [
      0.4148986517686683,
      0.3226442339948841,
      0.03797427796892877
    ],
    "neuron_secretion_rates": [
      0.41461899348751696,
      0.34045970560670036,
      0.302669143937792
    ],
    "inhibition_matrix": [
      [
        0.0,
        0.0,
        0.05071887437373118
      ],
      [
        0.0,
        0.0,
        0.0
      ],
      [
        0.0,
        0.0,
        0.0
      ]
    ],
    "diffusion_patterns": [
      [
        [
          0.14136685312674394,
          0.08520104300112924,
          0.15082553588050698
        ],
        [
          0.039531976949684654,
          0.08137706175336606,
          0.059187195487374694
        ],
        [
          0.12012565755552397,
          0.14395530885163943,
          0.17842936739403098
        ]
      ],
      [
        [
          0.03417659373278847,
          0.1620979635817301,
          0.10894338528961907
        ],
        [
          0.15839030392486667,
          0.03264670963878275,
          0.12982984948246923
        ],
        [
          0.021753233932959373,
          0.16806855877255553,
          0.18409340164422883
        ]
      ],
      [
        [
          0.1808006124428933,
          0.08978980565125998,
          0.12643177023171334
        ],
        [
          0.18963487368498025,
          0.13456899566542543,
          0.01279063247533519
        ],
        [
          0.0896097104001877,
          0.006650378087696436,
          0.16972322136050844
        ]
      ]
    ]
  },
  "network_stats": {
    "neurons": 12,
    "connections": 29
  },
  "rollout_data": {
    "rewards": [
      -500.0,
      -500.0,
      -500.0,
      -500.0,
      -500.0,
      -500.0,
      -500.0,
      -500.0,
      -500.0,
      -500.0,
      -500.0,
      -500.0,
      -500.0,
      -500.0,
      -500.0,
      -500.0,
      -500.0,
      -500.0,
      -500.0,
      -500.0
    ],
    "lengths": [
      500,
      500,
      500,
      500,
      500,
      500,
      500,
      500,
      500,
      500,
      500,
      500,
      500,
      500,
      500,
      500,
      500,
      500,
      500,
      500
    ],
    "eval_seeds": [
      5012085,
      5012086,
      5012087,
      5012088,
      5012089,
      5012090,
      5012091,
      5012092,
      5012093,
      5012094,
      5012095,
      5012096,
      5012097,
      5012098,
      5012099,
      5012100,
      5012101,
      5012102,
      5012103,
      5012104
    ]
  }
}