{
  "network_id": 886,
  "seed": 5000886,
  "valid": true,
  "baseline_reward": -500.0,
  "stratum": "weak",
  "genome": {
    "max_growth_steps": 200,
    "size_x": 20,
    "size_y": 20,
    "diffusion_rate": 0.16018099148713882,
    "num_morphogens": 3,
    "division_threshold": 0.4503082322818526,
    "cell_differentiation_threshold": 0.5543673761582172,
    "axon_growth_threshold": 0.4139975758858879,
    "max_axon_length": 8,
    "axon_connect_threshold": 0.7394493091159751,
    "self_connect_isolated_neurons_fraction": 0.015055619765521477,
    "weight_adjustment_target": 0.3597004941828996,
    "weight_adjustment_rate": 0.011122756770216213,
    "progenitor_secretion_rates": [
      0.38157107453812555,
      0.4435298825825722,
      0.24372113224246889
    ],
    "neuron_secretion_rates": [
      0.08026721605242432,
      0.28216670223736756,
      0.36550816930341623
    ],
    "inhibition_matrix": [
      [
        0.0,
        0.0,
        0.0
      ],
      [
        0.0,
        0.0,
        0.32870041362718716
      ],
      [
        0.08128390142328523,
        0.0,
        0.0
      ]
    ],
    "diffusion_patterns": [
      [
        [
          0.05205759979592501,
          0.19252761259649606,
          0.13365128342999683
        ],
        [
          0.1295003105622668,
          0.1821605776655624,
          0.1375450141736283
        ],
        [
          0.10016676800348566,
          0.05812017160515827,
          0.014270662167480607
        ]
      ],
      [
        [
          0.32768820972921414,
          0.09245014443598212,
          0.14249788231052674
        ],
        [
          0.07923469272004484,
          0.036994571800915484,
          0.1037593672435258
        ],
        [
          0.06102014952874379,
          0.09613736592686135,
          0.060217616304185734
        ]
      ],
      [
        [
          0.03567111942251358,
          0.04596279941619883,
          0.1201601597975234
        ],
        [
          0.04595122066606673,
          0.14180229129061497,
          0.06415852337766892
        ],
        [
          0.2574977966241457,
          0.2512587713621825,
          0.037537318043085334
        ]
      ]
    ]
  },
  "network_stats": {
    "neurons": 400,
    "connections": 1801
  },
  "rollout_data": {
    "rewards": [
      -500.0,
      -500.0,
      -500.0,
      -500.0,
      -500.0,
      -500.0,
      -500.0,
      -500.0,
      -500.0,
      -500.0,
      -500.0,
      -500.0,
      -500.0,
      -500.0,
      -500.0,
      -500.0,
      -500.0,
      -500.0,
      -500.0,
      -500.0
    ],
    "lengths": [
      500,
      500,
      500,
      500,
      500,
      500,
      500,
      500,
      500,
      500,
      500,
      500,
      500,
      500,
      500,
      500,
      500,
      500,
      500,
      500
    ],
    "eval_seeds": [
      5000886,
      5000887,
      5000888,
      5000889,
      5000890,
      5000891,
      5000892,
      5000893,
      5000894,
      5000895,
      5000896,
      5000897,
      5000898,
      5000899,
      5000900,
      5000901,
      5000902,
      5000903,
      5000904,
      5000905
    ]
  }
}