{
  "network_id": 11487,
  "seed": 5011487,
  "valid": true,
  "baseline_reward": -500.0,
  "stratum": "weak",
  "genome": {
    "max_growth_steps": 200,
    "size_x": 20,
    "size_y": 20,
    "diffusion_rate": 0.05231066213028845,
    "num_morphogens": 3,
    "division_threshold": 0.4602944872731179,
    "cell_differentiation_threshold": 0.48844584345557,
    "axon_growth_threshold": 0.24047109783949036,
    "max_axon_length": 10,
    "axon_connect_threshold": 0.49586095488314663,
    "self_connect_isolated_neurons_fraction": 0.25301590571859767,
    "weight_adjustment_target": 0.3170672956188864,
    "weight_adjustment_rate": 0.01671019459571985,
    "progenitor_secretion_rates": [
      0.2546886996545662,
      0.28919102457670964,
      0.3963577811753907
    ],
    "neuron_secretion_rates": [
      0.2225255358316507,
      0.4570608873255211,
      0.04256846130536435
    ],
    "inhibition_matrix": [
      [
        0.0,
        0.0,
        0.0
      ],
      [
        0.0,
        0.0,
        0.12165097919190332
      ],
      [
        0.13854649644161515,
        0.17579214134760668,
        0.0
      ]
    ],
    "diffusion_patterns": [
      [
        [
          0.10984298713793737,
          0.08840196105512961,
          0.07539700691216387
        ],
        [
          0.05887989519441367,
          0.12600047832444547,
          0.19121363710051353
        ],
        [
          0.2687446143425486,
          0.015879475887615336,
          0.06563994404523264
        ]
      ],
      [
        [
          0.24786623748065237,
          0.015658690485206052,
          0.11430131337295432
        ],
        [
          0.008043182533806202,
          0.2258359584509078,
          0.1843826036968713
        ],
        [
          0.016616730578905125,
          0.10301214882510616,
          0.0842831345755907
        ]
      ],
      [
        [
          0.0453299272730545,
          0.04503851414446468,
          0.12269116337602134
        ],
        [
          0.1386129488564625,
          0.10544686819168012,
          0.014499365453853753
        ],
        [
          0.17211259216977504,
          0.19849341004338678,
          0.15777521049130136
        ]
      ]
    ]
  },
  "network_stats": {
    "neurons": 369,
    "connections": 972
  },
  "rollout_data": {
    "rewards": [
      -500.0,
      -500.0,
      -500.0,
      -500.0,
      -500.0,
      -500.0,
      -500.0,
      -500.0,
      -500.0,
      -500.0,
      -500.0,
      -500.0,
      -500.0,
      -500.0,
      -500.0,
      -500.0,
      -500.0,
      -500.0,
      -500.0,
      -500.0
    ],
    "lengths": [
      500,
      500,
      500,
      500,
      500,
      500,
      500,
      500,
      500,
      500,
      500,
      500,
      500,
      500,
      500,
      500,
      500,
      500,
      500,
      500
    ],
    "eval_seeds": [
      5011487,
      5011488,
      5011489,
      5011490,
      5011491,
      5011492,
      5011493,
      5011494,
      5011495,
      5011496,
      5011497,
      5011498,
      5011499,
      5011500,
      5011501,
      5011502,
      5011503,
      5011504,
      5011505,
      5011506
    ]
  }
}