{
  "network_id": 15947,
  "seed": 5015947,
  "valid": true,
  "baseline_reward": -500.0,
  "stratum": "weak",
  "genome": {
    "max_growth_steps": 200,
    "size_x": 20,
    "size_y": 20,
    "diffusion_rate": 0.06890669648314021,
    "num_morphogens": 3,
    "division_threshold": 0.3547791273221908,
    "cell_differentiation_threshold": 0.5803023448194679,
    "axon_growth_threshold": 0.4756414299700821,
    "max_axon_length": 8,
    "axon_connect_threshold": 0.5088253730561219,
    "self_connect_isolated_neurons_fraction": 0.16224529281540767,
    "weight_adjustment_target": 0.4415435496594893,
    "weight_adjustment_rate": 0.013148896519702174,
    "progenitor_secretion_rates": [
      0.2942812672175144,
      0.45981414385563163,
      0.1353770662024975
    ],
    "neuron_secretion_rates": [
      0.4045325538948265,
      0.17960582836982075,
      0.4768801935153913
    ],
    "inhibition_matrix": [
      [
        0.0,
        0.0,
        0.0
      ],
      [
        0.0,
        0.0,
        0.0
      ],
      [
        0.4629555641209656,
        0.0,
        0.0
      ]
    ],
    "diffusion_patterns": [
      [
        [
          0.17532273887512145,
          0.11043219047766861,
          0.06986934412821214
        ],
        [
          0.1797869511548148,
          0.04284896542330924,
          0.0969751586306221
        ],
        [
          0.0043460755826079415,
          0.18502364005626942,
          0.1353949356713744
        ]
      ],
      [
        [
          0.20085457899567138,
          0.1384382243682027,
          0.14517512883823447
        ],
        [
          0.12055773379766788,
          0.08660980189563225,
          0.1292756893133175
        ],
        [
          0.025937375397124224,
          0.04925629885895309,
          0.10389516853519666
        ]
      ],
      [
        [
          0.22964184251525055,
          0.09517495843374903,
          0.022670818254884338
        ],
        [
          0.1512859697304263,
          0.00824384614601273,
          0.10215367643958291
        ],
        [
          0.021949062960392902,
          0.24346321445900984,
          0.12541661106069144
        ]
      ]
    ]
  },
  "network_stats": {
    "neurons": 400,
    "connections": 1086
  },
  "rollout_data": {
    "rewards": [
      -500.0,
      -500.0,
      -500.0,
      -500.0,
      -500.0,
      -500.0,
      -500.0,
      -500.0,
      -500.0,
      -500.0,
      -500.0,
      -500.0,
      -500.0,
      -500.0,
      -500.0,
      -500.0,
      -500.0,
      -500.0,
      -500.0,
      -500.0
    ],
    "lengths": [
      500,
      500,
      500,
      500,
      500,
      500,
      500,
      500,
      500,
      500,
      500,
      500,
      500,
      500,
      500,
      500,
      500,
      500,
      500,
      500
    ],
    "eval_seeds": [
      5015947,
      5015948,
      5015949,
      5015950,
      5015951,
      5015952,
      5015953,
      5015954,
      5015955,
      5015956,
      5015957,
      5015958,
      5015959,
      5015960,
      5015961,
      5015962,
      5015963,
      5015964,
      5015965,
      5015966
    ]
  }
}