{
  "network_id": 3014,
  "seed": 5003014,
  "valid": true,
  "baseline_reward": -500.0,
  "stratum": "weak",
  "genome": {
    "max_growth_steps": 200,
    "size_x": 20,
    "size_y": 20,
    "diffusion_rate": 0.15551726920921471,
    "num_morphogens": 3,
    "division_threshold": 0.5975101003559853,
    "cell_differentiation_threshold": 0.6358279590440871,
    "axon_growth_threshold": 0.25493834186401165,
    "max_axon_length": 5,
    "axon_connect_threshold": 0.44812138912454696,
    "self_connect_isolated_neurons_fraction": 0.27303915651675825,
    "weight_adjustment_target": 0.5434731966390868,
    "weight_adjustment_rate": 0.01665025558432463,
    "progenitor_secretion_rates": [
      0.10877911117147548,
      0.0257935661351823,
      0.4486534292346201
    ],
    "neuron_secretion_rates": [
      0.497668414231404,
      0.31490467642035486,
      0.43862336227365656
    ],
    "inhibition_matrix": [
      [
        0.0,
        0.0,
        0.0
      ],
      [
        0.0,
        0.0,
        0.0
      ],
      [
        0.0,
        0.0,
        0.0
      ]
    ],
    "diffusion_patterns": [
      [
        [
          0.19287380834950385,
          0.07844974797135851,
          0.08995810070849246
        ],
        [
          0.03978286881322706,
          0.08274954848556033,
          0.0639935232634669
        ],
        [
          0.1666313555803903,
          0.08945099068368692,
          0.1961100561443135
        ]
      ],
      [
        [
          0.14323983007984606,
          0.10633833823541629,
          0.15782107232720302
        ],
        [
          0.13788305199927164,
          0.008611734557513314,
          0.1463933783466315
        ],
        [
          0.09952795123074143,
          0.15120656729883294,
          0.048978075924543805
        ]
      ],
      [
        [
          0.06517838101152894,
          0.16622421838558094,
          0.10937670547107284
        ],
        [
          0.12042052955377855,
          0.08952369622163221,
          0.0583308321743764
        ],
        [
          0.14738453329532875,
          0.04099205045921913,
          0.20256905342748238
        ]
      ]
    ]
  },
  "network_stats": {
    "neurons": 400,
    "connections": 527
  },
  "rollout_data": {
    "rewards": [
      -500.0,
      -500.0,
      -500.0,
      -500.0,
      -500.0,
      -500.0,
      -500.0,
      -500.0,
      -500.0,
      -500.0,
      -500.0,
      -500.0,
      -500.0,
      -500.0,
      -500.0,
      -500.0,
      -500.0,
      -500.0,
      -500.0,
      -500.0
    ],
    "lengths": [
      500,
      500,
      500,
      500,
      500,
      500,
      500,
      500,
      500,
      500,
      500,
      500,
      500,
      500,
      500,
      500,
      500,
      500,
      500,
      500
    ],
    "eval_seeds": [
      5003014,
      5003015,
      5003016,
      5003017,
      5003018,
      5003019,
      5003020,
      5003021,
      5003022,
      5003023,
      5003024,
      5003025,
      5003026,
      5003027,
      5003028,
      5003029,
      5003030,
      5003031,
      5003032,
      5003033
    ]
  }
}