{
  "network_id": 13964,
  "seed": 5013964,
  "valid": true,
  "baseline_reward": -500.0,
  "stratum": "weak",
  "genome": {
    "max_growth_steps": 200,
    "size_x": 20,
    "size_y": 20,
    "diffusion_rate": 0.12417790592596953,
    "num_morphogens": 3,
    "division_threshold": 0.48076635121525263,
    "cell_differentiation_threshold": 0.6569628747876693,
    "axon_growth_threshold": 0.2509560833454213,
    "max_axon_length": 8,
    "axon_connect_threshold": 0.7078740188967061,
    "self_connect_isolated_neurons_fraction": 0.14372765332693746,
    "weight_adjustment_target": 0.6567408456204367,
    "weight_adjustment_rate": 0.019617417243179586,
    "progenitor_secretion_rates": [
      0.44402329158691406,
      0.19564355370783715,
      0.17004851703314783
    ],
    "neuron_secretion_rates": [
      0.07515225728955383,
      0.25794044636507496,
      0.4205629403446225
    ],
    "inhibition_matrix": [
      [
        0.0,
        0.0,
        0.2799005225995965
      ],
      [
        0.07487666350326916,
        0.0,
        0.0
      ],
      [
        0.0,
        0.0,
        0.0
      ]
    ],
    "diffusion_patterns": [
      [
        [
          0.12621785868781735,
          0.12654976569258358,
          0.03964929310034418
        ],
        [
          0.09750694449821976,
          0.09684995600891566,
          0.1521143565657688
        ],
        [
          0.10962901446124407,
          0.16209614416329587,
          0.0893866668218108
        ]
      ],
      [
        [
          0.07440328339850072,
          0.07673853259235658,
          0.15190575397738298
        ],
        [
          0.13745643867052096,
          0.15359755964796062,
          0.07481056621196665
        ],
        [
          0.0677115399371754,
          0.15310017079846958,
          0.11027615476566667
        ]
      ],
      [
        [
          0.07419346163772803,
          0.13929314974863743,
          0.07865892849736586
        ],
        [
          0.19389669514850966,
          0.2843837910261698,
          0.11444726962896946
        ],
        [
          0.0007176429156324776,
          0.07245176997499084,
          0.04195729142199656
        ]
      ]
    ]
  },
  "network_stats": {
    "neurons": 400,
    "connections": 1085
  },
  "rollout_data": {
    "rewards": [
      -500.0,
      -500.0,
      -500.0,
      -500.0,
      -500.0,
      -500.0,
      -500.0,
      -500.0,
      -500.0,
      -500.0,
      -500.0,
      -500.0,
      -500.0,
      -500.0,
      -500.0,
      -500.0,
      -500.0,
      -500.0,
      -500.0,
      -500.0
    ],
    "lengths": [
      500,
      500,
      500,
      500,
      500,
      500,
      500,
      500,
      500,
      500,
      500,
      500,
      500,
      500,
      500,
      500,
      500,
      500,
      500,
      500
    ],
    "eval_seeds": [
      5013964,
      5013965,
      5013966,
      5013967,
      5013968,
      5013969,
      5013970,
      5013971,
      5013972,
      5013973,
      5013974,
      5013975,
      5013976,
      5013977,
      5013978,
      5013979,
      5013980,
      5013981,
      5013982,
      5013983
    ]
  }
}