{
  "network_id": 7711,
  "seed": 5007711,
  "valid": true,
  "baseline_reward": -500.0,
  "stratum": "weak",
  "genome": {
    "max_growth_steps": 200,
    "size_x": 20,
    "size_y": 20,
    "diffusion_rate": 0.11159842902144754,
    "num_morphogens": 3,
    "division_threshold": 0.639437271804179,
    "cell_differentiation_threshold": 0.4586639461535568,
    "axon_growth_threshold": 0.38128002227111135,
    "max_axon_length": 9,
    "axon_connect_threshold": 0.5553226335548485,
    "self_connect_isolated_neurons_fraction": 0.08155103720659805,
    "weight_adjustment_target": 0.5623965799969047,
    "weight_adjustment_rate": 0.008041854251627983,
    "progenitor_secretion_rates": [
      0.3965426018267758,
      0.1035293400525541,
      0.08176095536597855
    ],
    "neuron_secretion_rates": [
      0.189415843624122,
      0.32283934105614437,
      0.20674582125698676
    ],
    "inhibition_matrix": [
      [
        0.0,
        0.02946571638784412,
        0.0
      ],
      [
        0.0,
        0.0,
        0.0
      ],
      [
        0.0,
        0.0,
        0.0
      ]
    ],
    "diffusion_patterns": [
      [
        [
          0.09006548859886115,
          0.07971773689735673,
          0.15544406771511787
        ],
        [
          0.0235362693260431,
          0.05539783429941503,
          0.23778464061404955
        ],
        [
          0.16909847450625445,
          0.02392142151138431,
          0.16503406653151778
        ]
      ],
      [
        [
          0.08800761143500117,
          0.07897376473138545,
          0.19939908592075484
        ],
        [
          0.10574942470646012,
          0.035155136456027546,
          0.18249785667038268
        ],
        [
          0.07789876728542357,
          0.0977623290496478,
          0.13455602374491682
        ]
      ],
      [
        [
          0.19359804512676485,
          0.24422338147375408,
          0.034703457106586254
        ],
        [
          0.025765397558200877,
          0.04786189880109752,
          0.009129498022099121
        ],
        [
          0.24045209351217958,
          0.10233542144147356,
          0.10193080695784407
        ]
      ]
    ]
  },
  "network_stats": {
    "neurons": 400,
    "connections": 1042
  },
  "rollout_data": {
    "rewards": [
      -500.0,
      -500.0,
      -500.0,
      -500.0,
      -500.0,
      -500.0,
      -500.0,
      -500.0,
      -500.0,
      -500.0,
      -500.0,
      -500.0,
      -500.0,
      -500.0,
      -500.0,
      -500.0,
      -500.0,
      -500.0,
      -500.0,
      -500.0
    ],
    "lengths": [
      500,
      500,
      500,
      500,
      500,
      500,
      500,
      500,
      500,
      500,
      500,
      500,
      500,
      500,
      500,
      500,
      500,
      500,
      500,
      500
    ],
    "eval_seeds": [
      5007711,
      5007712,
      5007713,
      5007714,
      5007715,
      5007716,
      5007717,
      5007718,
      5007719,
      5007720,
      5007721,
      5007722,
      5007723,
      5007724,
      5007725,
      5007726,
      5007727,
      5007728,
      5007729,
      5007730
    ]
  }
}