{
  "network_id": 969,
  "seed": 5000969,
  "valid": true,
  "baseline_reward": -500.0,
  "stratum": "weak",
  "genome": {
    "max_growth_steps": 200,
    "size_x": 20,
    "size_y": 20,
    "diffusion_rate": 0.13121147900451763,
    "num_morphogens": 3,
    "division_threshold": 0.5770684295439577,
    "cell_differentiation_threshold": 0.44905371098879227,
    "axon_growth_threshold": 0.3501719327853742,
    "max_axon_length": 4,
    "axon_connect_threshold": 0.5037932700191551,
    "self_connect_isolated_neurons_fraction": 0.11701280647387466,
    "weight_adjustment_target": 0.5964590252378057,
    "weight_adjustment_rate": 0.012616498711161203,
    "progenitor_secretion_rates": [
      0.4140670237411869,
      0.22881179194826107,
      0.4912536996288125
    ],
    "neuron_secretion_rates": [
      0.1684306837440659,
      0.40452236571859823,
      0.37552205803293354
    ],
    "inhibition_matrix": [
      [
        0.0,
        0.0,
        0.0
      ],
      [
        0.23730334836203032,
        0.0,
        0.0
      ],
      [
        0.3864874098586008,
        0.22178967260331572,
        0.0
      ]
    ],
    "diffusion_patterns": [
      [
        [
          0.27532238329109415,
          0.011395676382120613,
          0.04737555061106838
        ],
        [
          0.03675172834488501,
          0.06449839790168024,
          0.19636956008332035
        ],
        [
          0.048857571941864505,
          0.15478774102960324,
          0.16464139041436354
        ]
      ],
      [
        [
          0.06183947462945072,
          0.10169073282748693,
          0.021587022220321394
        ],
        [
          0.11098608484846803,
          0.06772122673320086,
          0.22142714629654348
        ],
        [
          0.154711573102786,
          0.060784054166147614,
          0.1992526851755951
        ]
      ],
      [
        [
          0.07454943607194588,
          0.020665431902534573,
          0.11076387400274512
        ],
        [
          0.02119587857576025,
          0.15924242796261073,
          0.19711492975385295
        ],
        [
          0.21233065210432375,
          0.1801326382190434,
          0.024004731407183223
        ]
      ]
    ]
  },
  "network_stats": {
    "neurons": 400,
    "connections": 436
  },
  "rollout_data": {
    "rewards": [
      -500.0,
      -500.0,
      -500.0,
      -500.0,
      -500.0,
      -500.0,
      -500.0,
      -500.0,
      -500.0,
      -500.0,
      -500.0,
      -500.0,
      -500.0,
      -500.0,
      -500.0,
      -500.0,
      -500.0,
      -500.0,
      -500.0,
      -500.0
    ],
    "lengths": [
      500,
      500,
      500,
      500,
      500,
      500,
      500,
      500,
      500,
      500,
      500,
      500,
      500,
      500,
      500,
      500,
      500,
      500,
      500,
      500
    ],
    "eval_seeds": [
      5000969,
      5000970,
      5000971,
      5000972,
      5000973,
      5000974,
      5000975,
      5000976,
      5000977,
      5000978,
      5000979,
      5000980,
      5000981,
      5000982,
      5000983,
      5000984,
      5000985,
      5000986,
      5000987,
      5000988
    ]
  }
}