{
  "network_id": 6031,
  "seed": 5006031,
  "valid": true,
  "baseline_reward": -500.0,
  "stratum": "weak",
  "genome": {
    "max_growth_steps": 200,
    "size_x": 20,
    "size_y": 20,
    "diffusion_rate": 0.12005957478467083,
    "num_morphogens": 3,
    "division_threshold": 0.6227662813969402,
    "cell_differentiation_threshold": 0.6344220908085942,
    "axon_growth_threshold": 0.4391711227850344,
    "max_axon_length": 8,
    "axon_connect_threshold": 0.7163207791260424,
    "self_connect_isolated_neurons_fraction": 0.12223728083461106,
    "weight_adjustment_target": 0.3524846374052322,
    "weight_adjustment_rate": 0.012742122231854868,
    "progenitor_secretion_rates": [
      0.44710631102023757,
      0.06669267422886777,
      0.4955278750517622
    ],
    "neuron_secretion_rates": [
      0.25745535134811315,
      0.3436066635591718,
      0.17736531523195637
    ],
    "inhibition_matrix": [
      [
        0.0,
        0.47318773943381465,
        0.0
      ],
      [
        0.0,
        0.0,
        0.0
      ],
      [
        0.0,
        0.0,
        0.0
      ]
    ],
    "diffusion_patterns": [
      [
        [
          0.20112468096885808,
          0.0794352946834409,
          0.23391847926490245
        ],
        [
          0.17229528682373266,
          0.08294531360299423,
          0.14824067269662672
        ],
        [
          0.041608268592121356,
          0.025790122027339775,
          0.014641881339983641
        ]
      ],
      [
        [
          0.1607122843631153,
          0.18533503079568078,
          0.07466827142109529
        ],
        [
          0.10794262181149827,
          0.054682410264852585,
          0.020526296932680547
        ],
        [
          0.15390849491656092,
          0.13435330862912737,
          0.10787128086538891
        ]
      ],
      [
        [
          0.09584095345590345,
          0.058858081263927844,
          0.08398693769114379
        ],
        [
          0.11464844013382601,
          0.22845048613045874,
          0.1900788339457841
        ],
        [
          0.020534452170130342,
          0.01816051986811977,
          0.18944129534070586
        ]
      ]
    ]
  },
  "network_stats": {
    "neurons": 400,
    "connections": 516
  },
  "rollout_data": {
    "rewards": [
      -500.0,
      -500.0,
      -500.0,
      -500.0,
      -500.0,
      -500.0,
      -500.0,
      -500.0,
      -500.0,
      -500.0,
      -500.0,
      -500.0,
      -500.0,
      -500.0,
      -500.0,
      -500.0,
      -500.0,
      -500.0,
      -500.0,
      -500.0
    ],
    "lengths": [
      500,
      500,
      500,
      500,
      500,
      500,
      500,
      500,
      500,
      500,
      500,
      500,
      500,
      500,
      500,
      500,
      500,
      500,
      500,
      500
    ],
    "eval_seeds": [
      5006031,
      5006032,
      5006033,
      5006034,
      5006035,
      5006036,
      5006037,
      5006038,
      5006039,
      5006040,
      5006041,
      5006042,
      5006043,
      5006044,
      5006045,
      5006046,
      5006047,
      5006048,
      5006049,
      5006050
    ]
  }
}