{
  "network_id": 16191,
  "seed": 5016191,
  "valid": true,
  "baseline_reward": -500.0,
  "stratum": "weak",
  "genome": {
    "max_growth_steps": 200,
    "size_x": 20,
    "size_y": 20,
    "diffusion_rate": 0.107703614085882,
    "num_morphogens": 3,
    "division_threshold": 0.4205055999731011,
    "cell_differentiation_threshold": 0.4904886621408643,
    "axon_growth_threshold": 0.408856468882836,
    "max_axon_length": 8,
    "axon_connect_threshold": 0.6510693743754014,
    "self_connect_isolated_neurons_fraction": 0.148659476846159,
    "weight_adjustment_target": 0.3077274844876266,
    "weight_adjustment_rate": 0.014620919984171175,
    "progenitor_secretion_rates": [
      0.45320726905669595,
      0.05238503631711455,
      0.18100454648090275
    ],
    "neuron_secretion_rates": [
      0.06141569700798283,
      0.1074713332625562,
      0.010462677057290815
    ],
    "inhibition_matrix": [
      [
        0.0,
        0.4559829971596309,
        0.0
      ],
      [
        0.0,
        0.0,
        0.0
      ],
      [
        0.0,
        0.0,
        0.0
      ]
    ],
    "diffusion_patterns": [
      [
        [
          0.11593774368680712,
          0.10647251142276302,
          0.16839670001033877
        ],
        [
          0.16432190118446455,
          0.15618453900855056,
          0.12387559654436656
        ],
        [
          0.016412125300664732,
          0.10782234560595659,
          0.04057653723608795
        ]
      ],
      [
        [
          0.0334445465586926,
          0.06157427894733979,
          0.12286342269887245
        ],
        [
          0.008452404949531452,
          0.09292349211551383,
          0.16600126868915696
        ],
        [
          0.16073555649220317,
          0.21733645611953495,
          0.13666857342915484
        ]
      ],
      [
        [
          0.06268894059759667,
          0.06253319017991515,
          0.04428704662358364
        ],
        [
          0.14168287497504958,
          0.02390151248385076,
          0.23130824781637804
        ],
        [
          0.16621230069578755,
          0.15627246388372787,
          0.11111342274411073
        ]
      ]
    ]
  },
  "network_stats": {
    "neurons": 400,
    "connections": 510
  },
  "rollout_data": {
    "rewards": [
      -500.0,
      -500.0,
      -500.0,
      -500.0,
      -500.0,
      -500.0,
      -500.0,
      -500.0,
      -500.0,
      -500.0,
      -500.0,
      -500.0,
      -500.0,
      -500.0,
      -500.0,
      -500.0,
      -500.0,
      -500.0,
      -500.0,
      -500.0
    ],
    "lengths": [
      500,
      500,
      500,
      500,
      500,
      500,
      500,
      500,
      500,
      500,
      500,
      500,
      500,
      500,
      500,
      500,
      500,
      500,
      500,
      500
    ],
    "eval_seeds": [
      5016191,
      5016192,
      5016193,
      5016194,
      5016195,
      5016196,
      5016197,
      5016198,
      5016199,
      5016200,
      5016201,
      5016202,
      5016203,
      5016204,
      5016205,
      5016206,
      5016207,
      5016208,
      5016209,
      5016210
    ]
  }
}