{
  "network_id": 15071,
  "seed": 5015071,
  "valid": true,
  "baseline_reward": -477.65,
  "stratum": "weak",
  "genome": {
    "max_growth_steps": 200,
    "size_x": 20,
    "size_y": 20,
    "diffusion_rate": 0.09555108891482393,
    "num_morphogens": 3,
    "division_threshold": 0.4319843986584025,
    "cell_differentiation_threshold": 0.40931672380687933,
    "axon_growth_threshold": 0.410028319187342,
    "max_axon_length": 5,
    "axon_connect_threshold": 0.7885188114078068,
    "self_connect_isolated_neurons_fraction": 0.1823102409255369,
    "weight_adjustment_target": 0.562408731811198,
    "weight_adjustment_rate": 0.005766901035642835,
    "progenitor_secretion_rates": [
      0.4731156842990821,
      0.07117076492235852,
      0.11435866323869959
    ],
    "neuron_secretion_rates": [
      0.49536990322683594,
      0.31740672285985777,
      0.27050738471157576
    ],
    "inhibition_matrix": [
      [
        0.0,
        0.0,
        0.0
      ],
      [
        0.0,
        0.0,
        0.0
      ],
      [
        0.0,
        0.0,
        0.0
      ]
    ],
    "diffusion_patterns": [
      [
        [
          0.1569613855235862,
          0.023413879909730834,
          0.07941695302266102
        ],
        [
          0.10970777049391404,
          0.19296210363073643,
          0.029246044261433686
        ],
        [
          0.11287458489809403,
          0.14002152988795727,
          0.15539574837188644
        ]
      ],
      [
        [
          0.07965880659102066,
          0.11785314653065006,
          0.06736333938535911
        ],
        [
          0.08549143370399814,
          0.015456042467620666,
          0.10610119008624512
        ],
        [
          0.1969114291970233,
          0.19813507642405292,
          0.13302953561402994
        ]
      ],
      [
        [
          0.20866107067379389,
          0.005037227515793667,
          0.21765297125078104
        ],
        [
          0.15885325631293057,
          0.06408433078944344,
          0.14663355804194236
        ],
        [
          0.03165825052289459,
          0.017405442546465255,
          0.1500138923459553
        ]
      ]
    ]
  },
  "network_stats": {
    "neurons": 400,
    "connections": 1007
  },
  "rollout_data": {
    "rewards": [
      -500.0,
      -456.0,
      -500.0,
      -484.0,
      -431.0,
      -423.0,
      -500.0,
      -500.0,
      -417.0,
      -500.0,
      -472.0,
      -500.0,
      -500.0,
      -500.0,
      -470.0,
      -461.0,
      -468.0,
      -471.0,
      -500.0,
      -500.0
    ],
    "lengths": [
      500,
      457,
      500,
      485,
      432,
      424,
      500,
      500,
      418,
      500,
      473,
      500,
      500,
      500,
      471,
      462,
      469,
      472,
      500,
      500
    ],
    "eval_seeds": [
      5015071,
      5015072,
      5015073,
      5015074,
      5015075,
      5015076,
      5015077,
      5015078,
      5015079,
      5015080,
      5015081,
      5015082,
      5015083,
      5015084,
      5015085,
      5015086,
      5015087,
      5015088,
      5015089,
      5015090
    ]
  }
}