{
  "network_id": 2355,
  "seed": 5002355,
  "valid": true,
  "baseline_reward": -500.0,
  "stratum": "weak",
  "genome": {
    "max_growth_steps": 200,
    "size_x": 20,
    "size_y": 20,
    "diffusion_rate": 0.0625041395456408,
    "num_morphogens": 3,
    "division_threshold": 0.35389186296692265,
    "cell_differentiation_threshold": 0.5895346424536503,
    "axon_growth_threshold": 0.40998225279876727,
    "max_axon_length": 2,
    "axon_connect_threshold": 0.4352257334468142,
    "self_connect_isolated_neurons_fraction": 0.0005408218058615355,
    "weight_adjustment_target": 0.6737015649867157,
    "weight_adjustment_rate": 0.010806789519769825,
    "progenitor_secretion_rates": [
      0.3490819149375324,
      0.13831553655268636,
      0.04023327097281626
    ],
    "neuron_secretion_rates": [
      0.36644005353296627,
      0.15990517924580583,
      0.19809162979756284
    ],
    "inhibition_matrix": [
      [
        0.0,
        0.32486805299463306,
        0.19079354647367425
      ],
      [
        0.1348510556604302,
        0.0,
        0.15061397141932154
      ],
      [
        0.0,
        0.0,
        0.0
      ]
    ],
    "diffusion_patterns": [
      [
        [
          0.1468636911107555,
          0.07880253189609845,
          0.1880340565568177
        ],
        [
          0.11128152764428949,
          0.11526623712914422,
          0.13177844207729134
        ],
        [
          0.17617022179108963,
          0.03430453899070251,
          0.017498752803811177
        ]
      ],
      [
        [
          0.07689661072033899,
          0.04950310603131703,
          0.13742055074096332
        ],
        [
          0.055710132712511615,
          0.031149291457535817,
          0.1859200815949552
        ],
        [
          0.13120193358521232,
          0.18019898259615674,
          0.15199931056100907
        ]
      ],
      [
        [
          0.19568169211018135,
          0.17475639141336471,
          0.006811158536527786
        ],
        [
          0.20343624767166724,
          0.13922781251827518,
          0.025458619103316534
        ],
        [
          0.0407694574624556,
          0.20115954702082564,
          0.012699074163385874
        ]
      ]
    ]
  },
  "network_stats": {
    "neurons": 400,
    "connections": 1029
  },
  "rollout_data": {
    "rewards": [
      -500.0,
      -500.0,
      -500.0,
      -500.0,
      -500.0,
      -500.0,
      -500.0,
      -500.0,
      -500.0,
      -500.0,
      -500.0,
      -500.0,
      -500.0,
      -500.0,
      -500.0,
      -500.0,
      -500.0,
      -500.0,
      -500.0,
      -500.0
    ],
    "lengths": [
      500,
      500,
      500,
      500,
      500,
      500,
      500,
      500,
      500,
      500,
      500,
      500,
      500,
      500,
      500,
      500,
      500,
      500,
      500,
      500
    ],
    "eval_seeds": [
      5002355,
      5002356,
      5002357,
      5002358,
      5002359,
      5002360,
      5002361,
      5002362,
      5002363,
      5002364,
      5002365,
      5002366,
      5002367,
      5002368,
      5002369,
      5002370,
      5002371,
      5002372,
      5002373,
      5002374
    ]
  }
}