{
  "network_id": 15300,
  "seed": 5015300,
  "valid": true,
  "baseline_reward": -500.0,
  "stratum": "weak",
  "genome": {
    "max_growth_steps": 200,
    "size_x": 20,
    "size_y": 20,
    "diffusion_rate": 0.1805549298366847,
    "num_morphogens": 3,
    "division_threshold": 0.44226100684271386,
    "cell_differentiation_threshold": 0.4247301393975151,
    "axon_growth_threshold": 0.2690917293224803,
    "max_axon_length": 10,
    "axon_connect_threshold": 0.4685626586255632,
    "self_connect_isolated_neurons_fraction": 0.09118506271639022,
    "weight_adjustment_target": 0.3975349522420329,
    "weight_adjustment_rate": 0.01363948598163467,
    "progenitor_secretion_rates": [
      0.44378971151616586,
      0.2648078867329465,
      0.2604865934049326
    ],
    "neuron_secretion_rates": [
      0.4711050512826735,
      0.1951488004412386,
      0.1628865203492469
    ],
    "inhibition_matrix": [
      [
        0.0,
        0.49341892413531985,
        0.02812457203277413
      ],
      [
        0.1632548777643239,
        0.0,
        0.0
      ],
      [
        0.0,
        0.007542714697279629,
        0.0
      ]
    ],
    "diffusion_patterns": [
      [
        [
          0.13416254804905062,
          0.10685427720101245,
          0.1555036407196785
        ],
        [
          0.008085612234297431,
          0.13125883532747795,
          0.11612461899584119
        ],
        [
          0.099131714291735,
          0.16582171779983665,
          0.08305703538107032
        ]
      ],
      [
        [
          0.17536171906215098,
          0.0687325923559623,
          0.104105813586497
        ],
        [
          0.14160407491509758,
          0.1271169279112611,
          0.11440686170221781
        ],
        [
          0.11590099648160115,
          0.07576038171744079,
          0.0770106322677713
        ]
      ],
      [
        [
          0.03510114655479198,
          0.1743456248478921,
          0.0028803470101577988
        ],
        [
          0.12752881018417325,
          0.17784504094677314,
          0.18369799624872443
        ],
        [
          0.07223205049141623,
          0.03815438531390877,
          0.18821459840216223
        ]
      ]
    ]
  },
  "network_stats": {
    "neurons": 325,
    "connections": 1564
  },
  "rollout_data": {
    "rewards": [
      -500.0,
      -500.0,
      -500.0,
      -500.0,
      -500.0,
      -500.0,
      -500.0,
      -500.0,
      -500.0,
      -500.0,
      -500.0,
      -500.0,
      -500.0,
      -500.0,
      -500.0,
      -500.0,
      -500.0,
      -500.0,
      -500.0,
      -500.0
    ],
    "lengths": [
      500,
      500,
      500,
      500,
      500,
      500,
      500,
      500,
      500,
      500,
      500,
      500,
      500,
      500,
      500,
      500,
      500,
      500,
      500,
      500
    ],
    "eval_seeds": [
      5015300,
      5015301,
      5015302,
      5015303,
      5015304,
      5015305,
      5015306,
      5015307,
      5015308,
      5015309,
      5015310,
      5015311,
      5015312,
      5015313,
      5015314,
      5015315,
      5015316,
      5015317,
      5015318,
      5015319
    ]
  }
}