{
  "network_id": 1369,
  "seed": 5001369,
  "valid": true,
  "baseline_reward": -433.05,
  "stratum": "low_mid",
  "genome": {
    "max_growth_steps": 200,
    "size_x": 20,
    "size_y": 20,
    "diffusion_rate": 0.1603464842993234,
    "num_morphogens": 3,
    "division_threshold": 0.4056145339346829,
    "cell_differentiation_threshold": 0.3001082983352681,
    "axon_growth_threshold": 0.2935344897565767,
    "max_axon_length": 7,
    "axon_connect_threshold": 0.43378066743057997,
    "self_connect_isolated_neurons_fraction": 0.06172816445541247,
    "weight_adjustment_target": 0.6264758983545642,
    "weight_adjustment_rate": 0.012512892538332212,
    "progenitor_secretion_rates": [
      0.3976665963423709,
      0.10959029027414624,
      0.027600067812419526
    ],
    "neuron_secretion_rates": [
      0.14291889454356138,
      0.33268586540251005,
      0.35134884367877095
    ],
    "inhibition_matrix": [
      [
        0.0,
        0.0,
        0.45910366268085495
      ],
      [
        0.0,
        0.0,
        0.0
      ],
      [
        0.03813717030959585,
        0.0,
        0.0
      ]
    ],
    "diffusion_patterns": [
      [
        [
          0.041306178807761766,
          0.15915589805279998,
          0.1814444023808904
        ],
        [
          0.0012464858616710972,
          0.1451592529681215,
          0.146645923205857
        ],
        [
          0.16318271503917306,
          0.10882877005583516,
          0.05303037362789009
        ]
      ],
      [
        [
          0.0011257190009840827,
          0.11031662699118522,
          0.17119814809739659
        ],
        [
          0.04321404116440598,
          0.1723925043047118,
          0.16934222630951604
        ],
        [
          0.13182619215636218,
          0.1533653928830492,
          0.04721914909238897
        ]
      ],
      [
        [
          0.06593003785548619,
          0.011302505102200808,
          0.2643932305854975
        ],
        [
          0.00437233543463841,
          0.03765049675593151,
          0.09833569260966
        ],
        [
          0.12709742641877442,
          0.15345059064435718,
          0.23746768459345394
        ]
      ]
    ]
  },
  "network_stats": {
    "neurons": 400,
    "connections": 1207
  },
  "rollout_data": {
    "rewards": [
      -500.0,
      -142.0,
      -500.0,
      -500.0,
      -500.0,
      -500.0,
      -500.0,
      -500.0,
      -500.0,
      -175.0,
      -500.0,
      -500.0,
      -500.0,
      -500.0,
      -157.0,
      -500.0,
      -500.0,
      -500.0,
      -187.0,
      -500.0
    ],
    "lengths": [
      500,
      143,
      500,
      500,
      500,
      500,
      500,
      500,
      500,
      176,
      500,
      500,
      500,
      500,
      158,
      500,
      500,
      500,
      188,
      500
    ],
    "eval_seeds": [
      5001369,
      5001370,
      5001371,
      5001372,
      5001373,
      5001374,
      5001375,
      5001376,
      5001377,
      5001378,
      5001379,
      5001380,
      5001381,
      5001382,
      5001383,
      5001384,
      5001385,
      5001386,
      5001387,
      5001388
    ]
  }
}