{
  "network_id": 15115,
  "seed": 5015115,
  "valid": true,
  "baseline_reward": -465.65,
  "stratum": "weak",
  "genome": {
    "max_growth_steps": 200,
    "size_x": 20,
    "size_y": 20,
    "diffusion_rate": 0.09480088393651105,
    "num_morphogens": 3,
    "division_threshold": 0.5228008898539435,
    "cell_differentiation_threshold": 0.5723282975223181,
    "axon_growth_threshold": 0.419007429634862,
    "max_axon_length": 7,
    "axon_connect_threshold": 0.8521179056116396,
    "self_connect_isolated_neurons_fraction": 0.21445495068876838,
    "weight_adjustment_target": 0.36003162651507703,
    "weight_adjustment_rate": 0.013173575196782639,
    "progenitor_secretion_rates": [
      0.40682861850943924,
      0.29598537137512,
      0.2794997480273535
    ],
    "neuron_secretion_rates": [
      0.4574102868751113,
      0.41834253467449667,
      0.2781234743037375
    ],
    "inhibition_matrix": [
      [
        0.0,
        0.17873906007643997,
        0.0
      ],
      [
        0.3071030753982057,
        0.0,
        0.0
      ],
      [
        0.0,
        0.0,
        0.0
      ]
    ],
    "diffusion_patterns": [
      [
        [
          0.16576444411569854,
          0.14835643090766026,
          0.07568694046679134
        ],
        [
          0.17674865012087596,
          0.003048604065041636,
          0.07790233295908468
        ],
        [
          0.13995616975962658,
          0.0464438383955069,
          0.16609258920971398
        ]
      ],
      [
        [
          0.20873248239976708,
          0.07363562552539231,
          0.0013358757099584345
        ],
        [
          0.01636421222219941,
          0.1248410859012253,
          0.09862423335302446
        ],
        [
          0.15101620108456026,
          0.13240857571264622,
          0.19304170809122637
        ]
      ],
      [
        [
          0.1140414555893632,
          0.15525188046525157,
          0.12654998368387232
        ],
        [
          0.08980103413189736,
          0.08966366517625911,
          0.11492261248923062
        ],
        [
          0.023447614211083996,
          0.13071366757002653,
          0.15560808668301537
        ]
      ]
    ]
  },
  "network_stats": {
    "neurons": 400,
    "connections": 1013
  },
  "rollout_data": {
    "rewards": [
      -445.0,
      -418.0,
      -440.0,
      -500.0,
      -470.0,
      -478.0,
      -418.0,
      -458.0,
      -463.0,
      -500.0,
      -443.0,
      -500.0,
      -500.0,
      -417.0,
      -500.0,
      -500.0,
      -419.0,
      -487.0,
      -497.0,
      -460.0
    ],
    "lengths": [
      446,
      419,
      441,
      500,
      471,
      479,
      419,
      459,
      464,
      500,
      444,
      500,
      500,
      418,
      500,
      500,
      420,
      488,
      498,
      461
    ],
    "eval_seeds": [
      5015115,
      5015116,
      5015117,
      5015118,
      5015119,
      5015120,
      5015121,
      5015122,
      5015123,
      5015124,
      5015125,
      5015126,
      5015127,
      5015128,
      5015129,
      5015130,
      5015131,
      5015132,
      5015133,
      5015134
    ]
  }
}