{
  "network_id": 6887,
  "seed": 5006887,
  "valid": true,
  "baseline_reward": -160.75,
  "stratum": "near_perfect",
  "genome": {
    "max_growth_steps": 200,
    "size_x": 20,
    "size_y": 20,
    "diffusion_rate": 0.080705301637455,
    "num_morphogens": 3,
    "division_threshold": 0.42031358539810815,
    "cell_differentiation_threshold": 0.43581282377516667,
    "axon_growth_threshold": 0.2718749275195904,
    "max_axon_length": 7,
    "axon_connect_threshold": 0.7067217969997833,
    "self_connect_isolated_neurons_fraction": 0.21679651390517554,
    "weight_adjustment_target": 0.6149161945607672,
    "weight_adjustment_rate": 0.009721013817598424,
    "progenitor_secretion_rates": [
      0.17361880672628283,
      0.23904641218305245,
      0.1223562862627135
    ],
    "neuron_secretion_rates": [
      0.23081167056420793,
      0.40225556606937385,
      0.31633577557916004
    ],
    "inhibition_matrix": [
      [
        0.0,
        0.0,
        0.0
      ],
      [
        0.42339137159716106,
        0.0,
        0.03359961722003113
      ],
      [
        0.0,
        0.0,
        0.0
      ]
    ],
    "diffusion_patterns": [
      [
        [
          0.1919590886102122,
          0.04825749854069479,
          0.04186245502702897
        ],
        [
          0.15472817758808718,
          0.04072790780791921,
          0.04203863574972079
        ],
        [
          0.1109241422868323,
          0.18162570800397462,
          0.18787638638553
        ]
      ],
      [
        [
          0.10844489204801097,
          0.10451706317248365,
          0.2519687399391205
        ],
        [
          0.0940049683586697,
          0.010963075397852901,
          0.042119239331233
        ],
        [
          0.05978562158398867,
          0.17943618759274318,
          0.14876021257589747
        ]
      ],
      [
        [
          0.13123086660061004,
          0.07999213501160198,
          0.08087473333323911
        ],
        [
          0.08678003365629315,
          0.17100781292152856,
          0.04875818782867535
        ],
        [
          0.1289933359752612,
          0.09810754778619674,
          0.17425534688659397
        ]
      ]
    ]
  },
  "network_stats": {
    "neurons": 382,
    "connections": 1033
  },
  "rollout_data": {
    "rewards": [
      -144.0,
      -152.0,
      -158.0,
      -165.0,
      -155.0,
      -158.0,
      -223.0,
      -155.0,
      -196.0,
      -130.0,
      -155.0,
      -163.0,
      -168.0,
      -157.0,
      -166.0,
      -140.0,
      -183.0,
      -147.0,
      -138.0,
      -162.0
    ],
    "lengths": [
      145,
      153,
      159,
      166,
      156,
      159,
      224,
      156,
      197,
      131,
      156,
      164,
      169,
      158,
      167,
      141,
      184,
      148,
      139,
      163
    ],
    "eval_seeds": [
      5006887,
      5006888,
      5006889,
      5006890,
      5006891,
      5006892,
      5006893,
      5006894,
      5006895,
      5006896,
      5006897,
      5006898,
      5006899,
      5006900,
      5006901,
      5006902,
      5006903,
      5006904,
      5006905,
      5006906
    ]
  }
}