{
  "network_id": 3301,
  "seed": 5003301,
  "valid": true,
  "baseline_reward": -500.0,
  "stratum": "weak",
  "genome": {
    "max_growth_steps": 200,
    "size_x": 20,
    "size_y": 20,
    "diffusion_rate": 0.09234763149485521,
    "num_morphogens": 3,
    "division_threshold": 0.38175137847601853,
    "cell_differentiation_threshold": 0.5385289959270033,
    "axon_growth_threshold": 0.4526756617840634,
    "max_axon_length": 3,
    "axon_connect_threshold": 0.9043321426155689,
    "self_connect_isolated_neurons_fraction": 0.017031383616204963,
    "weight_adjustment_target": 0.552078899622799,
    "weight_adjustment_rate": 0.012383529790712295,
    "progenitor_secretion_rates": [
      0.3192487706433181,
      0.3443864610318388,
      0.3796601126622349
    ],
    "neuron_secretion_rates": [
      0.1330753326802755,
      0.4533086750919015,
      0.38747357941675037
    ],
    "inhibition_matrix": [
      [
        0.0,
        0.0,
        0.0
      ],
      [
        0.0,
        0.0,
        0.0
      ],
      [
        0.0,
        0.0,
        0.0
      ]
    ],
    "diffusion_patterns": [
      [
        [
          0.05071079284239959,
          0.1299125290828967,
          0.15287204217601197
        ],
        [
          0.0394530868056735,
          0.05311137295424035,
          0.3695960361779516
        ],
        [
          0.008784740388379264,
          0.08518332714557712,
          0.11037607242686992
        ]
      ],
      [
        [
          0.1575457985909269,
          0.13955121840956158,
          0.09710115262526425
        ],
        [
          0.05693547649652939,
          0.1340715749218481,
          0.13110388226198486
        ],
        [
          0.11665430728070117,
          0.12249566187169374,
          0.04454092754148998
        ]
      ],
      [
        [
          0.15715068198456314,
          0.15284313626744522,
          0.06876968451127013
        ],
        [
          0.09751033042564697,
          0.14507071445433814,
          0.13162901794763704
        ],
        [
          0.10993161443873199,
          0.10282535157230346,
          0.03426946839806381
        ]
      ]
    ]
  },
  "network_stats": {
    "neurons": 400,
    "connections": 1099
  },
  "rollout_data": {
    "rewards": [
      -500.0,
      -500.0,
      -500.0,
      -500.0,
      -500.0,
      -500.0,
      -500.0,
      -500.0,
      -500.0,
      -500.0,
      -500.0,
      -500.0,
      -500.0,
      -500.0,
      -500.0,
      -500.0,
      -500.0,
      -500.0,
      -500.0,
      -500.0
    ],
    "lengths": [
      500,
      500,
      500,
      500,
      500,
      500,
      500,
      500,
      500,
      500,
      500,
      500,
      500,
      500,
      500,
      500,
      500,
      500,
      500,
      500
    ],
    "eval_seeds": [
      5003301,
      5003302,
      5003303,
      5003304,
      5003305,
      5003306,
      5003307,
      5003308,
      5003309,
      5003310,
      5003311,
      5003312,
      5003313,
      5003314,
      5003315,
      5003316,
      5003317,
      5003318,
      5003319,
      5003320
    ]
  }
}