{
  "network_id": 17685,
  "seed": 5017685,
  "valid": true,
  "baseline_reward": -500.0,
  "stratum": "weak",
  "genome": {
    "max_growth_steps": 200,
    "size_x": 20,
    "size_y": 20,
    "diffusion_rate": 0.07818751818878576,
    "num_morphogens": 3,
    "division_threshold": 0.48325650138485127,
    "cell_differentiation_threshold": 0.34974173861054275,
    "axon_growth_threshold": 0.40911850971673513,
    "max_axon_length": 3,
    "axon_connect_threshold": 0.5335641247233163,
    "self_connect_isolated_neurons_fraction": 0.29545087298914874,
    "weight_adjustment_target": 0.6784851534681827,
    "weight_adjustment_rate": 0.013271581247321059,
    "progenitor_secretion_rates": [
      0.3118923368172051,
      0.06230192776671317,
      0.2184712319086649
    ],
    "neuron_secretion_rates": [
      0.43765309912203326,
      0.32567990045788264,
      0.2544291373729916
    ],
    "inhibition_matrix": [
      [
        0.0,
        0.0,
        0.0
      ],
      [
        0.0,
        0.0,
        0.0
      ],
      [
        0.1567730804079605,
        0.0,
        0.0
      ]
    ],
    "diffusion_patterns": [
      [
        [
          0.023908076156564016,
          0.12055076621552802,
          0.07810906404193117
        ],
        [
          0.10041220077303989,
          0.20125192753203774,
          0.11325301026221535
        ],
        [
          0.15967372534490087,
          0.17316161531145258,
          0.029679614362330426
        ]
      ],
      [
        [
          0.22276362403843647,
          0.19266034576463512,
          0.013851799527075144
        ],
        [
          0.060213004541316985,
          0.13522375721372024,
          0.03264584403911792
        ],
        [
          0.15293609180963894,
          0.037974985910859876,
          0.1517305471551993
        ]
      ],
      [
        [
          0.0005274843151493332,
          0.13971289926038513,
          0.1854010692178193
        ],
        [
          0.08849399062315216,
          0.09314220936514542,
          0.05248574691248084
        ],
        [
          0.15165999989676054,
          0.1850941172759639,
          0.10348248313314344
        ]
      ]
    ]
  },
  "network_stats": {
    "neurons": 400,
    "connections": 1076
  },
  "rollout_data": {
    "rewards": [
      -500.0,
      -500.0,
      -500.0,
      -500.0,
      -500.0,
      -500.0,
      -500.0,
      -500.0,
      -500.0,
      -500.0,
      -500.0,
      -500.0,
      -500.0,
      -500.0,
      -500.0,
      -500.0,
      -500.0,
      -500.0,
      -500.0,
      -500.0
    ],
    "lengths": [
      500,
      500,
      500,
      500,
      500,
      500,
      500,
      500,
      500,
      500,
      500,
      500,
      500,
      500,
      500,
      500,
      500,
      500,
      500,
      500
    ],
    "eval_seeds": [
      5017685,
      5017686,
      5017687,
      5017688,
      5017689,
      5017690,
      5017691,
      5017692,
      5017693,
      5017694,
      5017695,
      5017696,
      5017697,
      5017698,
      5017699,
      5017700,
      5017701,
      5017702,
      5017703,
      5017704
    ]
  }
}