{
  "network_id": 12661,
  "seed": 5012661,
  "valid": true,
  "baseline_reward": -151.5,
  "stratum": "near_perfect",
  "genome": {
    "max_growth_steps": 200,
    "size_x": 20,
    "size_y": 20,
    "diffusion_rate": 0.12928592925065782,
    "num_morphogens": 3,
    "division_threshold": 0.3733406996165407,
    "cell_differentiation_threshold": 0.5940642847876401,
    "axon_growth_threshold": 0.4769491172753911,
    "max_axon_length": 7,
    "axon_connect_threshold": 0.6499383168642584,
    "self_connect_isolated_neurons_fraction": 0.11057103527680846,
    "weight_adjustment_target": 0.6381090672549857,
    "weight_adjustment_rate": 0.009335162608649052,
    "progenitor_secretion_rates": [
      0.35570245098133235,
      0.3298789821518242,
      0.010528649520700428
    ],
    "neuron_secretion_rates": [
      0.06241613327858747,
      0.32626957047928606,
      0.2589585537748868
    ],
    "inhibition_matrix": [
      [
        0.0,
        0.19579176890769634,
        0.0
      ],
      [
        0.0,
        0.0,
        0.46231425224872424
      ],
      [
        0.0,
        0.028367865488643007,
        0.0
      ]
    ],
    "diffusion_patterns": [
      [
        [
          0.03126564288905016,
          0.023524802909944485,
          0.19224528811080893
        ],
        [
          0.12353920596548602,
          0.11988617845583069,
          0.18068797566379896
        ],
        [
          0.061011539487660076,
          0.19306421188949321,
          0.07477515462792755
        ]
      ],
      [
        [
          0.15045771641377656,
          0.12711655664260288,
          0.10956438907834752
        ],
        [
          0.0971739524842853,
          0.08213226546139729,
          0.0834799958631311
        ],
        [
          0.17908431830606605,
          0.031022447013289524,
          0.13996835873710378
        ]
      ],
      [
        [
          0.024077604731414487,
          0.0460062576023192,
          0.08276844039726458
        ],
        [
          0.16653908002091006,
          0.16276293052617544,
          0.21929991226777173
        ],
        [
          0.0566815281329488,
          0.01899260240840301,
          0.22287164391279263
        ]
      ]
    ]
  },
  "network_stats": {
    "neurons": 400,
    "connections": 1211
  },
  "rollout_data": {
    "rewards": [
      -140.0,
      -195.0,
      -151.0,
      -147.0,
      -141.0,
      -140.0,
      -137.0,
      -140.0,
      -176.0,
      -157.0,
      -145.0,
      -160.0,
      -157.0,
      -166.0,
      -142.0,
      -156.0,
      -136.0,
      -156.0,
      -140.0,
      -148.0
    ],
    "lengths": [
      141,
      196,
      152,
      148,
      142,
      141,
      138,
      141,
      177,
      158,
      146,
      161,
      158,
      167,
      143,
      157,
      137,
      157,
      141,
      149
    ],
    "eval_seeds": [
      5012661,
      5012662,
      5012663,
      5012664,
      5012665,
      5012666,
      5012667,
      5012668,
      5012669,
      5012670,
      5012671,
      5012672,
      5012673,
      5012674,
      5012675,
      5012676,
      5012677,
      5012678,
      5012679,
      5012680
    ]
  }
}