{
  "network_id": 11568,
  "seed": 5011568,
  "valid": true,
  "baseline_reward": -500.0,
  "stratum": "weak",
  "genome": {
    "max_growth_steps": 200,
    "size_x": 20,
    "size_y": 20,
    "diffusion_rate": 0.08587837313491826,
    "num_morphogens": 3,
    "division_threshold": 0.5726386627270703,
    "cell_differentiation_threshold": 0.4688318090683332,
    "axon_growth_threshold": 0.32861345112795126,
    "max_axon_length": 2,
    "axon_connect_threshold": 0.7649378752083296,
    "self_connect_isolated_neurons_fraction": 0.07168916079022876,
    "weight_adjustment_target": 0.5764571385064864,
    "weight_adjustment_rate": 0.01384594693882799,
    "progenitor_secretion_rates": [
      0.27204993479962736,
      0.06416534611779506,
      0.06847934917360154
    ],
    "neuron_secretion_rates": [
      0.4194625683940177,
      0.2529111685699278,
      0.11722730104740003
    ],
    "inhibition_matrix": [
      [
        0.0,
        0.21686249590273743,
        0.45639280652683967
      ],
      [
        0.0,
        0.0,
        0.0
      ],
      [
        0.282846588418134,
        0.0,
        0.0
      ]
    ],
    "diffusion_patterns": [
      [
        [
          0.19027310380339155,
          0.11092702188887983,
          0.09427133680149954
        ],
        [
          0.0013479973367269108,
          0.06474301004767187,
          0.15026580137804135
        ],
        [
          0.11754508789553245,
          0.10696382863194097,
          0.1636628122163156
        ]
      ],
      [
        [
          0.05835491596496457,
          0.010015594971666486,
          0.09511790072465726
        ],
        [
          0.1422144027057975,
          0.16473886096590637,
          0.06818857974881637
        ],
        [
          0.2316877004432727,
          0.0033757237272000785,
          0.22630632074771884
        ]
      ],
      [
        [
          0.22043482121411245,
          0.051355233820356526,
          0.12854796083054817
        ],
        [
          0.10471034923601905,
          0.09644100390335927,
          0.15444436764627575
        ],
        [
          0.029231437809052456,
          0.09713100084234717,
          0.11770382469792924
        ]
      ]
    ]
  },
  "network_stats": {
    "neurons": 400,
    "connections": 1076
  },
  "rollout_data": {
    "rewards": [
      -500.0,
      -500.0,
      -500.0,
      -500.0,
      -500.0,
      -500.0,
      -500.0,
      -500.0,
      -500.0,
      -500.0,
      -500.0,
      -500.0,
      -500.0,
      -500.0,
      -500.0,
      -500.0,
      -500.0,
      -500.0,
      -500.0,
      -500.0
    ],
    "lengths": [
      500,
      500,
      500,
      500,
      500,
      500,
      500,
      500,
      500,
      500,
      500,
      500,
      500,
      500,
      500,
      500,
      500,
      500,
      500,
      500
    ],
    "eval_seeds": [
      5011568,
      5011569,
      5011570,
      5011571,
      5011572,
      5011573,
      5011574,
      5011575,
      5011576,
      5011577,
      5011578,
      5011579,
      5011580,
      5011581,
      5011582,
      5011583,
      5011584,
      5011585,
      5011586,
      5011587
    ]
  }
}