{
  "network_id": 15235,
  "seed": 5015235,
  "valid": true,
  "baseline_reward": -500.0,
  "stratum": "weak",
  "genome": {
    "max_growth_steps": 200,
    "size_x": 20,
    "size_y": 20,
    "diffusion_rate": 0.09065044601253856,
    "num_morphogens": 3,
    "division_threshold": 0.5716303462395711,
    "cell_differentiation_threshold": 0.5628725763889384,
    "axon_growth_threshold": 0.2910410006564407,
    "max_axon_length": 10,
    "axon_connect_threshold": 0.7397342710424302,
    "self_connect_isolated_neurons_fraction": 0.2948814197760557,
    "weight_adjustment_target": 0.5614263498750094,
    "weight_adjustment_rate": 0.009496148816060342,
    "progenitor_secretion_rates": [
      0.40461598406995336,
      0.2173963297021218,
      0.36981866833400373
    ],
    "neuron_secretion_rates": [
      0.373235973707411,
      0.44889984639093145,
      0.4131446648830702
    ],
    "inhibition_matrix": [
      [
        0.0,
        0.1948003599551975,
        0.0
      ],
      [
        0.0,
        0.0,
        0.1753098503917685
      ],
      [
        0.0,
        0.0,
        0.0
      ]
    ],
    "diffusion_patterns": [
      [
        [
          0.1104997970879974,
          0.09914719954050603,
          0.0017861880477686798
        ],
        [
          0.16761418692787106,
          0.20525056719204038,
          0.14681095644117093
        ],
        [
          0.08776853245239796,
          0.12421040459276605,
          0.05691216771748133
        ]
      ],
      [
        [
          0.17015791872132172,
          0.11184553411671634,
          0.17976383134882107
        ],
        [
          0.03728445095407564,
          0.06280855415086525,
          0.11752484316147088
        ],
        [
          0.0853934097438819,
          0.04949504271646337,
          0.18572641508638377
        ]
      ],
      [
        [
          0.10475310610549081,
          0.24125344111265015,
          0.09455641321936244
        ],
        [
          0.07092534314846496,
          0.009669401674167936,
          0.02814542802663604
        ],
        [
          0.074031433596844,
          0.08701716578020191,
          0.28964826733618176
        ]
      ]
    ]
  },
  "network_stats": {
    "neurons": 400,
    "connections": 697
  },
  "rollout_data": {
    "rewards": [
      -500.0,
      -500.0,
      -500.0,
      -500.0,
      -500.0,
      -500.0,
      -500.0,
      -500.0,
      -500.0,
      -500.0,
      -500.0,
      -500.0,
      -500.0,
      -500.0,
      -500.0,
      -500.0,
      -500.0,
      -500.0,
      -500.0,
      -500.0
    ],
    "lengths": [
      500,
      500,
      500,
      500,
      500,
      500,
      500,
      500,
      500,
      500,
      500,
      500,
      500,
      500,
      500,
      500,
      500,
      500,
      500,
      500
    ],
    "eval_seeds": [
      5015235,
      5015236,
      5015237,
      5015238,
      5015239,
      5015240,
      5015241,
      5015242,
      5015243,
      5015244,
      5015245,
      5015246,
      5015247,
      5015248,
      5015249,
      5015250,
      5015251,
      5015252,
      5015253,
      5015254
    ]
  }
}