{
  "network_id": 13913,
  "seed": 5013913,
  "valid": true,
  "baseline_reward": -500.0,
  "stratum": "weak",
  "genome": {
    "max_growth_steps": 200,
    "size_x": 20,
    "size_y": 20,
    "diffusion_rate": 0.05653848684072197,
    "num_morphogens": 3,
    "division_threshold": 0.5519113628644129,
    "cell_differentiation_threshold": 0.629655038575803,
    "axon_growth_threshold": 0.3212615863671456,
    "max_axon_length": 2,
    "axon_connect_threshold": 0.9445922058858592,
    "self_connect_isolated_neurons_fraction": 0.23788010152901012,
    "weight_adjustment_target": 0.4057168167845613,
    "weight_adjustment_rate": 0.01389618012952635,
    "progenitor_secretion_rates": [
      0.41087110943414606,
      0.3321632754394877,
      0.38162530029689923
    ],
    "neuron_secretion_rates": [
      0.01648477816366206,
      0.39038118466255173,
      0.27855769772109673
    ],
    "inhibition_matrix": [
      [
        0.0,
        0.18700626635567524,
        0.0
      ],
      [
        0.0,
        0.0,
        0.1585737608815853
      ],
      [
        0.0,
        0.0,
        0.0
      ]
    ],
    "diffusion_patterns": [
      [
        [
          0.2559281379410771,
          0.09534825931699122,
          0.011112747753670799
        ],
        [
          0.06752955197280297,
          0.08572563565456696,
          0.045165469432590526
        ],
        [
          0.1436638749762127,
          0.2529847824188892,
          0.04254154053319836
        ]
      ],
      [
        [
          0.14150278711009415,
          0.11143297655172565,
          0.12489216492033467
        ],
        [
          0.09277387499282708,
          0.12490739491634337,
          0.07849545890131691
        ],
        [
          0.0395210728114013,
          0.15586353662258298,
          0.13061073317337388
        ]
      ],
      [
        [
          0.11183243509195072,
          0.146425630773689,
          0.13836349842912335
        ],
        [
          0.07414571134746949,
          0.00921122158629207,
          0.21750404406666188
        ],
        [
          0.23243357647911367,
          0.026801069561756423,
          0.0432828126639435
        ]
      ]
    ]
  },
  "network_stats": {
    "neurons": 400,
    "connections": 1064
  },
  "rollout_data": {
    "rewards": [
      -500.0,
      -500.0,
      -500.0,
      -500.0,
      -500.0,
      -500.0,
      -500.0,
      -500.0,
      -500.0,
      -500.0,
      -500.0,
      -500.0,
      -500.0,
      -500.0,
      -500.0,
      -500.0,
      -500.0,
      -500.0,
      -500.0,
      -500.0
    ],
    "lengths": [
      500,
      500,
      500,
      500,
      500,
      500,
      500,
      500,
      500,
      500,
      500,
      500,
      500,
      500,
      500,
      500,
      500,
      500,
      500,
      500
    ],
    "eval_seeds": [
      5013913,
      5013914,
      5013915,
      5013916,
      5013917,
      5013918,
      5013919,
      5013920,
      5013921,
      5013922,
      5013923,
      5013924,
      5013925,
      5013926,
      5013927,
      5013928,
      5013929,
      5013930,
      5013931,
      5013932
    ]
  }
}