{
  "network_id": 14689,
  "seed": 5014689,
  "valid": true,
  "baseline_reward": -500.0,
  "stratum": "weak",
  "genome": {
    "max_growth_steps": 200,
    "size_x": 20,
    "size_y": 20,
    "diffusion_rate": 0.1302793488960555,
    "num_morphogens": 3,
    "division_threshold": 0.31554188888038187,
    "cell_differentiation_threshold": 0.5615720447036004,
    "axon_growth_threshold": 0.23972500982013753,
    "max_axon_length": 5,
    "axon_connect_threshold": 0.8072506629156238,
    "self_connect_isolated_neurons_fraction": 0.1372207014681155,
    "weight_adjustment_target": 0.4262888074584396,
    "weight_adjustment_rate": 0.005586043078048649,
    "progenitor_secretion_rates": [
      0.2278793463268084,
      0.018173182181113245,
      0.12470508004401509
    ],
    "neuron_secretion_rates": [
      0.478457496035839,
      0.09041962988751479,
      0.3696514563374257
    ],
    "inhibition_matrix": [
      [
        0.0,
        0.2141050356523801,
        0.0
      ],
      [
        0.0,
        0.0,
        0.0
      ],
      [
        0.0,
        0.0,
        0.0
      ]
    ],
    "diffusion_patterns": [
      [
        [
          0.10864147223794034,
          0.08323743507632995,
          0.19570067628834373
        ],
        [
          0.20790986000969625,
          0.03976435170535347,
          0.021657687544174718
        ],
        [
          0.13641834442639417,
          0.18192775396563227,
          0.024742418746135003
        ]
      ],
      [
        [
          0.02416634249507978,
          0.10439293578978671,
          0.13130066765974163
        ],
        [
          0.03560750392983871,
          0.13790291531148524,
          0.1408345903170351
        ],
        [
          0.12606249606045222,
          0.13477558115071508,
          0.1649569672858655
        ]
      ],
      [
        [
          0.15321014453414628,
          0.16642689177860942,
          0.15904106398908374
        ],
        [
          0.1441046180658643,
          0.0021828355466591335,
          0.19191002083257244
        ],
        [
          0.059700568525363526,
          0.087735317899773,
          0.03568853882792823
        ]
      ]
    ]
  },
  "network_stats": {
    "neurons": 400,
    "connections": 478
  },
  "rollout_data": {
    "rewards": [
      -500.0,
      -500.0,
      -500.0,
      -500.0,
      -500.0,
      -500.0,
      -500.0,
      -500.0,
      -500.0,
      -500.0,
      -500.0,
      -500.0,
      -500.0,
      -500.0,
      -500.0,
      -500.0,
      -500.0,
      -500.0,
      -500.0,
      -500.0
    ],
    "lengths": [
      500,
      500,
      500,
      500,
      500,
      500,
      500,
      500,
      500,
      500,
      500,
      500,
      500,
      500,
      500,
      500,
      500,
      500,
      500,
      500
    ],
    "eval_seeds": [
      5014689,
      5014690,
      5014691,
      5014692,
      5014693,
      5014694,
      5014695,
      5014696,
      5014697,
      5014698,
      5014699,
      5014700,
      5014701,
      5014702,
      5014703,
      5014704,
      5014705,
      5014706,
      5014707,
      5014708
    ]
  }
}