{
  "network_id": 16670,
  "seed": 5016670,
  "valid": true,
  "baseline_reward": -500.0,
  "stratum": "weak",
  "genome": {
    "max_growth_steps": 200,
    "size_x": 20,
    "size_y": 20,
    "diffusion_rate": 0.1472244164907335,
    "num_morphogens": 3,
    "division_threshold": 0.591026392555555,
    "cell_differentiation_threshold": 0.3214322146431981,
    "axon_growth_threshold": 0.22854199556108085,
    "max_axon_length": 10,
    "axon_connect_threshold": 0.6468857435768889,
    "self_connect_isolated_neurons_fraction": 0.20532580714037194,
    "weight_adjustment_target": 0.5126489902271688,
    "weight_adjustment_rate": 0.005461642468404298,
    "progenitor_secretion_rates": [
      0.3269279789567508,
      0.1335035311104572,
      0.40922658783451715
    ],
    "neuron_secretion_rates": [
      0.11567891086132098,
      0.09072458992910809,
      0.05840857774707808
    ],
    "inhibition_matrix": [
      [
        0.0,
        0.0,
        0.0
      ],
      [
        0.0,
        0.0,
        0.0
      ],
      [
        0.0,
        0.4887551655597086,
        0.0
      ]
    ],
    "diffusion_patterns": [
      [
        [
          0.1487925109935703,
          0.12505060636966434,
          0.17958702056601922
        ],
        [
          0.01080805600588866,
          0.08723543503145133,
          0.09009161931944304
        ],
        [
          0.13695525578903464,
          0.04518276566766345,
          0.17629673025726506
        ]
      ],
      [
        [
          0.06318102822677454,
          0.1556570553344863,
          0.2217634415686606
        ],
        [
          0.003713567804132754,
          0.013288880193985915,
          0.03458994212324231
        ],
        [
          0.1749881058706606,
          0.1674348413313809,
          0.16538313754667605
        ]
      ],
      [
        [
          0.22866564635360914,
          0.04227360886541085,
          0.11573203207950822
        ],
        [
          0.05841762360871929,
          0.10140573734426439,
          0.11584433481475598
        ],
        [
          0.05796842024787756,
          0.2072740599450948,
          0.07241853674075979
        ]
      ]
    ]
  },
  "network_stats": {
    "neurons": 395,
    "connections": 334
  },
  "rollout_data": {
    "rewards": [
      -500.0,
      -500.0,
      -500.0,
      -500.0,
      -500.0,
      -500.0,
      -500.0,
      -500.0,
      -500.0,
      -500.0,
      -500.0,
      -500.0,
      -500.0,
      -500.0,
      -500.0,
      -500.0,
      -500.0,
      -500.0,
      -500.0,
      -500.0
    ],
    "lengths": [
      500,
      500,
      500,
      500,
      500,
      500,
      500,
      500,
      500,
      500,
      500,
      500,
      500,
      500,
      500,
      500,
      500,
      500,
      500,
      500
    ],
    "eval_seeds": [
      5016670,
      5016671,
      5016672,
      5016673,
      5016674,
      5016675,
      5016676,
      5016677,
      5016678,
      5016679,
      5016680,
      5016681,
      5016682,
      5016683,
      5016684,
      5016685,
      5016686,
      5016687,
      5016688,
      5016689
    ]
  }
}