{
  "network_id": 17025,
  "seed": 5017025,
  "valid": true,
  "baseline_reward": -500.0,
  "stratum": "weak",
  "genome": {
    "max_growth_steps": 200,
    "size_x": 20,
    "size_y": 20,
    "diffusion_rate": 0.06598481167932196,
    "num_morphogens": 3,
    "division_threshold": 0.51495438094773,
    "cell_differentiation_threshold": 0.6594649563640678,
    "axon_growth_threshold": 0.21710924212060376,
    "max_axon_length": 2,
    "axon_connect_threshold": 0.5301878909079244,
    "self_connect_isolated_neurons_fraction": 0.04171671848134386,
    "weight_adjustment_target": 0.4629209904141176,
    "weight_adjustment_rate": 0.01655175677481469,
    "progenitor_secretion_rates": [
      0.2613730414368968,
      0.11949674215116807,
      0.451409486532271
    ],
    "neuron_secretion_rates": [
      0.20233324547743453,
      0.19032586341029273,
      0.20269020975729002
    ],
    "inhibition_matrix": [
      [
        0.0,
        0.0,
        0.0
      ],
      [
        0.0,
        0.0,
        0.0
      ],
      [
        0.0,
        0.0,
        0.0
      ]
    ],
    "diffusion_patterns": [
      [
        [
          0.09121923043850841,
          0.09421519203839204,
          0.07854722203596677
        ],
        [
          0.15989789153993125,
          0.08454969962244968,
          0.15595479308784263
        ],
        [
          0.060825670491269614,
          0.12589562311233665,
          0.14889467763330289
        ]
      ],
      [
        [
          0.13125636004395394,
          0.14852984428166782,
          0.06294806928292285
        ],
        [
          0.037349819610345905,
          0.12851753367293745,
          0.04451367757217278
        ],
        [
          0.18540618852003288,
          0.19510534882873376,
          0.06637315818723263
        ]
      ],
      [
        [
          0.11022990483937885,
          0.07313623874480261,
          0.12920908005478257
        ],
        [
          0.12193657888806089,
          0.17415979489007807,
          0.13810178737258963
        ],
        [
          0.026304641923901927,
          0.1480661027768318,
          0.07885587050957352
        ]
      ]
    ]
  },
  "network_stats": {
    "neurons": 400,
    "connections": 576
  },
  "rollout_data": {
    "rewards": [
      -500.0,
      -500.0,
      -500.0,
      -500.0,
      -500.0,
      -500.0,
      -500.0,
      -500.0,
      -500.0,
      -500.0,
      -500.0,
      -500.0,
      -500.0,
      -500.0,
      -500.0,
      -500.0,
      -500.0,
      -500.0,
      -500.0,
      -500.0
    ],
    "lengths": [
      500,
      500,
      500,
      500,
      500,
      500,
      500,
      500,
      500,
      500,
      500,
      500,
      500,
      500,
      500,
      500,
      500,
      500,
      500,
      500
    ],
    "eval_seeds": [
      5017025,
      5017026,
      5017027,
      5017028,
      5017029,
      5017030,
      5017031,
      5017032,
      5017033,
      5017034,
      5017035,
      5017036,
      5017037,
      5017038,
      5017039,
      5017040,
      5017041,
      5017042,
      5017043,
      5017044
    ]
  }
}