{
  "network_id": 14264,
  "seed": 5014264,
  "valid": true,
  "baseline_reward": -500.0,
  "stratum": "weak",
  "genome": {
    "max_growth_steps": 200,
    "size_x": 20,
    "size_y": 20,
    "diffusion_rate": 0.15013297483457802,
    "num_morphogens": 3,
    "division_threshold": 0.4239451174296177,
    "cell_differentiation_threshold": 0.5283296482787121,
    "axon_growth_threshold": 0.496580175229993,
    "max_axon_length": 5,
    "axon_connect_threshold": 0.47965990467551667,
    "self_connect_isolated_neurons_fraction": 0.15885206068170735,
    "weight_adjustment_target": 0.3314259774012739,
    "weight_adjustment_rate": 0.014159170862877522,
    "progenitor_secretion_rates": [
      0.23888265067795017,
      0.19023986009492572,
      0.016043693343416376
    ],
    "neuron_secretion_rates": [
      0.22361474673034337,
      0.13254753695536248,
      0.38877164188769475
    ],
    "inhibition_matrix": [
      [
        0.0,
        0.0,
        0.0
      ],
      [
        0.05706675589825516,
        0.0,
        0.0
      ],
      [
        0.0,
        0.061810826239343364,
        0.0
      ]
    ],
    "diffusion_patterns": [
      [
        [
          0.21471580106442117,
          0.02430016821884393,
          0.03952922701243251
        ],
        [
          0.11446379111383188,
          0.186100428728948,
          0.07683922687451684
        ],
        [
          0.1454904381680975,
          0.13874822154635943,
          0.05981269727254862
        ]
      ],
      [
        [
          0.1755725819050893,
          0.18370324892075876,
          0.14169203584924558
        ],
        [
          0.050317790919546065,
          0.002307952869813115,
          0.040788922828738264
        ],
        [
          0.19062457664019167,
          0.09579590235361665,
          0.11919698771300066
        ]
      ],
      [
        [
          0.007944100314028492,
          0.19318562646061613,
          0.07451116915453367
        ],
        [
          0.08726852055118732,
          0.0722625881856842,
          0.023238877507677978
        ],
        [
          0.16052520773345083,
          0.16741698622530224,
          0.2136469238675192
        ]
      ]
    ]
  },
  "network_stats": {
    "neurons": 400,
    "connections": 1888
  },
  "rollout_data": {
    "rewards": [
      -500.0,
      -500.0,
      -500.0,
      -500.0,
      -500.0,
      -500.0,
      -500.0,
      -500.0,
      -500.0,
      -500.0,
      -500.0,
      -500.0,
      -500.0,
      -500.0,
      -500.0,
      -500.0,
      -500.0,
      -500.0,
      -500.0,
      -500.0
    ],
    "lengths": [
      500,
      500,
      500,
      500,
      500,
      500,
      500,
      500,
      500,
      500,
      500,
      500,
      500,
      500,
      500,
      500,
      500,
      500,
      500,
      500
    ],
    "eval_seeds": [
      5014264,
      5014265,
      5014266,
      5014267,
      5014268,
      5014269,
      5014270,
      5014271,
      5014272,
      5014273,
      5014274,
      5014275,
      5014276,
      5014277,
      5014278,
      5014279,
      5014280,
      5014281,
      5014282,
      5014283
    ]
  }
}