{
  "network_id": 15077,
  "seed": 5015077,
  "valid": true,
  "baseline_reward": -500.0,
  "stratum": "weak",
  "genome": {
    "max_growth_steps": 200,
    "size_x": 20,
    "size_y": 20,
    "diffusion_rate": 0.14257677573834424,
    "num_morphogens": 3,
    "division_threshold": 0.3625999636329152,
    "cell_differentiation_threshold": 0.5146734469412992,
    "axon_growth_threshold": 0.45519502731461525,
    "max_axon_length": 5,
    "axon_connect_threshold": 0.4136223248113319,
    "self_connect_isolated_neurons_fraction": 0.17169109379397063,
    "weight_adjustment_target": 0.6149169512918183,
    "weight_adjustment_rate": 0.01788602784482502,
    "progenitor_secretion_rates": [
      0.37372081985699945,
      0.3232495094058613,
      0.17477813226773375
    ],
    "neuron_secretion_rates": [
      0.07403038419216623,
      0.2780802730209222,
      0.33638857873794337
    ],
    "inhibition_matrix": [
      [
        0.0,
        0.0,
        0.22042425515811176
      ],
      [
        0.4749015979586401,
        0.0,
        0.0
      ],
      [
        0.0,
        0.0,
        0.0
      ]
    ],
    "diffusion_patterns": [
      [
        [
          0.033967807312742807,
          0.0279032129586241,
          0.044609724689423175
        ],
        [
          0.17298917787190765,
          0.13137453792136267,
          0.08043769929188781
        ],
        [
          0.2585153224571034,
          0.24507393157762686,
          0.005128585919321427
        ]
      ],
      [
        [
          0.07426402837548843,
          0.07174990900673554,
          0.2045022701591305
        ],
        [
          0.08038947532734411,
          0.05372441047581839,
          0.21881364445693985
        ],
        [
          0.07545600417598072,
          0.1258072877614105,
          0.0952929702611519
        ]
      ],
      [
        [
          0.15134376800686308,
          0.11881774753918903,
          0.15930669215269447
        ],
        [
          0.11890960963241495,
          0.0647933135865405,
          0.13657858848203264
        ],
        [
          0.04077836240521286,
          0.058022680378512506,
          0.1514492378165399
        ]
      ]
    ]
  },
  "network_stats": {
    "neurons": 400,
    "connections": 688
  },
  "rollout_data": {
    "rewards": [
      -500.0,
      -500.0,
      -500.0,
      -500.0,
      -500.0,
      -500.0,
      -500.0,
      -500.0,
      -500.0,
      -500.0,
      -500.0,
      -500.0,
      -500.0,
      -500.0,
      -500.0,
      -500.0,
      -500.0,
      -500.0,
      -500.0,
      -500.0
    ],
    "lengths": [
      500,
      500,
      500,
      500,
      500,
      500,
      500,
      500,
      500,
      500,
      500,
      500,
      500,
      500,
      500,
      500,
      500,
      500,
      500,
      500
    ],
    "eval_seeds": [
      5015077,
      5015078,
      5015079,
      5015080,
      5015081,
      5015082,
      5015083,
      5015084,
      5015085,
      5015086,
      5015087,
      5015088,
      5015089,
      5015090,
      5015091,
      5015092,
      5015093,
      5015094,
      5015095,
      5015096
    ]
  }
}