{
  "network_id": 6724,
  "seed": 5006724,
  "valid": true,
  "baseline_reward": -500.0,
  "stratum": "weak",
  "genome": {
    "max_growth_steps": 200,
    "size_x": 20,
    "size_y": 20,
    "diffusion_rate": 0.12106481636648118,
    "num_morphogens": 3,
    "division_threshold": 0.569687364317343,
    "cell_differentiation_threshold": 0.31674979616860605,
    "axon_growth_threshold": 0.2542155668514925,
    "max_axon_length": 7,
    "axon_connect_threshold": 0.5954146633342449,
    "self_connect_isolated_neurons_fraction": 0.1635317404797397,
    "weight_adjustment_target": 0.3325831871974696,
    "weight_adjustment_rate": 0.018879702653463993,
    "progenitor_secretion_rates": [
      0.1461700832613108,
      0.25810570304060687,
      0.48739520242614237
    ],
    "neuron_secretion_rates": [
      0.2732651078812165,
      0.03530535498216747,
      0.04746721853688762
    ],
    "inhibition_matrix": [
      [
        0.0,
        0.10996155165208266,
        0.0
      ],
      [
        0.0,
        0.0,
        0.3864269018527995
      ],
      [
        0.2869613461990547,
        0.0,
        0.0
      ]
    ],
    "diffusion_patterns": [
      [
        [
          0.11598597211500163,
          0.016812131833229715,
          0.06223058637109288
        ],
        [
          0.045318702225473496,
          0.18548463032670895,
          0.17561632921265521
        ],
        [
          0.15109434059447466,
          0.14270552860518204,
          0.10475177871618134
        ]
      ],
      [
        [
          0.12597981491719235,
          0.16094439719803919,
          0.11036845334692644
        ],
        [
          0.15241001409498595,
          0.07630021736304306,
          0.18991158279640935
        ],
        [
          0.11885520449704468,
          0.04624294663389516,
          0.01898736915246382
        ]
      ],
      [
        [
          0.0843503682097416,
          0.08500271748082598,
          0.22121387370801246
        ],
        [
          0.22040753798526233,
          0.10324940607282403,
          0.06977895721017999
        ],
        [
          0.0537413466537131,
          0.12566040709629744,
          0.03659538558314308
        ]
      ]
    ]
  },
  "network_stats": {
    "neurons": 379,
    "connections": 1056
  },
  "rollout_data": {
    "rewards": [
      -500.0,
      -500.0,
      -500.0,
      -500.0,
      -500.0,
      -500.0,
      -500.0,
      -500.0,
      -500.0,
      -500.0,
      -500.0,
      -500.0,
      -500.0,
      -500.0,
      -500.0,
      -500.0,
      -500.0,
      -500.0,
      -500.0,
      -500.0
    ],
    "lengths": [
      500,
      500,
      500,
      500,
      500,
      500,
      500,
      500,
      500,
      500,
      500,
      500,
      500,
      500,
      500,
      500,
      500,
      500,
      500,
      500
    ],
    "eval_seeds": [
      5006724,
      5006725,
      5006726,
      5006727,
      5006728,
      5006729,
      5006730,
      5006731,
      5006732,
      5006733,
      5006734,
      5006735,
      5006736,
      5006737,
      5006738,
      5006739,
      5006740,
      5006741,
      5006742,
      5006743
    ]
  }
}