{
  "network_id": 18075,
  "seed": 5018075,
  "valid": true,
  "baseline_reward": -500.0,
  "stratum": "weak",
  "genome": {
    "max_growth_steps": 200,
    "size_x": 20,
    "size_y": 20,
    "diffusion_rate": 0.12444890525312498,
    "num_morphogens": 3,
    "division_threshold": 0.4531801740628405,
    "cell_differentiation_threshold": 0.4113651646294647,
    "axon_growth_threshold": 0.20359159499139307,
    "max_axon_length": 10,
    "axon_connect_threshold": 0.8793554739352274,
    "self_connect_isolated_neurons_fraction": 0.05195668924031933,
    "weight_adjustment_target": 0.4708517911148231,
    "weight_adjustment_rate": 0.011913224836950218,
    "progenitor_secretion_rates": [
      0.3272901640451186,
      0.0991016528785163,
      0.4703150147747233
    ],
    "neuron_secretion_rates": [
      0.3063045869021533,
      0.048592072890838334,
      0.40312504781916997
    ],
    "inhibition_matrix": [
      [
        0.0,
        0.0,
        0.28616752438720566
      ],
      [
        0.0,
        0.0,
        0.11614796313561698
      ],
      [
        0.0,
        0.0,
        0.0
      ]
    ],
    "diffusion_patterns": [
      [
        [
          0.18603054436489586,
          0.03420038579167989,
          0.17385687284019152
        ],
        [
          0.1744223815365425,
          0.1360925421920846,
          0.0607656441636072
        ],
        [
          0.013141347867165927,
          0.033701626145935706,
          0.18778865509789683
        ]
      ],
      [
        [
          0.037279614707031034,
          0.11559515169550279,
          0.17643265145336248
        ],
        [
          0.005036766730086082,
          0.25385252538969316,
          0.17513125937149704
        ],
        [
          0.0005640048253174487,
          0.06135985228820545,
          0.17474817353930436
        ]
      ],
      [
        [
          0.11442388830250222,
          0.10264036713779379,
          0.06654100164373769
        ],
        [
          0.11149703179628577,
          0.15464549225917412,
          0.06543621139155707
        ],
        [
          0.07679143499772069,
          0.15917209863465934,
          0.1488524738365693
        ]
      ]
    ]
  },
  "network_stats": {
    "neurons": 400,
    "connections": 553
  },
  "rollout_data": {
    "rewards": [
      -500.0,
      -500.0,
      -500.0,
      -500.0,
      -500.0,
      -500.0,
      -500.0,
      -500.0,
      -500.0,
      -500.0,
      -500.0,
      -500.0,
      -500.0,
      -500.0,
      -500.0,
      -500.0,
      -500.0,
      -500.0,
      -500.0,
      -500.0
    ],
    "lengths": [
      500,
      500,
      500,
      500,
      500,
      500,
      500,
      500,
      500,
      500,
      500,
      500,
      500,
      500,
      500,
      500,
      500,
      500,
      500,
      500
    ],
    "eval_seeds": [
      5018075,
      5018076,
      5018077,
      5018078,
      5018079,
      5018080,
      5018081,
      5018082,
      5018083,
      5018084,
      5018085,
      5018086,
      5018087,
      5018088,
      5018089,
      5018090,
      5018091,
      5018092,
      5018093,
      5018094
    ]
  }
}