{
  "network_id": 2128,
  "seed": 5002128,
  "valid": true,
  "baseline_reward": -500.0,
  "stratum": "weak",
  "genome": {
    "max_growth_steps": 200,
    "size_x": 20,
    "size_y": 20,
    "diffusion_rate": 0.17958125441226955,
    "num_morphogens": 3,
    "division_threshold": 0.474711294107873,
    "cell_differentiation_threshold": 0.3370174280643213,
    "axon_growth_threshold": 0.49203543112546044,
    "max_axon_length": 3,
    "axon_connect_threshold": 0.43567664305377574,
    "self_connect_isolated_neurons_fraction": 0.15829558609693903,
    "weight_adjustment_target": 0.5950024548544735,
    "weight_adjustment_rate": 0.00963198364950341,
    "progenitor_secretion_rates": [
      0.37986637270536416,
      0.08872181395593698,
      0.13580628829515806
    ],
    "neuron_secretion_rates": [
      0.16663694592906197,
      0.2948019406959491,
      0.15155439601013287
    ],
    "inhibition_matrix": [
      [
        0.0,
        0.0,
        0.0
      ],
      [
        0.20652829521647753,
        0.0,
        0.0
      ],
      [
        0.2579414039545373,
        0.0,
        0.0
      ]
    ],
    "diffusion_patterns": [
      [
        [
          0.1041804457941041,
          0.12393973012487525,
          0.1420656544007475
        ],
        [
          0.03966488240707958,
          0.13720530882042667,
          0.19302139111875247
        ],
        [
          0.017990356064682887,
          0.1041336149507687,
          0.13779861631856294
        ]
      ],
      [
        [
          0.1261192093450176,
          0.032501911884659396,
          0.058147483237346
        ],
        [
          0.17193147102414774,
          0.1314965736903504,
          0.15266765202381696
        ],
        [
          0.08212403729845803,
          0.05502249499656295,
          0.189989166499641
        ]
      ],
      [
        [
          0.14600637014634849,
          0.07609005143252233,
          0.14777004142753167
        ],
        [
          0.16080132684351325,
          0.08996436673411884,
          0.24093624876082373
        ],
        [
          0.028073537226029375,
          0.08059949718169633,
          0.02975856024741597
        ]
      ]
    ]
  },
  "network_stats": {
    "neurons": 400,
    "connections": 63
  },
  "rollout_data": {
    "rewards": [
      -500.0,
      -500.0,
      -500.0,
      -500.0,
      -500.0,
      -500.0,
      -500.0,
      -500.0,
      -500.0,
      -500.0,
      -500.0,
      -500.0,
      -500.0,
      -500.0,
      -500.0,
      -500.0,
      -500.0,
      -500.0,
      -500.0,
      -500.0
    ],
    "lengths": [
      500,
      500,
      500,
      500,
      500,
      500,
      500,
      500,
      500,
      500,
      500,
      500,
      500,
      500,
      500,
      500,
      500,
      500,
      500,
      500
    ],
    "eval_seeds": [
      5002128,
      5002129,
      5002130,
      5002131,
      5002132,
      5002133,
      5002134,
      5002135,
      5002136,
      5002137,
      5002138,
      5002139,
      5002140,
      5002141,
      5002142,
      5002143,
      5002144,
      5002145,
      5002146,
      5002147
    ]
  }
}