{
  "network_id": 2620,
  "seed": 5002620,
  "valid": true,
  "baseline_reward": -500.0,
  "stratum": "weak",
  "genome": {
    "max_growth_steps": 200,
    "size_x": 20,
    "size_y": 20,
    "diffusion_rate": 0.07535883973058681,
    "num_morphogens": 3,
    "division_threshold": 0.545037631776204,
    "cell_differentiation_threshold": 0.41558928990260474,
    "axon_growth_threshold": 0.34084479055084865,
    "max_axon_length": 6,
    "axon_connect_threshold": 0.9974520801277369,
    "self_connect_isolated_neurons_fraction": 0.09548724683620875,
    "weight_adjustment_target": 0.56045299418751,
    "weight_adjustment_rate": 0.010984168164562522,
    "progenitor_secretion_rates": [
      0.3081721040223123,
      0.35059942425642154,
      0.3729792223703999
    ],
    "neuron_secretion_rates": [
      0.452838827203877,
      0.15575398066527346,
      0.20238400156883107
    ],
    "inhibition_matrix": [
      [
        0.0,
        0.0,
        0.0
      ],
      [
        0.19614185224289737,
        0.0,
        0.0
      ],
      [
        0.0,
        0.0,
        0.0
      ]
    ],
    "diffusion_patterns": [
      [
        [
          0.13522665830456784,
          0.10648338939285357,
          0.049674350277898294
        ],
        [
          0.06277175696528944,
          0.12054423135919073,
          0.030687771560338837
        ],
        [
          0.14422523834924256,
          0.17793210485118605,
          0.17245449893943265
        ]
      ],
      [
        [
          0.16229153040985847,
          0.05667859988618384,
          0.103623337867927
        ],
        [
          0.11007070104319948,
          0.18106161277277608,
          0.1814423172897242
        ],
        [
          0.007392548283283461,
          0.11930212630278667,
          0.07813722614426077
        ]
      ],
      [
        [
          0.008920553719675307,
          0.10835617271588242,
          0.1376883847265397
        ],
        [
          0.14773769526644107,
          0.10625909323121376,
          0.14866865728256853
        ],
        [
          0.06988683821768485,
          0.14237472472804302,
          0.13010788011195132
        ]
      ]
    ]
  },
  "network_stats": {
    "neurons": 400,
    "connections": 1127
  },
  "rollout_data": {
    "rewards": [
      -500.0,
      -500.0,
      -500.0,
      -500.0,
      -500.0,
      -500.0,
      -500.0,
      -500.0,
      -500.0,
      -500.0,
      -500.0,
      -500.0,
      -500.0,
      -500.0,
      -500.0,
      -500.0,
      -500.0,
      -500.0,
      -500.0,
      -500.0
    ],
    "lengths": [
      500,
      500,
      500,
      500,
      500,
      500,
      500,
      500,
      500,
      500,
      500,
      500,
      500,
      500,
      500,
      500,
      500,
      500,
      500,
      500
    ],
    "eval_seeds": [
      5002620,
      5002621,
      5002622,
      5002623,
      5002624,
      5002625,
      5002626,
      5002627,
      5002628,
      5002629,
      5002630,
      5002631,
      5002632,
      5002633,
      5002634,
      5002635,
      5002636,
      5002637,
      5002638,
      5002639
    ]
  }
}