{
  "network_id": 1650,
  "seed": 5001650,
  "valid": true,
  "baseline_reward": -500.0,
  "stratum": "weak",
  "genome": {
    "max_growth_steps": 200,
    "size_x": 20,
    "size_y": 20,
    "diffusion_rate": 0.12031050338344691,
    "num_morphogens": 3,
    "division_threshold": 0.3553392711462314,
    "cell_differentiation_threshold": 0.6553188922708933,
    "axon_growth_threshold": 0.35697389204397445,
    "max_axon_length": 9,
    "axon_connect_threshold": 0.7958916819262861,
    "self_connect_isolated_neurons_fraction": 0.24572639160626372,
    "weight_adjustment_target": 0.5810147188767327,
    "weight_adjustment_rate": 0.01605658738631472,
    "progenitor_secretion_rates": [
      0.11408082438118877,
      0.15291058618989356,
      0.23284799469911577
    ],
    "neuron_secretion_rates": [
      0.4572128631030092,
      0.10260110459470662,
      0.18314040135250514
    ],
    "inhibition_matrix": [
      [
        0.0,
        0.0,
        0.0
      ],
      [
        0.06690564787078818,
        0.0,
        0.0
      ],
      [
        0.0,
        0.0,
        0.0
      ]
    ],
    "diffusion_patterns": [
      [
        [
          0.13903908244567215,
          0.07006465045735545,
          0.16943529490675702
        ],
        [
          0.10960374553972066,
          0.17417617506435212,
          0.03549570767557592
        ],
        [
          0.14630767047457366,
          0.14243517362478694,
          0.013442499811206102
        ]
      ],
      [
        [
          0.1558532082731469,
          0.07688990819752411,
          0.1316976303042344
        ],
        [
          0.1376392980325432,
          0.08260718317706986,
          0.1005264758799446
        ],
        [
          0.152844839900291,
          0.10222737814879486,
          0.05971407808645101
        ]
      ],
      [
        [
          0.15121494443773004,
          0.07059613725711461,
          0.151245804195396
        ],
        [
          0.1959729555098185,
          0.043037212590185024,
          0.1618743835142209
        ],
        [
          0.10553705878223377,
          0.10557643476791104,
          0.014945068945390093
        ]
      ]
    ]
  },
  "network_stats": {
    "neurons": 400,
    "connections": 922
  },
  "rollout_data": {
    "rewards": [
      -500.0,
      -500.0,
      -500.0,
      -500.0,
      -500.0,
      -500.0,
      -500.0,
      -500.0,
      -500.0,
      -500.0,
      -500.0,
      -500.0,
      -500.0,
      -500.0,
      -500.0,
      -500.0,
      -500.0,
      -500.0,
      -500.0,
      -500.0
    ],
    "lengths": [
      500,
      500,
      500,
      500,
      500,
      500,
      500,
      500,
      500,
      500,
      500,
      500,
      500,
      500,
      500,
      500,
      500,
      500,
      500,
      500
    ],
    "eval_seeds": [
      5001650,
      5001651,
      5001652,
      5001653,
      5001654,
      5001655,
      5001656,
      5001657,
      5001658,
      5001659,
      5001660,
      5001661,
      5001662,
      5001663,
      5001664,
      5001665,
      5001666,
      5001667,
      5001668,
      5001669
    ]
  }
}