{
  "network_id": 10335,
  "seed": 5010335,
  "valid": true,
  "baseline_reward": -500.0,
  "stratum": "weak",
  "genome": {
    "max_growth_steps": 200,
    "size_x": 20,
    "size_y": 20,
    "diffusion_rate": 0.17909802963528385,
    "num_morphogens": 3,
    "division_threshold": 0.41676638240381264,
    "cell_differentiation_threshold": 0.3917039323344959,
    "axon_growth_threshold": 0.4677967270783729,
    "max_axon_length": 10,
    "axon_connect_threshold": 0.776626096683322,
    "self_connect_isolated_neurons_fraction": 0.19529276352927735,
    "weight_adjustment_target": 0.6109477855782555,
    "weight_adjustment_rate": 0.01973923675046955,
    "progenitor_secretion_rates": [
      0.3283788948132345,
      0.27155762338051614,
      0.057605752506705576
    ],
    "neuron_secretion_rates": [
      0.05457239707909295,
      0.07482006365485883,
      0.2551405200863208
    ],
    "inhibition_matrix": [
      [
        0.0,
        0.0,
        0.0
      ],
      [
        0.15798162481955358,
        0.0,
        0.0
      ],
      [
        0.0,
        0.45156458805948696,
        0.0
      ]
    ],
    "diffusion_patterns": [
      [
        [
          0.11857690593407615,
          0.06966677129331647,
          0.14524160770979178
        ],
        [
          0.11998578939637011,
          0.09600428710242954,
          0.14542902289156326
        ],
        [
          0.07902368355453834,
          0.1324971232677518,
          0.09357480885016252
        ]
      ],
      [
        [
          0.15826497285942398,
          0.12311443151765439,
          0.17119337584881325
        ],
        [
          0.12323679212073547,
          0.03731751914188993,
          0.16981454754564387
        ],
        [
          0.021982668246589714,
          0.15114943704546124,
          0.043926255673788064
        ]
      ],
      [
        [
          0.14320671963200202,
          0.09949264405948,
          0.13740562054600858
        ],
        [
          0.08818244550691003,
          0.0961967773669464,
          0.11316996362827339
        ],
        [
          0.12232832200732534,
          0.062316074431788576,
          0.13770143282126565
        ]
      ]
    ]
  },
  "network_stats": {
    "neurons": 400,
    "connections": 1339
  },
  "rollout_data": {
    "rewards": [
      -500.0,
      -500.0,
      -500.0,
      -500.0,
      -500.0,
      -500.0,
      -500.0,
      -500.0,
      -500.0,
      -500.0,
      -500.0,
      -500.0,
      -500.0,
      -500.0,
      -500.0,
      -500.0,
      -500.0,
      -500.0,
      -500.0,
      -500.0
    ],
    "lengths": [
      500,
      500,
      500,
      500,
      500,
      500,
      500,
      500,
      500,
      500,
      500,
      500,
      500,
      500,
      500,
      500,
      500,
      500,
      500,
      500
    ],
    "eval_seeds": [
      5010335,
      5010336,
      5010337,
      5010338,
      5010339,
      5010340,
      5010341,
      5010342,
      5010343,
      5010344,
      5010345,
      5010346,
      5010347,
      5010348,
      5010349,
      5010350,
      5010351,
      5010352,
      5010353,
      5010354
    ]
  }
}