{
  "network_id": 5604,
  "seed": 5005604,
  "valid": true,
  "baseline_reward": -500.0,
  "stratum": "weak",
  "genome": {
    "max_growth_steps": 200,
    "size_x": 20,
    "size_y": 20,
    "diffusion_rate": 0.10587254534338178,
    "num_morphogens": 3,
    "division_threshold": 0.5605598810358476,
    "cell_differentiation_threshold": 0.46147209863657823,
    "axon_growth_threshold": 0.4183787504298393,
    "max_axon_length": 5,
    "axon_connect_threshold": 0.6081723984261951,
    "self_connect_isolated_neurons_fraction": 0.1559573410424586,
    "weight_adjustment_target": 0.5451944055248371,
    "weight_adjustment_rate": 0.009506695547792732,
    "progenitor_secretion_rates": [
      0.40758148840850444,
      0.41136605028222345,
      0.0759694731366965
    ],
    "neuron_secretion_rates": [
      0.2589231671645946,
      0.07015803071512039,
      0.4566003650404201
    ],
    "inhibition_matrix": [
      [
        0.0,
        0.0,
        0.0
      ],
      [
        0.152886327767443,
        0.0,
        0.0
      ],
      [
        0.0,
        0.4773792204394138,
        0.0
      ]
    ],
    "diffusion_patterns": [
      [
        [
          0.08676229655423791,
          0.14744266818041935,
          0.11137046390811262
        ],
        [
          0.15038365996977268,
          0.15829476987528432,
          0.02718747259748467
        ],
        [
          0.17304599770395515,
          0.0029450546544005085,
          0.14256761655633285
        ]
      ],
      [
        [
          0.17377180195931036,
          0.1613195219635956,
          0.1633621664894244
        ],
        [
          0.15629338015348138,
          0.05216528574289294,
          0.074882616368028
        ],
        [
          0.05940697071095513,
          0.010423964764895202,
          0.14837429184741693
        ]
      ],
      [
        [
          0.03345485768587232,
          0.06632262261180709,
          0.17160997338861406
        ],
        [
          0.003495620791215574,
          0.18370787446290085,
          0.04920615322304751
        ],
        [
          0.21159320292361833,
          0.14066854418083216,
          0.139941150732092
        ]
      ]
    ]
  },
  "network_stats": {
    "neurons": 400,
    "connections": 981
  },
  "rollout_data": {
    "rewards": [
      -500.0,
      -500.0,
      -500.0,
      -500.0,
      -500.0,
      -500.0,
      -500.0,
      -500.0,
      -500.0,
      -500.0,
      -500.0,
      -500.0,
      -500.0,
      -500.0,
      -500.0,
      -500.0,
      -500.0,
      -500.0,
      -500.0,
      -500.0
    ],
    "lengths": [
      500,
      500,
      500,
      500,
      500,
      500,
      500,
      500,
      500,
      500,
      500,
      500,
      500,
      500,
      500,
      500,
      500,
      500,
      500,
      500
    ],
    "eval_seeds": [
      5005604,
      5005605,
      5005606,
      5005607,
      5005608,
      5005609,
      5005610,
      5005611,
      5005612,
      5005613,
      5005614,
      5005615,
      5005616,
      5005617,
      5005618,
      5005619,
      5005620,
      5005621,
      5005622,
      5005623
    ]
  }
}