{
  "network_id": 8064,
  "seed": 5008064,
  "valid": true,
  "baseline_reward": -159.85,
  "stratum": "near_perfect",
  "genome": {
    "max_growth_steps": 200,
    "size_x": 20,
    "size_y": 20,
    "diffusion_rate": 0.16423607129650247,
    "num_morphogens": 3,
    "division_threshold": 0.3331695389715581,
    "cell_differentiation_threshold": 0.44782963572813567,
    "axon_growth_threshold": 0.41514873816821474,
    "max_axon_length": 3,
    "axon_connect_threshold": 0.9167988385673791,
    "self_connect_isolated_neurons_fraction": 0.07743086162982211,
    "weight_adjustment_target": 0.5577454844989332,
    "weight_adjustment_rate": 0.017327250914160926,
    "progenitor_secretion_rates": [
      0.43533374541409303,
      0.40130506740193217,
      0.09732257929708354
    ],
    "neuron_secretion_rates": [
      0.3845626733762342,
      0.3579644936715679,
      0.4149727870057081
    ],
    "inhibition_matrix": [
      [
        0.0,
        0.0,
        0.0
      ],
      [
        0.0,
        0.0,
        0.4647333737836097
      ],
      [
        0.0,
        0.07677838380737528,
        0.0
      ]
    ],
    "diffusion_patterns": [
      [
        [
          0.08843349730087441,
          0.008604212443647659,
          0.037817227695681084
        ],
        [
          0.30047835517607635,
          0.2128752218599975,
          0.013601819587716689
        ],
        [
          0.01864743486293694,
          0.20998626534485268,
          0.10955596572821659
        ]
      ],
      [
        [
          0.15471793098197456,
          0.12486366584218722,
          0.03298112420190703
        ],
        [
          0.07279378245998543,
          0.07178068007148666,
          0.23112121314661876
        ],
        [
          0.1718377946811249,
          0.10989105684511682,
          0.030012751769598663
        ]
      ],
      [
        [
          0.024421474502265266,
          0.04606660860449314,
          0.08573825414327564
        ],
        [
          0.13008022136235745,
          0.17435546611269578,
          0.10142250807226381
        ],
        [
          0.13082290335288665,
          0.14546706604059126,
          0.16162549780917093
        ]
      ]
    ]
  },
  "network_stats": {
    "neurons": 400,
    "connections": 1090
  },
  "rollout_data": {
    "rewards": [
      -153.0,
      -131.0,
      -138.0,
      -220.0,
      -281.0,
      -164.0,
      -154.0,
      -145.0,
      -135.0,
      -210.0,
      -145.0,
      -139.0,
      -137.0,
      -189.0,
      -130.0,
      -135.0,
      -150.0,
      -128.0,
      -166.0,
      -147.0
    ],
    "lengths": [
      154,
      132,
      139,
      221,
      282,
      165,
      155,
      146,
      136,
      211,
      146,
      140,
      138,
      190,
      131,
      136,
      151,
      129,
      167,
      148
    ],
    "eval_seeds": [
      5008064,
      5008065,
      5008066,
      5008067,
      5008068,
      5008069,
      5008070,
      5008071,
      5008072,
      5008073,
      5008074,
      5008075,
      5008076,
      5008077,
      5008078,
      5008079,
      5008080,
      5008081,
      5008082,
      5008083
    ]
  }
}