{
  "network_id": 16406,
  "seed": 5016406,
  "valid": true,
  "baseline_reward": -500.0,
  "stratum": "weak",
  "genome": {
    "max_growth_steps": 200,
    "size_x": 20,
    "size_y": 20,
    "diffusion_rate": 0.0938105292526273,
    "num_morphogens": 3,
    "division_threshold": 0.5723784975477636,
    "cell_differentiation_threshold": 0.5277668433709998,
    "axon_growth_threshold": 0.4599799823147261,
    "max_axon_length": 10,
    "axon_connect_threshold": 0.5644313413474055,
    "self_connect_isolated_neurons_fraction": 0.060465119687251344,
    "weight_adjustment_target": 0.5901135728252331,
    "weight_adjustment_rate": 0.013614907134639163,
    "progenitor_secretion_rates": [
      0.07381343813757618,
      0.013262852766154742,
      0.11166991239247259
    ],
    "neuron_secretion_rates": [
      0.031108634292478343,
      0.17944106987029623,
      0.4518847975719244
    ],
    "inhibition_matrix": [
      [
        0.0,
        0.068534172198781,
        0.0
      ],
      [
        0.0,
        0.0,
        0.0
      ],
      [
        0.0,
        0.2529740160970879,
        0.0
      ]
    ],
    "diffusion_patterns": [
      [
        [
          0.10919812460602872,
          0.11428225762230168,
          0.08884138982954005
        ],
        [
          0.09720417209109153,
          0.08079490130617338,
          0.14827010411342112
        ],
        [
          0.11630202193328325,
          0.10979274339677458,
          0.13531428510138563
        ]
      ],
      [
        [
          0.12434492719622683,
          0.07059266415580345,
          0.06610445869515143
        ],
        [
          0.04400458342395338,
          0.19790704609344884,
          0.0779210948759736
        ],
        [
          0.1336273458284027,
          0.17682018178184591,
          0.10867769794919382
        ]
      ],
      [
        [
          0.1279523019387345,
          0.12032643774052611,
          0.1664911666611018
        ],
        [
          0.16090728475968358,
          0.016190765798298,
          0.14327178051942957
        ],
        [
          0.022363225733970815,
          0.11993767078082412,
          0.12255936606743148
        ]
      ]
    ]
  },
  "network_stats": {
    "neurons": 400,
    "connections": 869
  },
  "rollout_data": {
    "rewards": [
      -500.0,
      -500.0,
      -500.0,
      -500.0,
      -500.0,
      -500.0,
      -500.0,
      -500.0,
      -500.0,
      -500.0,
      -500.0,
      -500.0,
      -500.0,
      -500.0,
      -500.0,
      -500.0,
      -500.0,
      -500.0,
      -500.0,
      -500.0
    ],
    "lengths": [
      500,
      500,
      500,
      500,
      500,
      500,
      500,
      500,
      500,
      500,
      500,
      500,
      500,
      500,
      500,
      500,
      500,
      500,
      500,
      500
    ],
    "eval_seeds": [
      5016406,
      5016407,
      5016408,
      5016409,
      5016410,
      5016411,
      5016412,
      5016413,
      5016414,
      5016415,
      5016416,
      5016417,
      5016418,
      5016419,
      5016420,
      5016421,
      5016422,
      5016423,
      5016424,
      5016425
    ]
  }
}