{
  "network_id": 794,
  "seed": 5000794,
  "valid": true,
  "baseline_reward": -500.0,
  "stratum": "weak",
  "genome": {
    "max_growth_steps": 200,
    "size_x": 20,
    "size_y": 20,
    "diffusion_rate": 0.18761181606466473,
    "num_morphogens": 3,
    "division_threshold": 0.4674104215592061,
    "cell_differentiation_threshold": 0.5303291463589069,
    "axon_growth_threshold": 0.2566110601068738,
    "max_axon_length": 6,
    "axon_connect_threshold": 0.5353707455504179,
    "self_connect_isolated_neurons_fraction": 0.2621439839388738,
    "weight_adjustment_target": 0.4333569963188647,
    "weight_adjustment_rate": 0.014271877350658987,
    "progenitor_secretion_rates": [
      0.4772593568418269,
      0.35234266512930434,
      0.2608548806820398
    ],
    "neuron_secretion_rates": [
      0.16132684403464947,
      0.29108923399493986,
      0.08280249824126329
    ],
    "inhibition_matrix": [
      [
        0.0,
        0.4354924699660497,
        0.0
      ],
      [
        0.0,
        0.0,
        0.3482765661625115
      ],
      [
        0.3948393069281367,
        0.0,
        0.0
      ]
    ],
    "diffusion_patterns": [
      [
        [
          0.08350925285833453,
          0.02654480282402578,
          0.004679287671243451
        ],
        [
          0.02579813543264107,
          0.271997775881509,
          0.03671085347159007
        ],
        [
          0.06454058714449618,
          0.26247483979154,
          0.22374446492461994
        ]
      ],
      [
        [
          0.12812343281988356,
          0.2335100475953716,
          0.058244852953964844
        ],
        [
          0.1675663099876687,
          0.08373045879544826,
          0.10598315421189937
        ],
        [
          0.0239186712895728,
          0.18561473439056428,
          0.01330833795562678
        ]
      ],
      [
        [
          0.1812109264268295,
          0.013542720995829944,
          0.06044642841476513
        ],
        [
          0.1465441297124245,
          0.04046094379620969,
          0.1258560183247377
        ],
        [
          0.16543770518884202,
          0.1499147128595247,
          0.11658641428083674
        ]
      ]
    ]
  },
  "network_stats": {
    "neurons": 400,
    "connections": 3133
  },
  "rollout_data": {
    "rewards": [
      -500.0,
      -500.0,
      -500.0,
      -500.0,
      -500.0,
      -500.0,
      -500.0,
      -500.0,
      -500.0,
      -500.0,
      -500.0,
      -500.0,
      -500.0,
      -500.0,
      -500.0,
      -500.0,
      -500.0,
      -500.0,
      -500.0,
      -500.0
    ],
    "lengths": [
      500,
      500,
      500,
      500,
      500,
      500,
      500,
      500,
      500,
      500,
      500,
      500,
      500,
      500,
      500,
      500,
      500,
      500,
      500,
      500
    ],
    "eval_seeds": [
      5000794,
      5000795,
      5000796,
      5000797,
      5000798,
      5000799,
      5000800,
      5000801,
      5000802,
      5000803,
      5000804,
      5000805,
      5000806,
      5000807,
      5000808,
      5000809,
      5000810,
      5000811,
      5000812,
      5000813
    ]
  }
}