{
  "network_id": 7663,
  "seed": 5007663,
  "valid": true,
  "baseline_reward": -500.0,
  "stratum": "weak",
  "genome": {
    "max_growth_steps": 200,
    "size_x": 20,
    "size_y": 20,
    "diffusion_rate": 0.062258091759876434,
    "num_morphogens": 3,
    "division_threshold": 0.4541960416046275,
    "cell_differentiation_threshold": 0.3076443419352389,
    "axon_growth_threshold": 0.22574998227937554,
    "max_axon_length": 6,
    "axon_connect_threshold": 0.8621785524355058,
    "self_connect_isolated_neurons_fraction": 0.29964495291880366,
    "weight_adjustment_target": 0.5012985232498357,
    "weight_adjustment_rate": 0.010436347543069118,
    "progenitor_secretion_rates": [
      0.434064751245128,
      0.2929655190674962,
      0.24615918574948387
    ],
    "neuron_secretion_rates": [
      0.4556173663168825,
      0.46766950746812946,
      0.21329585700579118
    ],
    "inhibition_matrix": [
      [
        0.0,
        0.0,
        0.0
      ],
      [
        0.0,
        0.0,
        0.0
      ],
      [
        0.0,
        0.0,
        0.0
      ]
    ],
    "diffusion_patterns": [
      [
        [
          0.01378275182461338,
          0.008035811799190109,
          0.09559233453157755
        ],
        [
          0.00018691109574198118,
          0.17548455696077273,
          0.1752350830105284
        ],
        [
          0.17464001901518056,
          0.23752193905180238,
          0.11952059271059295
        ]
      ],
      [
        [
          0.039791671686541595,
          0.15359159073026105,
          0.19101949699772208
        ],
        [
          0.10181015586778337,
          0.17523528204575262,
          0.015872857663997694
        ],
        [
          0.16683724200174943,
          0.08251426438812288,
          0.07332743861806933
        ]
      ],
      [
        [
          0.04070318633612936,
          0.1561286195244295,
          0.09258326125422475
        ],
        [
          0.15496076161819416,
          0.19782393258888487,
          0.18897133252708392
        ],
        [
          0.03149839483910765,
          0.1287952200795917,
          0.008535291232354168
        ]
      ]
    ]
  },
  "network_stats": {
    "neurons": 53,
    "connections": 118
  },
  "rollout_data": {
    "rewards": [
      -500.0,
      -500.0,
      -500.0,
      -500.0,
      -500.0,
      -500.0,
      -500.0,
      -500.0,
      -500.0,
      -500.0,
      -500.0,
      -500.0,
      -500.0,
      -500.0,
      -500.0,
      -500.0,
      -500.0,
      -500.0,
      -500.0,
      -500.0
    ],
    "lengths": [
      500,
      500,
      500,
      500,
      500,
      500,
      500,
      500,
      500,
      500,
      500,
      500,
      500,
      500,
      500,
      500,
      500,
      500,
      500,
      500
    ],
    "eval_seeds": [
      5007663,
      5007664,
      5007665,
      5007666,
      5007667,
      5007668,
      5007669,
      5007670,
      5007671,
      5007672,
      5007673,
      5007674,
      5007675,
      5007676,
      5007677,
      5007678,
      5007679,
      5007680,
      5007681,
      5007682
    ]
  }
}