{
  "network_id": 9098,
  "seed": 5009098,
  "valid": true,
  "baseline_reward": -500.0,
  "stratum": "weak",
  "genome": {
    "max_growth_steps": 200,
    "size_x": 20,
    "size_y": 20,
    "diffusion_rate": 0.11101742060956081,
    "num_morphogens": 3,
    "division_threshold": 0.5680458289516763,
    "cell_differentiation_threshold": 0.6483788663001605,
    "axon_growth_threshold": 0.4893597792981196,
    "max_axon_length": 7,
    "axon_connect_threshold": 0.7998394190784976,
    "self_connect_isolated_neurons_fraction": 0.218291322297823,
    "weight_adjustment_target": 0.3023072977081292,
    "weight_adjustment_rate": 0.008860783682354325,
    "progenitor_secretion_rates": [
      0.15059445758323892,
      0.11614969532688563,
      0.045898836864622594
    ],
    "neuron_secretion_rates": [
      0.3796915343271695,
      0.1763542106134069,
      0.021543144882210874
    ],
    "inhibition_matrix": [
      [
        0.0,
        0.0,
        0.14812199686138616
      ],
      [
        0.028332746101159323,
        0.0,
        0.0
      ],
      [
        0.0,
        0.0,
        0.0
      ]
    ],
    "diffusion_patterns": [
      [
        [
          0.19535257592374722,
          0.2108734173633687,
          0.004290259411336509
        ],
        [
          0.0336507311228743,
          0.22210840469414253,
          0.08449750141405638
        ],
        [
          0.19352245692516204,
          0.04475519187833837,
          0.01094946126697382
        ]
      ],
      [
        [
          0.10473486052605005,
          0.1063143136797589,
          0.11096132378841049
        ],
        [
          0.11150862858707263,
          0.13578488970723626,
          0.06759762048310604
        ],
        [
          0.15662291347924945,
          0.10589286246103786,
          0.10058258728807834
        ]
      ],
      [
        [
          0.012594975227933817,
          0.08035582859650128,
          0.09139887594860042
        ],
        [
          0.08842348613070974,
          0.10065763880868762,
          0.10906079890427928
        ],
        [
          0.16842720014801002,
          0.17655795794500542,
          0.1725232382902724
        ]
      ]
    ]
  },
  "network_stats": {
    "neurons": 400,
    "connections": 2173
  },
  "rollout_data": {
    "rewards": [
      -500.0,
      -500.0,
      -500.0,
      -500.0,
      -500.0,
      -500.0,
      -500.0,
      -500.0,
      -500.0,
      -500.0,
      -500.0,
      -500.0,
      -500.0,
      -500.0,
      -500.0,
      -500.0,
      -500.0,
      -500.0,
      -500.0,
      -500.0
    ],
    "lengths": [
      500,
      500,
      500,
      500,
      500,
      500,
      500,
      500,
      500,
      500,
      500,
      500,
      500,
      500,
      500,
      500,
      500,
      500,
      500,
      500
    ],
    "eval_seeds": [
      5009098,
      5009099,
      5009100,
      5009101,
      5009102,
      5009103,
      5009104,
      5009105,
      5009106,
      5009107,
      5009108,
      5009109,
      5009110,
      5009111,
      5009112,
      5009113,
      5009114,
      5009115,
      5009116,
      5009117
    ]
  }
}