{
  "network_id": 16663,
  "seed": 5016663,
  "valid": true,
  "baseline_reward": -500.0,
  "stratum": "weak",
  "genome": {
    "max_growth_steps": 200,
    "size_x": 20,
    "size_y": 20,
    "diffusion_rate": 0.1842900776385182,
    "num_morphogens": 3,
    "division_threshold": 0.6265297629867828,
    "cell_differentiation_threshold": 0.47561827993420164,
    "axon_growth_threshold": 0.38491170436399247,
    "max_axon_length": 5,
    "axon_connect_threshold": 0.6531012369408311,
    "self_connect_isolated_neurons_fraction": 0.02532211994327963,
    "weight_adjustment_target": 0.5220074560426738,
    "weight_adjustment_rate": 0.006309238058052671,
    "progenitor_secretion_rates": [
      0.4220690503424344,
      0.3816622905522215,
      0.2338346770060259
    ],
    "neuron_secretion_rates": [
      0.07599400064852052,
      0.24771704904080483,
      0.4581822691773101
    ],
    "inhibition_matrix": [
      [
        0.0,
        0.0,
        0.0
      ],
      [
        0.22837262560748134,
        0.0,
        1.563830050688164e-05
      ],
      [
        0.03512758250519876,
        0.0,
        0.0
      ]
    ],
    "diffusion_patterns": [
      [
        [
          0.0273114791319407,
          0.16121016671434352,
          0.08658791033306333
        ],
        [
          0.202584985650205,
          0.10893632977916842,
          0.15926663854645096
        ],
        [
          0.1633661872015736,
          0.019934604381135375,
          0.07080169826211892
        ]
      ],
      [
        [
          0.09297681537326846,
          0.15232806701498605,
          0.03566461148224887
        ],
        [
          0.11752895696329027,
          0.006782248951488733,
          0.11646904627925729
        ],
        [
          0.18835301750567415,
          0.09240112162787911,
          0.19749611480190718
        ]
      ],
      [
        [
          0.1390396551345357,
          0.06987099291510043,
          0.03595431271522427
        ],
        [
          0.07260561674553141,
          0.11696400675434526,
          0.14216367210094172
        ],
        [
          0.09033818879880103,
          0.17440321395377287,
          0.15866034088174724
        ]
      ]
    ]
  },
  "network_stats": {
    "neurons": 400,
    "connections": 1567
  },
  "rollout_data": {
    "rewards": [
      -500.0,
      -500.0,
      -500.0,
      -500.0,
      -500.0,
      -500.0,
      -500.0,
      -500.0,
      -500.0,
      -500.0,
      -500.0,
      -500.0,
      -500.0,
      -500.0,
      -500.0,
      -500.0,
      -500.0,
      -500.0,
      -500.0,
      -500.0
    ],
    "lengths": [
      500,
      500,
      500,
      500,
      500,
      500,
      500,
      500,
      500,
      500,
      500,
      500,
      500,
      500,
      500,
      500,
      500,
      500,
      500,
      500
    ],
    "eval_seeds": [
      5016663,
      5016664,
      5016665,
      5016666,
      5016667,
      5016668,
      5016669,
      5016670,
      5016671,
      5016672,
      5016673,
      5016674,
      5016675,
      5016676,
      5016677,
      5016678,
      5016679,
      5016680,
      5016681,
      5016682
    ]
  }
}