{
  "network_id": 18757,
  "seed": 5018757,
  "valid": true,
  "baseline_reward": -482.7,
  "stratum": "weak",
  "genome": {
    "max_growth_steps": 200,
    "size_x": 20,
    "size_y": 20,
    "diffusion_rate": 0.10443698111733786,
    "num_morphogens": 3,
    "division_threshold": 0.4190670309865127,
    "cell_differentiation_threshold": 0.6084509629480218,
    "axon_growth_threshold": 0.4049030083903281,
    "max_axon_length": 6,
    "axon_connect_threshold": 0.7128900316325887,
    "self_connect_isolated_neurons_fraction": 0.24654601804222026,
    "weight_adjustment_target": 0.3846713079128406,
    "weight_adjustment_rate": 0.012761967123971665,
    "progenitor_secretion_rates": [
      0.21855655090190723,
      0.24947116155460713,
      0.3364779922377972
    ],
    "neuron_secretion_rates": [
      0.426666172285296,
      0.16458461699297722,
      0.04175927581283828
    ],
    "inhibition_matrix": [
      [
        0.0,
        0.0,
        0.0
      ],
      [
        0.0,
        0.0,
        0.0
      ],
      [
        0.0,
        0.0,
        0.0
      ]
    ],
    "diffusion_patterns": [
      [
        [
          0.07826748410753712,
          0.03385505768481489,
          0.05096878293949827
        ],
        [
          0.15367152025647254,
          0.20334368856315402,
          0.24073163991587573
        ],
        [
          0.09455961478822784,
          0.10025313833779748,
          0.044349073406622044
        ]
      ],
      [
        [
          0.038276000368149765,
          0.17350864523265538,
          0.19723543436124907
        ],
        [
          0.20411504609552683,
          0.00041004022132827013,
          0.028473067157463942
        ],
        [
          0.1452541451829397,
          0.10505907144445475,
          0.10766854993623219
        ]
      ],
      [
        [
          0.19303529401317157,
          0.17579354804007138,
          0.07142481803480433
        ],
        [
          0.09207361092580953,
          0.10753285040225982,
          0.12623202642193607
        ],
        [
          0.02402196307934413,
          0.19777938207408385,
          0.012106507008519308
        ]
      ]
    ]
  },
  "network_stats": {
    "neurons": 400,
    "connections": 990
  },
  "rollout_data": {
    "rewards": [
      -494.0,
      -454.0,
      -499.0,
      -495.0,
      -500.0,
      -464.0,
      -499.0,
      -490.0,
      -464.0,
      -500.0,
      -498.0,
      -500.0,
      -500.0,
      -500.0,
      -500.0,
      -500.0,
      -462.0,
      -500.0,
      -419.0,
      -416.0
    ],
    "lengths": [
      495,
      455,
      500,
      496,
      500,
      465,
      500,
      491,
      465,
      500,
      499,
      500,
      500,
      500,
      500,
      500,
      463,
      500,
      420,
      417
    ],
    "eval_seeds": [
      5018757,
      5018758,
      5018759,
      5018760,
      5018761,
      5018762,
      5018763,
      5018764,
      5018765,
      5018766,
      5018767,
      5018768,
      5018769,
      5018770,
      5018771,
      5018772,
      5018773,
      5018774,
      5018775,
      5018776
    ]
  }
}