{
  "network_id": 1785,
  "seed": 5001785,
  "valid": true,
  "baseline_reward": -500.0,
  "stratum": "weak",
  "genome": {
    "max_growth_steps": 200,
    "size_x": 20,
    "size_y": 20,
    "diffusion_rate": 0.08089439769801428,
    "num_morphogens": 3,
    "division_threshold": 0.4659425535022456,
    "cell_differentiation_threshold": 0.49688390834591184,
    "axon_growth_threshold": 0.20871921053341702,
    "max_axon_length": 3,
    "axon_connect_threshold": 0.6125146573951178,
    "self_connect_isolated_neurons_fraction": 0.0352366911883563,
    "weight_adjustment_target": 0.6008726065861003,
    "weight_adjustment_rate": 0.019802489938141193,
    "progenitor_secretion_rates": [
      0.10979041250809685,
      0.04014562798500532,
      0.0806190090350693
    ],
    "neuron_secretion_rates": [
      0.23000632294258228,
      0.27205427923566455,
      0.1053815000156414
    ],
    "inhibition_matrix": [
      [
        0.0,
        0.009809885863938161,
        0.0
      ],
      [
        0.0,
        0.0,
        0.0
      ],
      [
        0.0,
        0.0,
        0.0
      ]
    ],
    "diffusion_patterns": [
      [
        [
          0.09907547780358722,
          0.17104823478827674,
          0.16302092379541333
        ],
        [
          0.021801763667972443,
          0.17231841707056844,
          0.16298230196922628
        ],
        [
          0.1357759848078798,
          0.005487715418034835,
          0.06848918067904099
        ]
      ],
      [
        [
          0.19584721203784702,
          0.1020426926539304,
          0.07530021173675167
        ],
        [
          0.1737935932227592,
          0.19297402577549033,
          0.08355423553314154
        ],
        [
          0.04368774975039741,
          0.08471702668785518,
          0.04808325260182718
        ]
      ],
      [
        [
          0.024973734164103815,
          0.21673267074810063,
          0.130544097605451
        ],
        [
          0.09958498422545124,
          0.15631966767480243,
          0.12158563739857346
        ],
        [
          0.07853767823969408,
          0.0651949077039832,
          0.10652662223984015
        ]
      ]
    ]
  },
  "network_stats": {
    "neurons": 400,
    "connections": 1056
  },
  "rollout_data": {
    "rewards": [
      -500.0,
      -500.0,
      -500.0,
      -500.0,
      -500.0,
      -500.0,
      -500.0,
      -500.0,
      -500.0,
      -500.0,
      -500.0,
      -500.0,
      -500.0,
      -500.0,
      -500.0,
      -500.0,
      -500.0,
      -500.0,
      -500.0,
      -500.0
    ],
    "lengths": [
      500,
      500,
      500,
      500,
      500,
      500,
      500,
      500,
      500,
      500,
      500,
      500,
      500,
      500,
      500,
      500,
      500,
      500,
      500,
      500
    ],
    "eval_seeds": [
      5001785,
      5001786,
      5001787,
      5001788,
      5001789,
      5001790,
      5001791,
      5001792,
      5001793,
      5001794,
      5001795,
      5001796,
      5001797,
      5001798,
      5001799,
      5001800,
      5001801,
      5001802,
      5001803,
      5001804
    ]
  }
}