{
  "network_id": 19048,
  "seed": 5019048,
  "valid": true,
  "baseline_reward": -500.0,
  "stratum": "weak",
  "genome": {
    "max_growth_steps": 200,
    "size_x": 20,
    "size_y": 20,
    "diffusion_rate": 0.06042114488660138,
    "num_morphogens": 3,
    "division_threshold": 0.32045977006873905,
    "cell_differentiation_threshold": 0.4716851506368196,
    "axon_growth_threshold": 0.4997782844150873,
    "max_axon_length": 8,
    "axon_connect_threshold": 0.5860373260141712,
    "self_connect_isolated_neurons_fraction": 0.2353767388398491,
    "weight_adjustment_target": 0.3470012765253315,
    "weight_adjustment_rate": 0.007380196460140351,
    "progenitor_secretion_rates": [
      0.21132158519480904,
      0.05390801826859515,
      0.005858028838385487
    ],
    "neuron_secretion_rates": [
      0.12144343045127709,
      0.2960381140662785,
      0.20833917401265922
    ],
    "inhibition_matrix": [
      [
        0.0,
        0.0,
        0.0
      ],
      [
        0.038837339574724294,
        0.0,
        0.0
      ],
      [
        0.0,
        0.0,
        0.0
      ]
    ],
    "diffusion_patterns": [
      [
        [
          0.03574001450446157,
          0.13818819777658553,
          0.1332662900009581
        ],
        [
          0.14107705324323414,
          0.20065471807555443,
          0.19746849674550965
        ],
        [
          0.060897742896237936,
          0.03473991616243214,
          0.05796757059502642
        ]
      ],
      [
        [
          0.09792656792451833,
          0.1250423358352031,
          0.16342684682377434
        ],
        [
          0.16984016030594815,
          0.11880667241476427,
          0.06211254627560394
        ],
        [
          0.1536383877647642,
          0.09933169700025075,
          0.009874785655172932
        ]
      ],
      [
        [
          0.23857158145020094,
          0.054054024675900626,
          0.059644234421625385
        ],
        [
          0.26036665411263016,
          0.09047272013258517,
          0.1322678466615995
        ],
        [
          0.08983502850163225,
          0.07331695786550232,
          0.0014709521783237817
        ]
      ]
    ]
  },
  "network_stats": {
    "neurons": 400,
    "connections": 1072
  },
  "rollout_data": {
    "rewards": [
      -500.0,
      -500.0,
      -500.0,
      -500.0,
      -500.0,
      -500.0,
      -500.0,
      -500.0,
      -500.0,
      -500.0,
      -500.0,
      -500.0,
      -500.0,
      -500.0,
      -500.0,
      -500.0,
      -500.0,
      -500.0,
      -500.0,
      -500.0
    ],
    "lengths": [
      500,
      500,
      500,
      500,
      500,
      500,
      500,
      500,
      500,
      500,
      500,
      500,
      500,
      500,
      500,
      500,
      500,
      500,
      500,
      500
    ],
    "eval_seeds": [
      5019048,
      5019049,
      5019050,
      5019051,
      5019052,
      5019053,
      5019054,
      5019055,
      5019056,
      5019057,
      5019058,
      5019059,
      5019060,
      5019061,
      5019062,
      5019063,
      5019064,
      5019065,
      5019066,
      5019067
    ]
  }
}