{
  "network_id": 1108,
  "seed": 5001108,
  "valid": true,
  "baseline_reward": -500.0,
  "stratum": "weak",
  "genome": {
    "max_growth_steps": 200,
    "size_x": 20,
    "size_y": 20,
    "diffusion_rate": 0.1196952857704134,
    "num_morphogens": 3,
    "division_threshold": 0.6699628886496982,
    "cell_differentiation_threshold": 0.45122298498222424,
    "axon_growth_threshold": 0.4574690411917741,
    "max_axon_length": 5,
    "axon_connect_threshold": 0.786157641027797,
    "self_connect_isolated_neurons_fraction": 0.012170959736224318,
    "weight_adjustment_target": 0.3257384834763873,
    "weight_adjustment_rate": 0.01287588311908216,
    "progenitor_secretion_rates": [
      0.374885398375681,
      0.015977576680210215,
      0.22095500639169163
    ],
    "neuron_secretion_rates": [
      0.44703374148821945,
      0.16065870723148767,
      0.2426676770743404
    ],
    "inhibition_matrix": [
      [
        0.0,
        0.0,
        0.0
      ],
      [
        0.0,
        0.0,
        0.0
      ],
      [
        0.0,
        0.0,
        0.0
      ]
    ],
    "diffusion_patterns": [
      [
        [
          0.14597460263025983,
          0.024434134900854804,
          0.12755202356272408
        ],
        [
          0.16405517410817747,
          0.17118968501319484,
          0.18854943899505056
        ],
        [
          0.07950110398919276,
          0.05357922315967989,
          0.045164613640865915
        ]
      ],
      [
        [
          0.09349836851258617,
          0.08893328986238982,
          0.12163115318574581
        ],
        [
          0.0676674604215056,
          0.02881264917320643,
          0.19352170034289184
        ],
        [
          0.06572875543345351,
          0.15253457621854402,
          0.18767204684967673
        ]
      ],
      [
        [
          0.25077211710058167,
          0.15909029424729174,
          0.10690117551085278
        ],
        [
          0.012286507855770592,
          0.08504220273737535,
          0.0032964270267175104
        ],
        [
          0.055185397035597446,
          0.13867168148499176,
          0.1887541970008211
        ]
      ]
    ]
  },
  "network_stats": {
    "neurons": 400,
    "connections": 501
  },
  "rollout_data": {
    "rewards": [
      -500.0,
      -500.0,
      -500.0,
      -500.0,
      -500.0,
      -500.0,
      -500.0,
      -500.0,
      -500.0,
      -500.0,
      -500.0,
      -500.0,
      -500.0,
      -500.0,
      -500.0,
      -500.0,
      -500.0,
      -500.0,
      -500.0,
      -500.0
    ],
    "lengths": [
      500,
      500,
      500,
      500,
      500,
      500,
      500,
      500,
      500,
      500,
      500,
      500,
      500,
      500,
      500,
      500,
      500,
      500,
      500,
      500
    ],
    "eval_seeds": [
      5001108,
      5001109,
      5001110,
      5001111,
      5001112,
      5001113,
      5001114,
      5001115,
      5001116,
      5001117,
      5001118,
      5001119,
      5001120,
      5001121,
      5001122,
      5001123,
      5001124,
      5001125,
      5001126,
      5001127
    ]
  }
}