{
  "network_id": 6767,
  "seed": 5006767,
  "valid": true,
  "baseline_reward": -500.0,
  "stratum": "weak",
  "genome": {
    "max_growth_steps": 200,
    "size_x": 20,
    "size_y": 20,
    "diffusion_rate": 0.0837530668944788,
    "num_morphogens": 3,
    "division_threshold": 0.33506137776483097,
    "cell_differentiation_threshold": 0.5594262151936307,
    "axon_growth_threshold": 0.31708549862933366,
    "max_axon_length": 5,
    "axon_connect_threshold": 0.5090050606655462,
    "self_connect_isolated_neurons_fraction": 0.02803195103339069,
    "weight_adjustment_target": 0.6599490740619787,
    "weight_adjustment_rate": 0.010998295162608723,
    "progenitor_secretion_rates": [
      0.40266660001330706,
      0.331165566318397,
      0.4578824467663223
    ],
    "neuron_secretion_rates": [
      0.30034657488651384,
      0.04431036912834935,
      0.18506294071493878
    ],
    "inhibition_matrix": [
      [
        0.0,
        0.0,
        0.19437149599654718
      ],
      [
        0.0,
        0.0,
        0.0
      ],
      [
        0.0,
        0.09216843772309663,
        0.0
      ]
    ],
    "diffusion_patterns": [
      [
        [
          0.04427201673147053,
          0.16273071029781236,
          0.08143468027807724
        ],
        [
          0.2234468695252697,
          0.2577098457867617,
          0.004672654359746979
        ],
        [
          0.0765483210615272,
          0.023917196694446367,
          0.12526770526488798
        ]
      ],
      [
        [
          0.18071141189480028,
          0.06323883979372323,
          0.041797879391107046
        ],
        [
          0.1254277695737675,
          0.1309538073637558,
          0.07091602148713819
        ],
        [
          0.17491871300986073,
          0.09573794545982756,
          0.1162976120260196
        ]
      ],
      [
        [
          0.14410463711566093,
          0.11604569190826394,
          0.12667451559607304
        ],
        [
          0.14389026629811,
          0.13914574930746337,
          0.04446644139784091
        ],
        [
          0.07858504948455625,
          0.10984370938058148,
          0.09724393951145013
        ]
      ]
    ]
  },
  "network_stats": {
    "neurons": 400,
    "connections": 1814
  },
  "rollout_data": {
    "rewards": [
      -500.0,
      -500.0,
      -500.0,
      -500.0,
      -500.0,
      -500.0,
      -500.0,
      -500.0,
      -500.0,
      -500.0,
      -500.0,
      -500.0,
      -500.0,
      -500.0,
      -500.0,
      -500.0,
      -500.0,
      -500.0,
      -500.0,
      -500.0
    ],
    "lengths": [
      500,
      500,
      500,
      500,
      500,
      500,
      500,
      500,
      500,
      500,
      500,
      500,
      500,
      500,
      500,
      500,
      500,
      500,
      500,
      500
    ],
    "eval_seeds": [
      5006767,
      5006768,
      5006769,
      5006770,
      5006771,
      5006772,
      5006773,
      5006774,
      5006775,
      5006776,
      5006777,
      5006778,
      5006779,
      5006780,
      5006781,
      5006782,
      5006783,
      5006784,
      5006785,
      5006786
    ]
  }
}