{
  "network_id": 9435,
  "seed": 5009435,
  "valid": true,
  "baseline_reward": -500.0,
  "stratum": "weak",
  "genome": {
    "max_growth_steps": 200,
    "size_x": 20,
    "size_y": 20,
    "diffusion_rate": 0.050118771389769584,
    "num_morphogens": 3,
    "division_threshold": 0.6216971251058593,
    "cell_differentiation_threshold": 0.3230651324622214,
    "axon_growth_threshold": 0.21683629569686616,
    "max_axon_length": 6,
    "axon_connect_threshold": 0.5640075278941473,
    "self_connect_isolated_neurons_fraction": 0.29224886768788183,
    "weight_adjustment_target": 0.38952729214095116,
    "weight_adjustment_rate": 0.012792702114678466,
    "progenitor_secretion_rates": [
      0.41855616714741106,
      0.17906785757924953,
      0.30663165062826514
    ],
    "neuron_secretion_rates": [
      0.38145952177112585,
      0.08271478175382674,
      0.2690752733369439
    ],
    "inhibition_matrix": [
      [
        0.0,
        0.0,
        0.4342868042497908
      ],
      [
        0.29469651605739416,
        0.0,
        0.0
      ],
      [
        0.38268239103475954,
        0.0,
        0.0
      ]
    ],
    "diffusion_patterns": [
      [
        [
          0.08280157790387306,
          0.05180592621163336,
          0.03328600828120242
        ],
        [
          0.06132854660375378,
          0.11371804071778971,
          0.22224328257532405
        ],
        [
          0.2643508116641285,
          0.12528559815539592,
          0.04518020788689931
        ]
      ],
      [
        [
          0.06443493930250281,
          0.03777543727707877,
          0.1886063647690948
        ],
        [
          0.04941947646021118,
          0.12843415530695693,
          0.15685337050290987
        ],
        [
          0.12224652986694311,
          0.11804734038037304,
          0.13418238613392944
        ]
      ],
      [
        [
          0.17512124139822888,
          0.1695953174192635,
          0.056783168572044795
        ],
        [
          0.007352076945583346,
          0.06641553746752156,
          0.07804124550084326
        ],
        [
          0.18117590935571867,
          0.10229406302507911,
          0.1632214403157169
        ]
      ]
    ]
  },
  "network_stats": {
    "neurons": 55,
    "connections": 99
  },
  "rollout_data": {
    "rewards": [
      -500.0,
      -500.0,
      -500.0,
      -500.0,
      -500.0,
      -500.0,
      -500.0,
      -500.0,
      -500.0,
      -500.0,
      -500.0,
      -500.0,
      -500.0,
      -500.0,
      -500.0,
      -500.0,
      -500.0,
      -500.0,
      -500.0,
      -500.0
    ],
    "lengths": [
      500,
      500,
      500,
      500,
      500,
      500,
      500,
      500,
      500,
      500,
      500,
      500,
      500,
      500,
      500,
      500,
      500,
      500,
      500,
      500
    ],
    "eval_seeds": [
      5009435,
      5009436,
      5009437,
      5009438,
      5009439,
      5009440,
      5009441,
      5009442,
      5009443,
      5009444,
      5009445,
      5009446,
      5009447,
      5009448,
      5009449,
      5009450,
      5009451,
      5009452,
      5009453,
      5009454
    ]
  }
}