{
  "network_id": 5408,
  "seed": 5005408,
  "valid": true,
  "baseline_reward": -500.0,
  "stratum": "weak",
  "genome": {
    "max_growth_steps": 200,
    "size_x": 20,
    "size_y": 20,
    "diffusion_rate": 0.07189322038068521,
    "num_morphogens": 3,
    "division_threshold": 0.6889684231142923,
    "cell_differentiation_threshold": 0.3607242230176983,
    "axon_growth_threshold": 0.39787454378931086,
    "max_axon_length": 6,
    "axon_connect_threshold": 0.471929299471909,
    "self_connect_isolated_neurons_fraction": 0.1802136023206402,
    "weight_adjustment_target": 0.3037109813818072,
    "weight_adjustment_rate": 0.01099024956328787,
    "progenitor_secretion_rates": [
      0.4811400283969419,
      0.293814236525433,
      0.3269228765634019
    ],
    "neuron_secretion_rates": [
      0.2855464974780541,
      0.0853764315960367,
      0.0007159087202014969
    ],
    "inhibition_matrix": [
      [
        0.0,
        0.03276026390170245,
        0.0
      ],
      [
        0.4317361992020876,
        0.0,
        0.0
      ],
      [
        0.23574075048832704,
        0.0,
        0.0
      ]
    ],
    "diffusion_patterns": [
      [
        [
          0.1258447681112556,
          0.04199691337721968,
          0.026199219508374536
        ],
        [
          0.23647029569346856,
          0.013188080489731954,
          0.1705705477282695
        ],
        [
          0.05299526812480376,
          0.23716411155234315,
          0.09557079541453331
        ]
      ],
      [
        [
          0.16613133559894105,
          0.015252600480324485,
          0.10367774870523108
        ],
        [
          0.11374251007817632,
          0.12033680215587629,
          0.05744282405812942
        ],
        [
          0.13422754661820244,
          0.12335860379370533,
          0.1658300285114138
        ]
      ],
      [
        [
          0.17567775802380334,
          0.11889079274702621,
          0.025715018505066224
        ],
        [
          0.0865931003111285,
          0.05543967911062496,
          0.1090362336791832
        ],
        [
          0.0431918757722904,
          0.1783472195415216,
          0.2071083223093555
        ]
      ]
    ]
  },
  "network_stats": {
    "neurons": 400,
    "connections": 1092
  },
  "rollout_data": {
    "rewards": [
      -500.0,
      -500.0,
      -500.0,
      -500.0,
      -500.0,
      -500.0,
      -500.0,
      -500.0,
      -500.0,
      -500.0,
      -500.0,
      -500.0,
      -500.0,
      -500.0,
      -500.0,
      -500.0,
      -500.0,
      -500.0,
      -500.0,
      -500.0
    ],
    "lengths": [
      500,
      500,
      500,
      500,
      500,
      500,
      500,
      500,
      500,
      500,
      500,
      500,
      500,
      500,
      500,
      500,
      500,
      500,
      500,
      500
    ],
    "eval_seeds": [
      5005408,
      5005409,
      5005410,
      5005411,
      5005412,
      5005413,
      5005414,
      5005415,
      5005416,
      5005417,
      5005418,
      5005419,
      5005420,
      5005421,
      5005422,
      5005423,
      5005424,
      5005425,
      5005426,
      5005427
    ]
  }
}