{
  "network_id": 16792,
  "seed": 5016792,
  "valid": true,
  "baseline_reward": -210.75,
  "stratum": "high_mid",
  "genome": {
    "max_growth_steps": 200,
    "size_x": 20,
    "size_y": 20,
    "diffusion_rate": 0.16814340818861054,
    "num_morphogens": 3,
    "division_threshold": 0.5781570660389891,
    "cell_differentiation_threshold": 0.429895782367645,
    "axon_growth_threshold": 0.3976010320965289,
    "max_axon_length": 6,
    "axon_connect_threshold": 0.5403282805709437,
    "self_connect_isolated_neurons_fraction": 0.006777199522122523,
    "weight_adjustment_target": 0.6511446828412633,
    "weight_adjustment_rate": 0.005836022381393078,
    "progenitor_secretion_rates": [
      0.442359175304321,
      0.4058418990836722,
      0.23350646128233865
    ],
    "neuron_secretion_rates": [
      0.1130656284381279,
      0.026176446790021957,
      0.03385681543728192
    ],
    "inhibition_matrix": [
      [
        0.0,
        0.12804787332185003,
        0.0
      ],
      [
        0.3557867063634461,
        0.0,
        0.0
      ],
      [
        0.0,
        0.23217990403959593,
        0.0
      ]
    ],
    "diffusion_patterns": [
      [
        [
          0.07020811166202928,
          0.1506627038000897,
          0.04659934120018632
        ],
        [
          0.05710940675714953,
          0.16567875971790422,
          0.09368943205866094
        ],
        [
          0.1811232882292242,
          0.14116770867900139,
          0.09376124789575431
        ]
      ],
      [
        [
          0.1080501105360318,
          0.20024157951188823,
          0.0702690434855034
        ],
        [
          0.12303837171116505,
          0.1780023309545339,
          0.13911588461111046
        ],
        [
          0.12872993760663226,
          0.019519423175050076,
          0.033033318408084975
        ]
      ],
      [
        [
          0.1535431679674299,
          0.07430297346845309,
          0.18774787641023138
        ],
        [
          0.10020420083573293,
          0.1430755156339611,
          0.14589585230370664
        ],
        [
          0.002257186737431713,
          0.14981301516041046,
          0.043160211482642964
        ]
      ]
    ]
  },
  "network_stats": {
    "neurons": 400,
    "connections": 1656
  },
  "rollout_data": {
    "rewards": [
      -198.0,
      -197.0,
      -190.0,
      -226.0,
      -205.0,
      -207.0,
      -222.0,
      -197.0,
      -206.0,
      -199.0,
      -205.0,
      -218.0,
      -214.0,
      -194.0,
      -234.0,
      -211.0,
      -240.0,
      -209.0,
      -228.0,
      -215.0
    ],
    "lengths": [
      199,
      198,
      191,
      227,
      206,
      208,
      223,
      198,
      207,
      200,
      206,
      219,
      215,
      195,
      235,
      212,
      241,
      210,
      229,
      216
    ],
    "eval_seeds": [
      5016792,
      5016793,
      5016794,
      5016795,
      5016796,
      5016797,
      5016798,
      5016799,
      5016800,
      5016801,
      5016802,
      5016803,
      5016804,
      5016805,
      5016806,
      5016807,
      5016808,
      5016809,
      5016810,
      5016811
    ]
  }
}