{
  "network_id": 4695,
  "seed": 5004695,
  "valid": true,
  "baseline_reward": -500.0,
  "stratum": "weak",
  "genome": {
    "max_growth_steps": 200,
    "size_x": 20,
    "size_y": 20,
    "diffusion_rate": 0.13682438508092334,
    "num_morphogens": 3,
    "division_threshold": 0.4200623261848209,
    "cell_differentiation_threshold": 0.5315597277025353,
    "axon_growth_threshold": 0.4343250270172744,
    "max_axon_length": 9,
    "axon_connect_threshold": 0.6906901516713648,
    "self_connect_isolated_neurons_fraction": 0.12127619709042498,
    "weight_adjustment_target": 0.5942507290273646,
    "weight_adjustment_rate": 0.005442677578947292,
    "progenitor_secretion_rates": [
      0.25356726543391034,
      0.23572938039819408,
      0.0775489929847959
    ],
    "neuron_secretion_rates": [
      0.17431238817180833,
      0.13569511560352787,
      0.4382503445796468
    ],
    "inhibition_matrix": [
      [
        0.0,
        0.09153690477125742,
        0.0
      ],
      [
        0.025366710581393836,
        0.0,
        0.0
      ],
      [
        0.0,
        0.0,
        0.0
      ]
    ],
    "diffusion_patterns": [
      [
        [
          0.1113425819292932,
          0.029355898361456634,
          0.06242765461142583
        ],
        [
          0.16814321276508842,
          0.11997029402312927,
          0.10419223467670781
        ],
        [
          0.16234475595683226,
          0.1541997461358334,
          0.08802362154023323
        ]
      ],
      [
        [
          0.1303061646573905,
          0.05127889215883742,
          0.17448086292027665
        ],
        [
          0.0072464360000258484,
          0.01802983509790005,
          0.15859268289507839
        ],
        [
          0.22616344402611274,
          0.10675695092398597,
          0.12714473132039253
        ]
      ],
      [
        [
          0.17546632604507648,
          0.18119602609774435,
          0.0755854630552552
        ],
        [
          0.1010494752534852,
          0.05157245436262194,
          0.16572684782412897
        ],
        [
          0.01495782020532723,
          0.12186433493951207,
          0.11258125221684857
        ]
      ]
    ]
  },
  "network_stats": {
    "neurons": 400,
    "connections": 1032
  },
  "rollout_data": {
    "rewards": [
      -500.0,
      -500.0,
      -500.0,
      -500.0,
      -500.0,
      -500.0,
      -500.0,
      -500.0,
      -500.0,
      -500.0,
      -500.0,
      -500.0,
      -500.0,
      -500.0,
      -500.0,
      -500.0,
      -500.0,
      -500.0,
      -500.0,
      -500.0
    ],
    "lengths": [
      500,
      500,
      500,
      500,
      500,
      500,
      500,
      500,
      500,
      500,
      500,
      500,
      500,
      500,
      500,
      500,
      500,
      500,
      500,
      500
    ],
    "eval_seeds": [
      5004695,
      5004696,
      5004697,
      5004698,
      5004699,
      5004700,
      5004701,
      5004702,
      5004703,
      5004704,
      5004705,
      5004706,
      5004707,
      5004708,
      5004709,
      5004710,
      5004711,
      5004712,
      5004713,
      5004714
    ]
  }
}