{
  "network_id": 12532,
  "seed": 5012532,
  "valid": true,
  "baseline_reward": -500.0,
  "stratum": "weak",
  "genome": {
    "max_growth_steps": 200,
    "size_x": 20,
    "size_y": 20,
    "diffusion_rate": 0.12036879745095658,
    "num_morphogens": 3,
    "division_threshold": 0.3394799816812177,
    "cell_differentiation_threshold": 0.36670087473434465,
    "axon_growth_threshold": 0.41118144573626164,
    "max_axon_length": 4,
    "axon_connect_threshold": 0.7943503705138121,
    "self_connect_isolated_neurons_fraction": 0.10325553121089136,
    "weight_adjustment_target": 0.5138684626966264,
    "weight_adjustment_rate": 0.01205432861110845,
    "progenitor_secretion_rates": [
      0.41191795154277294,
      0.20290174687137474,
      0.4592957507075058
    ],
    "neuron_secretion_rates": [
      0.29737202989439554,
      0.263609710603178,
      0.41705506860595193
    ],
    "inhibition_matrix": [
      [
        0.0,
        0.0,
        0.23372161898562638
      ],
      [
        0.0,
        0.0,
        0.0
      ],
      [
        0.0,
        0.0,
        0.0
      ]
    ],
    "diffusion_patterns": [
      [
        [
          0.047206450226896436,
          0.19777979193719925,
          0.1432355556872112
        ],
        [
          0.021171585390251275,
          0.02753363344409616,
          0.0792248247613359
        ],
        [
          0.20400586542828894,
          0.18123490084932223,
          0.09860739227539866
        ]
      ],
      [
        [
          0.12727278944479822,
          0.05620844062554876,
          0.08135980667959303
        ],
        [
          0.04950714209859226,
          0.22000978024806114,
          0.15865107955142033
        ],
        [
          0.11698832946722451,
          0.17063344642058356,
          0.019369185464178
        ]
      ],
      [
        [
          0.0896815071210168,
          0.0729404667539107,
          0.13234184250843462
        ],
        [
          0.05482604074209303,
          0.07217172570105164,
          0.11972610709418652
        ],
        [
          0.24184857386897868,
          0.07692230154092074,
          0.13954143466940722
        ]
      ]
    ]
  },
  "network_stats": {
    "neurons": 400,
    "connections": 1027
  },
  "rollout_data": {
    "rewards": [
      -500.0,
      -500.0,
      -500.0,
      -500.0,
      -500.0,
      -500.0,
      -500.0,
      -500.0,
      -500.0,
      -500.0,
      -500.0,
      -500.0,
      -500.0,
      -500.0,
      -500.0,
      -500.0,
      -500.0,
      -500.0,
      -500.0,
      -500.0
    ],
    "lengths": [
      500,
      500,
      500,
      500,
      500,
      500,
      500,
      500,
      500,
      500,
      500,
      500,
      500,
      500,
      500,
      500,
      500,
      500,
      500,
      500
    ],
    "eval_seeds": [
      5012532,
      5012533,
      5012534,
      5012535,
      5012536,
      5012537,
      5012538,
      5012539,
      5012540,
      5012541,
      5012542,
      5012543,
      5012544,
      5012545,
      5012546,
      5012547,
      5012548,
      5012549,
      5012550,
      5012551
    ]
  }
}