{
  "network_id": 1602,
  "seed": 5001602,
  "valid": true,
  "baseline_reward": -474.0,
  "stratum": "weak",
  "genome": {
    "max_growth_steps": 200,
    "size_x": 20,
    "size_y": 20,
    "diffusion_rate": 0.10143812031470759,
    "num_morphogens": 3,
    "division_threshold": 0.3102928318995349,
    "cell_differentiation_threshold": 0.3440464730225796,
    "axon_growth_threshold": 0.4775174048892116,
    "max_axon_length": 5,
    "axon_connect_threshold": 0.4957121938524939,
    "self_connect_isolated_neurons_fraction": 0.05269386676087199,
    "weight_adjustment_target": 0.3318634941865242,
    "weight_adjustment_rate": 0.005295113151198365,
    "progenitor_secretion_rates": [
      0.3072500617146747,
      0.1318465566663743,
      0.054609407487388906
    ],
    "neuron_secretion_rates": [
      0.09052639610693808,
      0.39454421005730234,
      0.226943828958251
    ],
    "inhibition_matrix": [
      [
        0.0,
        0.1309069533013737,
        0.0
      ],
      [
        0.0,
        0.0,
        0.0719454090602547
      ],
      [
        0.0,
        0.3070899576327555,
        0.0
      ]
    ],
    "diffusion_patterns": [
      [
        [
          0.16882985829658465,
          0.09562482678091716,
          0.15410193735435718
        ],
        [
          0.06759044508601535,
          0.032476513697300306,
          0.0931932677362403
        ],
        [
          0.04011881601686009,
          0.17141505315341793,
          0.176649281878307
        ]
      ],
      [
        [
          0.021663602543549914,
          0.09237464433789482,
          0.18653846865757248
        ],
        [
          0.13433752436549623,
          0.16937937953137536,
          0.08869074654672682
        ],
        [
          0.15733604926895983,
          0.11871539687793782,
          0.03096418787048683
        ]
      ],
      [
        [
          0.09332381276964033,
          0.07388721785783389,
          0.20908514184762125
        ],
        [
          0.19323190027895082,
          0.08861663299239346,
          0.1614503881320863
        ],
        [
          0.10825491419113899,
          0.03095548128504472,
          0.04119451064529014
        ]
      ]
    ]
  },
  "network_stats": {
    "neurons": 400,
    "connections": 1102
  },
  "rollout_data": {
    "rewards": [
      -500.0,
      -500.0,
      -500.0,
      -500.0,
      -500.0,
      -494.0,
      -397.0,
      -500.0,
      -500.0,
      -348.0,
      -500.0,
      -500.0,
      -500.0,
      -401.0,
      -413.0,
      -500.0,
      -500.0,
      -500.0,
      -500.0,
      -427.0
    ],
    "lengths": [
      500,
      500,
      500,
      500,
      500,
      495,
      398,
      500,
      500,
      349,
      500,
      500,
      500,
      402,
      414,
      500,
      500,
      500,
      500,
      428
    ],
    "eval_seeds": [
      5001602,
      5001603,
      5001604,
      5001605,
      5001606,
      5001607,
      5001608,
      5001609,
      5001610,
      5001611,
      5001612,
      5001613,
      5001614,
      5001615,
      5001616,
      5001617,
      5001618,
      5001619,
      5001620,
      5001621
    ]
  }
}