{
  "network_id": 14356,
  "seed": 5014356,
  "valid": true,
  "baseline_reward": -500.0,
  "stratum": "weak",
  "genome": {
    "max_growth_steps": 200,
    "size_x": 20,
    "size_y": 20,
    "diffusion_rate": 0.0699635441901801,
    "num_morphogens": 3,
    "division_threshold": 0.48030494561249526,
    "cell_differentiation_threshold": 0.4058814661472833,
    "axon_growth_threshold": 0.34846897548165173,
    "max_axon_length": 4,
    "axon_connect_threshold": 0.6609748669793114,
    "self_connect_isolated_neurons_fraction": 0.24772768111092075,
    "weight_adjustment_target": 0.4240548742744019,
    "weight_adjustment_rate": 0.013441814398997937,
    "progenitor_secretion_rates": [
      0.24717539275467032,
      0.15618064390731046,
      0.4029864475314233
    ],
    "neuron_secretion_rates": [
      0.44821018414699937,
      0.10651911010346182,
      0.49336439640954166
    ],
    "inhibition_matrix": [
      [
        0.0,
        0.0,
        0.060809983031508585
      ],
      [
        0.0,
        0.0,
        0.0
      ],
      [
        0.0,
        0.015188371530355793,
        0.0
      ]
    ],
    "diffusion_patterns": [
      [
        [
          0.19591265380428446,
          0.13261173326029913,
          0.14580004508961364
        ],
        [
          0.09498367169039883,
          0.10086423282490097,
          0.10798891563483691
        ],
        [
          0.04077928937169715,
          0.12239608795043401,
          0.05866337037353494
        ]
      ],
      [
        [
          0.1753937888008214,
          0.07693464414415535,
          0.07866187999666541
        ],
        [
          0.1240267145514602,
          0.01872391123918042,
          0.20307135071774854
        ],
        [
          0.04011017755425981,
          0.08143965898972312,
          0.2016378740059858
        ]
      ],
      [
        [
          0.09741932305120088,
          0.09024253209228288,
          0.1872192689239875
        ],
        [
          0.19722900721293457,
          0.08882685666792382,
          0.037617899383330565
        ],
        [
          0.0676041622433238,
          0.08107558905698885,
          0.15276536136802707
        ]
      ]
    ]
  },
  "network_stats": {
    "neurons": 400,
    "connections": 1890
  },
  "rollout_data": {
    "rewards": [
      -500.0,
      -500.0,
      -500.0,
      -500.0,
      -500.0,
      -500.0,
      -500.0,
      -500.0,
      -500.0,
      -500.0,
      -500.0,
      -500.0,
      -500.0,
      -500.0,
      -500.0,
      -500.0,
      -500.0,
      -500.0,
      -500.0,
      -500.0
    ],
    "lengths": [
      500,
      500,
      500,
      500,
      500,
      500,
      500,
      500,
      500,
      500,
      500,
      500,
      500,
      500,
      500,
      500,
      500,
      500,
      500,
      500
    ],
    "eval_seeds": [
      5014356,
      5014357,
      5014358,
      5014359,
      5014360,
      5014361,
      5014362,
      5014363,
      5014364,
      5014365,
      5014366,
      5014367,
      5014368,
      5014369,
      5014370,
      5014371,
      5014372,
      5014373,
      5014374,
      5014375
    ]
  }
}