{
  "network_id": 9324,
  "seed": 5009324,
  "valid": true,
  "baseline_reward": -500.0,
  "stratum": "weak",
  "genome": {
    "max_growth_steps": 200,
    "size_x": 20,
    "size_y": 20,
    "diffusion_rate": 0.17135877730772642,
    "num_morphogens": 3,
    "division_threshold": 0.6410015101871693,
    "cell_differentiation_threshold": 0.6306214011929651,
    "axon_growth_threshold": 0.29260908431285837,
    "max_axon_length": 9,
    "axon_connect_threshold": 0.8873300539164591,
    "self_connect_isolated_neurons_fraction": 0.12027681842447967,
    "weight_adjustment_target": 0.4516760327493427,
    "weight_adjustment_rate": 0.017008783847284267,
    "progenitor_secretion_rates": [
      0.42203326150272347,
      0.36898952713016603,
      0.031669271081373074
    ],
    "neuron_secretion_rates": [
      0.4088989230743897,
      0.27702180672858906,
      0.12075287756499076
    ],
    "inhibition_matrix": [
      [
        0.0,
        0.0,
        0.118636163990548
      ],
      [
        0.12842673454858383,
        0.0,
        0.27366336624564747
      ],
      [
        0.0,
        0.0,
        0.0
      ]
    ],
    "diffusion_patterns": [
      [
        [
          0.1331457223635912,
          0.21411269105786046,
          0.04274946935262113
        ],
        [
          0.004600409928650847,
          0.18052259868837836,
          0.19729702258273668
        ],
        [
          0.1536873371110184,
          0.06299747894537192,
          0.010887269969771258
        ]
      ],
      [
        [
          0.054388090735338936,
          0.05918621078366506,
          0.05461360409913831
        ],
        [
          0.18644098694478062,
          0.13219587642827743,
          0.08944967258623311
        ],
        [
          0.26683296867207185,
          0.012546636565326928,
          0.14434595318516777
        ]
      ],
      [
        [
          0.0004472733305043652,
          0.2317241711085995,
          0.18972150155238476
        ],
        [
          0.09393222086718299,
          0.05089138891922631,
          0.07167173371967926
        ],
        [
          0.1574974774860915,
          0.10276874428639972,
          0.10134548872993152
        ]
      ]
    ]
  },
  "network_stats": {
    "neurons": 400,
    "connections": 1461
  },
  "rollout_data": {
    "rewards": [
      -500.0,
      -500.0,
      -500.0,
      -500.0,
      -500.0,
      -500.0,
      -500.0,
      -500.0,
      -500.0,
      -500.0,
      -500.0,
      -500.0,
      -500.0,
      -500.0,
      -500.0,
      -500.0,
      -500.0,
      -500.0,
      -500.0,
      -500.0
    ],
    "lengths": [
      500,
      500,
      500,
      500,
      500,
      500,
      500,
      500,
      500,
      500,
      500,
      500,
      500,
      500,
      500,
      500,
      500,
      500,
      500,
      500
    ],
    "eval_seeds": [
      5009324,
      5009325,
      5009326,
      5009327,
      5009328,
      5009329,
      5009330,
      5009331,
      5009332,
      5009333,
      5009334,
      5009335,
      5009336,
      5009337,
      5009338,
      5009339,
      5009340,
      5009341,
      5009342,
      5009343
    ]
  }
}