{
  "network_id": 128,
  "seed": 5000128,
  "valid": true,
  "baseline_reward": -500.0,
  "stratum": "weak",
  "genome": {
    "max_growth_steps": 200,
    "size_x": 20,
    "size_y": 20,
    "diffusion_rate": 0.11998020354945513,
    "num_morphogens": 3,
    "division_threshold": 0.5076755254120118,
    "cell_differentiation_threshold": 0.5131673123487629,
    "axon_growth_threshold": 0.22552808616098083,
    "max_axon_length": 9,
    "axon_connect_threshold": 0.9888384175938466,
    "self_connect_isolated_neurons_fraction": 0.06755532996054044,
    "weight_adjustment_target": 0.6788794778617346,
    "weight_adjustment_rate": 0.011087906171116588,
    "progenitor_secretion_rates": [
      0.49436271134758747,
      0.008059262415191781,
      0.20520963785614477
    ],
    "neuron_secretion_rates": [
      0.2307861478554974,
      0.41281588107912853,
      0.46708600858468396
    ],
    "inhibition_matrix": [
      [
        0.0,
        0.0,
        0.0
      ],
      [
        0.0,
        0.0,
        0.0
      ],
      [
        0.0,
        0.0,
        0.0
      ]
    ],
    "diffusion_patterns": [
      [
        [
          0.06819545328215582,
          0.02974576060368454,
          0.13992096113870645
        ],
        [
          0.14580658674843655,
          0.11715560497219278,
          0.12063857435941472
        ],
        [
          0.1333675212111153,
          0.09307347399961735,
          0.15209606368467654
        ]
      ],
      [
        [
          0.03823598462726373,
          0.10035908413437439,
          0.02037279767987272
        ],
        [
          0.1385503625355628,
          0.10656315197891797,
          0.08509229843246517
        ],
        [
          0.19412714913396154,
          0.12391245091221849,
          0.19278672056536317
        ]
      ],
      [
        [
          0.15183219517728533,
          0.059287083100571236,
          0.19613859414905527
        ],
        [
          0.05970997683649435,
          0.06420707427603936,
          0.17648042263602112
        ],
        [
          0.0732698250357572,
          0.049402384425401964,
          0.16967244436337417
        ]
      ]
    ]
  },
  "network_stats": {
    "neurons": 400,
    "connections": 437
  },
  "rollout_data": {
    "rewards": [
      -500.0,
      -500.0,
      -500.0,
      -500.0,
      -500.0,
      -500.0,
      -500.0,
      -500.0,
      -500.0,
      -500.0,
      -500.0,
      -500.0,
      -500.0,
      -500.0,
      -500.0,
      -500.0,
      -500.0,
      -500.0,
      -500.0,
      -500.0
    ],
    "lengths": [
      500,
      500,
      500,
      500,
      500,
      500,
      500,
      500,
      500,
      500,
      500,
      500,
      500,
      500,
      500,
      500,
      500,
      500,
      500,
      500
    ],
    "eval_seeds": [
      5000128,
      5000129,
      5000130,
      5000131,
      5000132,
      5000133,
      5000134,
      5000135,
      5000136,
      5000137,
      5000138,
      5000139,
      5000140,
      5000141,
      5000142,
      5000143,
      5000144,
      5000145,
      5000146,
      5000147
    ]
  }
}