{
  "network_id": 17354,
  "seed": 5017354,
  "valid": true,
  "baseline_reward": -500.0,
  "stratum": "weak",
  "genome": {
    "max_growth_steps": 200,
    "size_x": 20,
    "size_y": 20,
    "diffusion_rate": 0.09197173590184045,
    "num_morphogens": 3,
    "division_threshold": 0.670602165683585,
    "cell_differentiation_threshold": 0.35687877313836347,
    "axon_growth_threshold": 0.4189182332615769,
    "max_axon_length": 5,
    "axon_connect_threshold": 0.8472782774989323,
    "self_connect_isolated_neurons_fraction": 0.08574419892113394,
    "weight_adjustment_target": 0.3811518816485879,
    "weight_adjustment_rate": 0.005094539178643987,
    "progenitor_secretion_rates": [
      0.46403944723280655,
      0.11043472597096932,
      0.4468782822691323
    ],
    "neuron_secretion_rates": [
      0.29130273935318624,
      0.1665345483880991,
      0.2007362286709794
    ],
    "inhibition_matrix": [
      [
        0.0,
        0.3401654628015026,
        0.0
      ],
      [
        0.0,
        0.0,
        0.0
      ],
      [
        0.0,
        0.0,
        0.0
      ]
    ],
    "diffusion_patterns": [
      [
        [
          0.22449568001973053,
          0.10233945869503387,
          0.04905227155328706
        ],
        [
          0.10568389700081572,
          0.19473767716779408,
          0.17428980717258985
        ],
        [
          0.07054384040660708,
          0.026258405412072555,
          0.05259896257206925
        ]
      ],
      [
        [
          0.15426045919863018,
          0.16542622019493258,
          0.10782404761324914
        ],
        [
          0.11126471913148708,
          0.09710733781248912,
          0.1631462449392672
        ],
        [
          0.04935468162091662,
          0.0679800544616107,
          0.08363623502741731
        ]
      ],
      [
        [
          0.08534262852985144,
          0.05000163036539806,
          0.18116190677235133
        ],
        [
          0.05721819402070497,
          0.011261173705451957,
          0.18396463651329384
        ],
        [
          0.13455366882512965,
          0.17134250236433674,
          0.1251536589034821
        ]
      ]
    ]
  },
  "network_stats": {
    "neurons": 400,
    "connections": 823
  },
  "rollout_data": {
    "rewards": [
      -500.0,
      -500.0,
      -500.0,
      -500.0,
      -500.0,
      -500.0,
      -500.0,
      -500.0,
      -500.0,
      -500.0,
      -500.0,
      -500.0,
      -500.0,
      -500.0,
      -500.0,
      -500.0,
      -500.0,
      -500.0,
      -500.0,
      -500.0
    ],
    "lengths": [
      500,
      500,
      500,
      500,
      500,
      500,
      500,
      500,
      500,
      500,
      500,
      500,
      500,
      500,
      500,
      500,
      500,
      500,
      500,
      500
    ],
    "eval_seeds": [
      5017354,
      5017355,
      5017356,
      5017357,
      5017358,
      5017359,
      5017360,
      5017361,
      5017362,
      5017363,
      5017364,
      5017365,
      5017366,
      5017367,
      5017368,
      5017369,
      5017370,
      5017371,
      5017372,
      5017373
    ]
  }
}