{
  "network_id": 15348,
  "seed": 5015348,
  "valid": true,
  "baseline_reward": -500.0,
  "stratum": "weak",
  "genome": {
    "max_growth_steps": 200,
    "size_x": 20,
    "size_y": 20,
    "diffusion_rate": 0.09719580270930761,
    "num_morphogens": 3,
    "division_threshold": 0.4081637461900198,
    "cell_differentiation_threshold": 0.3488878844866302,
    "axon_growth_threshold": 0.41233416694221026,
    "max_axon_length": 2,
    "axon_connect_threshold": 0.8616949075258559,
    "self_connect_isolated_neurons_fraction": 0.04968047109425726,
    "weight_adjustment_target": 0.6119117080944675,
    "weight_adjustment_rate": 0.006599109637098533,
    "progenitor_secretion_rates": [
      0.2630791240927242,
      0.03681912239504964,
      0.22468065651725594
    ],
    "neuron_secretion_rates": [
      0.18472883347057645,
      0.08508774376446593,
      0.006402699545466184
    ],
    "inhibition_matrix": [
      [
        0.0,
        0.24777383298439254,
        0.0
      ],
      [
        0.0,
        0.0,
        0.0
      ],
      [
        0.0,
        0.0,
        0.0
      ]
    ],
    "diffusion_patterns": [
      [
        [
          0.024749822741917078,
          0.2575854109696,
          0.18624184472486544
        ],
        [
          0.14667473762790897,
          0.048697952208603026,
          0.19785822298262284
        ],
        [
          0.04828674619957959,
          9.191690850983002e-05,
          0.08981334563639316
        ]
      ],
      [
        [
          0.11015953472150677,
          0.15674967873880785,
          0.06387214859004312
        ],
        [
          0.015087759871129869,
          0.15366659369730756,
          0.1614087259577099
        ],
        [
          0.00028482558318417516,
          0.18038225196963362,
          0.15838848087067717
        ]
      ],
      [
        [
          0.15687908194837596,
          0.17422601342330618,
          0.1051077456091837
        ],
        [
          0.2026752193164433,
          0.018539014776888168,
          0.06644194415595736
        ],
        [
          0.020451261366631213,
          0.08867534970770906,
          0.1670043696955052
        ]
      ]
    ]
  },
  "network_stats": {
    "neurons": 400,
    "connections": 402
  },
  "rollout_data": {
    "rewards": [
      -500.0,
      -500.0,
      -500.0,
      -500.0,
      -500.0,
      -500.0,
      -500.0,
      -500.0,
      -500.0,
      -500.0,
      -500.0,
      -500.0,
      -500.0,
      -500.0,
      -500.0,
      -500.0,
      -500.0,
      -500.0,
      -500.0,
      -500.0
    ],
    "lengths": [
      500,
      500,
      500,
      500,
      500,
      500,
      500,
      500,
      500,
      500,
      500,
      500,
      500,
      500,
      500,
      500,
      500,
      500,
      500,
      500
    ],
    "eval_seeds": [
      5015348,
      5015349,
      5015350,
      5015351,
      5015352,
      5015353,
      5015354,
      5015355,
      5015356,
      5015357,
      5015358,
      5015359,
      5015360,
      5015361,
      5015362,
      5015363,
      5015364,
      5015365,
      5015366,
      5015367
    ]
  }
}