{
  "network_id": 17466,
  "seed": 5017466,
  "valid": true,
  "baseline_reward": -500.0,
  "stratum": "weak",
  "genome": {
    "max_growth_steps": 200,
    "size_x": 20,
    "size_y": 20,
    "diffusion_rate": 0.10239302754707398,
    "num_morphogens": 3,
    "division_threshold": 0.3772146036930196,
    "cell_differentiation_threshold": 0.5281760151773701,
    "axon_growth_threshold": 0.3771575091195041,
    "max_axon_length": 2,
    "axon_connect_threshold": 0.8258298837649543,
    "self_connect_isolated_neurons_fraction": 0.006372235499905288,
    "weight_adjustment_target": 0.6891326256305463,
    "weight_adjustment_rate": 0.014790308762795194,
    "progenitor_secretion_rates": [
      0.12709265998681157,
      0.1786573523164955,
      0.21980341489147864
    ],
    "neuron_secretion_rates": [
      0.3012684220332583,
      0.002727604546159279,
      0.4184898021602172
    ],
    "inhibition_matrix": [
      [
        0.0,
        0.0,
        0.0
      ],
      [
        0.13758859261629536,
        0.0,
        0.12104436627077475
      ],
      [
        0.0,
        0.0,
        0.0
      ]
    ],
    "diffusion_patterns": [
      [
        [
          0.14066289720520453,
          0.12851968258306537,
          0.08853567321432385
        ],
        [
          0.16134875541295457,
          0.01824306892743443,
          0.096260132768891
        ],
        [
          0.09889794809537598,
          0.180997614467092,
          0.08653422732565821
        ]
      ],
      [
        [
          0.10726417004291083,
          0.038644754901673885,
          0.12056022857968772
        ],
        [
          0.08903847364805788,
          0.09119598264091529,
          0.004098157967995583
        ],
        [
          0.22142599294218052,
          0.15682748579511824,
          0.17094475348146002
        ]
      ],
      [
        [
          0.12523885273153632,
          0.029354346944584466,
          0.19207259706714183
        ],
        [
          0.017153929035843556,
          0.21383601732481575,
          0.01934592975686344
        ],
        [
          0.04231925469901702,
          0.2207812881612174,
          0.13989778427898028
        ]
      ]
    ]
  },
  "network_stats": {
    "neurons": 316,
    "connections": 491
  },
  "rollout_data": {
    "rewards": [
      -500.0,
      -500.0,
      -500.0,
      -500.0,
      -500.0,
      -500.0,
      -500.0,
      -500.0,
      -500.0,
      -500.0,
      -500.0,
      -500.0,
      -500.0,
      -500.0,
      -500.0,
      -500.0,
      -500.0,
      -500.0,
      -500.0,
      -500.0
    ],
    "lengths": [
      500,
      500,
      500,
      500,
      500,
      500,
      500,
      500,
      500,
      500,
      500,
      500,
      500,
      500,
      500,
      500,
      500,
      500,
      500,
      500
    ],
    "eval_seeds": [
      5017466,
      5017467,
      5017468,
      5017469,
      5017470,
      5017471,
      5017472,
      5017473,
      5017474,
      5017475,
      5017476,
      5017477,
      5017478,
      5017479,
      5017480,
      5017481,
      5017482,
      5017483,
      5017484,
      5017485
    ]
  }
}