{
  "network_id": 12721,
  "seed": 5012721,
  "valid": true,
  "baseline_reward": -500.0,
  "stratum": "weak",
  "genome": {
    "max_growth_steps": 200,
    "size_x": 20,
    "size_y": 20,
    "diffusion_rate": 0.1362558624112869,
    "num_morphogens": 3,
    "division_threshold": 0.48944466302189354,
    "cell_differentiation_threshold": 0.6177758925913132,
    "axon_growth_threshold": 0.4830771233297093,
    "max_axon_length": 4,
    "axon_connect_threshold": 0.4563673476509269,
    "self_connect_isolated_neurons_fraction": 0.14837723462284305,
    "weight_adjustment_target": 0.4496814088511963,
    "weight_adjustment_rate": 0.011016780044641163,
    "progenitor_secretion_rates": [
      0.26546227072966,
      0.16303300671483645,
      0.33340312494890684
    ],
    "neuron_secretion_rates": [
      0.11753223873580576,
      0.21782810220848026,
      0.3298874495357056
    ],
    "inhibition_matrix": [
      [
        0.0,
        0.14642329026248874,
        0.0
      ],
      [
        0.0,
        0.0,
        0.0
      ],
      [
        0.0,
        0.0,
        0.0
      ]
    ],
    "diffusion_patterns": [
      [
        [
          0.07248860375944526,
          0.1458276738822753,
          0.09048784611204137
        ],
        [
          0.09146942563181196,
          0.08872868223856784,
          0.17191683272767352
        ],
        [
          0.09472002179255419,
          0.1216731231287318,
          0.12268779072689859
        ]
      ],
      [
        [
          0.09113340901747075,
          0.10078255549619435,
          0.151562675470256
        ],
        [
          0.13631118000370923,
          0.14056983350867996,
          0.15429045527306862
        ],
        [
          0.07046561111055337,
          0.1019374811732561,
          0.052946798946811605
        ]
      ],
      [
        [
          0.025322117651635823,
          0.2639395853840105,
          0.06560371116660432
        ],
        [
          0.12064883665734241,
          0.12065579942693044,
          0.003744783004606148
        ],
        [
          0.028609967109584498,
          0.3297953193355353,
          0.041679880263750656
        ]
      ]
    ]
  },
  "network_stats": {
    "neurons": 400,
    "connections": 816
  },
  "rollout_data": {
    "rewards": [
      -500.0,
      -500.0,
      -500.0,
      -500.0,
      -500.0,
      -500.0,
      -500.0,
      -500.0,
      -500.0,
      -500.0,
      -500.0,
      -500.0,
      -500.0,
      -500.0,
      -500.0,
      -500.0,
      -500.0,
      -500.0,
      -500.0,
      -500.0
    ],
    "lengths": [
      500,
      500,
      500,
      500,
      500,
      500,
      500,
      500,
      500,
      500,
      500,
      500,
      500,
      500,
      500,
      500,
      500,
      500,
      500,
      500
    ],
    "eval_seeds": [
      5012721,
      5012722,
      5012723,
      5012724,
      5012725,
      5012726,
      5012727,
      5012728,
      5012729,
      5012730,
      5012731,
      5012732,
      5012733,
      5012734,
      5012735,
      5012736,
      5012737,
      5012738,
      5012739,
      5012740
    ]
  }
}