{
  "network_id": 3192,
  "seed": 5003192,
  "valid": true,
  "baseline_reward": -500.0,
  "stratum": "weak",
  "genome": {
    "max_growth_steps": 200,
    "size_x": 20,
    "size_y": 20,
    "diffusion_rate": 0.14598785889433397,
    "num_morphogens": 3,
    "division_threshold": 0.5389004363325642,
    "cell_differentiation_threshold": 0.524738769341757,
    "axon_growth_threshold": 0.20930206192150316,
    "max_axon_length": 3,
    "axon_connect_threshold": 0.6013929784318258,
    "self_connect_isolated_neurons_fraction": 0.0944469206130703,
    "weight_adjustment_target": 0.5228680060285724,
    "weight_adjustment_rate": 0.015425696157170985,
    "progenitor_secretion_rates": [
      0.259188494262786,
      0.14904791459523886,
      0.23753505616627157
    ],
    "neuron_secretion_rates": [
      0.1438414420699029,
      0.13776471337706003,
      0.47517338345422355
    ],
    "inhibition_matrix": [
      [
        0.0,
        0.2271439106251772,
        0.0
      ],
      [
        0.0,
        0.0,
        0.0
      ],
      [
        0.0,
        0.0,
        0.0
      ]
    ],
    "diffusion_patterns": [
      [
        [
          0.06849648366250685,
          0.019783714350823097,
          0.07706815553435041
        ],
        [
          0.08048288062066276,
          0.06940342650592353,
          0.19812208282053761
        ],
        [
          0.13770975556319578,
          0.10660883245955871,
          0.24232466848244127
        ]
      ],
      [
        [
          0.0033905240256805642,
          0.11713962915051461,
          0.14205996352407216
        ],
        [
          0.13905514802533914,
          0.06398799141787177,
          0.09637538555215404
        ],
        [
          0.01903070742779272,
          0.21329825134602826,
          0.20566239953054682
        ]
      ],
      [
        [
          0.24006983838607077,
          0.04658803244376336,
          0.04476108850164145
        ],
        [
          0.03766804774929131,
          0.12336667336621943,
          0.11304702776614256
        ],
        [
          0.013642984835747995,
          0.22577316963875046,
          0.15508313731237275
        ]
      ]
    ]
  },
  "network_stats": {
    "neurons": 398,
    "connections": 1004
  },
  "rollout_data": {
    "rewards": [
      -500.0,
      -500.0,
      -500.0,
      -500.0,
      -500.0,
      -500.0,
      -500.0,
      -500.0,
      -500.0,
      -500.0,
      -500.0,
      -500.0,
      -500.0,
      -500.0,
      -500.0,
      -500.0,
      -500.0,
      -500.0,
      -500.0,
      -500.0
    ],
    "lengths": [
      500,
      500,
      500,
      500,
      500,
      500,
      500,
      500,
      500,
      500,
      500,
      500,
      500,
      500,
      500,
      500,
      500,
      500,
      500,
      500
    ],
    "eval_seeds": [
      5003192,
      5003193,
      5003194,
      5003195,
      5003196,
      5003197,
      5003198,
      5003199,
      5003200,
      5003201,
      5003202,
      5003203,
      5003204,
      5003205,
      5003206,
      5003207,
      5003208,
      5003209,
      5003210,
      5003211
    ]
  }
}