{
  "network_id": 8958,
  "seed": 5008958,
  "valid": true,
  "baseline_reward": -500.0,
  "stratum": "weak",
  "genome": {
    "max_growth_steps": 200,
    "size_x": 20,
    "size_y": 20,
    "diffusion_rate": 0.1478168795102726,
    "num_morphogens": 3,
    "division_threshold": 0.3407459152639812,
    "cell_differentiation_threshold": 0.46213159612666677,
    "axon_growth_threshold": 0.4566648711738454,
    "max_axon_length": 7,
    "axon_connect_threshold": 0.6686703975262476,
    "self_connect_isolated_neurons_fraction": 0.19970857118922056,
    "weight_adjustment_target": 0.6626664997108218,
    "weight_adjustment_rate": 0.007784469947072225,
    "progenitor_secretion_rates": [
      0.27719983376511553,
      0.2306406212731386,
      0.20834581137456532
    ],
    "neuron_secretion_rates": [
      0.4907791233102949,
      0.29231978237868156,
      0.10711468298653459
    ],
    "inhibition_matrix": [
      [
        0.0,
        0.15497211320832038,
        0.0
      ],
      [
        0.0,
        0.0,
        0.27429390696685685
      ],
      [
        0.0,
        0.11293519286246972,
        0.0
      ]
    ],
    "diffusion_patterns": [
      [
        [
          0.04617949695760752,
          0.1584554219799709,
          0.026068101473035704
        ],
        [
          0.04808743688437035,
          0.17049915610180874,
          0.1108859657555465
        ],
        [
          0.13679854661899155,
          0.13207831457735342,
          0.1709475596513153
        ]
      ],
      [
        [
          0.19121820541518075,
          0.0334998808744789,
          0.10572340258799079
        ],
        [
          0.14588565381553226,
          0.14894629986254276,
          0.03816325205190214
        ],
        [
          0.1718067884880719,
          0.03114106179736167,
          0.13361545510693876
        ]
      ],
      [
        [
          0.10884984643608026,
          0.057744161462001335,
          0.052712386439064056
        ],
        [
          0.06527548472103506,
          0.12069648393926359,
          0.1810943440284708
        ],
        [
          0.20829199153121702,
          0.04811168874596831,
          0.15722361269689952
        ]
      ]
    ]
  },
  "network_stats": {
    "neurons": 400,
    "connections": 1156
  },
  "rollout_data": {
    "rewards": [
      -500.0,
      -500.0,
      -500.0,
      -500.0,
      -500.0,
      -500.0,
      -500.0,
      -500.0,
      -500.0,
      -500.0,
      -500.0,
      -500.0,
      -500.0,
      -500.0,
      -500.0,
      -500.0,
      -500.0,
      -500.0,
      -500.0,
      -500.0
    ],
    "lengths": [
      500,
      500,
      500,
      500,
      500,
      500,
      500,
      500,
      500,
      500,
      500,
      500,
      500,
      500,
      500,
      500,
      500,
      500,
      500,
      500
    ],
    "eval_seeds": [
      5008958,
      5008959,
      5008960,
      5008961,
      5008962,
      5008963,
      5008964,
      5008965,
      5008966,
      5008967,
      5008968,
      5008969,
      5008970,
      5008971,
      5008972,
      5008973,
      5008974,
      5008975,
      5008976,
      5008977
    ]
  }
}