{
  "network_id": 76,
  "seed": 5000076,
  "valid": true,
  "baseline_reward": -156.55,
  "stratum": "near_perfect",
  "genome": {
    "max_growth_steps": 200,
    "size_x": 20,
    "size_y": 20,
    "diffusion_rate": 0.18465024140135267,
    "num_morphogens": 3,
    "division_threshold": 0.5435161983822213,
    "cell_differentiation_threshold": 0.5032648375931926,
    "axon_growth_threshold": 0.4772342037836929,
    "max_axon_length": 3,
    "axon_connect_threshold": 0.7203136684665716,
    "self_connect_isolated_neurons_fraction": 0.0012333255459255675,
    "weight_adjustment_target": 0.349366440561189,
    "weight_adjustment_rate": 0.011674079181569043,
    "progenitor_secretion_rates": [
      0.497833148542652,
      0.1373296373302214,
      0.07621455756032247
    ],
    "neuron_secretion_rates": [
      0.3885653417703048,
      0.1736661421607525,
      0.03493840469291576
    ],
    "inhibition_matrix": [
      [
        0.0,
        0.0,
        0.0
      ],
      [
        0.0,
        0.0,
        0.0
      ],
      [
        0.0,
        0.0,
        0.0
      ]
    ],
    "diffusion_patterns": [
      [
        [
          0.09738395018252798,
          0.13302731593301728,
          0.14042276458731834
        ],
        [
          0.18614447394238354,
          0.024649715423677065,
          0.13433918569829228
        ],
        [
          0.06381091128846003,
          0.14675324967132058,
          0.07346843327300294
        ]
      ],
      [
        [
          0.11758402927352886,
          0.04155667639131188,
          0.07394774483420943
        ],
        [
          0.059574575770537694,
          0.13985722710739282,
          0.06858003441335378
        ],
        [
          0.1624992163305271,
          0.1493797935374142,
          0.18702070234172427
        ]
      ],
      [
        [
          0.1425027602294109,
          0.15525571952413084,
          0.12111851841979701
        ],
        [
          0.04198758502423585,
          0.1630410211535761,
          0.12968363284594808
        ],
        [
          0.14131590185567888,
          0.04027624592358951,
          0.06481861502363286
        ]
      ]
    ]
  },
  "network_stats": {
    "neurons": 400,
    "connections": 1397
  },
  "rollout_data": {
    "rewards": [
      -112.0,
      -112.0,
      -117.0,
      -381.0,
      -114.0,
      -108.0,
      -500.0,
      -117.0,
      -109.0,
      -116.0,
      -124.0,
      -143.0,
      -150.0,
      -138.0,
      -143.0,
      -172.0,
      -123.0,
      -118.0,
      -119.0,
      -115.0
    ],
    "lengths": [
      113,
      113,
      118,
      382,
      115,
      109,
      500,
      118,
      110,
      117,
      125,
      144,
      151,
      139,
      144,
      173,
      124,
      119,
      120,
      116
    ],
    "eval_seeds": [
      5000076,
      5000077,
      5000078,
      5000079,
      5000080,
      5000081,
      5000082,
      5000083,
      5000084,
      5000085,
      5000086,
      5000087,
      5000088,
      5000089,
      5000090,
      5000091,
      5000092,
      5000093,
      5000094,
      5000095
    ]
  }
}