{
  "network_id": 15191,
  "seed": 5015191,
  "valid": true,
  "baseline_reward": -500.0,
  "stratum": "weak",
  "genome": {
    "max_growth_steps": 200,
    "size_x": 20,
    "size_y": 20,
    "diffusion_rate": 0.16675797429132388,
    "num_morphogens": 3,
    "division_threshold": 0.3521263502496512,
    "cell_differentiation_threshold": 0.6304742631665939,
    "axon_growth_threshold": 0.2672099353952359,
    "max_axon_length": 3,
    "axon_connect_threshold": 0.5194109480238178,
    "self_connect_isolated_neurons_fraction": 0.1341892827387861,
    "weight_adjustment_target": 0.6436807651252592,
    "weight_adjustment_rate": 0.013362383336665354,
    "progenitor_secretion_rates": [
      0.2953641595982583,
      0.19715270813756508,
      0.3415735641680647
    ],
    "neuron_secretion_rates": [
      0.4117093892998351,
      0.16513101645165834,
      0.28335564615697845
    ],
    "inhibition_matrix": [
      [
        0.0,
        0.0,
        0.07821526075410362
      ],
      [
        0.2321897876477474,
        0.0,
        0.0
      ],
      [
        0.0,
        0.0,
        0.0
      ]
    ],
    "diffusion_patterns": [
      [
        [
          0.0666637562016989,
          0.12368177106853369,
          0.04067484049797227
        ],
        [
          0.11410344608884275,
          0.02692048025394863,
          0.15315035310554007
        ],
        [
          0.1492189264611122,
          0.15795343747012863,
          0.16763298885222291
        ]
      ],
      [
        [
          0.19712821014413623,
          0.05447449688635973,
          0.10268224990811334
        ],
        [
          0.09758649624151686,
          0.0924253749983818,
          0.15082589551048448
        ],
        [
          0.036418909380529246,
          0.13755126858592304,
          0.1309070983445554
        ]
      ],
      [
        [
          0.10784230216608788,
          0.11799730213347896,
          0.16517122844783222
        ],
        [
          0.0708377517348876,
          0.07358128520173642,
          0.14140361428186587
        ],
        [
          0.12970608530192634,
          0.16036490175035012,
          0.033095528981834606
        ]
      ]
    ]
  },
  "network_stats": {
    "neurons": 400,
    "connections": 461
  },
  "rollout_data": {
    "rewards": [
      -500.0,
      -500.0,
      -500.0,
      -500.0,
      -500.0,
      -500.0,
      -500.0,
      -500.0,
      -500.0,
      -500.0,
      -500.0,
      -500.0,
      -500.0,
      -500.0,
      -500.0,
      -500.0,
      -500.0,
      -500.0,
      -500.0,
      -500.0
    ],
    "lengths": [
      500,
      500,
      500,
      500,
      500,
      500,
      500,
      500,
      500,
      500,
      500,
      500,
      500,
      500,
      500,
      500,
      500,
      500,
      500,
      500
    ],
    "eval_seeds": [
      5015191,
      5015192,
      5015193,
      5015194,
      5015195,
      5015196,
      5015197,
      5015198,
      5015199,
      5015200,
      5015201,
      5015202,
      5015203,
      5015204,
      5015205,
      5015206,
      5015207,
      5015208,
      5015209,
      5015210
    ]
  }
}