{
  "network_id": 5338,
  "seed": 5005338,
  "valid": true,
  "baseline_reward": -500.0,
  "stratum": "weak",
  "genome": {
    "max_growth_steps": 200,
    "size_x": 20,
    "size_y": 20,
    "diffusion_rate": 0.14577660076812435,
    "num_morphogens": 3,
    "division_threshold": 0.3949209028730911,
    "cell_differentiation_threshold": 0.4289006284213573,
    "axon_growth_threshold": 0.35828399764423635,
    "max_axon_length": 9,
    "axon_connect_threshold": 0.5975704304988418,
    "self_connect_isolated_neurons_fraction": 0.12092342940057975,
    "weight_adjustment_target": 0.6155028700669266,
    "weight_adjustment_rate": 0.011987588464692417,
    "progenitor_secretion_rates": [
      0.14508314558991808,
      0.02742102888184872,
      0.1433771685843997
    ],
    "neuron_secretion_rates": [
      0.4186751084000351,
      0.018796960335822344,
      0.19967929513180283
    ],
    "inhibition_matrix": [
      [
        0.0,
        0.0,
        0.1819558498558238
      ],
      [
        0.0,
        0.0,
        0.0
      ],
      [
        0.05041498749836354,
        0.12264383174938576,
        0.0
      ]
    ],
    "diffusion_patterns": [
      [
        [
          0.07914107962030312,
          0.04282764729432227,
          0.10535832223183866
        ],
        [
          0.2610552492915643,
          0.020847893476874765,
          0.2240598279906994
        ],
        [
          0.008702006913524409,
          0.06700364161515653,
          0.19100433156571642
        ]
      ],
      [
        [
          0.12019635488859999,
          0.11148335239040175,
          0.15550685343141116
        ],
        [
          0.05348822087288975,
          0.13412674851201695,
          0.08302134276979278
        ],
        [
          0.06465301952475781,
          0.12009551341335457,
          0.15742859419677513
        ]
      ],
      [
        [
          0.052970299113047285,
          0.15406804636343124,
          0.08040950977459113
        ],
        [
          0.08577297946007838,
          0.15902406883459727,
          0.04388633378435231
        ],
        [
          0.15734833388812614,
          0.13797922035423887,
          0.12854120842753736
        ]
      ]
    ]
  },
  "network_stats": {
    "neurons": 400,
    "connections": 1199
  },
  "rollout_data": {
    "rewards": [
      -500.0,
      -500.0,
      -500.0,
      -500.0,
      -500.0,
      -500.0,
      -500.0,
      -500.0,
      -500.0,
      -500.0,
      -500.0,
      -500.0,
      -500.0,
      -500.0,
      -500.0,
      -500.0,
      -500.0,
      -500.0,
      -500.0,
      -500.0
    ],
    "lengths": [
      500,
      500,
      500,
      500,
      500,
      500,
      500,
      500,
      500,
      500,
      500,
      500,
      500,
      500,
      500,
      500,
      500,
      500,
      500,
      500
    ],
    "eval_seeds": [
      5005338,
      5005339,
      5005340,
      5005341,
      5005342,
      5005343,
      5005344,
      5005345,
      5005346,
      5005347,
      5005348,
      5005349,
      5005350,
      5005351,
      5005352,
      5005353,
      5005354,
      5005355,
      5005356,
      5005357
    ]
  }
}