{
  "network_id": 18549,
  "seed": 5018549,
  "valid": true,
  "baseline_reward": -500.0,
  "stratum": "weak",
  "genome": {
    "max_growth_steps": 200,
    "size_x": 20,
    "size_y": 20,
    "diffusion_rate": 0.12531316706758658,
    "num_morphogens": 3,
    "division_threshold": 0.343921567858657,
    "cell_differentiation_threshold": 0.6975561310526371,
    "axon_growth_threshold": 0.47836647649966024,
    "max_axon_length": 10,
    "axon_connect_threshold": 0.5595075879509485,
    "self_connect_isolated_neurons_fraction": 0.23608560697391556,
    "weight_adjustment_target": 0.5932187434423997,
    "weight_adjustment_rate": 0.007531348078308363,
    "progenitor_secretion_rates": [
      0.07354950987370451,
      0.1019225271264792,
      0.4526293558828328
    ],
    "neuron_secretion_rates": [
      0.1514203857442924,
      0.23497519378323056,
      0.16450486127632835
    ],
    "inhibition_matrix": [
      [
        0.0,
        0.0,
        0.0
      ],
      [
        0.0,
        0.0,
        0.0
      ],
      [
        0.0,
        0.0,
        0.0
      ]
    ],
    "diffusion_patterns": [
      [
        [
          0.18782164228603931,
          0.14541363793583498,
          0.1313355582160372
        ],
        [
          0.08880775677969041,
          0.06723605822579683,
          0.11114598618193777
        ],
        [
          0.11397402287176364,
          0.041203772954773135,
          0.11306156454812674
        ]
      ],
      [
        [
          0.1029058217883507,
          0.1707674674453005,
          0.2520161025672006
        ],
        [
          0.21059560977951203,
          0.08119670733839524,
          0.039374670952831
        ],
        [
          0.009495046026358039,
          0.01116854413902049,
          0.12248002996303156
        ]
      ],
      [
        [
          0.21979904952746127,
          0.11242659090329772,
          0.024176273112206242
        ],
        [
          0.23881509156966044,
          0.12733109958745417,
          0.11412522685233771
        ],
        [
          0.049079753043673985,
          0.10580772223857957,
          0.008439193165328917
        ]
      ]
    ]
  },
  "network_stats": {
    "neurons": 400,
    "connections": 656
  },
  "rollout_data": {
    "rewards": [
      -500.0,
      -500.0,
      -500.0,
      -500.0,
      -500.0,
      -500.0,
      -500.0,
      -500.0,
      -500.0,
      -500.0,
      -500.0,
      -500.0,
      -500.0,
      -500.0,
      -500.0,
      -500.0,
      -500.0,
      -500.0,
      -500.0,
      -500.0
    ],
    "lengths": [
      500,
      500,
      500,
      500,
      500,
      500,
      500,
      500,
      500,
      500,
      500,
      500,
      500,
      500,
      500,
      500,
      500,
      500,
      500,
      500
    ],
    "eval_seeds": [
      5018549,
      5018550,
      5018551,
      5018552,
      5018553,
      5018554,
      5018555,
      5018556,
      5018557,
      5018558,
      5018559,
      5018560,
      5018561,
      5018562,
      5018563,
      5018564,
      5018565,
      5018566,
      5018567,
      5018568
    ]
  }
}