{
  "network_id": 9952,
  "seed": 5009952,
  "valid": true,
  "baseline_reward": -500.0,
  "stratum": "weak",
  "genome": {
    "max_growth_steps": 200,
    "size_x": 20,
    "size_y": 20,
    "diffusion_rate": 0.18222219970598794,
    "num_morphogens": 3,
    "division_threshold": 0.6069429227116887,
    "cell_differentiation_threshold": 0.33357641799911686,
    "axon_growth_threshold": 0.2969621857614892,
    "max_axon_length": 3,
    "axon_connect_threshold": 0.6445657278860721,
    "self_connect_isolated_neurons_fraction": 0.1137254694732522,
    "weight_adjustment_target": 0.5793364809903918,
    "weight_adjustment_rate": 0.012380700750285226,
    "progenitor_secretion_rates": [
      0.43450167648392035,
      0.3076424060294841,
      0.24013605892208806
    ],
    "neuron_secretion_rates": [
      0.370354525454395,
      0.28848534281596067,
      0.3493652955175212
    ],
    "inhibition_matrix": [
      [
        0.0,
        0.0,
        0.0
      ],
      [
        0.1852083141793473,
        0.0,
        0.0
      ],
      [
        0.0,
        0.0,
        0.0
      ]
    ],
    "diffusion_patterns": [
      [
        [
          0.04882099478938841,
          0.10336980676876777,
          0.1659195038805495
        ],
        [
          0.15780465702022975,
          0.12496844981375312,
          0.0950526394853799
        ],
        [
          0.03734019115331851,
          0.12105522187847029,
          0.14566853521014267
        ]
      ],
      [
        [
          0.1177697079909373,
          0.08661441317357138,
          0.1697862838514985
        ],
        [
          0.19643214996192948,
          0.027447079310366572,
          0.08341614652624482
        ],
        [
          0.19272980743576829,
          0.057256628372803695,
          0.0685477833768799
        ]
      ],
      [
        [
          0.15945924432399775,
          0.18281826886957073,
          0.07512751971989168
        ],
        [
          0.18203534626784257,
          0.06027164559553262,
          0.15393538177951768
        ],
        [
          0.13267599479966508,
          0.03206286789927043,
          0.021613730744711533
        ]
      ]
    ]
  },
  "network_stats": {
    "neurons": 323,
    "connections": 873
  },
  "rollout_data": {
    "rewards": [
      -500.0,
      -500.0,
      -500.0,
      -500.0,
      -500.0,
      -500.0,
      -500.0,
      -500.0,
      -500.0,
      -500.0,
      -500.0,
      -500.0,
      -500.0,
      -500.0,
      -500.0,
      -500.0,
      -500.0,
      -500.0,
      -500.0,
      -500.0
    ],
    "lengths": [
      500,
      500,
      500,
      500,
      500,
      500,
      500,
      500,
      500,
      500,
      500,
      500,
      500,
      500,
      500,
      500,
      500,
      500,
      500,
      500
    ],
    "eval_seeds": [
      5009952,
      5009953,
      5009954,
      5009955,
      5009956,
      5009957,
      5009958,
      5009959,
      5009960,
      5009961,
      5009962,
      5009963,
      5009964,
      5009965,
      5009966,
      5009967,
      5009968,
      5009969,
      5009970,
      5009971
    ]
  }
}