{
  "network_id": 4162,
  "seed": 5004162,
  "valid": true,
  "baseline_reward": -500.0,
  "stratum": "weak",
  "genome": {
    "max_growth_steps": 200,
    "size_x": 20,
    "size_y": 20,
    "diffusion_rate": 0.11452756767317485,
    "num_morphogens": 3,
    "division_threshold": 0.4767940855849497,
    "cell_differentiation_threshold": 0.6040382452299331,
    "axon_growth_threshold": 0.299919693991102,
    "max_axon_length": 3,
    "axon_connect_threshold": 0.44754940977952334,
    "self_connect_isolated_neurons_fraction": 0.19805172072372698,
    "weight_adjustment_target": 0.3531764862197706,
    "weight_adjustment_rate": 0.006766797263867087,
    "progenitor_secretion_rates": [
      0.23594216898990195,
      0.034882516708326705,
      0.28811753401125034
    ],
    "neuron_secretion_rates": [
      0.28775496479908924,
      0.415563050830897,
      0.07663709525878626
    ],
    "inhibition_matrix": [
      [
        0.0,
        0.0,
        0.0
      ],
      [
        0.0,
        0.0,
        0.0
      ],
      [
        0.0,
        0.0,
        0.0
      ]
    ],
    "diffusion_patterns": [
      [
        [
          0.20041039722187415,
          0.08102402977721852,
          0.17079030020655733
        ],
        [
          0.0017865760885007863,
          0.01744341111428002,
          0.13330449725523874
        ],
        [
          0.2414008378342528,
          0.008560334318266962,
          0.14527961618381063
        ]
      ],
      [
        [
          0.05867508034256062,
          0.09623133486034087,
          0.1454117214826897
        ],
        [
          0.1461429752554903,
          0.1409309722773949,
          0.06957141961948911
        ],
        [
          0.09549358623412502,
          0.14740762926919102,
          0.10013528065871834
        ]
      ],
      [
        [
          0.04497171559419451,
          0.08027776744979016,
          0.011111590128895404
        ],
        [
          0.23153823148329156,
          0.25771483760821373,
          0.12650679007665433
        ],
        [
          0.08715426200254918,
          0.03330232409531316,
          0.12742248156109792
        ]
      ]
    ]
  },
  "network_stats": {
    "neurons": 400,
    "connections": 497
  },
  "rollout_data": {
    "rewards": [
      -500.0,
      -500.0,
      -500.0,
      -500.0,
      -500.0,
      -500.0,
      -500.0,
      -500.0,
      -500.0,
      -500.0,
      -500.0,
      -500.0,
      -500.0,
      -500.0,
      -500.0,
      -500.0,
      -500.0,
      -500.0,
      -500.0,
      -500.0
    ],
    "lengths": [
      500,
      500,
      500,
      500,
      500,
      500,
      500,
      500,
      500,
      500,
      500,
      500,
      500,
      500,
      500,
      500,
      500,
      500,
      500,
      500
    ],
    "eval_seeds": [
      5004162,
      5004163,
      5004164,
      5004165,
      5004166,
      5004167,
      5004168,
      5004169,
      5004170,
      5004171,
      5004172,
      5004173,
      5004174,
      5004175,
      5004176,
      5004177,
      5004178,
      5004179,
      5004180,
      5004181
    ]
  }
}