{
  "network_id": 3757,
  "seed": 5003757,
  "valid": true,
  "baseline_reward": -500.0,
  "stratum": "weak",
  "genome": {
    "max_growth_steps": 200,
    "size_x": 20,
    "size_y": 20,
    "diffusion_rate": 0.17792446737280626,
    "num_morphogens": 3,
    "division_threshold": 0.33376981005640977,
    "cell_differentiation_threshold": 0.5257758754466869,
    "axon_growth_threshold": 0.2986357880893591,
    "max_axon_length": 2,
    "axon_connect_threshold": 0.7148315531218955,
    "self_connect_isolated_neurons_fraction": 0.12413177874154543,
    "weight_adjustment_target": 0.6287669460860139,
    "weight_adjustment_rate": 0.010671169087323035,
    "progenitor_secretion_rates": [
      0.3639286987604457,
      0.45019074744492477,
      0.1903745549771816
    ],
    "neuron_secretion_rates": [
      0.40654555749764765,
      0.4660548267335294,
      0.2900617633104026
    ],
    "inhibition_matrix": [
      [
        0.0,
        0.08047712317866862,
        0.4079781466862177
      ],
      [
        0.11189272076449708,
        0.0,
        0.0
      ],
      [
        0.29583552224200604,
        0.0,
        0.0
      ]
    ],
    "diffusion_patterns": [
      [
        [
          0.1781945225626937,
          0.15502152795304977,
          0.05920588001086645
        ],
        [
          0.11611246235316235,
          0.06858696935130032,
          0.006935934155169547
        ],
        [
          0.067733115139056,
          0.24728543975754266,
          0.10092414871715932
        ]
      ],
      [
        [
          0.07205152277095073,
          0.1898556096970125,
          0.027702741174139914
        ],
        [
          0.0039018678076866977,
          0.21396977554847552,
          0.1393805575810445
        ],
        [
          0.14582000968181405,
          0.07513578221098954,
          0.1321821335278866
        ]
      ],
      [
        [
          0.021992315073640138,
          0.16373741220436322,
          0.15282657120526152
        ],
        [
          0.01025231632986105,
          0.17856542927476612,
          0.18929414771763667
        ],
        [
          0.019300707584189093,
          0.13957893546272024,
          0.12445216514756198
        ]
      ]
    ]
  },
  "network_stats": {
    "neurons": 369,
    "connections": 798
  },
  "rollout_data": {
    "rewards": [
      -500.0,
      -500.0,
      -500.0,
      -500.0,
      -500.0,
      -500.0,
      -500.0,
      -500.0,
      -500.0,
      -500.0,
      -500.0,
      -500.0,
      -500.0,
      -500.0,
      -500.0,
      -500.0,
      -500.0,
      -500.0,
      -500.0,
      -500.0
    ],
    "lengths": [
      500,
      500,
      500,
      500,
      500,
      500,
      500,
      500,
      500,
      500,
      500,
      500,
      500,
      500,
      500,
      500,
      500,
      500,
      500,
      500
    ],
    "eval_seeds": [
      5003757,
      5003758,
      5003759,
      5003760,
      5003761,
      5003762,
      5003763,
      5003764,
      5003765,
      5003766,
      5003767,
      5003768,
      5003769,
      5003770,
      5003771,
      5003772,
      5003773,
      5003774,
      5003775,
      5003776
    ]
  }
}