{
  "network_id": 4102,
  "seed": 5004102,
  "valid": true,
  "baseline_reward": -500.0,
  "stratum": "weak",
  "genome": {
    "max_growth_steps": 200,
    "size_x": 20,
    "size_y": 20,
    "diffusion_rate": 0.07036066033749885,
    "num_morphogens": 3,
    "division_threshold": 0.47875888888701024,
    "cell_differentiation_threshold": 0.5320910660425913,
    "axon_growth_threshold": 0.4104359965905404,
    "max_axon_length": 4,
    "axon_connect_threshold": 0.5190970024032139,
    "self_connect_isolated_neurons_fraction": 0.14026783926225259,
    "weight_adjustment_target": 0.35232746153276057,
    "weight_adjustment_rate": 0.017263082121147966,
    "progenitor_secretion_rates": [
      0.3750139444983786,
      0.13917055969877773,
      0.19202909717872402
    ],
    "neuron_secretion_rates": [
      0.009280572198715864,
      0.20331682269036855,
      0.48568736135285145
    ],
    "inhibition_matrix": [
      [
        0.0,
        0.0,
        0.0
      ],
      [
        0.0,
        0.0,
        0.0
      ],
      [
        0.02669915072418544,
        0.0,
        0.0
      ]
    ],
    "diffusion_patterns": [
      [
        [
          0.22712877452325653,
          0.08774111737835144,
          0.06176318121882828
        ],
        [
          0.1589563102433904,
          0.14898020005070314,
          0.03169832779641554
        ],
        [
          0.06539110910147024,
          0.17366845200354317,
          0.0446725276840412
        ]
      ],
      [
        [
          0.09582074682221385,
          0.09564662914357593,
          0.1669791025622985
        ],
        [
          0.0005542411753671634,
          0.07115656054027206,
          0.24631909520041048
        ],
        [
          0.05610128853864551,
          0.012606820871253192,
          0.2548155151459633
        ]
      ],
      [
        [
          0.10338822512829302,
          0.19074559309697067,
          0.08949057050022872
        ],
        [
          0.017070197810187985,
          0.030611485460254963,
          0.11660617678520857
        ],
        [
          0.19160050216293115,
          0.17032646758566883,
          0.09016078147025604
        ]
      ]
    ]
  },
  "network_stats": {
    "neurons": 400,
    "connections": 1403
  },
  "rollout_data": {
    "rewards": [
      -500.0,
      -500.0,
      -500.0,
      -500.0,
      -500.0,
      -500.0,
      -500.0,
      -500.0,
      -500.0,
      -500.0,
      -500.0,
      -500.0,
      -500.0,
      -500.0,
      -500.0,
      -500.0,
      -500.0,
      -500.0,
      -500.0,
      -500.0
    ],
    "lengths": [
      500,
      500,
      500,
      500,
      500,
      500,
      500,
      500,
      500,
      500,
      500,
      500,
      500,
      500,
      500,
      500,
      500,
      500,
      500,
      500
    ],
    "eval_seeds": [
      5004102,
      5004103,
      5004104,
      5004105,
      5004106,
      5004107,
      5004108,
      5004109,
      5004110,
      5004111,
      5004112,
      5004113,
      5004114,
      5004115,
      5004116,
      5004117,
      5004118,
      5004119,
      5004120,
      5004121
    ]
  }
}