{
  "network_id": 7411,
  "seed": 5007411,
  "valid": true,
  "baseline_reward": -500.0,
  "stratum": "weak",
  "genome": {
    "max_growth_steps": 200,
    "size_x": 20,
    "size_y": 20,
    "diffusion_rate": 0.10918224897258921,
    "num_morphogens": 3,
    "division_threshold": 0.3621199713052662,
    "cell_differentiation_threshold": 0.6126739780519593,
    "axon_growth_threshold": 0.3773418065230842,
    "max_axon_length": 7,
    "axon_connect_threshold": 0.42101275832771823,
    "self_connect_isolated_neurons_fraction": 0.09433256942737257,
    "weight_adjustment_target": 0.5951627752942781,
    "weight_adjustment_rate": 0.012991341934883258,
    "progenitor_secretion_rates": [
      0.3728418822163642,
      0.07497569971045814,
      0.2899044739166789
    ],
    "neuron_secretion_rates": [
      0.18442407853596826,
      0.3392630415505792,
      0.02837181132641825
    ],
    "inhibition_matrix": [
      [
        0.0,
        0.05949498914119333,
        0.014743903686997795
      ],
      [
        0.0,
        0.0,
        0.0
      ],
      [
        0.0,
        0.0,
        0.0
      ]
    ],
    "diffusion_patterns": [
      [
        [
          0.14279417145726397,
          0.06885261463466337,
          0.1072326530080352
        ],
        [
          0.05407083957118262,
          0.11878909537796647,
          0.09400249790595974
        ],
        [
          0.11790089036405764,
          0.10370646079486873,
          0.1926507768860023
        ]
      ],
      [
        [
          0.0418389862299578,
          0.027386374581502403,
          0.044292438345588145
        ],
        [
          0.048742604982696836,
          0.16747832438412597,
          0.047962837618068556
        ],
        [
          0.23630719239551823,
          0.15670726745791927,
          0.2292839740046228
        ]
      ],
      [
        [
          0.13702710745885993,
          0.021690540259237445,
          0.014753698325239501
        ],
        [
          0.12934103998064392,
          0.22738796964641658,
          0.06511068217959336
        ],
        [
          0.07571329108758817,
          0.19170398244839604,
          0.1372716886140251
        ]
      ]
    ]
  },
  "network_stats": {
    "neurons": 400,
    "connections": 479
  },
  "rollout_data": {
    "rewards": [
      -500.0,
      -500.0,
      -500.0,
      -500.0,
      -500.0,
      -500.0,
      -500.0,
      -500.0,
      -500.0,
      -500.0,
      -500.0,
      -500.0,
      -500.0,
      -500.0,
      -500.0,
      -500.0,
      -500.0,
      -500.0,
      -500.0,
      -500.0
    ],
    "lengths": [
      500,
      500,
      500,
      500,
      500,
      500,
      500,
      500,
      500,
      500,
      500,
      500,
      500,
      500,
      500,
      500,
      500,
      500,
      500,
      500
    ],
    "eval_seeds": [
      5007411,
      5007412,
      5007413,
      5007414,
      5007415,
      5007416,
      5007417,
      5007418,
      5007419,
      5007420,
      5007421,
      5007422,
      5007423,
      5007424,
      5007425,
      5007426,
      5007427,
      5007428,
      5007429,
      5007430
    ]
  }
}