{
  "network_id": 790,
  "seed": 5000790,
  "valid": true,
  "baseline_reward": -479.6,
  "stratum": "weak",
  "genome": {
    "max_growth_steps": 200,
    "size_x": 20,
    "size_y": 20,
    "diffusion_rate": 0.11453414408804502,
    "num_morphogens": 3,
    "division_threshold": 0.35508365116755697,
    "cell_differentiation_threshold": 0.5242340432944282,
    "axon_growth_threshold": 0.4821515595833847,
    "max_axon_length": 8,
    "axon_connect_threshold": 0.843655173188897,
    "self_connect_isolated_neurons_fraction": 0.15599956880772028,
    "weight_adjustment_target": 0.32092174268210716,
    "weight_adjustment_rate": 0.015879372363249343,
    "progenitor_secretion_rates": [
      0.37498079288868696,
      0.3726155794794761,
      0.09489266984317662
    ],
    "neuron_secretion_rates": [
      0.32309526032879515,
      0.12272154496711485,
      0.3910027911007841
    ],
    "inhibition_matrix": [
      [
        0.0,
        0.0,
        0.0
      ],
      [
        0.0,
        0.0,
        0.0
      ],
      [
        0.0,
        0.0,
        0.0
      ]
    ],
    "diffusion_patterns": [
      [
        [
          0.1363246391950121,
          0.11659076876775117,
          0.0956333034880599
        ],
        [
          0.20361051643611555,
          0.15103442887036642,
          0.12359917875811974
        ],
        [
          0.08457393747810119,
          0.08762458255202973,
          0.0010086444544441452
        ]
      ],
      [
        [
          0.17360375846187845,
          0.09517339610002586,
          0.17398943760624122
        ],
        [
          0.008941037564720018,
          0.05970667575333366,
          0.08612523349870498
        ],
        [
          0.12980693783372807,
          0.10842821984866925,
          0.1642253033326986
        ]
      ],
      [
        [
          0.1386943959368321,
          0.0615966287968209,
          0.1077839442161903
        ],
        [
          0.08656356308673385,
          0.18069379034028843,
          0.0231241001001899
        ],
        [
          0.1665473357232057,
          0.0671027315412503,
          0.1678935102584884
        ]
      ]
    ]
  },
  "network_stats": {
    "neurons": 400,
    "connections": 1029
  },
  "rollout_data": {
    "rewards": [
      -500.0,
      -500.0,
      -500.0,
      -500.0,
      -420.0,
      -500.0,
      -500.0,
      -413.0,
      -500.0,
      -477.0,
      -500.0,
      -500.0,
      -375.0,
      -500.0,
      -500.0,
      -500.0,
      -500.0,
      -500.0,
      -500.0,
      -407.0
    ],
    "lengths": [
      500,
      500,
      500,
      500,
      421,
      500,
      500,
      414,
      500,
      478,
      500,
      500,
      376,
      500,
      500,
      500,
      500,
      500,
      500,
      408
    ],
    "eval_seeds": [
      5000790,
      5000791,
      5000792,
      5000793,
      5000794,
      5000795,
      5000796,
      5000797,
      5000798,
      5000799,
      5000800,
      5000801,
      5000802,
      5000803,
      5000804,
      5000805,
      5000806,
      5000807,
      5000808,
      5000809
    ]
  }
}