{
  "network_id": 15916,
  "seed": 5015916,
  "valid": true,
  "baseline_reward": -500.0,
  "stratum": "weak",
  "genome": {
    "max_growth_steps": 200,
    "size_x": 20,
    "size_y": 20,
    "diffusion_rate": 0.17781015252807478,
    "num_morphogens": 3,
    "division_threshold": 0.5468569486499179,
    "cell_differentiation_threshold": 0.6286056567559702,
    "axon_growth_threshold": 0.30046190411008855,
    "max_axon_length": 8,
    "axon_connect_threshold": 0.5017123658294391,
    "self_connect_isolated_neurons_fraction": 0.08467181869765728,
    "weight_adjustment_target": 0.3060187315748143,
    "weight_adjustment_rate": 0.014475973586370098,
    "progenitor_secretion_rates": [
      0.26827251059777196,
      0.07631465035647378,
      0.3209736100153128
    ],
    "neuron_secretion_rates": [
      0.07267813763202169,
      0.4029118267364483,
      0.013873905658868979
    ],
    "inhibition_matrix": [
      [
        0.0,
        0.0,
        0.0
      ],
      [
        0.0,
        0.0,
        0.08500999886531585
      ],
      [
        0.36090556013584635,
        0.0,
        0.0
      ]
    ],
    "diffusion_patterns": [
      [
        [
          0.04457319745862416,
          0.007621487183947032,
          0.1428269898873719
        ],
        [
          0.181783300070621,
          0.03653920935026414,
          0.1276267636671957
        ],
        [
          0.17537059602421026,
          0.19058477583250516,
          0.0930736805252608
        ]
      ],
      [
        [
          0.07438631313936404,
          0.1359748157624376,
          0.11556809313234234
        ],
        [
          0.1899392811286158,
          0.01404850432352868,
          0.23752576687028945
        ],
        [
          0.11590513465112974,
          0.10360962187535709,
          0.013042469116935265
        ]
      ],
      [
        [
          0.17742159874464603,
          0.06880295756801004,
          0.011127605910130303
        ],
        [
          0.14670708182371395,
          0.20530230707580793,
          0.20227394505581833
        ],
        [
          0.044667206705983675,
          0.020291704071627496,
          0.1234055930442623
        ]
      ]
    ]
  },
  "network_stats": {
    "neurons": 400,
    "connections": 425
  },
  "rollout_data": {
    "rewards": [
      -500.0,
      -500.0,
      -500.0,
      -500.0,
      -500.0,
      -500.0,
      -500.0,
      -500.0,
      -500.0,
      -500.0,
      -500.0,
      -500.0,
      -500.0,
      -500.0,
      -500.0,
      -500.0,
      -500.0,
      -500.0,
      -500.0,
      -500.0
    ],
    "lengths": [
      500,
      500,
      500,
      500,
      500,
      500,
      500,
      500,
      500,
      500,
      500,
      500,
      500,
      500,
      500,
      500,
      500,
      500,
      500,
      500
    ],
    "eval_seeds": [
      5015916,
      5015917,
      5015918,
      5015919,
      5015920,
      5015921,
      5015922,
      5015923,
      5015924,
      5015925,
      5015926,
      5015927,
      5015928,
      5015929,
      5015930,
      5015931,
      5015932,
      5015933,
      5015934,
      5015935
    ]
  }
}