{
  "network_id": 14542,
  "seed": 5014542,
  "valid": true,
  "baseline_reward": -192.3,
  "stratum": "near_perfect",
  "genome": {
    "max_growth_steps": 200,
    "size_x": 20,
    "size_y": 20,
    "diffusion_rate": 0.12423915720655464,
    "num_morphogens": 3,
    "division_threshold": 0.5806270950254497,
    "cell_differentiation_threshold": 0.6011856948626627,
    "axon_growth_threshold": 0.43796724359249206,
    "max_axon_length": 6,
    "axon_connect_threshold": 0.5799715094940788,
    "self_connect_isolated_neurons_fraction": 0.29308470693258126,
    "weight_adjustment_target": 0.3847307891940589,
    "weight_adjustment_rate": 0.016814512441767064,
    "progenitor_secretion_rates": [
      0.4739924967649557,
      0.14459000159669522,
      0.21135317085186928
    ],
    "neuron_secretion_rates": [
      0.0712362873831181,
      0.10098608510526591,
      0.46976559587919176
    ],
    "inhibition_matrix": [
      [
        0.0,
        0.3280314353204437,
        0.0
      ],
      [
        0.0,
        0.0,
        0.14814023671927773
      ],
      [
        0.18907655193672174,
        0.0,
        0.0
      ]
    ],
    "diffusion_patterns": [
      [
        [
          0.09126201830821136,
          0.08161698929881175,
          0.12824509792411215
        ],
        [
          0.10033267164385298,
          0.1613655348743218,
          0.16126902867973303
        ],
        [
          0.17917706218409896,
          0.05050773862734422,
          0.04622385845951361
        ]
      ],
      [
        [
          0.19254154654148797,
          0.13593291240160785,
          0.03666879269846102
        ],
        [
          0.07725312299318089,
          0.25320476218953275,
          0.21368843005731258
        ],
        [
          0.0308106119390165,
          0.02784144319005304,
          0.032058377989347416
        ]
      ],
      [
        [
          0.1319952715398931,
          0.04540268827910567,
          0.06147834702444295
        ],
        [
          0.0418007434193564,
          0.17114914915135696,
          0.21654189106125074
        ],
        [
          0.05666222047046833,
          0.12217017910939583,
          0.15279950994473
        ]
      ]
    ]
  },
  "network_stats": {
    "neurons": 400,
    "connections": 1623
  },
  "rollout_data": {
    "rewards": [
      -203.0,
      -187.0,
      -225.0,
      -167.0,
      -192.0,
      -202.0,
      -184.0,
      -193.0,
      -189.0,
      -244.0,
      -148.0,
      -181.0,
      -168.0,
      -178.0,
      -182.0,
      -176.0,
      -210.0,
      -190.0,
      -182.0,
      -245.0
    ],
    "lengths": [
      204,
      188,
      226,
      168,
      193,
      203,
      185,
      194,
      190,
      245,
      149,
      182,
      169,
      179,
      183,
      177,
      211,
      191,
      183,
      246
    ],
    "eval_seeds": [
      5014542,
      5014543,
      5014544,
      5014545,
      5014546,
      5014547,
      5014548,
      5014549,
      5014550,
      5014551,
      5014552,
      5014553,
      5014554,
      5014555,
      5014556,
      5014557,
      5014558,
      5014559,
      5014560,
      5014561
    ]
  }
}