{
  "network_id": 19153,
  "seed": 5019153,
  "valid": true,
  "baseline_reward": -500.0,
  "stratum": "weak",
  "genome": {
    "max_growth_steps": 200,
    "size_x": 20,
    "size_y": 20,
    "diffusion_rate": 0.06654655650154494,
    "num_morphogens": 3,
    "division_threshold": 0.6431006570851213,
    "cell_differentiation_threshold": 0.43729354461179826,
    "axon_growth_threshold": 0.20385032832283656,
    "max_axon_length": 9,
    "axon_connect_threshold": 0.7229744356079121,
    "self_connect_isolated_neurons_fraction": 0.20280277447380027,
    "weight_adjustment_target": 0.41641028256869766,
    "weight_adjustment_rate": 0.012598850789037877,
    "progenitor_secretion_rates": [
      0.14969752586537927,
      0.108924633600753,
      0.4653204554932137
    ],
    "neuron_secretion_rates": [
      0.0037954530611750137,
      0.4571051325291279,
      0.35658531716958564
    ],
    "inhibition_matrix": [
      [
        0.0,
        0.0,
        0.0
      ],
      [
        0.0,
        0.0,
        0.07339867066651012
      ],
      [
        0.0,
        0.0,
        0.0
      ]
    ],
    "diffusion_patterns": [
      [
        [
          0.15285273998457505,
          0.04337877987565286,
          0.07585378791363992
        ],
        [
          0.1203965836909944,
          0.12663320852900156,
          0.13045386850077034
        ],
        [
          0.06001299648625336,
          0.15760913538972282,
          0.13280889962938972
        ]
      ],
      [
        [
          0.09677266331684002,
          0.1385824036324224,
          0.0679233975578853
        ],
        [
          0.05920953482675567,
          0.18900449050270798,
          0.14170610894557567
        ],
        [
          0.03406459701631572,
          0.1831950045613596,
          0.08954179964013757
        ]
      ],
      [
        [
          0.06403957812833824,
          0.03731061393410484,
          0.1865768385747331
        ],
        [
          0.0501540027277483,
          0.12758205054471758,
          0.14117233088795955
        ],
        [
          0.11521518210349432,
          0.20896142863923528,
          0.06898797445966884
        ]
      ]
    ]
  },
  "network_stats": {
    "neurons": 399,
    "connections": 830
  },
  "rollout_data": {
    "rewards": [
      -500.0,
      -500.0,
      -500.0,
      -500.0,
      -500.0,
      -500.0,
      -500.0,
      -500.0,
      -500.0,
      -500.0,
      -500.0,
      -500.0,
      -500.0,
      -500.0,
      -500.0,
      -500.0,
      -500.0,
      -500.0,
      -500.0,
      -500.0
    ],
    "lengths": [
      500,
      500,
      500,
      500,
      500,
      500,
      500,
      500,
      500,
      500,
      500,
      500,
      500,
      500,
      500,
      500,
      500,
      500,
      500,
      500
    ],
    "eval_seeds": [
      5019153,
      5019154,
      5019155,
      5019156,
      5019157,
      5019158,
      5019159,
      5019160,
      5019161,
      5019162,
      5019163,
      5019164,
      5019165,
      5019166,
      5019167,
      5019168,
      5019169,
      5019170,
      5019171,
      5019172
    ]
  }
}