{
  "network_id": 12043,
  "seed": 5012043,
  "valid": true,
  "baseline_reward": -500.0,
  "stratum": "weak",
  "genome": {
    "max_growth_steps": 200,
    "size_x": 20,
    "size_y": 20,
    "diffusion_rate": 0.0784623517543986,
    "num_morphogens": 3,
    "division_threshold": 0.5470651684846691,
    "cell_differentiation_threshold": 0.5127176012763678,
    "axon_growth_threshold": 0.3662770657639097,
    "max_axon_length": 8,
    "axon_connect_threshold": 0.9439926193217971,
    "self_connect_isolated_neurons_fraction": 0.22307195762252127,
    "weight_adjustment_target": 0.6586374977307798,
    "weight_adjustment_rate": 0.01199396145479499,
    "progenitor_secretion_rates": [
      0.4965588376345728,
      0.3540162010336432,
      0.3903999272415994
    ],
    "neuron_secretion_rates": [
      0.3125554259794001,
      0.338269004882181,
      0.40259691541848597
    ],
    "inhibition_matrix": [
      [
        0.0,
        0.0,
        0.0
      ],
      [
        0.2313163923191573,
        0.0,
        0.0
      ],
      [
        0.0,
        0.0,
        0.0
      ]
    ],
    "diffusion_patterns": [
      [
        [
          0.036815630839432865,
          0.2227796356462444,
          0.009623874712479802
        ],
        [
          0.10566695648276032,
          0.14267097063466094,
          0.2282203623136665
        ],
        [
          0.05556795635553415,
          0.15884388564085186,
          0.03981072737436914
        ]
      ],
      [
        [
          0.11229761650873402,
          0.02329886854607857,
          0.20999194668925278
        ],
        [
          0.1829705802881116,
          0.06877496622160853,
          0.05543820688227875
        ],
        [
          0.1178488273831131,
          0.11589134854073316,
          0.11348763894008941
        ]
      ],
      [
        [
          0.14464298100549441,
          0.06557396315445325,
          0.008248716068624498
        ],
        [
          0.04042337639075783,
          0.1146574073822174,
          0.06999726289912689
        ],
        [
          0.20550121015823747,
          0.14271079531409828,
          0.2082442876269899
        ]
      ]
    ]
  },
  "network_stats": {
    "neurons": 400,
    "connections": 1062
  },
  "rollout_data": {
    "rewards": [
      -500.0,
      -500.0,
      -500.0,
      -500.0,
      -500.0,
      -500.0,
      -500.0,
      -500.0,
      -500.0,
      -500.0,
      -500.0,
      -500.0,
      -500.0,
      -500.0,
      -500.0,
      -500.0,
      -500.0,
      -500.0,
      -500.0,
      -500.0
    ],
    "lengths": [
      500,
      500,
      500,
      500,
      500,
      500,
      500,
      500,
      500,
      500,
      500,
      500,
      500,
      500,
      500,
      500,
      500,
      500,
      500,
      500
    ],
    "eval_seeds": [
      5012043,
      5012044,
      5012045,
      5012046,
      5012047,
      5012048,
      5012049,
      5012050,
      5012051,
      5012052,
      5012053,
      5012054,
      5012055,
      5012056,
      5012057,
      5012058,
      5012059,
      5012060,
      5012061,
      5012062
    ]
  }
}