{
  "network_id": 14899,
  "seed": 5014899,
  "valid": true,
  "baseline_reward": -500.0,
  "stratum": "weak",
  "genome": {
    "max_growth_steps": 200,
    "size_x": 20,
    "size_y": 20,
    "diffusion_rate": 0.09524427718075064,
    "num_morphogens": 3,
    "division_threshold": 0.45458178570439833,
    "cell_differentiation_threshold": 0.43503238557674884,
    "axon_growth_threshold": 0.4552306371842327,
    "max_axon_length": 9,
    "axon_connect_threshold": 0.41361959394516096,
    "self_connect_isolated_neurons_fraction": 0.015327960115366334,
    "weight_adjustment_target": 0.6339214679215722,
    "weight_adjustment_rate": 0.011087672888996924,
    "progenitor_secretion_rates": [
      0.3876203026712653,
      0.11849386867243167,
      0.2513878716203822
    ],
    "neuron_secretion_rates": [
      0.23635671656912294,
      0.4866275549337208,
      0.31591930123069245
    ],
    "inhibition_matrix": [
      [
        0.0,
        0.0,
        0.3758040861099194
      ],
      [
        0.1020769838860976,
        0.0,
        0.0
      ],
      [
        0.0,
        0.0,
        0.0
      ]
    ],
    "diffusion_patterns": [
      [
        [
          6.867780328867683e-05,
          0.1413412873464057,
          0.05646487148167533
        ],
        [
          0.15511498588360192,
          0.0681470549862869,
          0.08138819140707765
        ],
        [
          0.17768259623914764,
          0.19303419268951935,
          0.126758142162997
        ]
      ],
      [
        [
          0.09975434589038923,
          0.14882384779703878,
          0.028312071144805582
        ],
        [
          0.13352712057910618,
          0.0625637715186724,
          0.15301083352946432
        ],
        [
          0.11876516891396338,
          0.11817921049502936,
          0.13706363013153075
        ]
      ],
      [
        [
          0.1690422457792632,
          0.02995547783115203,
          0.038924008699711195
        ],
        [
          0.0796227321763431,
          0.033595923731415914,
          0.18766815743424653
        ],
        [
          0.1611354088775695,
          0.191164397079848,
          0.10889164839045055
        ]
      ]
    ]
  },
  "network_stats": {
    "neurons": 400,
    "connections": 949
  },
  "rollout_data": {
    "rewards": [
      -500.0,
      -500.0,
      -500.0,
      -500.0,
      -500.0,
      -500.0,
      -500.0,
      -500.0,
      -500.0,
      -500.0,
      -500.0,
      -500.0,
      -500.0,
      -500.0,
      -500.0,
      -500.0,
      -500.0,
      -500.0,
      -500.0,
      -500.0
    ],
    "lengths": [
      500,
      500,
      500,
      500,
      500,
      500,
      500,
      500,
      500,
      500,
      500,
      500,
      500,
      500,
      500,
      500,
      500,
      500,
      500,
      500
    ],
    "eval_seeds": [
      5014899,
      5014900,
      5014901,
      5014902,
      5014903,
      5014904,
      5014905,
      5014906,
      5014907,
      5014908,
      5014909,
      5014910,
      5014911,
      5014912,
      5014913,
      5014914,
      5014915,
      5014916,
      5014917,
      5014918
    ]
  }
}