{
  "network_id": 17758,
  "seed": 5017758,
  "valid": true,
  "baseline_reward": -86.7,
  "stratum": "perfect",
  "genome": {
    "max_growth_steps": 200,
    "size_x": 20,
    "size_y": 20,
    "diffusion_rate": 0.1898650261322175,
    "num_morphogens": 3,
    "division_threshold": 0.4883146442414539,
    "cell_differentiation_threshold": 0.6802749602406335,
    "axon_growth_threshold": 0.3849178789230878,
    "max_axon_length": 2,
    "axon_connect_threshold": 0.40232980142539776,
    "self_connect_isolated_neurons_fraction": 0.11041106601641504,
    "weight_adjustment_target": 0.473477144009365,
    "weight_adjustment_rate": 0.013394300376034195,
    "progenitor_secretion_rates": [
      0.379216123043413,
      0.3483854410145318,
      0.2314239718858776
    ],
    "neuron_secretion_rates": [
      0.3768254295455895,
      0.1720433865920573,
      0.3558098874815023
    ],
    "inhibition_matrix": [
      [
        0.0,
        0.0,
        0.0
      ],
      [
        0.0,
        0.0,
        0.0365306054640237
      ],
      [
        0.11851622162158787,
        0.0,
        0.0
      ]
    ],
    "diffusion_patterns": [
      [
        [
          0.07332459450277086,
          0.05754806679883862,
          0.2199795030265372
        ],
        [
          0.12196337101796763,
          0.0984247876408882,
          0.11246682757962824
        ],
        [
          0.03148433574375597,
          0.15847206471208272,
          0.1263364489775305
        ]
      ],
      [
        [
          0.14013436457957634,
          0.030717151561501024,
          0.3197402426189124
        ],
        [
          0.13879720055992106,
          0.015310609832998692,
          0.1295914905951401
        ],
        [
          0.018454782544543753,
          0.006596195955085233,
          0.2006579617523214
        ]
      ],
      [
        [
          0.17732874063722184,
          0.10478566555834735,
          0.16017343723014496
        ],
        [
          0.1885921060902167,
          0.028509985247279393,
          0.03611132556390959
        ],
        [
          0.07635723570649099,
          0.10945094908084627,
          0.11869055488554284
        ]
      ]
    ]
  },
  "network_stats": {
    "neurons": 400,
    "connections": 997
  },
  "rollout_data": {
    "rewards": [
      -72.0,
      -93.0,
      -94.0,
      -94.0,
      -76.0,
      -100.0,
      -72.0,
      -104.0,
      -98.0,
      -72.0,
      -78.0,
      -86.0,
      -104.0,
      -75.0,
      -73.0,
      -75.0,
      -72.0,
      -109.0,
      -95.0,
      -92.0
    ],
    "lengths": [
      73,
      94,
      95,
      95,
      77,
      101,
      73,
      105,
      99,
      73,
      79,
      87,
      105,
      76,
      74,
      76,
      73,
      110,
      96,
      93
    ],
    "eval_seeds": [
      5017758,
      5017759,
      5017760,
      5017761,
      5017762,
      5017763,
      5017764,
      5017765,
      5017766,
      5017767,
      5017768,
      5017769,
      5017770,
      5017771,
      5017772,
      5017773,
      5017774,
      5017775,
      5017776,
      5017777
    ]
  }
}