{
  "network_id": 14473,
  "seed": 5014473,
  "valid": true,
  "baseline_reward": -500.0,
  "stratum": "weak",
  "genome": {
    "max_growth_steps": 200,
    "size_x": 20,
    "size_y": 20,
    "diffusion_rate": 0.07188053912893638,
    "num_morphogens": 3,
    "division_threshold": 0.6499110541103861,
    "cell_differentiation_threshold": 0.5613959801477184,
    "axon_growth_threshold": 0.33792290822688387,
    "max_axon_length": 3,
    "axon_connect_threshold": 0.9369638758597632,
    "self_connect_isolated_neurons_fraction": 0.08350962968190453,
    "weight_adjustment_target": 0.662061393275946,
    "weight_adjustment_rate": 0.007380476648815051,
    "progenitor_secretion_rates": [
      0.26545864974713357,
      0.22237294471075664,
      0.39436494746187756
    ],
    "neuron_secretion_rates": [
      0.17365871308807362,
      0.12004823848379725,
      0.45326741788312735
    ],
    "inhibition_matrix": [
      [
        0.0,
        0.0,
        0.0
      ],
      [
        0.0,
        0.0,
        0.0
      ],
      [
        0.0,
        0.0,
        0.0
      ]
    ],
    "diffusion_patterns": [
      [
        [
          0.1238122642906865,
          0.18622720101967413,
          0.03997547855652904
        ],
        [
          0.1340100113119406,
          0.17873233449159806,
          0.25384810765074034
        ],
        [
          0.02986361750682797,
          0.016147767697881524,
          0.037383217474121704
        ]
      ],
      [
        [
          0.1387258017115622,
          0.165258830139346,
          0.1696962740848818
        ],
        [
          0.12799219226212033,
          0.14369726277826095,
          0.023992989983171228
        ],
        [
          0.11801411030248214,
          0.004248900043898778,
          0.1083736386942766
        ]
      ],
      [
        [
          0.18750608945047126,
          0.09216694862322278,
          0.05979374566504571
        ],
        [
          0.1332856479446381,
          0.13076218527077665,
          0.005684746588595146
        ],
        [
          0.21656795421632755,
          0.17373619392745032,
          0.0004964883134726234
        ]
      ]
    ]
  },
  "network_stats": {
    "neurons": 47,
    "connections": 98
  },
  "rollout_data": {
    "rewards": [
      -500.0,
      -500.0,
      -500.0,
      -500.0,
      -500.0,
      -500.0,
      -500.0,
      -500.0,
      -500.0,
      -500.0,
      -500.0,
      -500.0,
      -500.0,
      -500.0,
      -500.0,
      -500.0,
      -500.0,
      -500.0,
      -500.0,
      -500.0
    ],
    "lengths": [
      500,
      500,
      500,
      500,
      500,
      500,
      500,
      500,
      500,
      500,
      500,
      500,
      500,
      500,
      500,
      500,
      500,
      500,
      500,
      500
    ],
    "eval_seeds": [
      5014473,
      5014474,
      5014475,
      5014476,
      5014477,
      5014478,
      5014479,
      5014480,
      5014481,
      5014482,
      5014483,
      5014484,
      5014485,
      5014486,
      5014487,
      5014488,
      5014489,
      5014490,
      5014491,
      5014492
    ]
  }
}