{
  "network_id": 12310,
  "seed": 5012310,
  "valid": true,
  "baseline_reward": -500.0,
  "stratum": "weak",
  "genome": {
    "max_growth_steps": 200,
    "size_x": 20,
    "size_y": 20,
    "diffusion_rate": 0.15122628613743871,
    "num_morphogens": 3,
    "division_threshold": 0.40701058567474613,
    "cell_differentiation_threshold": 0.4577048697531862,
    "axon_growth_threshold": 0.3603991972836786,
    "max_axon_length": 4,
    "axon_connect_threshold": 0.6823030862211727,
    "self_connect_isolated_neurons_fraction": 0.07354935937032035,
    "weight_adjustment_target": 0.4809851453804692,
    "weight_adjustment_rate": 0.008616420611552376,
    "progenitor_secretion_rates": [
      0.23806635970964019,
      0.08796395879321217,
      0.2996339759369672
    ],
    "neuron_secretion_rates": [
      0.355444966434387,
      0.006521688171075124,
      0.05942372986512956
    ],
    "inhibition_matrix": [
      [
        0.0,
        0.24102364735160103,
        0.0
      ],
      [
        0.0,
        0.0,
        0.0
      ],
      [
        0.24333634568027557,
        0.0,
        0.0
      ]
    ],
    "diffusion_patterns": [
      [
        [
          0.16987877873554313,
          0.08386573843851257,
          0.059926439542900084
        ],
        [
          0.12622508249557635,
          0.14568080081317017,
          0.10604654076370484
        ],
        [
          0.07174153984048239,
          0.05444490767860195,
          0.1821901716915086
        ]
      ],
      [
        [
          0.1820351165096755,
          0.07445055065101083,
          0.00552224931318432
        ],
        [
          0.1969783537730653,
          0.08963990348695995,
          0.2104247164456589
        ],
        [
          0.001094604836619337,
          0.23825254276370328,
          0.0016019622201226026
        ]
      ],
      [
        [
          0.08812615583972686,
          0.0751562020088438,
          0.18361864717913057
        ],
        [
          0.13156706786734043,
          0.03097541974853392,
          0.20983864695187618
        ],
        [
          0.18902543943338387,
          0.0532993142140954,
          0.03839310675706901
        ]
      ]
    ]
  },
  "network_stats": {
    "neurons": 400,
    "connections": 567
  },
  "rollout_data": {
    "rewards": [
      -500.0,
      -500.0,
      -500.0,
      -500.0,
      -500.0,
      -500.0,
      -500.0,
      -500.0,
      -500.0,
      -500.0,
      -500.0,
      -500.0,
      -500.0,
      -500.0,
      -500.0,
      -500.0,
      -500.0,
      -500.0,
      -500.0,
      -500.0
    ],
    "lengths": [
      500,
      500,
      500,
      500,
      500,
      500,
      500,
      500,
      500,
      500,
      500,
      500,
      500,
      500,
      500,
      500,
      500,
      500,
      500,
      500
    ],
    "eval_seeds": [
      5012310,
      5012311,
      5012312,
      5012313,
      5012314,
      5012315,
      5012316,
      5012317,
      5012318,
      5012319,
      5012320,
      5012321,
      5012322,
      5012323,
      5012324,
      5012325,
      5012326,
      5012327,
      5012328,
      5012329
    ]
  }
}