{
  "network_id": 18739,
  "seed": 5018739,
  "valid": true,
  "baseline_reward": -500.0,
  "stratum": "weak",
  "genome": {
    "max_growth_steps": 200,
    "size_x": 20,
    "size_y": 20,
    "diffusion_rate": 0.1668458450799368,
    "num_morphogens": 3,
    "division_threshold": 0.4988829248577722,
    "cell_differentiation_threshold": 0.6810076137761965,
    "axon_growth_threshold": 0.3783598258442688,
    "max_axon_length": 9,
    "axon_connect_threshold": 0.46156396447680614,
    "self_connect_isolated_neurons_fraction": 0.25913033582752637,
    "weight_adjustment_target": 0.5108728504566261,
    "weight_adjustment_rate": 0.01726759106344095,
    "progenitor_secretion_rates": [
      0.3078479593707851,
      0.10353725214514625,
      0.12778313434068983
    ],
    "neuron_secretion_rates": [
      0.462539535565567,
      0.07528235568997454,
      0.05910767775845893
    ],
    "inhibition_matrix": [
      [
        0.0,
        0.0,
        0.1709063455596443
      ],
      [
        0.0,
        0.0,
        0.080659974031149
      ],
      [
        0.0,
        0.0,
        0.0
      ]
    ],
    "diffusion_patterns": [
      [
        [
          0.14160855419458668,
          0.1624401304384347,
          0.22792880273032784
        ],
        [
          0.1320318097743108,
          0.022211981018859475,
          0.13928888181121188
        ],
        [
          0.05922518816038913,
          0.005834403469211252,
          0.10943024840266818
        ]
      ],
      [
        [
          0.20220098759572624,
          0.056268655002052005,
          0.19017614826118218
        ],
        [
          0.02585653873632021,
          0.1929515647462507,
          0.12087510203976576
        ],
        [
          0.02935989847082775,
          0.10702035149925682,
          0.07529075364861827
        ]
      ],
      [
        [
          0.021431950744733076,
          0.1391114225149233,
          0.15559823012220622
        ],
        [
          0.08063335749989305,
          0.1887322811787438,
          0.04777612888306331
        ],
        [
          0.16210608630646572,
          0.07420039749135757,
          0.13041014525861408
        ]
      ]
    ]
  },
  "network_stats": {
    "neurons": 400,
    "connections": 684
  },
  "rollout_data": {
    "rewards": [
      -500.0,
      -500.0,
      -500.0,
      -500.0,
      -500.0,
      -500.0,
      -500.0,
      -500.0,
      -500.0,
      -500.0,
      -500.0,
      -500.0,
      -500.0,
      -500.0,
      -500.0,
      -500.0,
      -500.0,
      -500.0,
      -500.0,
      -500.0
    ],
    "lengths": [
      500,
      500,
      500,
      500,
      500,
      500,
      500,
      500,
      500,
      500,
      500,
      500,
      500,
      500,
      500,
      500,
      500,
      500,
      500,
      500
    ],
    "eval_seeds": [
      5018739,
      5018740,
      5018741,
      5018742,
      5018743,
      5018744,
      5018745,
      5018746,
      5018747,
      5018748,
      5018749,
      5018750,
      5018751,
      5018752,
      5018753,
      5018754,
      5018755,
      5018756,
      5018757,
      5018758
    ]
  }
}