{
  "network_id": 9997,
  "seed": 5009997,
  "valid": true,
  "baseline_reward": -500.0,
  "stratum": "weak",
  "genome": {
    "max_growth_steps": 200,
    "size_x": 20,
    "size_y": 20,
    "diffusion_rate": 0.16997488817232942,
    "num_morphogens": 3,
    "division_threshold": 0.6275213640038236,
    "cell_differentiation_threshold": 0.42128798088072134,
    "axon_growth_threshold": 0.4912514068130223,
    "max_axon_length": 5,
    "axon_connect_threshold": 0.5100480079381573,
    "self_connect_isolated_neurons_fraction": 0.020466449950932063,
    "weight_adjustment_target": 0.5581907006403094,
    "weight_adjustment_rate": 0.006432724396170229,
    "progenitor_secretion_rates": [
      0.4097164008847177,
      0.23701478512142243,
      0.015411933661659383
    ],
    "neuron_secretion_rates": [
      0.16896246515985214,
      0.19167118013692452,
      0.30035682104140937
    ],
    "inhibition_matrix": [
      [
        0.0,
        0.0,
        0.0
      ],
      [
        0.05072224890140603,
        0.0,
        0.0
      ],
      [
        0.0,
        0.0,
        0.0
      ]
    ],
    "diffusion_patterns": [
      [
        [
          0.20571883903148447,
          0.03728730035097758,
          0.10481332521395444
        ],
        [
          0.11609785147622967,
          0.10649177990974372,
          0.08888472017615022
        ],
        [
          0.12252283238294852,
          0.011717104974518878,
          0.2064662464839925
        ]
      ],
      [
        [
          0.15389937928103792,
          0.2035778821312716,
          0.12822661459631896
        ],
        [
          0.1410238808262232,
          0.013632970001602417,
          0.09658070710332184
        ],
        [
          0.04601938607488987,
          0.01849294879464766,
          0.1985462311906865
        ]
      ],
      [
        [
          0.030496934219038853,
          0.0819819626176835,
          0.1721676915407773
        ],
        [
          0.0040769644950984845,
          0.11827424583421085,
          0.2630870418304686
        ],
        [
          0.017732072585383552,
          0.2960768135448366,
          0.016106273332502353
        ]
      ]
    ]
  },
  "network_stats": {
    "neurons": 62,
    "connections": 133
  },
  "rollout_data": {
    "rewards": [
      -500.0,
      -500.0,
      -500.0,
      -500.0,
      -500.0,
      -500.0,
      -500.0,
      -500.0,
      -500.0,
      -500.0,
      -500.0,
      -500.0,
      -500.0,
      -500.0,
      -500.0,
      -500.0,
      -500.0,
      -500.0,
      -500.0,
      -500.0
    ],
    "lengths": [
      500,
      500,
      500,
      500,
      500,
      500,
      500,
      500,
      500,
      500,
      500,
      500,
      500,
      500,
      500,
      500,
      500,
      500,
      500,
      500
    ],
    "eval_seeds": [
      5009997,
      5009998,
      5009999,
      5010000,
      5010001,
      5010002,
      5010003,
      5010004,
      5010005,
      5010006,
      5010007,
      5010008,
      5010009,
      5010010,
      5010011,
      5010012,
      5010013,
      5010014,
      5010015,
      5010016
    ]
  }
}