{
  "network_id": 6179,
  "seed": 5006179,
  "valid": true,
  "baseline_reward": -500.0,
  "stratum": "weak",
  "genome": {
    "max_growth_steps": 200,
    "size_x": 20,
    "size_y": 20,
    "diffusion_rate": 0.18907228636418164,
    "num_morphogens": 3,
    "division_threshold": 0.5993475748587214,
    "cell_differentiation_threshold": 0.6923145766277381,
    "axon_growth_threshold": 0.20693259243459525,
    "max_axon_length": 10,
    "axon_connect_threshold": 0.4860232708591479,
    "self_connect_isolated_neurons_fraction": 0.08978524458434207,
    "weight_adjustment_target": 0.37910579318297194,
    "weight_adjustment_rate": 0.01344083628778125,
    "progenitor_secretion_rates": [
      0.3611693028880095,
      0.10096365165541776,
      0.182370837281082
    ],
    "neuron_secretion_rates": [
      0.042163536950741154,
      0.46084666041478095,
      0.041858076504296515
    ],
    "inhibition_matrix": [
      [
        0.0,
        0.0,
        0.4025998591274768
      ],
      [
        0.0,
        0.0,
        0.0
      ],
      [
        0.0,
        0.39238715814759184,
        0.0
      ]
    ],
    "diffusion_patterns": [
      [
        [
          0.13568729763558898,
          0.09925565966941274,
          0.10601388968333436
        ],
        [
          0.04262011365530769,
          0.05561696434457909,
          0.12550851897590976
        ],
        [
          0.13449056638953713,
          0.1669867441714311,
          0.133820245474899
        ]
      ],
      [
        [
          0.1272679054580602,
          0.030725944967832364,
          0.043414112622650505
        ],
        [
          0.1259187317838557,
          0.2188275370462167,
          0.2080007441815803
        ],
        [
          0.05311450027654294,
          0.13189047136898258,
          0.06084005229427862
        ]
      ],
      [
        [
          0.15701967203730322,
          0.18949875711208017,
          0.1365162337566784
        ],
        [
          0.09440990158496564,
          0.09845626099607942,
          0.17657681645539386
        ],
        [
          0.015307519836728596,
          0.053459850241600604,
          0.07875498797917015
        ]
      ]
    ]
  },
  "network_stats": {
    "neurons": 400,
    "connections": 407
  },
  "rollout_data": {
    "rewards": [
      -500.0,
      -500.0,
      -500.0,
      -500.0,
      -500.0,
      -500.0,
      -500.0,
      -500.0,
      -500.0,
      -500.0,
      -500.0,
      -500.0,
      -500.0,
      -500.0,
      -500.0,
      -500.0,
      -500.0,
      -500.0,
      -500.0,
      -500.0
    ],
    "lengths": [
      500,
      500,
      500,
      500,
      500,
      500,
      500,
      500,
      500,
      500,
      500,
      500,
      500,
      500,
      500,
      500,
      500,
      500,
      500,
      500
    ],
    "eval_seeds": [
      5006179,
      5006180,
      5006181,
      5006182,
      5006183,
      5006184,
      5006185,
      5006186,
      5006187,
      5006188,
      5006189,
      5006190,
      5006191,
      5006192,
      5006193,
      5006194,
      5006195,
      5006196,
      5006197,
      5006198
    ]
  }
}