{
  "network_id": 9791,
  "seed": 5009791,
  "valid": true,
  "baseline_reward": -500.0,
  "stratum": "weak",
  "genome": {
    "max_growth_steps": 200,
    "size_x": 20,
    "size_y": 20,
    "diffusion_rate": 0.05119913734815083,
    "num_morphogens": 3,
    "division_threshold": 0.3770648964920952,
    "cell_differentiation_threshold": 0.5686461161602874,
    "axon_growth_threshold": 0.38910342900470035,
    "max_axon_length": 8,
    "axon_connect_threshold": 0.4213151999648515,
    "self_connect_isolated_neurons_fraction": 0.09332970394408915,
    "weight_adjustment_target": 0.582005576098608,
    "weight_adjustment_rate": 0.011329785285675586,
    "progenitor_secretion_rates": [
      0.209615875739742,
      0.4209329204709755,
      0.2023540257127226
    ],
    "neuron_secretion_rates": [
      0.16806403681355508,
      0.051255680765787126,
      0.23035965227985777
    ],
    "inhibition_matrix": [
      [
        0.0,
        0.0,
        0.0
      ],
      [
        0.0,
        0.0,
        0.0
      ],
      [
        0.0,
        0.0,
        0.0
      ]
    ],
    "diffusion_patterns": [
      [
        [
          0.027616712812966068,
          0.26816754759719447,
          0.06524946167907929
        ],
        [
          0.14676792348677278,
          0.11177061552100354,
          0.22874757938330623
        ],
        [
          0.0876005474851464,
          0.03346828602295282,
          0.03061132601157849
        ]
      ],
      [
        [
          0.003639930194496718,
          0.09543542186837535,
          0.05977550580787168
        ],
        [
          0.10122493521873903,
          0.10502539670874994,
          0.14631292668447468
        ],
        [
          0.31427741728198316,
          0.10804620576923891,
          0.06626226046607052
        ]
      ],
      [
        [
          0.24121044971853264,
          0.24746860068899348,
          0.20740737966252978
        ],
        [
          0.10252455658209378,
          0.005385615503090265,
          0.004136728011716811
        ],
        [
          0.07581941330285814,
          0.03283848728858926,
          0.08320876924159595
        ]
      ]
    ]
  },
  "network_stats": {
    "neurons": 10,
    "connections": 20
  },
  "rollout_data": {
    "rewards": [
      -500.0,
      -500.0,
      -500.0,
      -500.0,
      -500.0,
      -500.0,
      -500.0,
      -500.0,
      -500.0,
      -500.0,
      -500.0,
      -500.0,
      -500.0,
      -500.0,
      -500.0,
      -500.0,
      -500.0,
      -500.0,
      -500.0,
      -500.0
    ],
    "lengths": [
      500,
      500,
      500,
      500,
      500,
      500,
      500,
      500,
      500,
      500,
      500,
      500,
      500,
      500,
      500,
      500,
      500,
      500,
      500,
      500
    ],
    "eval_seeds": [
      5009791,
      5009792,
      5009793,
      5009794,
      5009795,
      5009796,
      5009797,
      5009798,
      5009799,
      5009800,
      5009801,
      5009802,
      5009803,
      5009804,
      5009805,
      5009806,
      5009807,
      5009808,
      5009809,
      5009810
    ]
  }
}