{
  "network_id": 19015,
  "seed": 5019015,
  "valid": true,
  "baseline_reward": -500.0,
  "stratum": "weak",
  "genome": {
    "max_growth_steps": 200,
    "size_x": 20,
    "size_y": 20,
    "diffusion_rate": 0.11050626534202022,
    "num_morphogens": 3,
    "division_threshold": 0.47100779004003135,
    "cell_differentiation_threshold": 0.49485671450577623,
    "axon_growth_threshold": 0.2597594871879062,
    "max_axon_length": 8,
    "axon_connect_threshold": 0.5970884417349315,
    "self_connect_isolated_neurons_fraction": 0.06909059600717596,
    "weight_adjustment_target": 0.5028590713906499,
    "weight_adjustment_rate": 0.00628775480063346,
    "progenitor_secretion_rates": [
      0.15182295644128424,
      0.09255731729167693,
      0.062413904794853925
    ],
    "neuron_secretion_rates": [
      0.4622655910403359,
      0.1175928395337264,
      0.22165374274838284
    ],
    "inhibition_matrix": [
      [
        0.0,
        0.0,
        0.07006490013029876
      ],
      [
        0.0,
        0.0,
        0.1972839182522862
      ],
      [
        0.0,
        0.0,
        0.0
      ]
    ],
    "diffusion_patterns": [
      [
        [
          0.11907948734422359,
          0.1215242421076793,
          0.16539200957020875
        ],
        [
          0.09986837829286023,
          0.0018244721536686032,
          0.05709709159798524
        ],
        [
          0.04298358295805827,
          0.22148795218006484,
          0.1707427837952511
        ]
      ],
      [
        [
          0.08242698964479378,
          0.0665557518266829,
          0.13845048881821265
        ],
        [
          0.012065832638181529,
          0.030405437849457366,
          0.19450724602599878
        ],
        [
          0.09146904569492492,
          0.1702012291752518,
          0.21391797832649623
        ]
      ],
      [
        [
          0.2149666957004065,
          0.20071956098636365,
          0.06065144955769608
        ],
        [
          0.014960580781589773,
          0.08545457672609227,
          0.007566157552860652
        ],
        [
          0.08596369299760959,
          0.14192658114085016,
          0.18779070455653127
        ]
      ]
    ]
  },
  "network_stats": {
    "neurons": 377,
    "connections": 1038
  },
  "rollout_data": {
    "rewards": [
      -500.0,
      -500.0,
      -500.0,
      -500.0,
      -500.0,
      -500.0,
      -500.0,
      -500.0,
      -500.0,
      -500.0,
      -500.0,
      -500.0,
      -500.0,
      -500.0,
      -500.0,
      -500.0,
      -500.0,
      -500.0,
      -500.0,
      -500.0
    ],
    "lengths": [
      500,
      500,
      500,
      500,
      500,
      500,
      500,
      500,
      500,
      500,
      500,
      500,
      500,
      500,
      500,
      500,
      500,
      500,
      500,
      500
    ],
    "eval_seeds": [
      5019015,
      5019016,
      5019017,
      5019018,
      5019019,
      5019020,
      5019021,
      5019022,
      5019023,
      5019024,
      5019025,
      5019026,
      5019027,
      5019028,
      5019029,
      5019030,
      5019031,
      5019032,
      5019033,
      5019034
    ]
  }
}