{
  "network_id": 12256,
  "seed": 5012256,
  "valid": true,
  "baseline_reward": -500.0,
  "stratum": "weak",
  "genome": {
    "max_growth_steps": 200,
    "size_x": 20,
    "size_y": 20,
    "diffusion_rate": 0.1118962346960376,
    "num_morphogens": 3,
    "division_threshold": 0.5002476088788885,
    "cell_differentiation_threshold": 0.5727258986771586,
    "axon_growth_threshold": 0.28822348708316886,
    "max_axon_length": 10,
    "axon_connect_threshold": 0.8435515220773763,
    "self_connect_isolated_neurons_fraction": 0.04228986850055137,
    "weight_adjustment_target": 0.5798780202405237,
    "weight_adjustment_rate": 0.006833612966535001,
    "progenitor_secretion_rates": [
      0.2893485156612515,
      0.2212734191211324,
      0.4382457625008415
    ],
    "neuron_secretion_rates": [
      0.43982614413119153,
      0.3241941719893781,
      0.22104986663954207
    ],
    "inhibition_matrix": [
      [
        0.0,
        0.0,
        0.12990720343172735
      ],
      [
        0.23340704688984926,
        0.0,
        0.0
      ],
      [
        0.06747788537698024,
        0.0,
        0.0
      ]
    ],
    "diffusion_patterns": [
      [
        [
          0.13579745939189872,
          0.23572033042811671,
          0.048777865070727025
        ],
        [
          0.058529940247645934,
          0.12635398088733468,
          0.03886595324177323
        ],
        [
          0.23348392715530822,
          0.11070237814028344,
          0.01176816543691204
        ]
      ],
      [
        [
          0.004691291834134512,
          0.22153725042106073,
          0.023069977192842477
        ],
        [
          0.12627618710777042,
          0.14613417050544356,
          0.08493998736115178
        ],
        [
          0.010582625289175586,
          0.20394638468634696,
          0.17882212560207397
        ]
      ],
      [
        [
          0.06742642821828111,
          0.10672646031457127,
          0.09490442100142488
        ],
        [
          0.2009000199179287,
          0.10261073035963006,
          0.20258711773552388
        ],
        [
          0.05581426715654849,
          0.03865300288415096,
          0.13037755241194066
        ]
      ]
    ]
  },
  "network_stats": {
    "neurons": 400,
    "connections": 1474
  },
  "rollout_data": {
    "rewards": [
      -500.0,
      -500.0,
      -500.0,
      -500.0,
      -500.0,
      -500.0,
      -500.0,
      -500.0,
      -500.0,
      -500.0,
      -500.0,
      -500.0,
      -500.0,
      -500.0,
      -500.0,
      -500.0,
      -500.0,
      -500.0,
      -500.0,
      -500.0
    ],
    "lengths": [
      500,
      500,
      500,
      500,
      500,
      500,
      500,
      500,
      500,
      500,
      500,
      500,
      500,
      500,
      500,
      500,
      500,
      500,
      500,
      500
    ],
    "eval_seeds": [
      5012256,
      5012257,
      5012258,
      5012259,
      5012260,
      5012261,
      5012262,
      5012263,
      5012264,
      5012265,
      5012266,
      5012267,
      5012268,
      5012269,
      5012270,
      5012271,
      5012272,
      5012273,
      5012274,
      5012275
    ]
  }
}