{
  "network_id": 3735,
  "seed": 5003735,
  "valid": true,
  "baseline_reward": -500.0,
  "stratum": "weak",
  "genome": {
    "max_growth_steps": 200,
    "size_x": 20,
    "size_y": 20,
    "diffusion_rate": 0.09814918232073333,
    "num_morphogens": 3,
    "division_threshold": 0.535765586948261,
    "cell_differentiation_threshold": 0.6845129921699363,
    "axon_growth_threshold": 0.2879257331621843,
    "max_axon_length": 9,
    "axon_connect_threshold": 0.4026667881531873,
    "self_connect_isolated_neurons_fraction": 0.14421107847591716,
    "weight_adjustment_target": 0.6393416899481813,
    "weight_adjustment_rate": 0.007385188377348332,
    "progenitor_secretion_rates": [
      0.22017526431423695,
      0.17935509815249506,
      0.006540454265720752
    ],
    "neuron_secretion_rates": [
      0.4133625392445437,
      0.4148376466103313,
      0.08902040141939743
    ],
    "inhibition_matrix": [
      [
        0.0,
        0.0,
        0.0
      ],
      [
        0.0,
        0.0,
        0.0
      ],
      [
        0.0,
        0.0,
        0.0
      ]
    ],
    "diffusion_patterns": [
      [
        [
          0.13756128830774783,
          0.17492814302906137,
          0.08426936622545043
        ],
        [
          0.09218190882178834,
          0.10057693349770379,
          0.15022185982527508
        ],
        [
          0.09765754091573674,
          0.02054314967367944,
          0.1420598097035569
        ]
      ],
      [
        [
          0.11127994392206798,
          0.17901206374769527,
          0.05044059756335577
        ],
        [
          0.19607951858287784,
          0.19910302364493318,
          0.15217039606407537
        ],
        [
          0.013068619984899086,
          0.05189533448828613,
          0.046950502001809565
        ]
      ],
      [
        [
          0.08342934203946885,
          0.1542490888661043,
          0.045198733611320166
        ],
        [
          0.19192213047300782,
          0.17213278693081965,
          0.09173223285250723
        ],
        [
          0.03563155224616546,
          0.06294850835429812,
          0.16275562462630827
        ]
      ]
    ]
  },
  "network_stats": {
    "neurons": 400,
    "connections": 1109
  },
  "rollout_data": {
    "rewards": [
      -500.0,
      -500.0,
      -500.0,
      -500.0,
      -500.0,
      -500.0,
      -500.0,
      -500.0,
      -500.0,
      -500.0,
      -500.0,
      -500.0,
      -500.0,
      -500.0,
      -500.0,
      -500.0,
      -500.0,
      -500.0,
      -500.0,
      -500.0
    ],
    "lengths": [
      500,
      500,
      500,
      500,
      500,
      500,
      500,
      500,
      500,
      500,
      500,
      500,
      500,
      500,
      500,
      500,
      500,
      500,
      500,
      500
    ],
    "eval_seeds": [
      5003735,
      5003736,
      5003737,
      5003738,
      5003739,
      5003740,
      5003741,
      5003742,
      5003743,
      5003744,
      5003745,
      5003746,
      5003747,
      5003748,
      5003749,
      5003750,
      5003751,
      5003752,
      5003753,
      5003754
    ]
  }
}