{
  "network_id": 13858,
  "seed": 5013858,
  "valid": true,
  "baseline_reward": -500.0,
  "stratum": "weak",
  "genome": {
    "max_growth_steps": 200,
    "size_x": 20,
    "size_y": 20,
    "diffusion_rate": 0.1813165821308212,
    "num_morphogens": 3,
    "division_threshold": 0.4471052540950913,
    "cell_differentiation_threshold": 0.5796881730809063,
    "axon_growth_threshold": 0.302720617616929,
    "max_axon_length": 10,
    "axon_connect_threshold": 0.8623034225143801,
    "self_connect_isolated_neurons_fraction": 0.2410895349340287,
    "weight_adjustment_target": 0.35381979323663404,
    "weight_adjustment_rate": 0.016666198462449024,
    "progenitor_secretion_rates": [
      0.32456955419818495,
      0.19434699255887194,
      0.012049800642214337
    ],
    "neuron_secretion_rates": [
      0.15656413582172707,
      0.0719649909411631,
      0.402155786343922
    ],
    "inhibition_matrix": [
      [
        0.0,
        0.0,
        0.33293968239604604
      ],
      [
        0.0,
        0.0,
        0.20210139370210062
      ],
      [
        0.0,
        0.0,
        0.0
      ]
    ],
    "diffusion_patterns": [
      [
        [
          0.015915212214957484,
          0.08101601196691799,
          0.1578374310901135
        ],
        [
          0.011294685785120924,
          0.07689969683087311,
          0.22475897551045462
        ],
        [
          0.05527053520593125,
          0.1907259919325867,
          0.1862814594630444
        ]
      ],
      [
        [
          0.04816893974399949,
          0.19153766468507585,
          0.0025864087771531675
        ],
        [
          0.16103525293488075,
          0.05254640197671848,
          0.19211559944296686
        ],
        [
          0.15358959078786036,
          0.15548412725901206,
          0.042936014392332876
        ]
      ],
      [
        [
          0.10484954680958214,
          0.1747133706106286,
          0.18217691974340508
        ],
        [
          0.26296339698903615,
          0.033896621074794735,
          0.07407135163174736
        ],
        [
          0.013569032895215367,
          0.002079695806541886,
          0.1516800644390488
        ]
      ]
    ]
  },
  "network_stats": {
    "neurons": 400,
    "connections": 1106
  },
  "rollout_data": {
    "rewards": [
      -500.0,
      -500.0,
      -500.0,
      -500.0,
      -500.0,
      -500.0,
      -500.0,
      -500.0,
      -500.0,
      -500.0,
      -500.0,
      -500.0,
      -500.0,
      -500.0,
      -500.0,
      -500.0,
      -500.0,
      -500.0,
      -500.0,
      -500.0
    ],
    "lengths": [
      500,
      500,
      500,
      500,
      500,
      500,
      500,
      500,
      500,
      500,
      500,
      500,
      500,
      500,
      500,
      500,
      500,
      500,
      500,
      500
    ],
    "eval_seeds": [
      5013858,
      5013859,
      5013860,
      5013861,
      5013862,
      5013863,
      5013864,
      5013865,
      5013866,
      5013867,
      5013868,
      5013869,
      5013870,
      5013871,
      5013872,
      5013873,
      5013874,
      5013875,
      5013876,
      5013877
    ]
  }
}