{
  "network_id": 1414,
  "seed": 5001414,
  "valid": true,
  "baseline_reward": -500.0,
  "stratum": "weak",
  "genome": {
    "max_growth_steps": 200,
    "size_x": 20,
    "size_y": 20,
    "diffusion_rate": 0.1922034129391753,
    "num_morphogens": 3,
    "division_threshold": 0.3441032293500993,
    "cell_differentiation_threshold": 0.3671207136738967,
    "axon_growth_threshold": 0.24357931433393654,
    "max_axon_length": 7,
    "axon_connect_threshold": 0.7641921219362818,
    "self_connect_isolated_neurons_fraction": 0.0032440761603236166,
    "weight_adjustment_target": 0.35169169643288667,
    "weight_adjustment_rate": 0.006981333794738334,
    "progenitor_secretion_rates": [
      0.44606432174065125,
      0.33203890933713254,
      0.007860938986277877
    ],
    "neuron_secretion_rates": [
      0.023886007235647433,
      0.49769925424793643,
      0.4531429782511111
    ],
    "inhibition_matrix": [
      [
        0.0,
        0.0,
        0.491863336039531
      ],
      [
        0.0,
        0.0,
        0.45500665617679215
      ],
      [
        0.0,
        0.0,
        0.0
      ]
    ],
    "diffusion_patterns": [
      [
        [
          0.033751383007317455,
          0.13743121228990926,
          0.0887303043329815
        ],
        [
          0.10640274415515429,
          0.09636859692869548,
          0.08182298662397144
        ],
        [
          0.07203582127776795,
          0.15799545622444597,
          0.22546149515975672
        ]
      ],
      [
        [
          0.007718839039352961,
          0.12364249700102549,
          0.017399004235546155
        ],
        [
          0.1837764479116392,
          0.06885993189846125,
          0.10171414399777305
        ],
        [
          0.04593949419476458,
          0.2245657621838651,
          0.22638387953757225
        ]
      ],
      [
        [
          0.13995947682459245,
          0.021300111066283697,
          0.17263863908963675
        ],
        [
          0.1639391027506641,
          0.1649033735762388,
          0.02350116074443268
        ],
        [
          0.06844571169817949,
          0.11467479830452966,
          0.1306376259454424
        ]
      ]
    ]
  },
  "network_stats": {
    "neurons": 376,
    "connections": 1080
  },
  "rollout_data": {
    "rewards": [
      -500.0,
      -500.0,
      -500.0,
      -500.0,
      -500.0,
      -500.0,
      -500.0,
      -500.0,
      -500.0,
      -500.0,
      -500.0,
      -500.0,
      -500.0,
      -500.0,
      -500.0,
      -500.0,
      -500.0,
      -500.0,
      -500.0,
      -500.0
    ],
    "lengths": [
      500,
      500,
      500,
      500,
      500,
      500,
      500,
      500,
      500,
      500,
      500,
      500,
      500,
      500,
      500,
      500,
      500,
      500,
      500,
      500
    ],
    "eval_seeds": [
      5001414,
      5001415,
      5001416,
      5001417,
      5001418,
      5001419,
      5001420,
      5001421,
      5001422,
      5001423,
      5001424,
      5001425,
      5001426,
      5001427,
      5001428,
      5001429,
      5001430,
      5001431,
      5001432,
      5001433
    ]
  }
}