{
  "network_id": 5811,
  "seed": 5005811,
  "valid": true,
  "baseline_reward": -500.0,
  "stratum": "weak",
  "genome": {
    "max_growth_steps": 200,
    "size_x": 20,
    "size_y": 20,
    "diffusion_rate": 0.16642779863294452,
    "num_morphogens": 3,
    "division_threshold": 0.6191780398944075,
    "cell_differentiation_threshold": 0.5667073822456581,
    "axon_growth_threshold": 0.49399752146930587,
    "max_axon_length": 10,
    "axon_connect_threshold": 0.9786814370846183,
    "self_connect_isolated_neurons_fraction": 0.2758692433931064,
    "weight_adjustment_target": 0.36002804195733584,
    "weight_adjustment_rate": 0.007223336168889465,
    "progenitor_secretion_rates": [
      0.4466730509416395,
      0.0886949178223877,
      0.002226001295328517
    ],
    "neuron_secretion_rates": [
      0.021151687183178947,
      0.14758156140737644,
      0.4920091972388278
    ],
    "inhibition_matrix": [
      [
        0.0,
        0.2930054448781575,
        0.0
      ],
      [
        0.0,
        0.0,
        0.24880332795188292
      ],
      [
        0.0,
        0.0,
        0.0
      ]
    ],
    "diffusion_patterns": [
      [
        [
          0.06578403004516709,
          0.1613953297794186,
          0.0642342764458217
        ],
        [
          0.07764338203320653,
          0.13727163342016285,
          0.20744874367712832
        ],
        [
          0.1738127642220921,
          0.08014515804574031,
          0.03226468233126263
        ]
      ],
      [
        [
          0.17077749999948186,
          0.1117055050593109,
          0.01009804722660529
        ],
        [
          0.24284629922578088,
          0.10005477895917847,
          0.21439126810986459
        ],
        [
          0.08507029295085419,
          0.03323784921689196,
          0.03181845925203189
        ]
      ],
      [
        [
          0.22698826982667208,
          0.06636040420227363,
          0.08625630398437979
        ],
        [
          0.1591295601359954,
          0.005894114843057889,
          0.14240409568282217
        ],
        [
          0.028762457934532568,
          0.18751583865390622,
          0.09668895473636008
        ]
      ]
    ]
  },
  "network_stats": {
    "neurons": 400,
    "connections": 1084
  },
  "rollout_data": {
    "rewards": [
      -500.0,
      -500.0,
      -500.0,
      -500.0,
      -500.0,
      -500.0,
      -500.0,
      -500.0,
      -500.0,
      -500.0,
      -500.0,
      -500.0,
      -500.0,
      -500.0,
      -500.0,
      -500.0,
      -500.0,
      -500.0,
      -500.0,
      -500.0
    ],
    "lengths": [
      500,
      500,
      500,
      500,
      500,
      500,
      500,
      500,
      500,
      500,
      500,
      500,
      500,
      500,
      500,
      500,
      500,
      500,
      500,
      500
    ],
    "eval_seeds": [
      5005811,
      5005812,
      5005813,
      5005814,
      5005815,
      5005816,
      5005817,
      5005818,
      5005819,
      5005820,
      5005821,
      5005822,
      5005823,
      5005824,
      5005825,
      5005826,
      5005827,
      5005828,
      5005829,
      5005830
    ]
  }
}