{
  "network_id": 1092,
  "seed": 5001092,
  "valid": true,
  "baseline_reward": -500.0,
  "stratum": "weak",
  "genome": {
    "max_growth_steps": 200,
    "size_x": 20,
    "size_y": 20,
    "diffusion_rate": 0.13768548960891996,
    "num_morphogens": 3,
    "division_threshold": 0.576810624216319,
    "cell_differentiation_threshold": 0.5959025202211597,
    "axon_growth_threshold": 0.315593416422979,
    "max_axon_length": 10,
    "axon_connect_threshold": 0.4525201245419838,
    "self_connect_isolated_neurons_fraction": 0.1537279419869856,
    "weight_adjustment_target": 0.43555655728150855,
    "weight_adjustment_rate": 0.013819741901021176,
    "progenitor_secretion_rates": [
      0.12490316027459858,
      0.010335215124468888,
      0.25632094018626034
    ],
    "neuron_secretion_rates": [
      0.2832283822729952,
      0.16857083026443492,
      0.29848496959756393
    ],
    "inhibition_matrix": [
      [
        0.0,
        0.0,
        0.0
      ],
      [
        0.0,
        0.0,
        0.0
      ],
      [
        0.0,
        0.3659072289196193,
        0.0
      ]
    ],
    "diffusion_patterns": [
      [
        [
          0.1442635060528012,
          0.04122951264922152,
          0.0676600772659633
        ],
        [
          0.24680141184843984,
          0.06029445161740024,
          0.12579589836604815
        ],
        [
          0.2564703480403154,
          0.04495150603350187,
          0.012533288126308396
        ]
      ],
      [
        [
          0.2080390900381094,
          0.028716020588216914,
          0.10920722388808488
        ],
        [
          0.14198790823588128,
          0.11089026855380445,
          0.15815119692428128
        ],
        [
          0.08356542804125168,
          0.10292848787993353,
          0.05651437585043674
        ]
      ],
      [
        [
          0.14420111484358428,
          0.06226390622944561,
          0.24847035996025832
        ],
        [
          0.07861588682727057,
          0.09592756341150682,
          0.08991084559320706
        ],
        [
          0.0444062041340173,
          0.19446152158590543,
          0.04174259741480479
        ]
      ]
    ]
  },
  "network_stats": {
    "neurons": 400,
    "connections": 1347
  },
  "rollout_data": {
    "rewards": [
      -500.0,
      -500.0,
      -500.0,
      -500.0,
      -500.0,
      -500.0,
      -500.0,
      -500.0,
      -500.0,
      -500.0,
      -500.0,
      -500.0,
      -500.0,
      -500.0,
      -500.0,
      -500.0,
      -500.0,
      -500.0,
      -500.0,
      -500.0
    ],
    "lengths": [
      500,
      500,
      500,
      500,
      500,
      500,
      500,
      500,
      500,
      500,
      500,
      500,
      500,
      500,
      500,
      500,
      500,
      500,
      500,
      500
    ],
    "eval_seeds": [
      5001092,
      5001093,
      5001094,
      5001095,
      5001096,
      5001097,
      5001098,
      5001099,
      5001100,
      5001101,
      5001102,
      5001103,
      5001104,
      5001105,
      5001106,
      5001107,
      5001108,
      5001109,
      5001110,
      5001111
    ]
  }
}