{
  "network_id": 6428,
  "seed": 5006428,
  "valid": true,
  "baseline_reward": -500.0,
  "stratum": "weak",
  "genome": {
    "max_growth_steps": 200,
    "size_x": 20,
    "size_y": 20,
    "diffusion_rate": 0.14281062795828586,
    "num_morphogens": 3,
    "division_threshold": 0.41978669970903254,
    "cell_differentiation_threshold": 0.6545425081872939,
    "axon_growth_threshold": 0.47697402504653813,
    "max_axon_length": 3,
    "axon_connect_threshold": 0.8805077910758844,
    "self_connect_isolated_neurons_fraction": 0.12035933515624452,
    "weight_adjustment_target": 0.6546349574401665,
    "weight_adjustment_rate": 0.013469230707710602,
    "progenitor_secretion_rates": [
      0.3598874019471211,
      0.15101860774774145,
      0.1608149124480645
    ],
    "neuron_secretion_rates": [
      0.27184369871489306,
      0.05516088315321099,
      0.0464181208259381
    ],
    "inhibition_matrix": [
      [
        0.0,
        0.3067387684333448,
        0.0
      ],
      [
        0.0,
        0.0,
        0.0
      ],
      [
        0.0,
        0.0,
        0.0
      ]
    ],
    "diffusion_patterns": [
      [
        [
          0.18435479354433357,
          0.09767686713559708,
          0.02920542343254155
        ],
        [
          0.1261217657448439,
          0.17227883696292037,
          0.09693915632032597
        ],
        [
          0.037148025305941655,
          0.09556088303669127,
          0.16071424851680474
        ]
      ],
      [
        [
          0.08733568583095362,
          0.0340362590750026,
          0.026453914903700085
        ],
        [
          0.021286258580465862,
          0.15692843400636275,
          0.25850053967773784
        ],
        [
          0.013262209854966022,
          0.37071089830224146,
          0.03148579976856959
        ]
      ],
      [
        [
          0.1844883366289029,
          0.08984156156540708,
          0.17330389279474118
        ],
        [
          0.017097738313884833,
          0.02358540683566476,
          0.04143210163397055
        ],
        [
          0.13299656018461098,
          0.1083244901423706,
          0.22892991190044712
        ]
      ]
    ]
  },
  "network_stats": {
    "neurons": 400,
    "connections": 1107
  },
  "rollout_data": {
    "rewards": [
      -500.0,
      -500.0,
      -500.0,
      -500.0,
      -500.0,
      -500.0,
      -500.0,
      -500.0,
      -500.0,
      -500.0,
      -500.0,
      -500.0,
      -500.0,
      -500.0,
      -500.0,
      -500.0,
      -500.0,
      -500.0,
      -500.0,
      -500.0
    ],
    "lengths": [
      500,
      500,
      500,
      500,
      500,
      500,
      500,
      500,
      500,
      500,
      500,
      500,
      500,
      500,
      500,
      500,
      500,
      500,
      500,
      500
    ],
    "eval_seeds": [
      5006428,
      5006429,
      5006430,
      5006431,
      5006432,
      5006433,
      5006434,
      5006435,
      5006436,
      5006437,
      5006438,
      5006439,
      5006440,
      5006441,
      5006442,
      5006443,
      5006444,
      5006445,
      5006446,
      5006447
    ]
  }
}