{
  "network_id": 11940,
  "seed": 5011940,
  "valid": true,
  "baseline_reward": -239.35,
  "stratum": "high_mid",
  "genome": {
    "max_growth_steps": 200,
    "size_x": 20,
    "size_y": 20,
    "diffusion_rate": 0.1990601523744822,
    "num_morphogens": 3,
    "division_threshold": 0.3375895782881258,
    "cell_differentiation_threshold": 0.4711205714144626,
    "axon_growth_threshold": 0.29323430968197467,
    "max_axon_length": 2,
    "axon_connect_threshold": 0.7154999517949495,
    "self_connect_isolated_neurons_fraction": 0.0430328245741423,
    "weight_adjustment_target": 0.3685270411942201,
    "weight_adjustment_rate": 0.016578173833796603,
    "progenitor_secretion_rates": [
      0.33818794496282245,
      0.2608950072339948,
      0.06801403190657873
    ],
    "neuron_secretion_rates": [
      0.11118942397570925,
      0.14830000665305693,
      0.2015206817021723
    ],
    "inhibition_matrix": [
      [
        0.0,
        0.31470327721997354,
        0.37999395736351077
      ],
      [
        0.016666267665413403,
        0.0,
        0.45179832436463346
      ],
      [
        0.25816405193093983,
        0.0,
        0.0
      ]
    ],
    "diffusion_patterns": [
      [
        [
          0.09233945621648877,
          0.04748315595841251,
          0.021878747243319268
        ],
        [
          0.11122905979283632,
          0.09969179587335,
          0.19793547028922173
        ],
        [
          0.08363772108858887,
          0.1505779989281538,
          0.19522659460962882
        ]
      ],
      [
        [
          0.16337094239515917,
          0.16764375082060082,
          0.0722427323673576
        ],
        [
          0.13042823927614056,
          0.09794671486034058,
          0.03977860393446064
        ],
        [
          0.2324232787303069,
          0.0524404026772987,
          0.04372533493833504
        ]
      ],
      [
        [
          0.18323464889093877,
          0.1706147621652034,
          0.04256487943295925
        ],
        [
          0.01569914400919,
          0.13863415446309937,
          0.11554694932984635
        ],
        [
          0.08935852085073676,
          0.012547646114474549,
          0.23179929474355154
        ]
      ]
    ]
  },
  "network_stats": {
    "neurons": 393,
    "connections": 1819
  },
  "rollout_data": {
    "rewards": [
      -197.0,
      -214.0,
      -203.0,
      -173.0,
      -155.0,
      -156.0,
      -262.0,
      -243.0,
      -156.0,
      -273.0,
      -347.0,
      -310.0,
      -334.0,
      -199.0,
      -240.0,
      -180.0,
      -500.0,
      -192.0,
      -202.0,
      -251.0
    ],
    "lengths": [
      198,
      215,
      204,
      174,
      156,
      157,
      263,
      244,
      157,
      274,
      348,
      311,
      335,
      200,
      241,
      181,
      500,
      193,
      203,
      252
    ],
    "eval_seeds": [
      5011940,
      5011941,
      5011942,
      5011943,
      5011944,
      5011945,
      5011946,
      5011947,
      5011948,
      5011949,
      5011950,
      5011951,
      5011952,
      5011953,
      5011954,
      5011955,
      5011956,
      5011957,
      5011958,
      5011959
    ]
  }
}