{
  "network_id": 2757,
  "seed": 5002757,
  "valid": true,
  "baseline_reward": -500.0,
  "stratum": "weak",
  "genome": {
    "max_growth_steps": 200,
    "size_x": 20,
    "size_y": 20,
    "diffusion_rate": 0.08610513490758757,
    "num_morphogens": 3,
    "division_threshold": 0.5624084832141797,
    "cell_differentiation_threshold": 0.6513501576862135,
    "axon_growth_threshold": 0.4619726341864059,
    "max_axon_length": 2,
    "axon_connect_threshold": 0.904615688864131,
    "self_connect_isolated_neurons_fraction": 0.001517418411827498,
    "weight_adjustment_target": 0.3674445086551382,
    "weight_adjustment_rate": 0.010605580313291374,
    "progenitor_secretion_rates": [
      0.07900351874337003,
      0.4500762576426248,
      0.40102709975510836
    ],
    "neuron_secretion_rates": [
      0.04783238169090376,
      0.26994812540707513,
      0.16521351068981616
    ],
    "inhibition_matrix": [
      [
        0.0,
        0.0,
        0.0
      ],
      [
        0.0,
        0.0,
        0.32006892941020487
      ],
      [
        0.0,
        0.0,
        0.0
      ]
    ],
    "diffusion_patterns": [
      [
        [
          0.01999401426986995,
          0.11659004235546774,
          0.20755656953490237
        ],
        [
          0.08346191816392118,
          0.10222413979539734,
          0.18722162215868504
        ],
        [
          0.12314983322370453,
          0.10200284801768533,
          0.05779901248036649
        ]
      ],
      [
        [
          0.09748487429088067,
          0.12284974102640553,
          0.1734067615052601
        ],
        [
          0.044068738504979145,
          0.07151513313893398,
          0.1068394436272368
        ],
        [
          0.15998724655010965,
          0.08890062166591685,
          0.13494743969027737
        ]
      ],
      [
        [
          0.19485631616373836,
          0.06891864489746204,
          0.09011592884293454
        ],
        [
          0.004391129963478272,
          0.12820390188297112,
          0.10977317729648604
        ],
        [
          0.1585300814271685,
          0.11547634274252355,
          0.12973447678323755
        ]
      ]
    ]
  },
  "network_stats": {
    "neurons": 391,
    "connections": 999
  },
  "rollout_data": {
    "rewards": [
      -500.0,
      -500.0,
      -500.0,
      -500.0,
      -500.0,
      -500.0,
      -500.0,
      -500.0,
      -500.0,
      -500.0,
      -500.0,
      -500.0,
      -500.0,
      -500.0,
      -500.0,
      -500.0,
      -500.0,
      -500.0,
      -500.0,
      -500.0
    ],
    "lengths": [
      500,
      500,
      500,
      500,
      500,
      500,
      500,
      500,
      500,
      500,
      500,
      500,
      500,
      500,
      500,
      500,
      500,
      500,
      500,
      500
    ],
    "eval_seeds": [
      5002757,
      5002758,
      5002759,
      5002760,
      5002761,
      5002762,
      5002763,
      5002764,
      5002765,
      5002766,
      5002767,
      5002768,
      5002769,
      5002770,
      5002771,
      5002772,
      5002773,
      5002774,
      5002775,
      5002776
    ]
  }
}