{
  "network_id": 14840,
  "seed": 5014840,
  "valid": true,
  "baseline_reward": -500.0,
  "stratum": "weak",
  "genome": {
    "max_growth_steps": 200,
    "size_x": 20,
    "size_y": 20,
    "diffusion_rate": 0.08314409515658402,
    "num_morphogens": 3,
    "division_threshold": 0.563333173970311,
    "cell_differentiation_threshold": 0.44708102142225603,
    "axon_growth_threshold": 0.31960844747786443,
    "max_axon_length": 6,
    "axon_connect_threshold": 0.6437040809177703,
    "self_connect_isolated_neurons_fraction": 0.1709392214007138,
    "weight_adjustment_target": 0.333970923151997,
    "weight_adjustment_rate": 0.009983410433466487,
    "progenitor_secretion_rates": [
      0.3900487505705109,
      0.19387545688595292,
      0.2617057782153872
    ],
    "neuron_secretion_rates": [
      0.0849507537711342,
      0.2835847629262292,
      0.330584060074095
    ],
    "inhibition_matrix": [
      [
        0.0,
        0.17530537090371168,
        0.0
      ],
      [
        0.33045622904818267,
        0.0,
        0.0
      ],
      [
        0.0,
        0.0,
        0.0
      ]
    ],
    "diffusion_patterns": [
      [
        [
          0.18101537585500393,
          0.0019931296457334617,
          0.1448832503494647
        ],
        [
          0.07901568638553046,
          0.20564240793493044,
          0.17450628968713972
        ],
        [
          0.09703838509011528,
          0.0506077405476352,
          0.0652977345044468
        ]
      ],
      [
        [
          0.08072555067820145,
          0.13592871832472792,
          0.027056880544827508
        ],
        [
          0.08000790537824552,
          0.201430811995276,
          0.08096059348427563
        ],
        [
          0.14701659394816868,
          0.18486249637209878,
          0.06201044927417855
        ]
      ],
      [
        [
          0.20135402445024095,
          0.019895690232213048,
          0.06894086681625201
        ],
        [
          0.10955251644259395,
          0.039635929114832706,
          0.21513771869198697
        ],
        [
          0.007834987133180087,
          0.14249071176809314,
          0.19515755535060728
        ]
      ]
    ]
  },
  "network_stats": {
    "neurons": 400,
    "connections": 530
  },
  "rollout_data": {
    "rewards": [
      -500.0,
      -500.0,
      -500.0,
      -500.0,
      -500.0,
      -500.0,
      -500.0,
      -500.0,
      -500.0,
      -500.0,
      -500.0,
      -500.0,
      -500.0,
      -500.0,
      -500.0,
      -500.0,
      -500.0,
      -500.0,
      -500.0,
      -500.0
    ],
    "lengths": [
      500,
      500,
      500,
      500,
      500,
      500,
      500,
      500,
      500,
      500,
      500,
      500,
      500,
      500,
      500,
      500,
      500,
      500,
      500,
      500
    ],
    "eval_seeds": [
      5014840,
      5014841,
      5014842,
      5014843,
      5014844,
      5014845,
      5014846,
      5014847,
      5014848,
      5014849,
      5014850,
      5014851,
      5014852,
      5014853,
      5014854,
      5014855,
      5014856,
      5014857,
      5014858,
      5014859
    ]
  }
}