{
  "network_id": 5214,
  "seed": 5005214,
  "valid": true,
  "baseline_reward": -500.0,
  "stratum": "weak",
  "genome": {
    "max_growth_steps": 200,
    "size_x": 20,
    "size_y": 20,
    "diffusion_rate": 0.06603058447916298,
    "num_morphogens": 3,
    "division_threshold": 0.44728742149621237,
    "cell_differentiation_threshold": 0.5217607489600894,
    "axon_growth_threshold": 0.3754072362881272,
    "max_axon_length": 2,
    "axon_connect_threshold": 0.5604410354087263,
    "self_connect_isolated_neurons_fraction": 0.09125983966778027,
    "weight_adjustment_target": 0.31029465065712747,
    "weight_adjustment_rate": 0.01451904170217133,
    "progenitor_secretion_rates": [
      0.3812925247476364,
      0.20536931705385214,
      0.24178053727995857
    ],
    "neuron_secretion_rates": [
      0.1709088562981535,
      0.07525652138283945,
      0.44035462840947776
    ],
    "inhibition_matrix": [
      [
        0.0,
        0.0,
        0.0
      ],
      [
        0.0,
        0.0,
        0.0
      ],
      [
        0.0,
        0.0,
        0.0
      ]
    ],
    "diffusion_patterns": [
      [
        [
          0.037826767720783375,
          0.06802751096360968,
          0.11157417566609272
        ],
        [
          0.20081728138281932,
          0.15144160584165356,
          0.19252029114684285
        ],
        [
          0.14411465890625702,
          0.07898136378756276,
          0.014696344584378717
        ]
      ],
      [
        [
          0.03574846715830905,
          0.04607657422322888,
          0.13537225186725213
        ],
        [
          0.08597278868590627,
          0.1358537015720046,
          0.07223528265813121
        ],
        [
          0.10842550032012153,
          0.18544992771456908,
          0.19486550580047735
        ]
      ],
      [
        [
          0.16769145045719402,
          0.02208276109182699,
          0.06366564007217881
        ],
        [
          0.198679533769104,
          0.03946197383533804,
          0.07957162993576312
        ],
        [
          0.147308218792004,
          0.15416313717952648,
          0.12737565486706445
        ]
      ]
    ]
  },
  "network_stats": {
    "neurons": 400,
    "connections": 1019
  },
  "rollout_data": {
    "rewards": [
      -500.0,
      -500.0,
      -500.0,
      -500.0,
      -500.0,
      -500.0,
      -500.0,
      -500.0,
      -500.0,
      -500.0,
      -500.0,
      -500.0,
      -500.0,
      -500.0,
      -500.0,
      -500.0,
      -500.0,
      -500.0,
      -500.0,
      -500.0
    ],
    "lengths": [
      500,
      500,
      500,
      500,
      500,
      500,
      500,
      500,
      500,
      500,
      500,
      500,
      500,
      500,
      500,
      500,
      500,
      500,
      500,
      500
    ],
    "eval_seeds": [
      5005214,
      5005215,
      5005216,
      5005217,
      5005218,
      5005219,
      5005220,
      5005221,
      5005222,
      5005223,
      5005224,
      5005225,
      5005226,
      5005227,
      5005228,
      5005229,
      5005230,
      5005231,
      5005232,
      5005233
    ]
  }
}