{
  "network_id": 3511,
  "seed": 5003511,
  "valid": true,
  "baseline_reward": -500.0,
  "stratum": "weak",
  "genome": {
    "max_growth_steps": 200,
    "size_x": 20,
    "size_y": 20,
    "diffusion_rate": 0.1473603611484823,
    "num_morphogens": 3,
    "division_threshold": 0.46634397074297695,
    "cell_differentiation_threshold": 0.6917178917612501,
    "axon_growth_threshold": 0.3833865898945167,
    "max_axon_length": 9,
    "axon_connect_threshold": 0.7962443968947408,
    "self_connect_isolated_neurons_fraction": 0.2466648290444881,
    "weight_adjustment_target": 0.6467969792631717,
    "weight_adjustment_rate": 0.018721939710122367,
    "progenitor_secretion_rates": [
      0.16159302349845261,
      0.06745198268338987,
      0.1301203347720199
    ],
    "neuron_secretion_rates": [
      0.191417774654351,
      0.4107529071480348,
      0.13082005019336107
    ],
    "inhibition_matrix": [
      [
        0.0,
        0.0946833635446469,
        0.0
      ],
      [
        0.0,
        0.0,
        0.0
      ],
      [
        0.0,
        0.0,
        0.0
      ]
    ],
    "diffusion_patterns": [
      [
        [
          0.1031941574904898,
          0.16212743776739805,
          0.1628295116377268
        ],
        [
          0.11672643082064947,
          0.03359566522232057,
          0.05505636155497418
        ],
        [
          0.16560102373974825,
          0.0569852976366902,
          0.14388411413000277
        ]
      ],
      [
        [
          0.2581117837288004,
          0.2456686545911535,
          0.06560887243646818
        ],
        [
          0.018283461851272498,
          0.05995540895518507,
          0.023806777761548912
        ],
        [
          0.01954900036406551,
          0.1483178988555354,
          0.16069814145597064
        ]
      ],
      [
        [
          0.11387911920042196,
          0.03162370256585365,
          0.1870305289928892
        ],
        [
          0.08882142482374657,
          0.1740066055933352,
          0.09402836121287353
        ],
        [
          0.020672837668455707,
          0.184003760684539,
          0.10593365925788521
        ]
      ]
    ]
  },
  "network_stats": {
    "neurons": 400,
    "connections": 680
  },
  "rollout_data": {
    "rewards": [
      -500.0,
      -500.0,
      -500.0,
      -500.0,
      -500.0,
      -500.0,
      -500.0,
      -500.0,
      -500.0,
      -500.0,
      -500.0,
      -500.0,
      -500.0,
      -500.0,
      -500.0,
      -500.0,
      -500.0,
      -500.0,
      -500.0,
      -500.0
    ],
    "lengths": [
      500,
      500,
      500,
      500,
      500,
      500,
      500,
      500,
      500,
      500,
      500,
      500,
      500,
      500,
      500,
      500,
      500,
      500,
      500,
      500
    ],
    "eval_seeds": [
      5003511,
      5003512,
      5003513,
      5003514,
      5003515,
      5003516,
      5003517,
      5003518,
      5003519,
      5003520,
      5003521,
      5003522,
      5003523,
      5003524,
      5003525,
      5003526,
      5003527,
      5003528,
      5003529,
      5003530
    ]
  }
}