{
  "network_id": 5724,
  "seed": 5005724,
  "valid": true,
  "baseline_reward": -157.2,
  "stratum": "near_perfect",
  "genome": {
    "max_growth_steps": 200,
    "size_x": 20,
    "size_y": 20,
    "diffusion_rate": 0.13606584200474542,
    "num_morphogens": 3,
    "division_threshold": 0.3479846282589313,
    "cell_differentiation_threshold": 0.6152909385295313,
    "axon_growth_threshold": 0.3259100281471226,
    "max_axon_length": 6,
    "axon_connect_threshold": 0.514400690038327,
    "self_connect_isolated_neurons_fraction": 0.21821747650821496,
    "weight_adjustment_target": 0.3770526862399418,
    "weight_adjustment_rate": 0.012694775533909793,
    "progenitor_secretion_rates": [
      0.2913053428128236,
      0.18243509297674548,
      0.3545294278761064
    ],
    "neuron_secretion_rates": [
      0.25459776018198116,
      0.46617911688018,
      0.47542430499062643
    ],
    "inhibition_matrix": [
      [
        0.0,
        0.0,
        0.17524407087342836
      ],
      [
        0.0,
        0.0,
        0.0
      ],
      [
        0.0,
        0.0,
        0.0
      ]
    ],
    "diffusion_patterns": [
      [
        [
          0.07631638078003988,
          0.15160120579479366,
          0.15474882990323707
        ],
        [
          0.019664254071099188,
          0.06340540846247103,
          0.19538804344303273
        ],
        [
          0.09442880306393424,
          0.06885213475621252,
          0.17559493972517978
        ]
      ],
      [
        [
          0.02714285939375601,
          0.0782634611236802,
          0.07559721529248183
        ],
        [
          0.13372096364149177,
          0.0904784704929908,
          0.2310560214124613
        ],
        [
          0.06433659753671682,
          0.23875212293940282,
          0.0606522881670183
        ]
      ],
      [
        [
          0.12766500160238078,
          0.1314360424504261,
          0.07927282533004323
        ],
        [
          0.0993617144996055,
          0.09818055037473475,
          0.21221817480029304
        ],
        [
          0.16222083023480102,
          0.0564228957214133,
          0.03322196498630231
        ]
      ]
    ]
  },
  "network_stats": {
    "neurons": 400,
    "connections": 869
  },
  "rollout_data": {
    "rewards": [
      -160.0,
      -142.0,
      -198.0,
      -162.0,
      -160.0,
      -152.0,
      -146.0,
      -134.0,
      -176.0,
      -130.0,
      -153.0,
      -149.0,
      -158.0,
      -157.0,
      -159.0,
      -137.0,
      -161.0,
      -159.0,
      -156.0,
      -195.0
    ],
    "lengths": [
      161,
      143,
      199,
      163,
      161,
      153,
      147,
      135,
      177,
      131,
      154,
      150,
      159,
      158,
      160,
      138,
      162,
      160,
      157,
      196
    ],
    "eval_seeds": [
      5005724,
      5005725,
      5005726,
      5005727,
      5005728,
      5005729,
      5005730,
      5005731,
      5005732,
      5005733,
      5005734,
      5005735,
      5005736,
      5005737,
      5005738,
      5005739,
      5005740,
      5005741,
      5005742,
      5005743
    ]
  }
}