{
  "network_id": 4240,
  "seed": 5004240,
  "valid": true,
  "baseline_reward": -500.0,
  "stratum": "weak",
  "genome": {
    "max_growth_steps": 200,
    "size_x": 20,
    "size_y": 20,
    "diffusion_rate": 0.18971761551688773,
    "num_morphogens": 3,
    "division_threshold": 0.40209276643754976,
    "cell_differentiation_threshold": 0.4409253345728148,
    "axon_growth_threshold": 0.22254408242815385,
    "max_axon_length": 6,
    "axon_connect_threshold": 0.5477951321639895,
    "self_connect_isolated_neurons_fraction": 0.25679661386023345,
    "weight_adjustment_target": 0.31270685728080344,
    "weight_adjustment_rate": 0.006595836090450695,
    "progenitor_secretion_rates": [
      0.4481872546210336,
      0.12883092658051337,
      0.13943846142086075
    ],
    "neuron_secretion_rates": [
      0.4419751163926307,
      0.13136801845256413,
      0.3608226176226677
    ],
    "inhibition_matrix": [
      [
        0.0,
        0.0,
        0.0
      ],
      [
        0.0,
        0.0,
        0.0
      ],
      [
        0.10518239019406428,
        0.261104723245315,
        0.0
      ]
    ],
    "diffusion_patterns": [
      [
        [
          0.05708581720304053,
          0.14567600374043366,
          0.07750447983443316
        ],
        [
          0.022102414740053058,
          0.23224253797938169,
          0.0516228746303949
        ],
        [
          0.10082745678774925,
          0.13433882322061266,
          0.17859959186390112
        ]
      ],
      [
        [
          0.1346920023201947,
          0.1534603897516977,
          0.07975053350893956
        ],
        [
          0.17892321276564652,
          0.15715868165084854,
          0.06700896192126028
        ],
        [
          0.06839611180939462,
          0.1286643535323431,
          0.031945752739675
        ]
      ],
      [
        [
          0.13847369575761953,
          0.03698307941394185,
          0.16388188082430508
        ],
        [
          0.12698400227969933,
          0.07739820710274771,
          0.12520554209480272
        ],
        [
          0.11085944377784544,
          0.0596735792118877,
          0.1605405695371506
        ]
      ]
    ]
  },
  "network_stats": {
    "neurons": 400,
    "connections": 1619
  },
  "rollout_data": {
    "rewards": [
      -500.0,
      -500.0,
      -500.0,
      -500.0,
      -500.0,
      -500.0,
      -500.0,
      -500.0,
      -500.0,
      -500.0,
      -500.0,
      -500.0,
      -500.0,
      -500.0,
      -500.0,
      -500.0,
      -500.0,
      -500.0,
      -500.0,
      -500.0
    ],
    "lengths": [
      500,
      500,
      500,
      500,
      500,
      500,
      500,
      500,
      500,
      500,
      500,
      500,
      500,
      500,
      500,
      500,
      500,
      500,
      500,
      500
    ],
    "eval_seeds": [
      5004240,
      5004241,
      5004242,
      5004243,
      5004244,
      5004245,
      5004246,
      5004247,
      5004248,
      5004249,
      5004250,
      5004251,
      5004252,
      5004253,
      5004254,
      5004255,
      5004256,
      5004257,
      5004258,
      5004259
    ]
  }
}