{
  "network_id": 16379,
  "seed": 5016379,
  "valid": true,
  "baseline_reward": -500.0,
  "stratum": "weak",
  "genome": {
    "max_growth_steps": 200,
    "size_x": 20,
    "size_y": 20,
    "diffusion_rate": 0.06022381226486102,
    "num_morphogens": 3,
    "division_threshold": 0.4817929455561841,
    "cell_differentiation_threshold": 0.45293384645365226,
    "axon_growth_threshold": 0.24550200287829643,
    "max_axon_length": 6,
    "axon_connect_threshold": 0.45961545997006253,
    "self_connect_isolated_neurons_fraction": 0.23376313277151772,
    "weight_adjustment_target": 0.5850505460502764,
    "weight_adjustment_rate": 0.018868753779627424,
    "progenitor_secretion_rates": [
      0.25541923697095237,
      0.19947559625437494,
      0.022453372512878156
    ],
    "neuron_secretion_rates": [
      0.4914648324950048,
      0.15685188540803324,
      0.20084505576653944
    ],
    "inhibition_matrix": [
      [
        0.0,
        0.0,
        0.0
      ],
      [
        0.0,
        0.0,
        0.3206618631716193
      ],
      [
        0.0,
        0.0,
        0.0
      ]
    ],
    "diffusion_patterns": [
      [
        [
          0.07441937375134416,
          0.06110390242903014,
          0.12545651956743015
        ],
        [
          0.21352098928123017,
          0.14907868359540344,
          0.07406020196034661
        ],
        [
          0.010541081001331474,
          0.18991056969742376,
          0.10190867871646024
        ]
      ],
      [
        [
          0.21973082621476822,
          0.013633723570560726,
          0.060922377208014085
        ],
        [
          0.027490268078771543,
          0.028108084404405473,
          0.14344238128206654
        ],
        [
          0.2852124952488724,
          0.15201330855636982,
          0.06944653543617132
        ]
      ],
      [
        [
          0.06620846756561713,
          0.18842815560113982,
          0.13696824540662234
        ],
        [
          0.14622530826336094,
          0.13180371775478808,
          0.06330755852579507
        ],
        [
          0.15011015175215536,
          0.03669950333680177,
          0.08024889179371945
        ]
      ]
    ]
  },
  "network_stats": {
    "neurons": 400,
    "connections": 1093
  },
  "rollout_data": {
    "rewards": [
      -500.0,
      -500.0,
      -500.0,
      -500.0,
      -500.0,
      -500.0,
      -500.0,
      -500.0,
      -500.0,
      -500.0,
      -500.0,
      -500.0,
      -500.0,
      -500.0,
      -500.0,
      -500.0,
      -500.0,
      -500.0,
      -500.0,
      -500.0
    ],
    "lengths": [
      500,
      500,
      500,
      500,
      500,
      500,
      500,
      500,
      500,
      500,
      500,
      500,
      500,
      500,
      500,
      500,
      500,
      500,
      500,
      500
    ],
    "eval_seeds": [
      5016379,
      5016380,
      5016381,
      5016382,
      5016383,
      5016384,
      5016385,
      5016386,
      5016387,
      5016388,
      5016389,
      5016390,
      5016391,
      5016392,
      5016393,
      5016394,
      5016395,
      5016396,
      5016397,
      5016398
    ]
  }
}