{
  "network_id": 6398,
  "seed": 5006398,
  "valid": true,
  "baseline_reward": -163.5,
  "stratum": "near_perfect",
  "genome": {
    "max_growth_steps": 200,
    "size_x": 20,
    "size_y": 20,
    "diffusion_rate": 0.08405817575059851,
    "num_morphogens": 3,
    "division_threshold": 0.5182218192315481,
    "cell_differentiation_threshold": 0.42114881022391676,
    "axon_growth_threshold": 0.4983637861642651,
    "max_axon_length": 5,
    "axon_connect_threshold": 0.5420387108738087,
    "self_connect_isolated_neurons_fraction": 0.06437995897574428,
    "weight_adjustment_target": 0.6981863182858222,
    "weight_adjustment_rate": 0.0050997664676619295,
    "progenitor_secretion_rates": [
      0.2672973647132745,
      0.10354697085736686,
      0.04521382741488711
    ],
    "neuron_secretion_rates": [
      0.03688535639214102,
      0.00030351362507391455,
      0.19600464021334513
    ],
    "inhibition_matrix": [
      [
        0.0,
        0.033230714689081564,
        0.3671022305205704
      ],
      [
        0.0,
        0.0,
        0.0
      ],
      [
        0.2146823662101675,
        0.4719972830582485,
        0.0
      ]
    ],
    "diffusion_patterns": [
      [
        [
          0.22123351690290816,
          0.1041562458354093,
          0.17984030606696166
        ],
        [
          0.03895482904380552,
          0.13460303173300947,
          0.0752306655828561
        ],
        [
          0.22086637643046111,
          0.003670952651670629,
          0.021444075752918144
        ]
      ],
      [
        [
          0.01465391395177719,
          0.12910497034707535,
          0.1317967443159886
        ],
        [
          0.1421191763990453,
          0.025216567453073685,
          0.1435079240018741
        ],
        [
          0.1411332708256849,
          0.13010788035252793,
          0.1423595523529531
        ]
      ],
      [
        [
          0.1504422974504906,
          0.1767579184278258,
          0.1697518158104921
        ],
        [
          0.045874767513266655,
          0.038046660728851836,
          0.14173723884651912
        ],
        [
          0.08332412886598094,
          0.06774226966157544,
          0.12632290269499744
        ]
      ]
    ]
  },
  "network_stats": {
    "neurons": 400,
    "connections": 1774
  },
  "rollout_data": {
    "rewards": [
      -146.0,
      -139.0,
      -176.0,
      -144.0,
      -131.0,
      -155.0,
      -152.0,
      -157.0,
      -140.0,
      -152.0,
      -318.0,
      -149.0,
      -167.0,
      -163.0,
      -141.0,
      -195.0,
      -164.0,
      -158.0,
      -165.0,
      -158.0
    ],
    "lengths": [
      147,
      140,
      177,
      145,
      132,
      156,
      153,
      158,
      141,
      153,
      319,
      150,
      168,
      164,
      142,
      196,
      165,
      159,
      166,
      159
    ],
    "eval_seeds": [
      5006398,
      5006399,
      5006400,
      5006401,
      5006402,
      5006403,
      5006404,
      5006405,
      5006406,
      5006407,
      5006408,
      5006409,
      5006410,
      5006411,
      5006412,
      5006413,
      5006414,
      5006415,
      5006416,
      5006417
    ]
  }
}