{
  "network_id": 5931,
  "seed": 5005931,
  "valid": true,
  "baseline_reward": -133.4,
  "stratum": "near_perfect",
  "genome": {
    "max_growth_steps": 200,
    "size_x": 20,
    "size_y": 20,
    "diffusion_rate": 0.17044263667882872,
    "num_morphogens": 3,
    "division_threshold": 0.3055729432697825,
    "cell_differentiation_threshold": 0.3468652984407492,
    "axon_growth_threshold": 0.2886977807555225,
    "max_axon_length": 2,
    "axon_connect_threshold": 0.5128860189897222,
    "self_connect_isolated_neurons_fraction": 0.23759943367945557,
    "weight_adjustment_target": 0.3817004044552719,
    "weight_adjustment_rate": 0.012047027532467844,
    "progenitor_secretion_rates": [
      0.20486642710569103,
      0.2037102066364081,
      0.1096042302559691
    ],
    "neuron_secretion_rates": [
      0.49492373423438313,
      0.3772574279069104,
      0.33164997933427665
    ],
    "inhibition_matrix": [
      [
        0.0,
        0.0,
        0.4582714802417767
      ],
      [
        0.2842783326185278,
        0.0,
        0.15748755203752457
      ],
      [
        0.16574032951347994,
        0.3835639691001462,
        0.0
      ]
    ],
    "diffusion_patterns": [
      [
        [
          0.11502878610393918,
          0.13609198773143547,
          0.1716031859901683
        ],
        [
          0.1985749800933156,
          0.06184435405580269,
          0.11764574598427319
        ],
        [
          0.007842462609310487,
          0.14882992806268378,
          0.04253856936907107
        ]
      ],
      [
        [
          0.18155073628917123,
          0.20719811458826445,
          0.23380011297090417
        ],
        [
          0.07855414548538149,
          0.02405567473439728,
          0.01672631609951404
        ],
        [
          0.13207136256646063,
          0.11137734349058521,
          0.014666193775321445
        ]
      ],
      [
        [
          0.08499556139732252,
          0.11600143874609326,
          0.15085122786735244
        ],
        [
          0.11334230360733959,
          0.10737836627468816,
          0.05059356490072648
        ],
        [
          0.14766727245388686,
          0.10837949050935924,
          0.12079077424323156
        ]
      ]
    ]
  },
  "network_stats": {
    "neurons": 400,
    "connections": 1100
  },
  "rollout_data": {
    "rewards": [
      -112.0,
      -126.0,
      -141.0,
      -159.0,
      -166.0,
      -149.0,
      -132.0,
      -117.0,
      -102.0,
      -107.0,
      -106.0,
      -108.0,
      -105.0,
      -120.0,
      -157.0,
      -140.0,
      -127.0,
      -129.0,
      -106.0,
      -259.0
    ],
    "lengths": [
      113,
      127,
      142,
      160,
      167,
      150,
      133,
      118,
      103,
      108,
      107,
      109,
      106,
      121,
      158,
      141,
      128,
      130,
      107,
      260
    ],
    "eval_seeds": [
      5005931,
      5005932,
      5005933,
      5005934,
      5005935,
      5005936,
      5005937,
      5005938,
      5005939,
      5005940,
      5005941,
      5005942,
      5005943,
      5005944,
      5005945,
      5005946,
      5005947,
      5005948,
      5005949,
      5005950
    ]
  }
}