{
  "network_id": 17465,
  "seed": 5017465,
  "valid": true,
  "baseline_reward": -500.0,
  "stratum": "weak",
  "genome": {
    "max_growth_steps": 200,
    "size_x": 20,
    "size_y": 20,
    "diffusion_rate": 0.08908355242224496,
    "num_morphogens": 3,
    "division_threshold": 0.4173580516817507,
    "cell_differentiation_threshold": 0.5265393764230094,
    "axon_growth_threshold": 0.33036798334505785,
    "max_axon_length": 5,
    "axon_connect_threshold": 0.7017548886800524,
    "self_connect_isolated_neurons_fraction": 0.23318595935682107,
    "weight_adjustment_target": 0.5473810518878335,
    "weight_adjustment_rate": 0.01704841104450007,
    "progenitor_secretion_rates": [
      0.23393335988128616,
      0.2480286561187211,
      0.16105323102653563
    ],
    "neuron_secretion_rates": [
      0.2292397416419008,
      0.34670103975164696,
      0.09774671655480288
    ],
    "inhibition_matrix": [
      [
        0.0,
        0.0,
        0.0
      ],
      [
        0.02222493633259648,
        0.0,
        0.0
      ],
      [
        0.0,
        0.0,
        0.0
      ]
    ],
    "diffusion_patterns": [
      [
        [
          0.12985287635776593,
          0.17941695727232732,
          0.005575501322789669
        ],
        [
          0.14162201759115667,
          0.06986540182712324,
          0.09264787371428503
        ],
        [
          0.0061895854973086,
          0.18740877143521856,
          0.18742101498202482
        ]
      ],
      [
        [
          0.17509259097333804,
          0.24296900620363443,
          0.07451986524615256
        ],
        [
          0.1381827514029513,
          0.0011095234783111995,
          0.16866313365765911
        ],
        [
          0.06551026949875292,
          0.05773411355705594,
          0.07621874598214465
        ]
      ],
      [
        [
          0.11364233691616245,
          0.13743332839720954,
          0.1799102442235918
        ],
        [
          0.06242055968625885,
          0.07857464419556551,
          0.04475370445455531
        ],
        [
          0.19151485213645564,
          0.1419119769235309,
          0.04983835306666984
        ]
      ]
    ]
  },
  "network_stats": {
    "neurons": 398,
    "connections": 1047
  },
  "rollout_data": {
    "rewards": [
      -500.0,
      -500.0,
      -500.0,
      -500.0,
      -500.0,
      -500.0,
      -500.0,
      -500.0,
      -500.0,
      -500.0,
      -500.0,
      -500.0,
      -500.0,
      -500.0,
      -500.0,
      -500.0,
      -500.0,
      -500.0,
      -500.0,
      -500.0
    ],
    "lengths": [
      500,
      500,
      500,
      500,
      500,
      500,
      500,
      500,
      500,
      500,
      500,
      500,
      500,
      500,
      500,
      500,
      500,
      500,
      500,
      500
    ],
    "eval_seeds": [
      5017465,
      5017466,
      5017467,
      5017468,
      5017469,
      5017470,
      5017471,
      5017472,
      5017473,
      5017474,
      5017475,
      5017476,
      5017477,
      5017478,
      5017479,
      5017480,
      5017481,
      5017482,
      5017483,
      5017484
    ]
  }
}