{
  "network_id": 15822,
  "seed": 5015822,
  "valid": true,
  "baseline_reward": -500.0,
  "stratum": "weak",
  "genome": {
    "max_growth_steps": 200,
    "size_x": 20,
    "size_y": 20,
    "diffusion_rate": 0.05160306329897922,
    "num_morphogens": 3,
    "division_threshold": 0.6776788311660232,
    "cell_differentiation_threshold": 0.3284611744738574,
    "axon_growth_threshold": 0.28868606769801536,
    "max_axon_length": 8,
    "axon_connect_threshold": 0.9206499546634196,
    "self_connect_isolated_neurons_fraction": 0.1320258531213064,
    "weight_adjustment_target": 0.545423977355394,
    "weight_adjustment_rate": 0.010282327792694435,
    "progenitor_secretion_rates": [
      0.3707125578557394,
      0.14444620892157795,
      0.34633655996440693
    ],
    "neuron_secretion_rates": [
      0.3435085630534921,
      0.28549950628867266,
      0.1778322294790058
    ],
    "inhibition_matrix": [
      [
        0.0,
        0.0,
        0.0
      ],
      [
        0.08690311417695284,
        0.0,
        0.0
      ],
      [
        0.0,
        0.06072440691569814,
        0.0
      ]
    ],
    "diffusion_patterns": [
      [
        [
          0.15771657341741585,
          0.09263457245015129,
          0.14095766223330564
        ],
        [
          0.21729045422082374,
          0.09909644424634279,
          0.09877316942726562
        ],
        [
          0.06549058689537514,
          0.12030644551044378,
          0.007734091598876071
        ]
      ],
      [
        [
          0.09712681617758107,
          0.1327716948222298,
          0.02401146004488269
        ],
        [
          0.022314803961330374,
          0.11075805444462399,
          0.16622287025339216
        ],
        [
          0.12128213083623532,
          0.11590349990706325,
          0.20960866955266141
        ]
      ],
      [
        [
          0.10891243289374664,
          0.007242904804472471,
          0.016189962862443022
        ],
        [
          0.11269538591871636,
          0.1726366574661135,
          0.21447288007382695
        ],
        [
          0.11864171096513956,
          0.07679112121980142,
          0.1724169437957399
        ]
      ]
    ]
  },
  "network_stats": {
    "neurons": 400,
    "connections": 1526
  },
  "rollout_data": {
    "rewards": [
      -500.0,
      -500.0,
      -500.0,
      -500.0,
      -500.0,
      -500.0,
      -500.0,
      -500.0,
      -500.0,
      -500.0,
      -500.0,
      -500.0,
      -500.0,
      -500.0,
      -500.0,
      -500.0,
      -500.0,
      -500.0,
      -500.0,
      -500.0
    ],
    "lengths": [
      500,
      500,
      500,
      500,
      500,
      500,
      500,
      500,
      500,
      500,
      500,
      500,
      500,
      500,
      500,
      500,
      500,
      500,
      500,
      500
    ],
    "eval_seeds": [
      5015822,
      5015823,
      5015824,
      5015825,
      5015826,
      5015827,
      5015828,
      5015829,
      5015830,
      5015831,
      5015832,
      5015833,
      5015834,
      5015835,
      5015836,
      5015837,
      5015838,
      5015839,
      5015840,
      5015841
    ]
  }
}