{
  "network_id": 822,
  "seed": 5000822,
  "valid": true,
  "baseline_reward": -500.0,
  "stratum": "weak",
  "genome": {
    "max_growth_steps": 200,
    "size_x": 20,
    "size_y": 20,
    "diffusion_rate": 0.06491765923182151,
    "num_morphogens": 3,
    "division_threshold": 0.3467253081074876,
    "cell_differentiation_threshold": 0.35181358312188116,
    "axon_growth_threshold": 0.45550187608899595,
    "max_axon_length": 2,
    "axon_connect_threshold": 0.7622412946847115,
    "self_connect_isolated_neurons_fraction": 0.06474587793668687,
    "weight_adjustment_target": 0.6026678625761991,
    "weight_adjustment_rate": 0.016936057723876397,
    "progenitor_secretion_rates": [
      0.2762139003860142,
      0.12247704371476531,
      0.371239448812197
    ],
    "neuron_secretion_rates": [
      0.4408582357354008,
      0.4394677935746315,
      0.017214811121384677
    ],
    "inhibition_matrix": [
      [
        0.0,
        0.0,
        0.15949210698525523
      ],
      [
        0.0,
        0.0,
        0.0
      ],
      [
        0.0,
        0.2072503493407752,
        0.0
      ]
    ],
    "diffusion_patterns": [
      [
        [
          0.1258366684628804,
          0.15626634146058896,
          0.12683434920119507
        ],
        [
          0.09258848855752165,
          0.15822900412412277,
          0.10572558218985877
        ],
        [
          0.00930160057677321,
          0.14813273219277143,
          0.07708523323428766
        ]
      ],
      [
        [
          0.21097678051128463,
          0.18651811341579108,
          0.008523175258223898
        ],
        [
          0.06130758454799545,
          0.03431922407104791,
          0.04280240867861659
        ],
        [
          0.21465581404281392,
          0.2115443420065166,
          0.029352557467709962
        ]
      ],
      [
        [
          0.1003077024319778,
          0.19458824995344604,
          0.14940663548022398
        ],
        [
          0.1687708351971141,
          0.015792710450114635,
          0.11559938590625651
        ],
        [
          0.027820787158723492,
          0.15976314437593792,
          0.06795054904620548
        ]
      ]
    ]
  },
  "network_stats": {
    "neurons": 400,
    "connections": 68
  },
  "rollout_data": {
    "rewards": [
      -500.0,
      -500.0,
      -500.0,
      -500.0,
      -500.0,
      -500.0,
      -500.0,
      -500.0,
      -500.0,
      -500.0,
      -500.0,
      -500.0,
      -500.0,
      -500.0,
      -500.0,
      -500.0,
      -500.0,
      -500.0,
      -500.0,
      -500.0
    ],
    "lengths": [
      500,
      500,
      500,
      500,
      500,
      500,
      500,
      500,
      500,
      500,
      500,
      500,
      500,
      500,
      500,
      500,
      500,
      500,
      500,
      500
    ],
    "eval_seeds": [
      5000822,
      5000823,
      5000824,
      5000825,
      5000826,
      5000827,
      5000828,
      5000829,
      5000830,
      5000831,
      5000832,
      5000833,
      5000834,
      5000835,
      5000836,
      5000837,
      5000838,
      5000839,
      5000840,
      5000841
    ]
  }
}