{
  "network_id": 9467,
  "seed": 5009467,
  "valid": true,
  "baseline_reward": -500.0,
  "stratum": "weak",
  "genome": {
    "max_growth_steps": 200,
    "size_x": 20,
    "size_y": 20,
    "diffusion_rate": 0.18139990014304583,
    "num_morphogens": 3,
    "division_threshold": 0.4478130825933484,
    "cell_differentiation_threshold": 0.6474026782630794,
    "axon_growth_threshold": 0.21467102766588528,
    "max_axon_length": 9,
    "axon_connect_threshold": 0.4981554226620959,
    "self_connect_isolated_neurons_fraction": 0.28778336002714267,
    "weight_adjustment_target": 0.48370744546613187,
    "weight_adjustment_rate": 0.018166398006197928,
    "progenitor_secretion_rates": [
      0.18607860982958901,
      0.3819996918121548,
      0.1531006752858674
    ],
    "neuron_secretion_rates": [
      0.3997166902912381,
      0.07552766504116698,
      0.2102527657618713
    ],
    "inhibition_matrix": [
      [
        0.0,
        0.0,
        0.0
      ],
      [
        0.29458110462319465,
        0.0,
        0.0
      ],
      [
        0.0,
        0.0,
        0.0
      ]
    ],
    "diffusion_patterns": [
      [
        [
          0.18129920608351294,
          0.16246107017606856,
          0.07865144584786414
        ],
        [
          0.032374859606751086,
          0.07126723349059376,
          0.16293441962682456
        ],
        [
          0.10765588342739131,
          0.07832473385488886,
          0.12503114788610462
        ]
      ],
      [
        [
          0.19312292088349445,
          0.043983106745835034,
          0.07235056529201554
        ],
        [
          0.20158328515412444,
          0.04458672586155711,
          0.19253583803341548
        ],
        [
          0.09458687901252849,
          0.10970592256849662,
          0.04754475644853281
        ]
      ],
      [
        [
          0.09626021003992893,
          0.20536062336920144,
          0.14231020742992673
        ],
        [
          0.07671943179970916,
          0.038477571019358996,
          0.12104862358372817
        ],
        [
          0.09870795999596545,
          0.09769940450649606,
          0.12341596825568504
        ]
      ]
    ]
  },
  "network_stats": {
    "neurons": 400,
    "connections": 1105
  },
  "rollout_data": {
    "rewards": [
      -500.0,
      -500.0,
      -500.0,
      -500.0,
      -500.0,
      -500.0,
      -500.0,
      -500.0,
      -500.0,
      -500.0,
      -500.0,
      -500.0,
      -500.0,
      -500.0,
      -500.0,
      -500.0,
      -500.0,
      -500.0,
      -500.0,
      -500.0
    ],
    "lengths": [
      500,
      500,
      500,
      500,
      500,
      500,
      500,
      500,
      500,
      500,
      500,
      500,
      500,
      500,
      500,
      500,
      500,
      500,
      500,
      500
    ],
    "eval_seeds": [
      5009467,
      5009468,
      5009469,
      5009470,
      5009471,
      5009472,
      5009473,
      5009474,
      5009475,
      5009476,
      5009477,
      5009478,
      5009479,
      5009480,
      5009481,
      5009482,
      5009483,
      5009484,
      5009485,
      5009486
    ]
  }
}