{
  "network_id": 3111,
  "seed": 5003111,
  "valid": true,
  "baseline_reward": -500.0,
  "stratum": "weak",
  "genome": {
    "max_growth_steps": 200,
    "size_x": 20,
    "size_y": 20,
    "diffusion_rate": 0.07391504071209197,
    "num_morphogens": 3,
    "division_threshold": 0.3352368084370608,
    "cell_differentiation_threshold": 0.5228776678354128,
    "axon_growth_threshold": 0.39613528818565547,
    "max_axon_length": 8,
    "axon_connect_threshold": 0.7673554504348415,
    "self_connect_isolated_neurons_fraction": 0.03542001361752027,
    "weight_adjustment_target": 0.5639685542323708,
    "weight_adjustment_rate": 0.007830628589379093,
    "progenitor_secretion_rates": [
      0.247920989695448,
      0.28001615336070923,
      0.05263932069217281
    ],
    "neuron_secretion_rates": [
      0.12777704647299115,
      0.021307857624302207,
      0.09980095217222873
    ],
    "inhibition_matrix": [
      [
        0.0,
        0.0,
        0.0
      ],
      [
        0.0,
        0.0,
        0.0
      ],
      [
        0.0,
        0.0,
        0.0
      ]
    ],
    "diffusion_patterns": [
      [
        [
          0.11743031527739008,
          0.027172223231450833,
          0.06206982310455264
        ],
        [
          0.13202184855974353,
          0.09359559360805679,
          0.121184254015959
        ],
        [
          0.16779903804238416,
          0.15306723089945035,
          0.12565967326101268
        ]
      ],
      [
        [
          0.16347669860006395,
          0.0457079322595761,
          0.14200311083501685
        ],
        [
          0.15224337757409862,
          0.0390661243812523,
          0.01740583066740323
        ],
        [
          0.11259309814894924,
          0.16861778921666287,
          0.15888603831697684
        ]
      ],
      [
        [
          0.1657980015131505,
          0.16115286228282427,
          0.004038051194414974
        ],
        [
          0.20826447813749532,
          0.1016986022900479,
          0.14417336499543218
        ],
        [
          0.0228915271451508,
          0.12795469081383148,
          0.06402842162765257
        ]
      ]
    ]
  },
  "network_stats": {
    "neurons": 400,
    "connections": 1291
  },
  "rollout_data": {
    "rewards": [
      -500.0,
      -500.0,
      -500.0,
      -500.0,
      -500.0,
      -500.0,
      -500.0,
      -500.0,
      -500.0,
      -500.0,
      -500.0,
      -500.0,
      -500.0,
      -500.0,
      -500.0,
      -500.0,
      -500.0,
      -500.0,
      -500.0,
      -500.0
    ],
    "lengths": [
      500,
      500,
      500,
      500,
      500,
      500,
      500,
      500,
      500,
      500,
      500,
      500,
      500,
      500,
      500,
      500,
      500,
      500,
      500,
      500
    ],
    "eval_seeds": [
      5003111,
      5003112,
      5003113,
      5003114,
      5003115,
      5003116,
      5003117,
      5003118,
      5003119,
      5003120,
      5003121,
      5003122,
      5003123,
      5003124,
      5003125,
      5003126,
      5003127,
      5003128,
      5003129,
      5003130
    ]
  }
}