{
  "network_id": 15927,
  "seed": 5015927,
  "valid": true,
  "baseline_reward": -500.0,
  "stratum": "weak",
  "genome": {
    "max_growth_steps": 200,
    "size_x": 20,
    "size_y": 20,
    "diffusion_rate": 0.07177481086759174,
    "num_morphogens": 3,
    "division_threshold": 0.40744835839044313,
    "cell_differentiation_threshold": 0.6181763372742037,
    "axon_growth_threshold": 0.4328529810459392,
    "max_axon_length": 10,
    "axon_connect_threshold": 0.9534583847053147,
    "self_connect_isolated_neurons_fraction": 0.11841517231037964,
    "weight_adjustment_target": 0.414378565298928,
    "weight_adjustment_rate": 0.012641654461939166,
    "progenitor_secretion_rates": [
      0.371173052725344,
      0.11619553114006936,
      0.4687796939611144
    ],
    "neuron_secretion_rates": [
      0.48723633997537324,
      0.47211957622496964,
      0.030884883562462495
    ],
    "inhibition_matrix": [
      [
        0.0,
        0.020551494898668088,
        0.0
      ],
      [
        0.06814954033143594,
        0.0,
        0.0
      ],
      [
        0.0,
        0.0,
        0.0
      ]
    ],
    "diffusion_patterns": [
      [
        [
          0.06327804848038983,
          0.04771934918302469,
          0.08931398609501169
        ],
        [
          0.043081552381627766,
          0.1929281404618894,
          0.13389579256357548
        ],
        [
          0.1811826710527304,
          0.09316641067339063,
          0.15543404910836012
        ]
      ],
      [
        [
          0.07023403784531802,
          0.17287402566010168,
          0.14604574296309775
        ],
        [
          0.11145428793321503,
          0.13563552961225323,
          0.06526757788848321
        ],
        [
          0.0964058228824068,
          0.1285622233554186,
          0.07352075185970572
        ]
      ],
      [
        [
          0.13438401240110973,
          0.0886171827556759,
          0.21847810947031215
        ],
        [
          0.030484623017028555,
          0.1622144290486972,
          0.13269226352264912
        ],
        [
          0.06015380734668417,
          0.08734609088807647,
          0.08562948154976677
        ]
      ]
    ]
  },
  "network_stats": {
    "neurons": 400,
    "connections": 518
  },
  "rollout_data": {
    "rewards": [
      -500.0,
      -500.0,
      -500.0,
      -500.0,
      -500.0,
      -500.0,
      -500.0,
      -500.0,
      -500.0,
      -500.0,
      -500.0,
      -500.0,
      -500.0,
      -500.0,
      -500.0,
      -500.0,
      -500.0,
      -500.0,
      -500.0,
      -500.0
    ],
    "lengths": [
      500,
      500,
      500,
      500,
      500,
      500,
      500,
      500,
      500,
      500,
      500,
      500,
      500,
      500,
      500,
      500,
      500,
      500,
      500,
      500
    ],
    "eval_seeds": [
      5015927,
      5015928,
      5015929,
      5015930,
      5015931,
      5015932,
      5015933,
      5015934,
      5015935,
      5015936,
      5015937,
      5015938,
      5015939,
      5015940,
      5015941,
      5015942,
      5015943,
      5015944,
      5015945,
      5015946
    ]
  }
}