{
  "network_id": 16086,
  "seed": 5016086,
  "valid": true,
  "baseline_reward": -80.4,
  "stratum": "perfect",
  "genome": {
    "max_growth_steps": 200,
    "size_x": 20,
    "size_y": 20,
    "diffusion_rate": 0.10687866036713442,
    "num_morphogens": 3,
    "division_threshold": 0.579621035994973,
    "cell_differentiation_threshold": 0.4647934283046928,
    "axon_growth_threshold": 0.38696888097896726,
    "max_axon_length": 9,
    "axon_connect_threshold": 0.6659844203538242,
    "self_connect_isolated_neurons_fraction": 0.2217826479753712,
    "weight_adjustment_target": 0.4624637192832459,
    "weight_adjustment_rate": 0.017907524388598176,
    "progenitor_secretion_rates": [
      0.49212694024916476,
      0.3555374430254199,
      0.05672058115606016
    ],
    "neuron_secretion_rates": [
      0.2767320646301645,
      0.036434708627628876,
      0.3659402475643333
    ],
    "inhibition_matrix": [
      [
        0.0,
        0.27752801158980356,
        0.4116211870547947
      ],
      [
        0.18128475245624415,
        0.0,
        0.0
      ],
      [
        0.0,
        0.0,
        0.0
      ]
    ],
    "diffusion_patterns": [
      [
        [
          0.18611331765039918,
          0.11491147155642449,
          0.10522718970678098
        ],
        [
          0.03356817250388711,
          0.13338481026289534,
          0.12949746494284933
        ],
        [
          0.04288492534840634,
          0.08742070724841607,
          0.16699194077994137
        ]
      ],
      [
        [
          0.05812997571948835,
          0.2299623009585538,
          0.13114244553151053
        ],
        [
          0.016884232633335636,
          0.008227848837806721,
          0.288526051659662
        ],
        [
          0.14044079154125144,
          0.03941377246160926,
          0.08727258065678237
        ]
      ],
      [
        [
          0.029663264086866023,
          0.014459489164605733,
          0.01719906432012421
        ],
        [
          0.08677053924045464,
          0.20209811568293662,
          0.13301829525440043
        ],
        [
          0.023574103445745412,
          0.188744298365138,
          0.30447283043972884
        ]
      ]
    ]
  },
  "network_stats": {
    "neurons": 10,
    "connections": 19
  },
  "rollout_data": {
    "rewards": [
      -73.0,
      -78.0,
      -73.0,
      -73.0,
      -82.0,
      -64.0,
      -72.0,
      -72.0,
      -72.0,
      -90.0,
      -73.0,
      -74.0,
      -163.0,
      -72.0,
      -96.0,
      -75.0,
      -74.0,
      -74.0,
      -92.0,
      -66.0
    ],
    "lengths": [
      74,
      79,
      74,
      74,
      83,
      65,
      73,
      73,
      73,
      91,
      74,
      75,
      164,
      73,
      97,
      76,
      75,
      75,
      93,
      67
    ],
    "eval_seeds": [
      5016086,
      5016087,
      5016088,
      5016089,
      5016090,
      5016091,
      5016092,
      5016093,
      5016094,
      5016095,
      5016096,
      5016097,
      5016098,
      5016099,
      5016100,
      5016101,
      5016102,
      5016103,
      5016104,
      5016105
    ]
  }
}