{
  "network_id": 13114,
  "seed": 5013114,
  "valid": true,
  "baseline_reward": -500.0,
  "stratum": "weak",
  "genome": {
    "max_growth_steps": 200,
    "size_x": 20,
    "size_y": 20,
    "diffusion_rate": 0.1227819029788134,
    "num_morphogens": 3,
    "division_threshold": 0.42254451003055726,
    "cell_differentiation_threshold": 0.6352215838593599,
    "axon_growth_threshold": 0.44156974620720774,
    "max_axon_length": 2,
    "axon_connect_threshold": 0.9450536333845042,
    "self_connect_isolated_neurons_fraction": 0.1084374800062235,
    "weight_adjustment_target": 0.5595260403463316,
    "weight_adjustment_rate": 0.009710268581566355,
    "progenitor_secretion_rates": [
      0.49614085528906915,
      0.2029976715208106,
      0.09448311344182037
    ],
    "neuron_secretion_rates": [
      0.0652974261800161,
      0.4947398622581784,
      0.18160011782749924
    ],
    "inhibition_matrix": [
      [
        0.0,
        0.35638568169903195,
        0.316273652128781
      ],
      [
        0.0,
        0.0,
        0.0
      ],
      [
        0.0,
        0.0,
        0.0
      ]
    ],
    "diffusion_patterns": [
      [
        [
          0.16912965078242093,
          0.13585186022013715,
          0.13315814348664712
        ],
        [
          0.0020720606181609366,
          0.03561945726264807,
          0.09615387533536641
        ],
        [
          0.12350167718015888,
          0.11365946903477091,
          0.19085380607968966
        ]
      ],
      [
        [
          0.19166251752883182,
          0.006976095694803435,
          0.09557294275605088
        ],
        [
          0.1523917078786904,
          0.040161995714493574,
          0.10996537927484472
        ],
        [
          0.18225832644416265,
          0.14352750362702177,
          0.07748353108110059
        ]
      ],
      [
        [
          0.05722640832770374,
          0.13138225720059402,
          0.12887473087651385
        ],
        [
          0.09590876787479237,
          0.11459143843788658,
          0.10233395391763868
        ],
        [
          0.11628584065931247,
          0.13974551041354266,
          0.11365109229201571
        ]
      ]
    ]
  },
  "network_stats": {
    "neurons": 400,
    "connections": 1005
  },
  "rollout_data": {
    "rewards": [
      -500.0,
      -500.0,
      -500.0,
      -500.0,
      -500.0,
      -500.0,
      -500.0,
      -500.0,
      -500.0,
      -500.0,
      -500.0,
      -500.0,
      -500.0,
      -500.0,
      -500.0,
      -500.0,
      -500.0,
      -500.0,
      -500.0,
      -500.0
    ],
    "lengths": [
      500,
      500,
      500,
      500,
      500,
      500,
      500,
      500,
      500,
      500,
      500,
      500,
      500,
      500,
      500,
      500,
      500,
      500,
      500,
      500
    ],
    "eval_seeds": [
      5013114,
      5013115,
      5013116,
      5013117,
      5013118,
      5013119,
      5013120,
      5013121,
      5013122,
      5013123,
      5013124,
      5013125,
      5013126,
      5013127,
      5013128,
      5013129,
      5013130,
      5013131,
      5013132,
      5013133
    ]
  }
}