{
  "network_id": 18871,
  "seed": 5018871,
  "valid": true,
  "baseline_reward": -500.0,
  "stratum": "weak",
  "genome": {
    "max_growth_steps": 200,
    "size_x": 20,
    "size_y": 20,
    "diffusion_rate": 0.1458935062082691,
    "num_morphogens": 3,
    "division_threshold": 0.6301172047492536,
    "cell_differentiation_threshold": 0.5245186234716498,
    "axon_growth_threshold": 0.46685499414891835,
    "max_axon_length": 3,
    "axon_connect_threshold": 0.7958664822475443,
    "self_connect_isolated_neurons_fraction": 0.1457647015488306,
    "weight_adjustment_target": 0.3464201289455214,
    "weight_adjustment_rate": 0.010949287066746015,
    "progenitor_secretion_rates": [
      0.3912926026091846,
      0.14733980408096453,
      0.2847693697140891
    ],
    "neuron_secretion_rates": [
      0.48464760882573893,
      0.2496135669641356,
      0.39427968009516506
    ],
    "inhibition_matrix": [
      [
        0.0,
        0.0,
        0.0
      ],
      [
        0.16745479621870363,
        0.0,
        0.01841589339951183
      ],
      [
        0.0,
        0.0,
        0.0
      ]
    ],
    "diffusion_patterns": [
      [
        [
          0.04262776269653634,
          0.030435360664064347,
          0.13735473870031434
        ],
        [
          0.0069392928870707525,
          0.17978199259802036,
          0.14011602603031134
        ],
        [
          0.18676679232576104,
          0.04168844727770535,
          0.23428958682021603
        ]
      ],
      [
        [
          0.018712825281731862,
          0.02801146047412032,
          0.1661864269834461
        ],
        [
          0.18415392513542136,
          0.05965691197166751,
          0.13231513808471476
        ],
        [
          0.21818478415955792,
          0.007298883207416732,
          0.18547964470192346
        ]
      ],
      [
        [
          0.14288554597715275,
          0.08874926644698185,
          0.20322376304375203
        ],
        [
          0.0017884965523321911,
          0.05319068731004578,
          0.08913667231489639
        ],
        [
          0.1428266113712732,
          0.16230337487308824,
          0.11589558211047739
        ]
      ]
    ]
  },
  "network_stats": {
    "neurons": 400,
    "connections": 512
  },
  "rollout_data": {
    "rewards": [
      -500.0,
      -500.0,
      -500.0,
      -500.0,
      -500.0,
      -500.0,
      -500.0,
      -500.0,
      -500.0,
      -500.0,
      -500.0,
      -500.0,
      -500.0,
      -500.0,
      -500.0,
      -500.0,
      -500.0,
      -500.0,
      -500.0,
      -500.0
    ],
    "lengths": [
      500,
      500,
      500,
      500,
      500,
      500,
      500,
      500,
      500,
      500,
      500,
      500,
      500,
      500,
      500,
      500,
      500,
      500,
      500,
      500
    ],
    "eval_seeds": [
      5018871,
      5018872,
      5018873,
      5018874,
      5018875,
      5018876,
      5018877,
      5018878,
      5018879,
      5018880,
      5018881,
      5018882,
      5018883,
      5018884,
      5018885,
      5018886,
      5018887,
      5018888,
      5018889,
      5018890
    ]
  }
}