{
  "network_id": 10751,
  "seed": 5010751,
  "valid": true,
  "baseline_reward": -500.0,
  "stratum": "weak",
  "genome": {
    "max_growth_steps": 200,
    "size_x": 20,
    "size_y": 20,
    "diffusion_rate": 0.06308650831767161,
    "num_morphogens": 3,
    "division_threshold": 0.5075051265385312,
    "cell_differentiation_threshold": 0.6466942986126646,
    "axon_growth_threshold": 0.47259034465397515,
    "max_axon_length": 3,
    "axon_connect_threshold": 0.6529945529264292,
    "self_connect_isolated_neurons_fraction": 0.03748551612072839,
    "weight_adjustment_target": 0.612292628235882,
    "weight_adjustment_rate": 0.014689352089445268,
    "progenitor_secretion_rates": [
      0.41207605775054473,
      0.23644507404284565,
      0.25857905907788353
    ],
    "neuron_secretion_rates": [
      0.08105756850390078,
      0.48299463273189536,
      0.3604035884959543
    ],
    "inhibition_matrix": [
      [
        0.0,
        0.4997125500343263,
        0.0
      ],
      [
        0.0,
        0.0,
        0.039149439314776935
      ],
      [
        0.0,
        0.0,
        0.0
      ]
    ],
    "diffusion_patterns": [
      [
        [
          0.18389100734289007,
          0.04295563903345729,
          0.06354655089807251
        ],
        [
          0.038760019559062095,
          0.24162431585184674,
          0.24596703743336054
        ],
        [
          0.03640984914584314,
          0.048767576309415334,
          0.09807800442605213
        ]
      ],
      [
        [
          0.07468085180740829,
          0.012218645529024194,
          0.2153117041378852
        ],
        [
          0.002923274721653306,
          0.194761426625649,
          0.03858899584666623
        ],
        [
          0.19697446316326322,
          0.07209336204407427,
          0.19244727612437637
        ]
      ],
      [
        [
          0.03213562704059858,
          0.08877057845049255,
          0.1481245661704906
        ],
        [
          0.022733393859319502,
          0.09529406923236088,
          0.1594149923973629
        ],
        [
          0.09186456813278922,
          0.15189216619489745,
          0.20977003852168835
        ]
      ]
    ]
  },
  "network_stats": {
    "neurons": 400,
    "connections": 1003
  },
  "rollout_data": {
    "rewards": [
      -500.0,
      -500.0,
      -500.0,
      -500.0,
      -500.0,
      -500.0,
      -500.0,
      -500.0,
      -500.0,
      -500.0,
      -500.0,
      -500.0,
      -500.0,
      -500.0,
      -500.0,
      -500.0,
      -500.0,
      -500.0,
      -500.0,
      -500.0
    ],
    "lengths": [
      500,
      500,
      500,
      500,
      500,
      500,
      500,
      500,
      500,
      500,
      500,
      500,
      500,
      500,
      500,
      500,
      500,
      500,
      500,
      500
    ],
    "eval_seeds": [
      5010751,
      5010752,
      5010753,
      5010754,
      5010755,
      5010756,
      5010757,
      5010758,
      5010759,
      5010760,
      5010761,
      5010762,
      5010763,
      5010764,
      5010765,
      5010766,
      5010767,
      5010768,
      5010769,
      5010770
    ]
  }
}