{
  "network_id": 13746,
  "seed": 5013746,
  "valid": true,
  "baseline_reward": -500.0,
  "stratum": "weak",
  "genome": {
    "max_growth_steps": 200,
    "size_x": 20,
    "size_y": 20,
    "diffusion_rate": 0.07062598897981107,
    "num_morphogens": 3,
    "division_threshold": 0.4042425298289156,
    "cell_differentiation_threshold": 0.6391511215537597,
    "axon_growth_threshold": 0.2800255844820084,
    "max_axon_length": 5,
    "axon_connect_threshold": 0.46930392016447436,
    "self_connect_isolated_neurons_fraction": 0.2415844372440495,
    "weight_adjustment_target": 0.4227361047664864,
    "weight_adjustment_rate": 0.016387537296345307,
    "progenitor_secretion_rates": [
      0.2941050034471374,
      0.2886930885955217,
      0.37670489326197815
    ],
    "neuron_secretion_rates": [
      0.11608707760831027,
      0.22399108936237327,
      0.05381383176798438
    ],
    "inhibition_matrix": [
      [
        0.0,
        0.0,
        0.0
      ],
      [
        0.0,
        0.0,
        0.0
      ],
      [
        0.0,
        0.03958844520015892,
        0.0
      ]
    ],
    "diffusion_patterns": [
      [
        [
          0.0538359218809071,
          0.16304116374657457,
          0.1782963399784279
        ],
        [
          0.13657391556650067,
          0.07261045972732386,
          0.09272108472419156
        ],
        [
          0.1404850370539385,
          0.09252021742678393,
          0.06991585989535183
        ]
      ],
      [
        [
          0.0629968514598103,
          0.05815117311981243,
          0.1887553835854766
        ],
        [
          0.017205863227858803,
          0.19484372909566805,
          0.11219214042338756
        ],
        [
          0.1385679136676671,
          0.18291140123095698,
          0.044375544189362306
        ]
      ],
      [
        [
          0.14043840438977828,
          0.06636327192090048,
          0.18860054997528922
        ],
        [
          0.18865844861856607,
          0.1331253103669912,
          0.0980519723441176
        ],
        [
          0.11209530754339125,
          0.048147471824204424,
          0.024519263016761324
        ]
      ]
    ]
  },
  "network_stats": {
    "neurons": 400,
    "connections": 1466
  },
  "rollout_data": {
    "rewards": [
      -500.0,
      -500.0,
      -500.0,
      -500.0,
      -500.0,
      -500.0,
      -500.0,
      -500.0,
      -500.0,
      -500.0,
      -500.0,
      -500.0,
      -500.0,
      -500.0,
      -500.0,
      -500.0,
      -500.0,
      -500.0,
      -500.0,
      -500.0
    ],
    "lengths": [
      500,
      500,
      500,
      500,
      500,
      500,
      500,
      500,
      500,
      500,
      500,
      500,
      500,
      500,
      500,
      500,
      500,
      500,
      500,
      500
    ],
    "eval_seeds": [
      5013746,
      5013747,
      5013748,
      5013749,
      5013750,
      5013751,
      5013752,
      5013753,
      5013754,
      5013755,
      5013756,
      5013757,
      5013758,
      5013759,
      5013760,
      5013761,
      5013762,
      5013763,
      5013764,
      5013765
    ]
  }
}