{
  "network_id": 7516,
  "seed": 5007516,
  "valid": true,
  "baseline_reward": -500.0,
  "stratum": "weak",
  "genome": {
    "max_growth_steps": 200,
    "size_x": 20,
    "size_y": 20,
    "diffusion_rate": 0.12658551401825896,
    "num_morphogens": 3,
    "division_threshold": 0.33646730508722317,
    "cell_differentiation_threshold": 0.3323453550192653,
    "axon_growth_threshold": 0.3302317633734918,
    "max_axon_length": 5,
    "axon_connect_threshold": 0.43542583592629447,
    "self_connect_isolated_neurons_fraction": 0.10621204641748383,
    "weight_adjustment_target": 0.5952659049192828,
    "weight_adjustment_rate": 0.006998871476104738,
    "progenitor_secretion_rates": [
      0.4412888122456784,
      0.040877488561644804,
      0.36489566916242305
    ],
    "neuron_secretion_rates": [
      0.32023794342303,
      0.42622782083363514,
      0.40821448177961384
    ],
    "inhibition_matrix": [
      [
        0.0,
        0.0,
        0.49340601935112377
      ],
      [
        0.13337861684224234,
        0.0,
        0.0
      ],
      [
        0.0,
        0.0,
        0.0
      ]
    ],
    "diffusion_patterns": [
      [
        [
          0.2016809873964742,
          0.12388296409546148,
          0.030681376479289042
        ],
        [
          0.1704000619157318,
          0.01758423185463769,
          0.16823112691316933
        ],
        [
          0.07307844675970591,
          0.19907260754894288,
          0.015388197036587729
        ]
      ],
      [
        [
          0.06777131426928484,
          0.17745957815198812,
          0.11533522322007478
        ],
        [
          0.12442719100955084,
          0.11124773481845883,
          0.019757489138440828
        ],
        [
          0.14749854886742542,
          0.14197597605731954,
          0.09452694446745678
        ]
      ],
      [
        [
          0.0079950459555977,
          0.08298094798895372,
          0.1464743683958582
        ],
        [
          0.15602657200051132,
          0.08588936596806501,
          0.15731351888454942
        ],
        [
          0.12155183657236204,
          0.1091093149038786,
          0.13265902933022403
        ]
      ]
    ]
  },
  "network_stats": {
    "neurons": 400,
    "connections": 467
  },
  "rollout_data": {
    "rewards": [
      -500.0,
      -500.0,
      -500.0,
      -500.0,
      -500.0,
      -500.0,
      -500.0,
      -500.0,
      -500.0,
      -500.0,
      -500.0,
      -500.0,
      -500.0,
      -500.0,
      -500.0,
      -500.0,
      -500.0,
      -500.0,
      -500.0,
      -500.0
    ],
    "lengths": [
      500,
      500,
      500,
      500,
      500,
      500,
      500,
      500,
      500,
      500,
      500,
      500,
      500,
      500,
      500,
      500,
      500,
      500,
      500,
      500
    ],
    "eval_seeds": [
      5007516,
      5007517,
      5007518,
      5007519,
      5007520,
      5007521,
      5007522,
      5007523,
      5007524,
      5007525,
      5007526,
      5007527,
      5007528,
      5007529,
      5007530,
      5007531,
      5007532,
      5007533,
      5007534,
      5007535
    ]
  }
}