{
  "network_id": 12503,
  "seed": 5012503,
  "valid": true,
  "baseline_reward": -500.0,
  "stratum": "weak",
  "genome": {
    "max_growth_steps": 200,
    "size_x": 20,
    "size_y": 20,
    "diffusion_rate": 0.1560227592267022,
    "num_morphogens": 3,
    "division_threshold": 0.4825212105158095,
    "cell_differentiation_threshold": 0.6106782519708152,
    "axon_growth_threshold": 0.3347339066520308,
    "max_axon_length": 10,
    "axon_connect_threshold": 0.8823451646181861,
    "self_connect_isolated_neurons_fraction": 0.20963322035639528,
    "weight_adjustment_target": 0.6061763786574922,
    "weight_adjustment_rate": 0.0195225884814924,
    "progenitor_secretion_rates": [
      0.4618594450072048,
      0.20313760568561912,
      0.17864236387900906
    ],
    "neuron_secretion_rates": [
      0.16044130325022726,
      0.10243169326391421,
      0.44838156977489796
    ],
    "inhibition_matrix": [
      [
        0.0,
        0.0,
        0.0
      ],
      [
        0.0,
        0.0,
        0.02027937062795432
      ],
      [
        0.0,
        0.12117037180817081,
        0.0
      ]
    ],
    "diffusion_patterns": [
      [
        [
          0.15522448896615473,
          0.13142880878623392,
          0.0470932170530075
        ],
        [
          0.055300707999059465,
          0.1385322962211447,
          0.013398184898014691
        ],
        [
          0.1801740113041187,
          0.05727222179525477,
          0.22157606297701166
        ]
      ],
      [
        [
          0.24787722769303375,
          0.19293841061957032,
          0.11922470435545551
        ],
        [
          0.01287895315309669,
          0.013764850100720193,
          0.2346313589889637
        ],
        [
          0.12387905567534492,
          0.04522449221121707,
          0.009580947202598075
        ]
      ],
      [
        [
          0.011146168758770615,
          0.1498406981851794,
          0.1797947697860858
        ],
        [
          0.027532965513528723,
          0.14495046282097784,
          0.2282161966958799
        ],
        [
          0.021480184484866733,
          0.13731396129727008,
          0.09972459245744084
        ]
      ]
    ]
  },
  "network_stats": {
    "neurons": 400,
    "connections": 909
  },
  "rollout_data": {
    "rewards": [
      -500.0,
      -500.0,
      -500.0,
      -500.0,
      -500.0,
      -500.0,
      -500.0,
      -500.0,
      -500.0,
      -500.0,
      -500.0,
      -500.0,
      -500.0,
      -500.0,
      -500.0,
      -500.0,
      -500.0,
      -500.0,
      -500.0,
      -500.0
    ],
    "lengths": [
      500,
      500,
      500,
      500,
      500,
      500,
      500,
      500,
      500,
      500,
      500,
      500,
      500,
      500,
      500,
      500,
      500,
      500,
      500,
      500
    ],
    "eval_seeds": [
      5012503,
      5012504,
      5012505,
      5012506,
      5012507,
      5012508,
      5012509,
      5012510,
      5012511,
      5012512,
      5012513,
      5012514,
      5012515,
      5012516,
      5012517,
      5012518,
      5012519,
      5012520,
      5012521,
      5012522
    ]
  }
}