{
  "network_id": 7273,
  "seed": 5007273,
  "valid": true,
  "baseline_reward": -500.0,
  "stratum": "weak",
  "genome": {
    "max_growth_steps": 200,
    "size_x": 20,
    "size_y": 20,
    "diffusion_rate": 0.07429443792112664,
    "num_morphogens": 3,
    "division_threshold": 0.3365762333525227,
    "cell_differentiation_threshold": 0.4604244409854707,
    "axon_growth_threshold": 0.4261749365116327,
    "max_axon_length": 2,
    "axon_connect_threshold": 0.652489957907116,
    "self_connect_isolated_neurons_fraction": 0.17890551424823853,
    "weight_adjustment_target": 0.39393437978916523,
    "weight_adjustment_rate": 0.006795363222954803,
    "progenitor_secretion_rates": [
      0.21102933975861582,
      0.24384923995523766,
      0.496956271172577
    ],
    "neuron_secretion_rates": [
      0.27377223436488857,
      0.15641217159577764,
      0.08588422552567754
    ],
    "inhibition_matrix": [
      [
        0.0,
        0.2952011000241405,
        0.0
      ],
      [
        0.0,
        0.0,
        0.012061826090356387
      ],
      [
        0.46017978911855806,
        0.023316705247553637,
        0.0
      ]
    ],
    "diffusion_patterns": [
      [
        [
          0.018193755639571867,
          0.23642629579987778,
          0.27052350135107556
        ],
        [
          0.05193321694310997,
          0.09070230763140964,
          0.21942352409791954
        ],
        [
          0.0843189459184789,
          0.0024056457841824495,
          0.026072806834374313
        ]
      ],
      [
        [
          0.02234509149759011,
          0.11981503509395813,
          0.15746385467848736
        ],
        [
          0.13051882720779287,
          0.048813394896462144,
          0.15835058613912184
        ],
        [
          0.14852754609167892,
          0.06694173797950345,
          0.14722392641540527
        ]
      ],
      [
        [
          0.12689830112874012,
          0.17069365538883485,
          0.05951934399968272
        ],
        [
          0.11612847862094355,
          0.16587771843651605,
          0.0003498625701086916
        ],
        [
          0.15433748882701398,
          0.15544993454967126,
          0.05074521647848879
        ]
      ]
    ]
  },
  "network_stats": {
    "neurons": 56,
    "connections": 16
  },
  "rollout_data": {
    "rewards": [
      -500.0,
      -500.0,
      -500.0,
      -500.0,
      -500.0,
      -500.0,
      -500.0,
      -500.0,
      -500.0,
      -500.0,
      -500.0,
      -500.0,
      -500.0,
      -500.0,
      -500.0,
      -500.0,
      -500.0,
      -500.0,
      -500.0,
      -500.0
    ],
    "lengths": [
      500,
      500,
      500,
      500,
      500,
      500,
      500,
      500,
      500,
      500,
      500,
      500,
      500,
      500,
      500,
      500,
      500,
      500,
      500,
      500
    ],
    "eval_seeds": [
      5007273,
      5007274,
      5007275,
      5007276,
      5007277,
      5007278,
      5007279,
      5007280,
      5007281,
      5007282,
      5007283,
      5007284,
      5007285,
      5007286,
      5007287,
      5007288,
      5007289,
      5007290,
      5007291,
      5007292
    ]
  }
}