{
  "network_id": 7139,
  "seed": 5007139,
  "valid": true,
  "baseline_reward": -84.25,
  "stratum": "perfect",
  "genome": {
    "max_growth_steps": 200,
    "size_x": 20,
    "size_y": 20,
    "diffusion_rate": 0.18953281578040262,
    "num_morphogens": 3,
    "division_threshold": 0.3468729781537883,
    "cell_differentiation_threshold": 0.4496956498347192,
    "axon_growth_threshold": 0.34438235169552894,
    "max_axon_length": 5,
    "axon_connect_threshold": 0.79189411209157,
    "self_connect_isolated_neurons_fraction": 0.19046234085591082,
    "weight_adjustment_target": 0.6339004712439704,
    "weight_adjustment_rate": 0.010836324445425458,
    "progenitor_secretion_rates": [
      0.42721022916434664,
      0.17710542852763556,
      0.2628686049312248
    ],
    "neuron_secretion_rates": [
      0.24497199081381116,
      0.24783812021529877,
      0.27495000664459174
    ],
    "inhibition_matrix": [
      [
        0.0,
        0.0,
        0.0
      ],
      [
        0.0,
        0.0,
        0.010334316956793654
      ],
      [
        0.0,
        0.0,
        0.0
      ]
    ],
    "diffusion_patterns": [
      [
        [
          0.12119554321894703,
          0.04271798796634307,
          0.06088171193184114
        ],
        [
          0.26392952346653165,
          0.007414778513419821,
          0.1309141117865647
        ],
        [
          0.21686613096854918,
          0.1282991328422144,
          0.027781079305589186
        ]
      ],
      [
        [
          0.18027249586638938,
          0.0584595680196806,
          0.14508485794249681
        ],
        [
          0.18101457095211543,
          0.06552571866946943,
          0.08771562322729742
        ],
        [
          0.14441894292289184,
          0.059371420228738196,
          0.07813680217092088
        ]
      ],
      [
        [
          0.09553041804667489,
          0.18739063155119362,
          0.09941219133956114
        ],
        [
          0.19745628026315257,
          0.09009673733631815,
          0.050036882039558354
        ],
        [
          0.18031897470423414,
          0.05427495561467491,
          0.0454829291046322
        ]
      ]
    ]
  },
  "network_stats": {
    "neurons": 400,
    "connections": 1027
  },
  "rollout_data": {
    "rewards": [
      -82.0,
      -65.0,
      -189.0,
      -96.0,
      -79.0,
      -81.0,
      -77.0,
      -91.0,
      -71.0,
      -71.0,
      -88.0,
      -73.0,
      -93.0,
      -74.0,
      -73.0,
      -69.0,
      -72.0,
      -103.0,
      -64.0,
      -74.0
    ],
    "lengths": [
      83,
      66,
      190,
      97,
      80,
      82,
      78,
      92,
      72,
      72,
      89,
      74,
      94,
      75,
      74,
      70,
      73,
      104,
      65,
      75
    ],
    "eval_seeds": [
      5007139,
      5007140,
      5007141,
      5007142,
      5007143,
      5007144,
      5007145,
      5007146,
      5007147,
      5007148,
      5007149,
      5007150,
      5007151,
      5007152,
      5007153,
      5007154,
      5007155,
      5007156,
      5007157,
      5007158
    ]
  }
}