{
  "network_id": 14120,
  "seed": 5014120,
  "valid": true,
  "baseline_reward": -500.0,
  "stratum": "weak",
  "genome": {
    "max_growth_steps": 200,
    "size_x": 20,
    "size_y": 20,
    "diffusion_rate": 0.14232517827237898,
    "num_morphogens": 3,
    "division_threshold": 0.4588649142069423,
    "cell_differentiation_threshold": 0.5880660023572881,
    "axon_growth_threshold": 0.28684370565825734,
    "max_axon_length": 5,
    "axon_connect_threshold": 0.49355744577012106,
    "self_connect_isolated_neurons_fraction": 0.006909661908754838,
    "weight_adjustment_target": 0.39420958808214435,
    "weight_adjustment_rate": 0.011579104811347269,
    "progenitor_secretion_rates": [
      0.49899020346008727,
      0.03339142791977617,
      0.21090239359825064
    ],
    "neuron_secretion_rates": [
      0.2549441738094399,
      0.4558966259844847,
      0.13798375793727202
    ],
    "inhibition_matrix": [
      [
        0.0,
        0.0,
        0.3345484431717161
      ],
      [
        0.0,
        0.0,
        0.0
      ],
      [
        0.0,
        0.470501456021259,
        0.0
      ]
    ],
    "diffusion_patterns": [
      [
        [
          0.1298923710163659,
          0.22708091874346528,
          0.05091361674597362
        ],
        [
          0.03845779144664352,
          0.10286703768369418,
          0.17701312826617313
        ],
        [
          0.013370152883074202,
          0.14630425034835112,
          0.11410073286625909
        ]
      ],
      [
        [
          0.19885112222014428,
          0.1829867163882931,
          0.20320972985106406
        ],
        [
          0.08863061848051287,
          0.10326388986028341,
          0.013250427713534903
        ],
        [
          0.033446713386332795,
          0.04485450044156699,
          0.1315062816582675
        ]
      ],
      [
        [
          0.023609987867417883,
          0.2056492477183935,
          0.041911883890517906
        ],
        [
          0.11793632302583731,
          0.13969843795169132,
          0.037301860911125286
        ],
        [
          0.10959077507012652,
          0.14896366802608635,
          0.17533781553880387
        ]
      ]
    ]
  },
  "network_stats": {
    "neurons": 400,
    "connections": 389
  },
  "rollout_data": {
    "rewards": [
      -500.0,
      -500.0,
      -500.0,
      -500.0,
      -500.0,
      -500.0,
      -500.0,
      -500.0,
      -500.0,
      -500.0,
      -500.0,
      -500.0,
      -500.0,
      -500.0,
      -500.0,
      -500.0,
      -500.0,
      -500.0,
      -500.0,
      -500.0
    ],
    "lengths": [
      500,
      500,
      500,
      500,
      500,
      500,
      500,
      500,
      500,
      500,
      500,
      500,
      500,
      500,
      500,
      500,
      500,
      500,
      500,
      500
    ],
    "eval_seeds": [
      5014120,
      5014121,
      5014122,
      5014123,
      5014124,
      5014125,
      5014126,
      5014127,
      5014128,
      5014129,
      5014130,
      5014131,
      5014132,
      5014133,
      5014134,
      5014135,
      5014136,
      5014137,
      5014138,
      5014139
    ]
  }
}