{
  "network_id": 15866,
  "seed": 5015866,
  "valid": true,
  "baseline_reward": -500.0,
  "stratum": "weak",
  "genome": {
    "max_growth_steps": 200,
    "size_x": 20,
    "size_y": 20,
    "diffusion_rate": 0.09015819901268192,
    "num_morphogens": 3,
    "division_threshold": 0.3551969404908136,
    "cell_differentiation_threshold": 0.4592347014499352,
    "axon_growth_threshold": 0.41339654464296605,
    "max_axon_length": 9,
    "axon_connect_threshold": 0.6658264232220589,
    "self_connect_isolated_neurons_fraction": 0.1577883311598538,
    "weight_adjustment_target": 0.43018157023317793,
    "weight_adjustment_rate": 0.01897926015057949,
    "progenitor_secretion_rates": [
      0.3264096942048053,
      0.16897935325142854,
      0.03131228564490629
    ],
    "neuron_secretion_rates": [
      0.2240600328166032,
      0.1566959458250281,
      0.40251503549260326
    ],
    "inhibition_matrix": [
      [
        0.0,
        0.29315926090515465,
        0.0
      ],
      [
        0.2065485119019036,
        0.0,
        0.0
      ],
      [
        0.181328769125786,
        0.0,
        0.0
      ]
    ],
    "diffusion_patterns": [
      [
        [
          0.05054480927566276,
          0.18105334392752623,
          0.10493243110606892
        ],
        [
          0.02640858603778826,
          0.14195433242636382,
          0.19349086228058596
        ],
        [
          0.19335085981117434,
          0.050917436046618296,
          0.057347339088211484
        ]
      ],
      [
        [
          0.18423356406956581,
          0.1375411494305157,
          0.13395750411199897
        ],
        [
          0.07225486211364394,
          0.09818318507262774,
          0.024258866501396546
        ],
        [
          0.1472369313864325,
          0.14950938547400003,
          0.0528245518398188
        ]
      ],
      [
        [
          0.026176574875441103,
          0.09795871336669927,
          0.32024898486581493
        ],
        [
          0.0016603760323236597,
          0.014272375780488481,
          0.25536495107757806
        ],
        [
          0.1029914192768052,
          0.10424980046769397,
          0.07707680425715542
        ]
      ]
    ]
  },
  "network_stats": {
    "neurons": 400,
    "connections": 1152
  },
  "rollout_data": {
    "rewards": [
      -500.0,
      -500.0,
      -500.0,
      -500.0,
      -500.0,
      -500.0,
      -500.0,
      -500.0,
      -500.0,
      -500.0,
      -500.0,
      -500.0,
      -500.0,
      -500.0,
      -500.0,
      -500.0,
      -500.0,
      -500.0,
      -500.0,
      -500.0
    ],
    "lengths": [
      500,
      500,
      500,
      500,
      500,
      500,
      500,
      500,
      500,
      500,
      500,
      500,
      500,
      500,
      500,
      500,
      500,
      500,
      500,
      500
    ],
    "eval_seeds": [
      5015866,
      5015867,
      5015868,
      5015869,
      5015870,
      5015871,
      5015872,
      5015873,
      5015874,
      5015875,
      5015876,
      5015877,
      5015878,
      5015879,
      5015880,
      5015881,
      5015882,
      5015883,
      5015884,
      5015885
    ]
  }
}