{
  "network_id": 2473,
  "seed": 5002473,
  "valid": true,
  "baseline_reward": -500.0,
  "stratum": "weak",
  "genome": {
    "max_growth_steps": 200,
    "size_x": 20,
    "size_y": 20,
    "diffusion_rate": 0.11984949018538964,
    "num_morphogens": 3,
    "division_threshold": 0.5174613231643151,
    "cell_differentiation_threshold": 0.5532861637496553,
    "axon_growth_threshold": 0.3818931632426076,
    "max_axon_length": 8,
    "axon_connect_threshold": 0.8921719493366806,
    "self_connect_isolated_neurons_fraction": 0.13041207475342073,
    "weight_adjustment_target": 0.44627175062550284,
    "weight_adjustment_rate": 0.010361958014863695,
    "progenitor_secretion_rates": [
      0.42168562782963437,
      0.057081042385220215,
      0.25527881187589085
    ],
    "neuron_secretion_rates": [
      0.09609125878555841,
      0.3399723831936122,
      0.12700238856813445
    ],
    "inhibition_matrix": [
      [
        0.0,
        0.0,
        0.2856776893767727
      ],
      [
        0.07889522395380727,
        0.0,
        0.0
      ],
      [
        0.0,
        0.0,
        0.0
      ]
    ],
    "diffusion_patterns": [
      [
        [
          0.14201272189626238,
          0.1450155971264758,
          0.12839120009420973
        ],
        [
          0.060257076420676715,
          0.05078329393161893,
          0.17652099867074156
        ],
        [
          0.04071011383561896,
          0.059402276198402444,
          0.19690672182599356
        ]
      ],
      [
        [
          0.018483555160773792,
          0.21954506505843643,
          0.21258955559281184
        ],
        [
          0.17061409573598277,
          0.014125435215637206,
          0.04293005652868749
        ],
        [
          0.06962357227523057,
          0.15453568910021614,
          0.09755297533222364
        ]
      ],
      [
        [
          0.04586245925938938,
          0.17298025570026612,
          0.1550437525939012
        ],
        [
          0.1675184265062705,
          0.12092163846915698,
          0.15251428623496516
        ],
        [
          0.05834193775605805,
          0.06355703336590016,
          0.06326021011409233
        ]
      ]
    ]
  },
  "network_stats": {
    "neurons": 400,
    "connections": 479
  },
  "rollout_data": {
    "rewards": [
      -500.0,
      -500.0,
      -500.0,
      -500.0,
      -500.0,
      -500.0,
      -500.0,
      -500.0,
      -500.0,
      -500.0,
      -500.0,
      -500.0,
      -500.0,
      -500.0,
      -500.0,
      -500.0,
      -500.0,
      -500.0,
      -500.0,
      -500.0
    ],
    "lengths": [
      500,
      500,
      500,
      500,
      500,
      500,
      500,
      500,
      500,
      500,
      500,
      500,
      500,
      500,
      500,
      500,
      500,
      500,
      500,
      500
    ],
    "eval_seeds": [
      5002473,
      5002474,
      5002475,
      5002476,
      5002477,
      5002478,
      5002479,
      5002480,
      5002481,
      5002482,
      5002483,
      5002484,
      5002485,
      5002486,
      5002487,
      5002488,
      5002489,
      5002490,
      5002491,
      5002492
    ]
  }
}