{
  "network_id": 10534,
  "seed": 5010534,
  "valid": true,
  "baseline_reward": -500.0,
  "stratum": "weak",
  "genome": {
    "max_growth_steps": 200,
    "size_x": 20,
    "size_y": 20,
    "diffusion_rate": 0.11195919777542195,
    "num_morphogens": 3,
    "division_threshold": 0.3544544091377403,
    "cell_differentiation_threshold": 0.3264107108368754,
    "axon_growth_threshold": 0.3697397264690635,
    "max_axon_length": 4,
    "axon_connect_threshold": 0.7334643188310297,
    "self_connect_isolated_neurons_fraction": 0.2844061341667422,
    "weight_adjustment_target": 0.5048061888492609,
    "weight_adjustment_rate": 0.01435118985136306,
    "progenitor_secretion_rates": [
      0.33544995513519804,
      0.1485501711724289,
      0.12285870386995323
    ],
    "neuron_secretion_rates": [
      0.08504911572471274,
      0.11242003508317833,
      0.259644437528614
    ],
    "inhibition_matrix": [
      [
        0.0,
        0.33797114016461655,
        0.0
      ],
      [
        0.15940275006295618,
        0.0,
        0.0
      ],
      [
        0.0,
        0.0,
        0.0
      ]
    ],
    "diffusion_patterns": [
      [
        [
          0.022663511002243123,
          0.040825895941025515,
          0.06171904692162289
        ],
        [
          0.16175007390912233,
          0.1354243529344587,
          0.16332551901073558
        ],
        [
          0.16029728760022385,
          0.09463738403214415,
          0.1593569286484237
        ]
      ],
      [
        [
          0.07692964032502683,
          0.18413543685639722,
          0.00612706905965622
        ],
        [
          0.016662217309717776,
          0.1374614767319639,
          0.1967236837547534
        ],
        [
          0.056287303565936204,
          0.1719008483996345,
          0.15377232399691407
        ]
      ],
      [
        [
          0.15082645415865584,
          0.10882372620144716,
          0.0033986708029447896
        ],
        [
          0.1500440905992114,
          0.07195390021606247,
          0.1044309955177816
        ],
        [
          0.10705380674233878,
          0.15270623087647195,
          0.15076212488508614
        ]
      ]
    ]
  },
  "network_stats": {
    "neurons": 400,
    "connections": 1068
  },
  "rollout_data": {
    "rewards": [
      -500.0,
      -500.0,
      -500.0,
      -500.0,
      -500.0,
      -500.0,
      -500.0,
      -500.0,
      -500.0,
      -500.0,
      -500.0,
      -500.0,
      -500.0,
      -500.0,
      -500.0,
      -500.0,
      -500.0,
      -500.0,
      -500.0,
      -500.0
    ],
    "lengths": [
      500,
      500,
      500,
      500,
      500,
      500,
      500,
      500,
      500,
      500,
      500,
      500,
      500,
      500,
      500,
      500,
      500,
      500,
      500,
      500
    ],
    "eval_seeds": [
      5010534,
      5010535,
      5010536,
      5010537,
      5010538,
      5010539,
      5010540,
      5010541,
      5010542,
      5010543,
      5010544,
      5010545,
      5010546,
      5010547,
      5010548,
      5010549,
      5010550,
      5010551,
      5010552,
      5010553
    ]
  }
}