{
  "network_id": 16785,
  "seed": 5016785,
  "valid": true,
  "baseline_reward": -500.0,
  "stratum": "weak",
  "genome": {
    "max_growth_steps": 200,
    "size_x": 20,
    "size_y": 20,
    "diffusion_rate": 0.06212264351093889,
    "num_morphogens": 3,
    "division_threshold": 0.46619623852858283,
    "cell_differentiation_threshold": 0.512753990640035,
    "axon_growth_threshold": 0.265844796375246,
    "max_axon_length": 2,
    "axon_connect_threshold": 0.5891138176064659,
    "self_connect_isolated_neurons_fraction": 0.04436151046146838,
    "weight_adjustment_target": 0.3394198018456774,
    "weight_adjustment_rate": 0.015162845186730549,
    "progenitor_secretion_rates": [
      0.3169948283171798,
      0.03825215093915957,
      0.2749844042431451
    ],
    "neuron_secretion_rates": [
      0.38450870900875983,
      0.08288575154806804,
      0.07665013834678985
    ],
    "inhibition_matrix": [
      [
        0.0,
        0.06687042079215394,
        0.0028023021907901957
      ],
      [
        0.0,
        0.0,
        0.0
      ],
      [
        0.0,
        0.0,
        0.0
      ]
    ],
    "diffusion_patterns": [
      [
        [
          0.0802745615506052,
          0.08653935195643635,
          0.07452588105296024
        ],
        [
          0.0478382901116845,
          0.023434358857677546,
          0.14069902636763024
        ],
        [
          0.193851952895892,
          0.13423433205584412,
          0.21860224515126978
        ]
      ],
      [
        [
          0.0028931702650465668,
          0.22756709216576856,
          0.0633026717513181
        ],
        [
          0.17704100489335775,
          0.18651003057673224,
          0.11435144432669805
        ],
        [
          0.055234783382090966,
          0.0036834576008088937,
          0.1694163450381788
        ]
      ],
      [
        [
          0.020649555984686464,
          0.07450222884674283,
          0.15327202445747576
        ],
        [
          0.05128903391265332,
          0.12671601263404833,
          0.16137945851922078
        ],
        [
          0.14237517455420642,
          0.14355328933120165,
          0.1262632217597644
        ]
      ]
    ]
  },
  "network_stats": {
    "neurons": 400,
    "connections": 400
  },
  "rollout_data": {
    "rewards": [
      -500.0,
      -500.0,
      -500.0,
      -500.0,
      -500.0,
      -500.0,
      -500.0,
      -500.0,
      -500.0,
      -500.0,
      -500.0,
      -500.0,
      -500.0,
      -500.0,
      -500.0,
      -500.0,
      -500.0,
      -500.0,
      -500.0,
      -500.0
    ],
    "lengths": [
      500,
      500,
      500,
      500,
      500,
      500,
      500,
      500,
      500,
      500,
      500,
      500,
      500,
      500,
      500,
      500,
      500,
      500,
      500,
      500
    ],
    "eval_seeds": [
      5016785,
      5016786,
      5016787,
      5016788,
      5016789,
      5016790,
      5016791,
      5016792,
      5016793,
      5016794,
      5016795,
      5016796,
      5016797,
      5016798,
      5016799,
      5016800,
      5016801,
      5016802,
      5016803,
      5016804
    ]
  }
}