{
  "network_id": 13805,
  "seed": 5013805,
  "valid": true,
  "baseline_reward": -173.4,
  "stratum": "near_perfect",
  "genome": {
    "max_growth_steps": 200,
    "size_x": 20,
    "size_y": 20,
    "diffusion_rate": 0.10438266962767052,
    "num_morphogens": 3,
    "division_threshold": 0.6352748255030327,
    "cell_differentiation_threshold": 0.5380939565807286,
    "axon_growth_threshold": 0.3027614079243893,
    "max_axon_length": 6,
    "axon_connect_threshold": 0.7350582134544255,
    "self_connect_isolated_neurons_fraction": 0.14032353801684555,
    "weight_adjustment_target": 0.41781508998535,
    "weight_adjustment_rate": 0.009528160209915752,
    "progenitor_secretion_rates": [
      0.4751444274624288,
      0.1665928224680095,
      0.24926156364485047
    ],
    "neuron_secretion_rates": [
      0.3771698698582348,
      0.43749126153107193,
      0.21804559730053025
    ],
    "inhibition_matrix": [
      [
        0.0,
        0.22457254653118675,
        0.0
      ],
      [
        0.0,
        0.0,
        0.0
      ],
      [
        0.0,
        0.0,
        0.0
      ]
    ],
    "diffusion_patterns": [
      [
        [
          0.09961493854634201,
          0.1626635888887409,
          0.0969781747816202
        ],
        [
          0.15992279769618625,
          0.11416672986470441,
          0.10716335750936898
        ],
        [
          0.13187133950382843,
          0.09846609025466677,
          0.029152982954541894
        ]
      ],
      [
        [
          0.2143615050386327,
          0.003941587254298915,
          0.14376838992018642
        ],
        [
          0.22961233840199086,
          0.09888798174695977,
          0.08975226354095334
        ],
        [
          0.11793567087117207,
          0.02016354862547743,
          0.08157671460032849
        ]
      ],
      [
        [
          0.18268658478477756,
          0.20831509170012757,
          0.14525820490322028
        ],
        [
          0.02505571438663047,
          0.12522926338949436,
          0.05661283382825573
        ],
        [
          0.03552748787628239,
          0.1783051891697579,
          0.0430096299614537
        ]
      ]
    ]
  },
  "network_stats": {
    "neurons": 400,
    "connections": 1011
  },
  "rollout_data": {
    "rewards": [
      -127.0,
      -207.0,
      -139.0,
      -150.0,
      -152.0,
      -168.0,
      -157.0,
      -172.0,
      -359.0,
      -155.0,
      -148.0,
      -131.0,
      -161.0,
      -144.0,
      -178.0,
      -150.0,
      -205.0,
      -224.0,
      -147.0,
      -194.0
    ],
    "lengths": [
      128,
      208,
      140,
      151,
      153,
      169,
      158,
      173,
      360,
      156,
      149,
      132,
      162,
      145,
      179,
      151,
      206,
      225,
      148,
      195
    ],
    "eval_seeds": [
      5013805,
      5013806,
      5013807,
      5013808,
      5013809,
      5013810,
      5013811,
      5013812,
      5013813,
      5013814,
      5013815,
      5013816,
      5013817,
      5013818,
      5013819,
      5013820,
      5013821,
      5013822,
      5013823,
      5013824
    ]
  }
}