{
  "network_id": 6074,
  "seed": 5006074,
  "valid": true,
  "baseline_reward": -500.0,
  "stratum": "weak",
  "genome": {
    "max_growth_steps": 200,
    "size_x": 20,
    "size_y": 20,
    "diffusion_rate": 0.10750622395440598,
    "num_morphogens": 3,
    "division_threshold": 0.3255490229240708,
    "cell_differentiation_threshold": 0.42151780318011445,
    "axon_growth_threshold": 0.27178412204509583,
    "max_axon_length": 8,
    "axon_connect_threshold": 0.48459468401367445,
    "self_connect_isolated_neurons_fraction": 0.2835286344136951,
    "weight_adjustment_target": 0.5222878858524019,
    "weight_adjustment_rate": 0.01774753766776308,
    "progenitor_secretion_rates": [
      0.4162383692811283,
      0.050499650594089895,
      0.21624140895160399
    ],
    "neuron_secretion_rates": [
      0.45778770355009063,
      0.0894026615349941,
      0.15934530630677302
    ],
    "inhibition_matrix": [
      [
        0.0,
        0.0,
        0.0
      ],
      [
        0.0,
        0.0,
        0.0
      ],
      [
        0.0,
        0.0,
        0.0
      ]
    ],
    "diffusion_patterns": [
      [
        [
          0.10994406705158481,
          0.025954110724319388,
          0.20765139152681814
        ],
        [
          0.08876563673484489,
          0.08829800457978605,
          0.18339189685793864
        ],
        [
          0.1332187437683044,
          0.11613746741748046,
          0.04663868133892312
        ]
      ],
      [
        [
          0.08160602915557245,
          0.26421533396456465,
          0.14357655634952085
        ],
        [
          0.08163272738235644,
          0.09529867517362865,
          0.15992354043534956
        ],
        [
          0.007773053942439815,
          0.1020612702027965,
          0.06391281339377103
        ]
      ],
      [
        [
          0.22288323888112238,
          0.14321607076881643,
          0.04621782047426828
        ],
        [
          0.0172993942598198,
          0.030460438288907647,
          0.2304330385266223
        ],
        [
          0.022910760101680104,
          0.15173743167289086,
          0.1348418070258724
        ]
      ]
    ]
  },
  "network_stats": {
    "neurons": 400,
    "connections": 512
  },
  "rollout_data": {
    "rewards": [
      -500.0,
      -500.0,
      -500.0,
      -500.0,
      -500.0,
      -500.0,
      -500.0,
      -500.0,
      -500.0,
      -500.0,
      -500.0,
      -500.0,
      -500.0,
      -500.0,
      -500.0,
      -500.0,
      -500.0,
      -500.0,
      -500.0,
      -500.0
    ],
    "lengths": [
      500,
      500,
      500,
      500,
      500,
      500,
      500,
      500,
      500,
      500,
      500,
      500,
      500,
      500,
      500,
      500,
      500,
      500,
      500,
      500
    ],
    "eval_seeds": [
      5006074,
      5006075,
      5006076,
      5006077,
      5006078,
      5006079,
      5006080,
      5006081,
      5006082,
      5006083,
      5006084,
      5006085,
      5006086,
      5006087,
      5006088,
      5006089,
      5006090,
      5006091,
      5006092,
      5006093
    ]
  }
}