{
  "network_id": 7021,
  "seed": 5007021,
  "valid": true,
  "baseline_reward": -500.0,
  "stratum": "weak",
  "genome": {
    "max_growth_steps": 200,
    "size_x": 20,
    "size_y": 20,
    "diffusion_rate": 0.1770986103626517,
    "num_morphogens": 3,
    "division_threshold": 0.3336167599839983,
    "cell_differentiation_threshold": 0.5321472659677733,
    "axon_growth_threshold": 0.22513339180726002,
    "max_axon_length": 7,
    "axon_connect_threshold": 0.591539787949897,
    "self_connect_isolated_neurons_fraction": 0.24764853023213187,
    "weight_adjustment_target": 0.6893244779706917,
    "weight_adjustment_rate": 0.0111538682135208,
    "progenitor_secretion_rates": [
      0.4183386547587795,
      0.18759749879123278,
      0.11048721368336795
    ],
    "neuron_secretion_rates": [
      0.3178935944520942,
      0.2575667051185022,
      0.08948674657993977
    ],
    "inhibition_matrix": [
      [
        0.0,
        0.49854136091719975,
        0.0952821235082702
      ],
      [
        0.0,
        0.0,
        0.19877838196188113
      ],
      [
        0.42837749011667053,
        0.0,
        0.0
      ]
    ],
    "diffusion_patterns": [
      [
        [
          0.10002715228409938,
          0.0006770209889668912,
          0.1702990124971056
        ],
        [
          0.1582706735671081,
          0.14885769120078582,
          0.018999042054105693
        ],
        [
          0.16248368171694713,
          0.04576215744215286,
          0.19462356824872856
        ]
      ],
      [
        [
          0.06149376042910837,
          0.15951485648312697,
          0.13488658776311155
        ],
        [
          0.08300945007824376,
          0.14382509722247525,
          0.130670424996399
        ],
        [
          0.14273448016519763,
          0.003964971676987211,
          0.13990037118535034
        ]
      ],
      [
        [
          0.14084910498910808,
          0.09283238084313494,
          0.016687888251272015
        ],
        [
          0.15111412660589474,
          0.1593530620837626,
          0.0077236661819339554
        ],
        [
          0.12016746965166535,
          0.14311401527197523,
          0.1681582861212531
        ]
      ]
    ]
  },
  "network_stats": {
    "neurons": 400,
    "connections": 2111
  },
  "rollout_data": {
    "rewards": [
      -500.0,
      -500.0,
      -500.0,
      -500.0,
      -500.0,
      -500.0,
      -500.0,
      -500.0,
      -500.0,
      -500.0,
      -500.0,
      -500.0,
      -500.0,
      -500.0,
      -500.0,
      -500.0,
      -500.0,
      -500.0,
      -500.0,
      -500.0
    ],
    "lengths": [
      500,
      500,
      500,
      500,
      500,
      500,
      500,
      500,
      500,
      500,
      500,
      500,
      500,
      500,
      500,
      500,
      500,
      500,
      500,
      500
    ],
    "eval_seeds": [
      5007021,
      5007022,
      5007023,
      5007024,
      5007025,
      5007026,
      5007027,
      5007028,
      5007029,
      5007030,
      5007031,
      5007032,
      5007033,
      5007034,
      5007035,
      5007036,
      5007037,
      5007038,
      5007039,
      5007040
    ]
  }
}