{
  "network_id": 17807,
  "seed": 5017807,
  "valid": true,
  "baseline_reward": -500.0,
  "stratum": "weak",
  "genome": {
    "max_growth_steps": 200,
    "size_x": 20,
    "size_y": 20,
    "diffusion_rate": 0.11960565104520242,
    "num_morphogens": 3,
    "division_threshold": 0.32321657681458915,
    "cell_differentiation_threshold": 0.671276614961217,
    "axon_growth_threshold": 0.3564792049761089,
    "max_axon_length": 6,
    "axon_connect_threshold": 0.48885275195465083,
    "self_connect_isolated_neurons_fraction": 0.18734259824457847,
    "weight_adjustment_target": 0.6007808289483555,
    "weight_adjustment_rate": 0.0072244648358063416,
    "progenitor_secretion_rates": [
      0.17881964984507137,
      0.05969455888672759,
      0.12833152602955278
    ],
    "neuron_secretion_rates": [
      0.1252163094017918,
      0.17274942094089307,
      0.10821615200171752
    ],
    "inhibition_matrix": [
      [
        0.0,
        0.0,
        0.0
      ],
      [
        0.0,
        0.0,
        0.0
      ],
      [
        0.0,
        0.0,
        0.0
      ]
    ],
    "diffusion_patterns": [
      [
        [
          0.009616317000604009,
          0.1852826515518679,
          0.09432122097058979
        ],
        [
          0.11356882843097117,
          0.20813459248077626,
          0.12793239601725426
        ],
        [
          0.21581824623245982,
          0.006239274170141397,
          0.03908647314533537
        ]
      ],
      [
        [
          0.15556094306102622,
          0.1797281259110297,
          0.03701131515235915
        ],
        [
          0.19865322351362882,
          0.04977871844102032,
          0.11179376362809111
        ],
        [
          0.046384404633720844,
          0.12950529443259357,
          0.09158421122653017
        ]
      ],
      [
        [
          0.15062948999472311,
          0.10499583354147703,
          0.028096532193165335
        ],
        [
          0.06845653837248591,
          0.13907399027349915,
          0.15857473169591565
        ],
        [
          0.12578304977762503,
          0.10178877958356283,
          0.12260105456754597
        ]
      ]
    ]
  },
  "network_stats": {
    "neurons": 400,
    "connections": 600
  },
  "rollout_data": {
    "rewards": [
      -500.0,
      -500.0,
      -500.0,
      -500.0,
      -500.0,
      -500.0,
      -500.0,
      -500.0,
      -500.0,
      -500.0,
      -500.0,
      -500.0,
      -500.0,
      -500.0,
      -500.0,
      -500.0,
      -500.0,
      -500.0,
      -500.0,
      -500.0
    ],
    "lengths": [
      500,
      500,
      500,
      500,
      500,
      500,
      500,
      500,
      500,
      500,
      500,
      500,
      500,
      500,
      500,
      500,
      500,
      500,
      500,
      500
    ],
    "eval_seeds": [
      5017807,
      5017808,
      5017809,
      5017810,
      5017811,
      5017812,
      5017813,
      5017814,
      5017815,
      5017816,
      5017817,
      5017818,
      5017819,
      5017820,
      5017821,
      5017822,
      5017823,
      5017824,
      5017825,
      5017826
    ]
  }
}