{
  "network_id": 4489,
  "seed": 5004489,
  "valid": true,
  "baseline_reward": -500.0,
  "stratum": "weak",
  "genome": {
    "max_growth_steps": 200,
    "size_x": 20,
    "size_y": 20,
    "diffusion_rate": 0.05799646676611562,
    "num_morphogens": 3,
    "division_threshold": 0.47636090285981614,
    "cell_differentiation_threshold": 0.4339249764469233,
    "axon_growth_threshold": 0.4999974373123134,
    "max_axon_length": 5,
    "axon_connect_threshold": 0.6959565821831928,
    "self_connect_isolated_neurons_fraction": 0.26296627790747384,
    "weight_adjustment_target": 0.3825367730340837,
    "weight_adjustment_rate": 0.019538392293033124,
    "progenitor_secretion_rates": [
      0.4258262837259556,
      0.41957682518395123,
      0.20839189126980417
    ],
    "neuron_secretion_rates": [
      0.07223495355661069,
      0.4738221005600353,
      0.14466234707171738
    ],
    "inhibition_matrix": [
      [
        0.0,
        0.0,
        0.0
      ],
      [
        0.0,
        0.0,
        0.2405822313852437
      ],
      [
        0.0,
        0.0,
        0.0
      ]
    ],
    "diffusion_patterns": [
      [
        [
          0.1793270551569592,
          0.172179041297073,
          0.09080448712739325
        ],
        [
          0.0034824984418329675,
          0.07140785431861353,
          0.11266326877393577
        ],
        [
          0.06000024544543222,
          0.11563023109689305,
          0.19450531834186696
        ]
      ],
      [
        [
          0.1536968137549503,
          0.12179627624129673,
          0.13897223725887245
        ],
        [
          0.14867246904888945,
          0.09506544769300042,
          0.0002930045858618894
        ],
        [
          0.12716019376360102,
          0.1432630565528647,
          0.0710805011006631
        ]
      ],
      [
        [
          0.09762571598507906,
          0.14751706366723838,
          0.1936259967973613
        ],
        [
          0.11423766550434504,
          0.17763272176063377,
          0.014530703289145767
        ],
        [
          0.009366200063705183,
          0.21100486426077816,
          0.034459068671713375
        ]
      ]
    ]
  },
  "network_stats": {
    "neurons": 400,
    "connections": 1187
  },
  "rollout_data": {
    "rewards": [
      -500.0,
      -500.0,
      -500.0,
      -500.0,
      -500.0,
      -500.0,
      -500.0,
      -500.0,
      -500.0,
      -500.0,
      -500.0,
      -500.0,
      -500.0,
      -500.0,
      -500.0,
      -500.0,
      -500.0,
      -500.0,
      -500.0,
      -500.0
    ],
    "lengths": [
      500,
      500,
      500,
      500,
      500,
      500,
      500,
      500,
      500,
      500,
      500,
      500,
      500,
      500,
      500,
      500,
      500,
      500,
      500,
      500
    ],
    "eval_seeds": [
      5004489,
      5004490,
      5004491,
      5004492,
      5004493,
      5004494,
      5004495,
      5004496,
      5004497,
      5004498,
      5004499,
      5004500,
      5004501,
      5004502,
      5004503,
      5004504,
      5004505,
      5004506,
      5004507,
      5004508
    ]
  }
}