{
  "network_id": 12866,
  "seed": 5012866,
  "valid": true,
  "baseline_reward": -500.0,
  "stratum": "weak",
  "genome": {
    "max_growth_steps": 200,
    "size_x": 20,
    "size_y": 20,
    "diffusion_rate": 0.07712968389728181,
    "num_morphogens": 3,
    "division_threshold": 0.4965211507785987,
    "cell_differentiation_threshold": 0.658837549044555,
    "axon_growth_threshold": 0.47708164731118924,
    "max_axon_length": 2,
    "axon_connect_threshold": 0.9736533448125384,
    "self_connect_isolated_neurons_fraction": 0.12273830647936694,
    "weight_adjustment_target": 0.5388849900168645,
    "weight_adjustment_rate": 0.014045606515137624,
    "progenitor_secretion_rates": [
      0.41190264767364726,
      0.1554749367643828,
      0.4077447343127046
    ],
    "neuron_secretion_rates": [
      0.19871408975843657,
      0.1473894605604687,
      0.386798487814058
    ],
    "inhibition_matrix": [
      [
        0.0,
        0.10800480225962067,
        0.0
      ],
      [
        0.0,
        0.0,
        0.0
      ],
      [
        0.017912122348256343,
        0.0,
        0.0
      ]
    ],
    "diffusion_patterns": [
      [
        [
          0.14169363304318103,
          0.1708325248305015,
          0.1412732316799978
        ],
        [
          0.06947664182927829,
          0.07084449150383067,
          0.061475953295006824
        ],
        [
          0.14862191922599036,
          0.0665717629555573,
          0.12920984163665622
        ]
      ],
      [
        [
          0.006569598978355861,
          0.19288180541128108,
          0.0765095951110227
        ],
        [
          0.05636314446491668,
          0.13857897379897402,
          0.18963487068226093
        ],
        [
          0.02999284894444277,
          0.20415864076084939,
          0.10531052184789659
        ]
      ],
      [
        [
          0.1487451373841137,
          0.17543741382068498,
          0.11153426196971618
        ],
        [
          0.09591163971923061,
          0.030454587688100453,
          0.07375731440255245
        ],
        [
          0.11487532888462818,
          0.21096255617660634,
          0.0383217599543671
        ]
      ]
    ]
  },
  "network_stats": {
    "neurons": 400,
    "connections": 1071
  },
  "rollout_data": {
    "rewards": [
      -500.0,
      -500.0,
      -500.0,
      -500.0,
      -500.0,
      -500.0,
      -500.0,
      -500.0,
      -500.0,
      -500.0,
      -500.0,
      -500.0,
      -500.0,
      -500.0,
      -500.0,
      -500.0,
      -500.0,
      -500.0,
      -500.0,
      -500.0
    ],
    "lengths": [
      500,
      500,
      500,
      500,
      500,
      500,
      500,
      500,
      500,
      500,
      500,
      500,
      500,
      500,
      500,
      500,
      500,
      500,
      500,
      500
    ],
    "eval_seeds": [
      5012866,
      5012867,
      5012868,
      5012869,
      5012870,
      5012871,
      5012872,
      5012873,
      5012874,
      5012875,
      5012876,
      5012877,
      5012878,
      5012879,
      5012880,
      5012881,
      5012882,
      5012883,
      5012884,
      5012885
    ]
  }
}