{
  "network_id": 18289,
  "seed": 5018289,
  "valid": true,
  "baseline_reward": -500.0,
  "stratum": "weak",
  "genome": {
    "max_growth_steps": 200,
    "size_x": 20,
    "size_y": 20,
    "diffusion_rate": 0.1147047993822123,
    "num_morphogens": 3,
    "division_threshold": 0.4890940135637836,
    "cell_differentiation_threshold": 0.5618713246782305,
    "axon_growth_threshold": 0.42094549960829664,
    "max_axon_length": 5,
    "axon_connect_threshold": 0.6528588271948397,
    "self_connect_isolated_neurons_fraction": 0.14990470398174677,
    "weight_adjustment_target": 0.3686352238850941,
    "weight_adjustment_rate": 0.007934473321988473,
    "progenitor_secretion_rates": [
      0.34624133731748286,
      0.33904738908158916,
      0.15964184312050345
    ],
    "neuron_secretion_rates": [
      0.3005376914674101,
      0.317902042967414,
      0.18946739136123542
    ],
    "inhibition_matrix": [
      [
        0.0,
        0.0,
        0.0
      ],
      [
        0.0,
        0.0,
        0.0
      ],
      [
        0.0,
        0.0,
        0.0
      ]
    ],
    "diffusion_patterns": [
      [
        [
          0.01698813901800141,
          0.06535099710629257,
          0.12934378651481052
        ],
        [
          0.08160211541996737,
          0.09362631165361872,
          0.20596152104668997
        ],
        [
          0.17489765152689932,
          0.2016110627899685,
          0.03061841492375152
        ]
      ],
      [
        [
          0.1443667533413409,
          0.06312600814964583,
          0.1313538847580018
        ],
        [
          0.05220937041284611,
          0.17484558839039377,
          0.16118641125291716
        ],
        [
          0.16020496889386715,
          0.09864584825072556,
          0.01406116655026185
        ]
      ],
      [
        [
          0.08420803842740082,
          0.11735932128200528,
          0.12314069189776383
        ],
        [
          0.06636975975451372,
          0.14870845201393101,
          0.16938117277427722
        ],
        [
          0.10186846641550353,
          0.08826371210123535,
          0.10070038533336917
        ]
      ]
    ]
  },
  "network_stats": {
    "neurons": 400,
    "connections": 1023
  },
  "rollout_data": {
    "rewards": [
      -500.0,
      -500.0,
      -500.0,
      -500.0,
      -500.0,
      -500.0,
      -500.0,
      -500.0,
      -500.0,
      -500.0,
      -500.0,
      -500.0,
      -500.0,
      -500.0,
      -500.0,
      -500.0,
      -500.0,
      -500.0,
      -500.0,
      -500.0
    ],
    "lengths": [
      500,
      500,
      500,
      500,
      500,
      500,
      500,
      500,
      500,
      500,
      500,
      500,
      500,
      500,
      500,
      500,
      500,
      500,
      500,
      500
    ],
    "eval_seeds": [
      5018289,
      5018290,
      5018291,
      5018292,
      5018293,
      5018294,
      5018295,
      5018296,
      5018297,
      5018298,
      5018299,
      5018300,
      5018301,
      5018302,
      5018303,
      5018304,
      5018305,
      5018306,
      5018307,
      5018308
    ]
  }
}