{
  "network_id": 6494,
  "seed": 5006494,
  "valid": true,
  "baseline_reward": -500.0,
  "stratum": "weak",
  "genome": {
    "max_growth_steps": 200,
    "size_x": 20,
    "size_y": 20,
    "diffusion_rate": 0.1690603664593441,
    "num_morphogens": 3,
    "division_threshold": 0.3498504423757094,
    "cell_differentiation_threshold": 0.3109740846199223,
    "axon_growth_threshold": 0.27652965781489874,
    "max_axon_length": 5,
    "axon_connect_threshold": 0.6956337064280561,
    "self_connect_isolated_neurons_fraction": 0.061016841701013666,
    "weight_adjustment_target": 0.38241099687659924,
    "weight_adjustment_rate": 0.005652763812616529,
    "progenitor_secretion_rates": [
      0.35591426466931314,
      0.18031246820857166,
      0.428155662603915
    ],
    "neuron_secretion_rates": [
      0.014030502040582538,
      0.22317654573000612,
      0.24236262783595802
    ],
    "inhibition_matrix": [
      [
        0.0,
        0.0,
        0.15743922644794855
      ],
      [
        0.0,
        0.0,
        0.01162514737112369
      ],
      [
        0.0,
        0.0,
        0.0
      ]
    ],
    "diffusion_patterns": [
      [
        [
          0.18221719111648127,
          0.1472351414297778,
          0.15671407535537107
        ],
        [
          0.19486733782652363,
          0.09876534836948923,
          0.014057226214001389
        ],
        [
          0.18138518913527502,
          0.016075986896382607,
          0.00868250365669804
        ]
      ],
      [
        [
          0.1398637437474177,
          0.11967684827372299,
          0.11604111439910963
        ],
        [
          0.13670273314754888,
          0.0011768052314293559,
          0.12341500531916322
        ],
        [
          0.13210072149820548,
          0.14096508610117278,
          0.09005794228223002
        ]
      ],
      [
        [
          0.0647711332524278,
          0.22730848886592994,
          0.204866588532526
        ],
        [
          0.06740799230213974,
          0.06323657338959614,
          0.08632142828727458
        ],
        [
          0.023983472888865272,
          0.22666432846734505,
          0.035439994013895575
        ]
      ]
    ]
  },
  "network_stats": {
    "neurons": 368,
    "connections": 1023
  },
  "rollout_data": {
    "rewards": [
      -500.0,
      -500.0,
      -500.0,
      -500.0,
      -500.0,
      -500.0,
      -500.0,
      -500.0,
      -500.0,
      -500.0,
      -500.0,
      -500.0,
      -500.0,
      -500.0,
      -500.0,
      -500.0,
      -500.0,
      -500.0,
      -500.0,
      -500.0
    ],
    "lengths": [
      500,
      500,
      500,
      500,
      500,
      500,
      500,
      500,
      500,
      500,
      500,
      500,
      500,
      500,
      500,
      500,
      500,
      500,
      500,
      500
    ],
    "eval_seeds": [
      5006494,
      5006495,
      5006496,
      5006497,
      5006498,
      5006499,
      5006500,
      5006501,
      5006502,
      5006503,
      5006504,
      5006505,
      5006506,
      5006507,
      5006508,
      5006509,
      5006510,
      5006511,
      5006512,
      5006513
    ]
  }
}