{
  "network_id": 6979,
  "seed": 5006979,
  "valid": true,
  "baseline_reward": -500.0,
  "stratum": "weak",
  "genome": {
    "max_growth_steps": 200,
    "size_x": 20,
    "size_y": 20,
    "diffusion_rate": 0.11088192001372368,
    "num_morphogens": 3,
    "division_threshold": 0.3181277550634363,
    "cell_differentiation_threshold": 0.6742217752310465,
    "axon_growth_threshold": 0.28852125724473876,
    "max_axon_length": 6,
    "axon_connect_threshold": 0.9050238715635003,
    "self_connect_isolated_neurons_fraction": 0.185192714702241,
    "weight_adjustment_target": 0.4404665844652529,
    "weight_adjustment_rate": 0.019799537282684486,
    "progenitor_secretion_rates": [
      0.20579011123755397,
      0.16671631535004588,
      0.4969632399692557
    ],
    "neuron_secretion_rates": [
      0.4418787403399362,
      0.10720209343062631,
      0.2728015038754109
    ],
    "inhibition_matrix": [
      [
        0.0,
        0.32058237749868235,
        0.0
      ],
      [
        0.0,
        0.0,
        0.0
      ],
      [
        0.0,
        0.0,
        0.0
      ]
    ],
    "diffusion_patterns": [
      [
        [
          0.007637713181313618,
          0.06521221193710214,
          0.10488967292989686
        ],
        [
          0.17547928607432167,
          0.20724360060918326,
          0.08887395771260344
        ],
        [
          0.11629494621967609,
          0.07042398379973273,
          0.16394462753617026
        ]
      ],
      [
        [
          0.06808077342613128,
          0.16796343234282804,
          0.08170927841203687
        ],
        [
          0.17070299407818082,
          0.06262808844674249,
          0.10879514298143309
        ],
        [
          0.09398149016081572,
          0.11382169617405474,
          0.1323171039777769
        ]
      ],
      [
        [
          0.17303282580901488,
          0.05873789392885478,
          0.050447477421393036
        ],
        [
          0.10443835114841889,
          0.18370796519648847,
          0.14908127229511128
        ],
        [
          0.01283946499444804,
          0.11396171538903684,
          0.1537530338172337
        ]
      ]
    ]
  },
  "network_stats": {
    "neurons": 400,
    "connections": 644
  },
  "rollout_data": {
    "rewards": [
      -500.0,
      -500.0,
      -500.0,
      -500.0,
      -500.0,
      -500.0,
      -500.0,
      -500.0,
      -500.0,
      -500.0,
      -500.0,
      -500.0,
      -500.0,
      -500.0,
      -500.0,
      -500.0,
      -500.0,
      -500.0,
      -500.0,
      -500.0
    ],
    "lengths": [
      500,
      500,
      500,
      500,
      500,
      500,
      500,
      500,
      500,
      500,
      500,
      500,
      500,
      500,
      500,
      500,
      500,
      500,
      500,
      500
    ],
    "eval_seeds": [
      5006979,
      5006980,
      5006981,
      5006982,
      5006983,
      5006984,
      5006985,
      5006986,
      5006987,
      5006988,
      5006989,
      5006990,
      5006991,
      5006992,
      5006993,
      5006994,
      5006995,
      5006996,
      5006997,
      5006998
    ]
  }
}