{
  "network_id": 3452,
  "seed": 5003452,
  "valid": true,
  "baseline_reward": -500.0,
  "stratum": "weak",
  "genome": {
    "max_growth_steps": 200,
    "size_x": 20,
    "size_y": 20,
    "diffusion_rate": 0.16590490833358612,
    "num_morphogens": 3,
    "division_threshold": 0.36456806521062507,
    "cell_differentiation_threshold": 0.6106509180372396,
    "axon_growth_threshold": 0.2501794628987604,
    "max_axon_length": 6,
    "axon_connect_threshold": 0.5752211406622859,
    "self_connect_isolated_neurons_fraction": 0.2924863669672508,
    "weight_adjustment_target": 0.6809598593153176,
    "weight_adjustment_rate": 0.016166656505584423,
    "progenitor_secretion_rates": [
      0.3560037118796715,
      0.4508525142539531,
      0.013344642151772002
    ],
    "neuron_secretion_rates": [
      0.28622983080153847,
      0.4693118109434565,
      0.019076840789138905
    ],
    "inhibition_matrix": [
      [
        0.0,
        0.022667445275028952,
        0.0
      ],
      [
        0.0,
        0.0,
        0.0
      ],
      [
        0.0,
        0.0,
        0.0
      ]
    ],
    "diffusion_patterns": [
      [
        [
          0.11814684143401402,
          0.12736032594639157,
          0.21647369730812585
        ],
        [
          0.01425683508802843,
          0.0815757740542133,
          0.16852240856769046
        ],
        [
          0.10300286615450333,
          0.11703667618275139,
          0.05362457526428171
        ]
      ],
      [
        [
          0.1988282329496318,
          0.15786381132974142,
          0.049619050419120445
        ],
        [
          0.06355809550357874,
          0.0026698793321971418,
          0.0684827782063494
        ],
        [
          0.14851407880725975,
          0.18312487256306673,
          0.1273392008890545
        ]
      ],
      [
        [
          0.08768965912147594,
          0.0972605674729484,
          0.15253776298484595
        ],
        [
          0.004890576011052053,
          0.2469545393451116,
          0.21673927738559962
        ],
        [
          0.045121464451317324,
          0.0020030840903524287,
          0.1468030691372967
        ]
      ]
    ]
  },
  "network_stats": {
    "neurons": 400,
    "connections": 2245
  },
  "rollout_data": {
    "rewards": [
      -500.0,
      -500.0,
      -500.0,
      -500.0,
      -500.0,
      -500.0,
      -500.0,
      -500.0,
      -500.0,
      -500.0,
      -500.0,
      -500.0,
      -500.0,
      -500.0,
      -500.0,
      -500.0,
      -500.0,
      -500.0,
      -500.0,
      -500.0
    ],
    "lengths": [
      500,
      500,
      500,
      500,
      500,
      500,
      500,
      500,
      500,
      500,
      500,
      500,
      500,
      500,
      500,
      500,
      500,
      500,
      500,
      500
    ],
    "eval_seeds": [
      5003452,
      5003453,
      5003454,
      5003455,
      5003456,
      5003457,
      5003458,
      5003459,
      5003460,
      5003461,
      5003462,
      5003463,
      5003464,
      5003465,
      5003466,
      5003467,
      5003468,
      5003469,
      5003470,
      5003471
    ]
  }
}