{
  "network_id": 5023,
  "seed": 5005023,
  "valid": true,
  "baseline_reward": -500.0,
  "stratum": "weak",
  "genome": {
    "max_growth_steps": 200,
    "size_x": 20,
    "size_y": 20,
    "diffusion_rate": 0.11589211174962231,
    "num_morphogens": 3,
    "division_threshold": 0.376089755333891,
    "cell_differentiation_threshold": 0.454536554349222,
    "axon_growth_threshold": 0.4342658759685078,
    "max_axon_length": 5,
    "axon_connect_threshold": 0.4897708590999077,
    "self_connect_isolated_neurons_fraction": 0.18860490937971822,
    "weight_adjustment_target": 0.615145714368563,
    "weight_adjustment_rate": 0.009267435993652805,
    "progenitor_secretion_rates": [
      0.45632692294291033,
      0.3000899474974129,
      0.16739984671856317
    ],
    "neuron_secretion_rates": [
      0.10350053347079397,
      0.2740105183301578,
      0.17906241346343682
    ],
    "inhibition_matrix": [
      [
        0.0,
        0.0,
        0.1844114206489012
      ],
      [
        0.0,
        0.0,
        0.0
      ],
      [
        0.0,
        0.1234231359922568,
        0.0
      ]
    ],
    "diffusion_patterns": [
      [
        [
          0.11520822283164978,
          0.10950431490681031,
          0.1422565429879659
        ],
        [
          0.18737007487501978,
          0.043973747387638464,
          0.1067042724424584
        ],
        [
          0.05053927578307879,
          0.13716772819493592,
          0.10727582059044266
        ]
      ],
      [
        [
          0.06906197093399932,
          0.2128179176669275,
          0.09327825982885073
        ],
        [
          0.10615701469673035,
          0.06080381682460195,
          0.12797138668454072
        ],
        [
          0.0683328591662909,
          0.09939200555772268,
          0.16218476864033593
        ]
      ],
      [
        [
          0.15591384113950374,
          0.11267449113995096,
          0.14227961526811336
        ],
        [
          0.18909444622315302,
          0.08759143953718998,
          0.054631680730854365
        ],
        [
          0.06972569202586347,
          0.05514197558790899,
          0.13294681834746203
        ]
      ]
    ]
  },
  "network_stats": {
    "neurons": 400,
    "connections": 1021
  },
  "rollout_data": {
    "rewards": [
      -500.0,
      -500.0,
      -500.0,
      -500.0,
      -500.0,
      -500.0,
      -500.0,
      -500.0,
      -500.0,
      -500.0,
      -500.0,
      -500.0,
      -500.0,
      -500.0,
      -500.0,
      -500.0,
      -500.0,
      -500.0,
      -500.0,
      -500.0
    ],
    "lengths": [
      500,
      500,
      500,
      500,
      500,
      500,
      500,
      500,
      500,
      500,
      500,
      500,
      500,
      500,
      500,
      500,
      500,
      500,
      500,
      500
    ],
    "eval_seeds": [
      5005023,
      5005024,
      5005025,
      5005026,
      5005027,
      5005028,
      5005029,
      5005030,
      5005031,
      5005032,
      5005033,
      5005034,
      5005035,
      5005036,
      5005037,
      5005038,
      5005039,
      5005040,
      5005041,
      5005042
    ]
  }
}