{
  "network_id": 16282,
  "seed": 5016282,
  "valid": true,
  "baseline_reward": -500.0,
  "stratum": "weak",
  "genome": {
    "max_growth_steps": 200,
    "size_x": 20,
    "size_y": 20,
    "diffusion_rate": 0.11444597527164803,
    "num_morphogens": 3,
    "division_threshold": 0.32582521859782226,
    "cell_differentiation_threshold": 0.3709147057299889,
    "axon_growth_threshold": 0.3149350989742062,
    "max_axon_length": 7,
    "axon_connect_threshold": 0.5588216214028242,
    "self_connect_isolated_neurons_fraction": 0.19264047965074552,
    "weight_adjustment_target": 0.3341973504029852,
    "weight_adjustment_rate": 0.013843516013205985,
    "progenitor_secretion_rates": [
      0.3867803911820993,
      0.3484179043019816,
      0.0036221479315245997
    ],
    "neuron_secretion_rates": [
      0.03478261727781795,
      0.22814158657007533,
      0.05229705546629365
    ],
    "inhibition_matrix": [
      [
        0.0,
        0.045934946177811076,
        0.0
      ],
      [
        0.0,
        0.0,
        0.0
      ],
      [
        0.0,
        0.0,
        0.0
      ]
    ],
    "diffusion_patterns": [
      [
        [
          0.04728576465053618,
          0.09003445765238019,
          0.008448124316678325
        ],
        [
          0.10152011414470012,
          0.2020156600846444,
          0.1575836714002804
        ],
        [
          0.029462587968780353,
          0.1925264631739444,
          0.1711231566080556
        ]
      ],
      [
        [
          0.06436014923155774,
          0.0760878253393068,
          0.03399442102935343
        ],
        [
          0.18880019829236044,
          0.14968672733974137,
          0.1511859815360437
        ],
        [
          0.10265330127835055,
          0.13222181648432516,
          0.10100957946896076
        ]
      ],
      [
        [
          0.04251258175091003,
          0.010172007124190346,
          0.020739694197090673
        ],
        [
          0.1856419370735248,
          0.17155185241364548,
          0.17169449340512963
        ],
        [
          0.16701159713200572,
          0.04142781124640715,
          0.18924802565709614
        ]
      ]
    ]
  },
  "network_stats": {
    "neurons": 49,
    "connections": 143
  },
  "rollout_data": {
    "rewards": [
      -500.0,
      -500.0,
      -500.0,
      -500.0,
      -500.0,
      -500.0,
      -500.0,
      -500.0,
      -500.0,
      -500.0,
      -500.0,
      -500.0,
      -500.0,
      -500.0,
      -500.0,
      -500.0,
      -500.0,
      -500.0,
      -500.0,
      -500.0
    ],
    "lengths": [
      500,
      500,
      500,
      500,
      500,
      500,
      500,
      500,
      500,
      500,
      500,
      500,
      500,
      500,
      500,
      500,
      500,
      500,
      500,
      500
    ],
    "eval_seeds": [
      5016282,
      5016283,
      5016284,
      5016285,
      5016286,
      5016287,
      5016288,
      5016289,
      5016290,
      5016291,
      5016292,
      5016293,
      5016294,
      5016295,
      5016296,
      5016297,
      5016298,
      5016299,
      5016300,
      5016301
    ]
  }
}