{
  "network_id": 10671,
  "seed": 5010671,
  "valid": true,
  "baseline_reward": -500.0,
  "stratum": "weak",
  "genome": {
    "max_growth_steps": 200,
    "size_x": 20,
    "size_y": 20,
    "diffusion_rate": 0.16253551156879578,
    "num_morphogens": 3,
    "division_threshold": 0.36883715490015395,
    "cell_differentiation_threshold": 0.5590181462262043,
    "axon_growth_threshold": 0.48137606104398917,
    "max_axon_length": 9,
    "axon_connect_threshold": 0.8959119886677315,
    "self_connect_isolated_neurons_fraction": 0.12470879212373008,
    "weight_adjustment_target": 0.6878409868565825,
    "weight_adjustment_rate": 0.010371351830611372,
    "progenitor_secretion_rates": [
      0.43852595719880755,
      0.4349874275793383,
      0.4454522714701724
    ],
    "neuron_secretion_rates": [
      0.3748833004213349,
      0.43950521812058235,
      0.0904957634775736
    ],
    "inhibition_matrix": [
      [
        0.0,
        0.0,
        0.0
      ],
      [
        0.0,
        0.0,
        0.0
      ],
      [
        0.0,
        0.0,
        0.0
      ]
    ],
    "diffusion_patterns": [
      [
        [
          0.04743711705202457,
          0.16166167607537615,
          0.17092625617800447
        ],
        [
          0.10558836629047641,
          0.12741752725433725,
          0.07680358600855253
        ],
        [
          0.08484717071989967,
          0.1286858979442002,
          0.09663240247712881
        ]
      ],
      [
        [
          0.028930321078982517,
          0.0413181154453082,
          0.04567958524737398
        ],
        [
          0.06477109078401477,
          0.24411754581274306,
          0.04293680160535409
        ],
        [
          0.08530615293678316,
          0.2510852719119372,
          0.1958551151775031
        ]
      ],
      [
        [
          0.16070196217927143,
          0.13997049515607235,
          0.06467384050595512
        ],
        [
          0.26280438308942494,
          0.043696395026922415,
          0.1856390511020259
        ],
        [
          0.06465152467283276,
          0.05356381763282952,
          0.024298530634665513
        ]
      ]
    ]
  },
  "network_stats": {
    "neurons": 400,
    "connections": 1113
  },
  "rollout_data": {
    "rewards": [
      -500.0,
      -500.0,
      -500.0,
      -500.0,
      -500.0,
      -500.0,
      -500.0,
      -500.0,
      -500.0,
      -500.0,
      -500.0,
      -500.0,
      -500.0,
      -500.0,
      -500.0,
      -500.0,
      -500.0,
      -500.0,
      -500.0,
      -500.0
    ],
    "lengths": [
      500,
      500,
      500,
      500,
      500,
      500,
      500,
      500,
      500,
      500,
      500,
      500,
      500,
      500,
      500,
      500,
      500,
      500,
      500,
      500
    ],
    "eval_seeds": [
      5010671,
      5010672,
      5010673,
      5010674,
      5010675,
      5010676,
      5010677,
      5010678,
      5010679,
      5010680,
      5010681,
      5010682,
      5010683,
      5010684,
      5010685,
      5010686,
      5010687,
      5010688,
      5010689,
      5010690
    ]
  }
}