{
  "network_id": 7878,
  "seed": 5007878,
  "valid": true,
  "baseline_reward": -92.95,
  "stratum": "perfect",
  "genome": {
    "max_growth_steps": 200,
    "size_x": 20,
    "size_y": 20,
    "diffusion_rate": 0.13561142683804717,
    "num_morphogens": 3,
    "division_threshold": 0.5641159797254978,
    "cell_differentiation_threshold": 0.3331813950169332,
    "axon_growth_threshold": 0.25309525316392806,
    "max_axon_length": 2,
    "axon_connect_threshold": 0.7428458682218013,
    "self_connect_isolated_neurons_fraction": 0.2975892432312947,
    "weight_adjustment_target": 0.5181808363482402,
    "weight_adjustment_rate": 0.016001832626832958,
    "progenitor_secretion_rates": [
      0.4420713026644556,
      0.11601869353750027,
      0.07326303073330831
    ],
    "neuron_secretion_rates": [
      0.09095934203746592,
      0.39372419511015333,
      0.3547917568903521
    ],
    "inhibition_matrix": [
      [
        0.0,
        0.0,
        0.0
      ],
      [
        0.0,
        0.0,
        0.0
      ],
      [
        0.0,
        0.1366605372779124,
        0.0
      ]
    ],
    "diffusion_patterns": [
      [
        [
          0.17325478878787479,
          0.1213735985172158,
          0.07530038112110488
        ],
        [
          0.11630614642648607,
          0.21236111335183228,
          0.07310006224446663
        ],
        [
          0.10266721528326747,
          0.11705321365664695,
          0.008583480611105143
        ]
      ],
      [
        [
          0.16926984129679462,
          0.06922718814936976,
          0.08971785399576458
        ],
        [
          0.18310522949827845,
          0.03715123020090338,
          0.05416458431678306
        ],
        [
          0.10968789779919201,
          0.12517634972992897,
          0.16249982501298513
        ]
      ],
      [
        [
          0.030090329652150263,
          0.09293196838033446,
          0.04026174878820519
        ],
        [
          0.233003957767906,
          0.16420824540014,
          0.01700016454623597
        ],
        [
          0.059893537988922003,
          0.20864798303605725,
          0.15396206444004892
        ]
      ]
    ]
  },
  "network_stats": {
    "neurons": 400,
    "connections": 1073
  },
  "rollout_data": {
    "rewards": [
      -104.0,
      -97.0,
      -100.0,
      -87.0,
      -78.0,
      -93.0,
      -86.0,
      -99.0,
      -101.0,
      -100.0,
      -90.0,
      -96.0,
      -70.0,
      -93.0,
      -99.0,
      -104.0,
      -90.0,
      -79.0,
      -91.0,
      -102.0
    ],
    "lengths": [
      105,
      98,
      101,
      88,
      79,
      94,
      87,
      100,
      102,
      101,
      91,
      97,
      71,
      94,
      100,
      105,
      91,
      80,
      92,
      103
    ],
    "eval_seeds": [
      5007878,
      5007879,
      5007880,
      5007881,
      5007882,
      5007883,
      5007884,
      5007885,
      5007886,
      5007887,
      5007888,
      5007889,
      5007890,
      5007891,
      5007892,
      5007893,
      5007894,
      5007895,
      5007896,
      5007897
    ]
  }
}