{
  "network_id": 17621,
  "seed": 5017621,
  "valid": true,
  "baseline_reward": -500.0,
  "stratum": "weak",
  "genome": {
    "max_growth_steps": 200,
    "size_x": 20,
    "size_y": 20,
    "diffusion_rate": 0.13986476163525577,
    "num_morphogens": 3,
    "division_threshold": 0.3058626201588973,
    "cell_differentiation_threshold": 0.325310751444236,
    "axon_growth_threshold": 0.29562137666966404,
    "max_axon_length": 9,
    "axon_connect_threshold": 0.7293686704739323,
    "self_connect_isolated_neurons_fraction": 0.10445545600916607,
    "weight_adjustment_target": 0.4130047658793743,
    "weight_adjustment_rate": 0.011040997060667416,
    "progenitor_secretion_rates": [
      0.49953499813534874,
      0.31137813277671555,
      0.0188334400232415
    ],
    "neuron_secretion_rates": [
      0.2831968593172299,
      0.057685452057559206,
      0.4975839241032519
    ],
    "inhibition_matrix": [
      [
        0.0,
        0.0,
        0.08457900005659935
      ],
      [
        0.0,
        0.0,
        0.0
      ],
      [
        0.0,
        0.28268884294795343,
        0.0
      ]
    ],
    "diffusion_patterns": [
      [
        [
          0.13208394728897457,
          0.027507679236406818,
          0.018628130058066475
        ],
        [
          0.046227212224995706,
          0.16494815649117586,
          0.2694032164741021
        ],
        [
          0.1994417447711986,
          0.09231803956985375,
          0.0494418738852259
        ]
      ],
      [
        [
          0.04167781610513082,
          0.2533384412217473,
          0.15265519145363132
        ],
        [
          0.0956001739623041,
          0.043463896812342855,
          0.0563679421054712
        ],
        [
          0.25785077087746333,
          0.05595667626188651,
          0.04308909120002249
        ]
      ],
      [
        [
          0.0039464713200909425,
          0.09947395418515002,
          0.09456296084536889
        ],
        [
          0.09200529538778732,
          0.18074692103466253,
          0.17647736385753965
        ],
        [
          0.17725441140083353,
          0.15198721266894635,
          0.023545409299620703
        ]
      ]
    ]
  },
  "network_stats": {
    "neurons": 355,
    "connections": 1948
  },
  "rollout_data": {
    "rewards": [
      -500.0,
      -500.0,
      -500.0,
      -500.0,
      -500.0,
      -500.0,
      -500.0,
      -500.0,
      -500.0,
      -500.0,
      -500.0,
      -500.0,
      -500.0,
      -500.0,
      -500.0,
      -500.0,
      -500.0,
      -500.0,
      -500.0,
      -500.0
    ],
    "lengths": [
      500,
      500,
      500,
      500,
      500,
      500,
      500,
      500,
      500,
      500,
      500,
      500,
      500,
      500,
      500,
      500,
      500,
      500,
      500,
      500
    ],
    "eval_seeds": [
      5017621,
      5017622,
      5017623,
      5017624,
      5017625,
      5017626,
      5017627,
      5017628,
      5017629,
      5017630,
      5017631,
      5017632,
      5017633,
      5017634,
      5017635,
      5017636,
      5017637,
      5017638,
      5017639,
      5017640
    ]
  }
}