{
  "network_id": 949,
  "seed": 5000949,
  "valid": true,
  "baseline_reward": -500.0,
  "stratum": "weak",
  "genome": {
    "max_growth_steps": 200,
    "size_x": 20,
    "size_y": 20,
    "diffusion_rate": 0.05505253906421324,
    "num_morphogens": 3,
    "division_threshold": 0.41741373697550377,
    "cell_differentiation_threshold": 0.636018139235495,
    "axon_growth_threshold": 0.3995598543691534,
    "max_axon_length": 8,
    "axon_connect_threshold": 0.7627862546367594,
    "self_connect_isolated_neurons_fraction": 0.07179475149241228,
    "weight_adjustment_target": 0.5534091677914326,
    "weight_adjustment_rate": 0.008170735085907153,
    "progenitor_secretion_rates": [
      0.2852829742087163,
      0.3851087429950539,
      0.2434533483092004
    ],
    "neuron_secretion_rates": [
      0.4674416894721319,
      0.29858502905090095,
      0.2791917943513833
    ],
    "inhibition_matrix": [
      [
        0.0,
        0.0,
        0.0
      ],
      [
        0.0,
        0.0,
        0.40820422982699
      ],
      [
        0.0,
        0.0,
        0.0
      ]
    ],
    "diffusion_patterns": [
      [
        [
          0.07172706364173922,
          0.14711567602858636,
          0.15933480968646965
        ],
        [
          0.14749442843985874,
          0.17077846796611018,
          0.02805688232311491
        ],
        [
          0.12473682305721212,
          0.015123721837178992,
          0.13563212701972985
        ]
      ],
      [
        [
          0.18695711968459586,
          0.10665936434568854,
          0.16460514101966828
        ],
        [
          0.19930004428366432,
          0.015975959361664703,
          0.03375355306037652
        ],
        [
          0.001595191148457524,
          0.02025273319182847,
          0.2709008939040558
        ]
      ],
      [
        [
          0.020208604293728113,
          0.17585210746180124,
          0.27551221336642545
        ],
        [
          0.10250689852847901,
          0.008326707470777302,
          0.03990887434442603
        ],
        [
          0.2024873963953416,
          0.07048416129248893,
          0.10471303684653231
        ]
      ]
    ]
  },
  "network_stats": {
    "neurons": 364,
    "connections": 1008
  },
  "rollout_data": {
    "rewards": [
      -500.0,
      -500.0,
      -500.0,
      -500.0,
      -500.0,
      -500.0,
      -500.0,
      -500.0,
      -500.0,
      -500.0,
      -500.0,
      -500.0,
      -500.0,
      -500.0,
      -500.0,
      -500.0,
      -500.0,
      -500.0,
      -500.0,
      -500.0
    ],
    "lengths": [
      500,
      500,
      500,
      500,
      500,
      500,
      500,
      500,
      500,
      500,
      500,
      500,
      500,
      500,
      500,
      500,
      500,
      500,
      500,
      500
    ],
    "eval_seeds": [
      5000949,
      5000950,
      5000951,
      5000952,
      5000953,
      5000954,
      5000955,
      5000956,
      5000957,
      5000958,
      5000959,
      5000960,
      5000961,
      5000962,
      5000963,
      5000964,
      5000965,
      5000966,
      5000967,
      5000968
    ]
  }
}