{
  "network_id": 4434,
  "seed": 5004434,
  "valid": true,
  "baseline_reward": -500.0,
  "stratum": "weak",
  "genome": {
    "max_growth_steps": 200,
    "size_x": 20,
    "size_y": 20,
    "diffusion_rate": 0.17210622677163778,
    "num_morphogens": 3,
    "division_threshold": 0.43966765472414715,
    "cell_differentiation_threshold": 0.43035411370456744,
    "axon_growth_threshold": 0.32365727101074954,
    "max_axon_length": 6,
    "axon_connect_threshold": 0.5936056724673104,
    "self_connect_isolated_neurons_fraction": 0.04206523957822149,
    "weight_adjustment_target": 0.49469971919820527,
    "weight_adjustment_rate": 0.008148219983589652,
    "progenitor_secretion_rates": [
      0.20229332751327994,
      0.2582541544326608,
      0.28518907610433514
    ],
    "neuron_secretion_rates": [
      0.08386744377145644,
      0.2878053837906783,
      0.31248073513862
    ],
    "inhibition_matrix": [
      [
        0.0,
        0.0,
        0.0
      ],
      [
        0.38120696312835406,
        0.0,
        0.0
      ],
      [
        0.32274237182478993,
        0.0,
        0.0
      ]
    ],
    "diffusion_patterns": [
      [
        [
          0.15213472523024002,
          0.10086693042007469,
          0.1839897592169443
        ],
        [
          0.036578836301742315,
          0.14437042055069943,
          0.042876005624845
        ],
        [
          0.18417893161527782,
          0.09896370565461204,
          0.056040685385564434
        ]
      ],
      [
        [
          0.024644059161840787,
          0.0349787163881098,
          0.1610905476866654
        ],
        [
          0.09989171682081292,
          0.13687546479722945,
          0.12694723593035712
        ],
        [
          0.20091245862990995,
          0.011722202725271481,
          0.20293759785980306
        ]
      ],
      [
        [
          0.010149764229097412,
          0.1272456414433602,
          0.05101816125641348
        ],
        [
          0.16664808516605875,
          0.1309456554412752,
          0.17596899747649447
        ],
        [
          0.17345325075149323,
          0.15710373827783045,
          0.007466705957976754
        ]
      ]
    ]
  },
  "network_stats": {
    "neurons": 396,
    "connections": 1772
  },
  "rollout_data": {
    "rewards": [
      -500.0,
      -500.0,
      -500.0,
      -500.0,
      -500.0,
      -500.0,
      -500.0,
      -500.0,
      -500.0,
      -500.0,
      -500.0,
      -500.0,
      -500.0,
      -500.0,
      -500.0,
      -500.0,
      -500.0,
      -500.0,
      -500.0,
      -500.0
    ],
    "lengths": [
      500,
      500,
      500,
      500,
      500,
      500,
      500,
      500,
      500,
      500,
      500,
      500,
      500,
      500,
      500,
      500,
      500,
      500,
      500,
      500
    ],
    "eval_seeds": [
      5004434,
      5004435,
      5004436,
      5004437,
      5004438,
      5004439,
      5004440,
      5004441,
      5004442,
      5004443,
      5004444,
      5004445,
      5004446,
      5004447,
      5004448,
      5004449,
      5004450,
      5004451,
      5004452,
      5004453
    ]
  }
}