{
  "network_id": 6595,
  "seed": 5006595,
  "valid": true,
  "baseline_reward": -500.0,
  "stratum": "weak",
  "genome": {
    "max_growth_steps": 200,
    "size_x": 20,
    "size_y": 20,
    "diffusion_rate": 0.06371551039931614,
    "num_morphogens": 3,
    "division_threshold": 0.34710625258727923,
    "cell_differentiation_threshold": 0.6727878118634519,
    "axon_growth_threshold": 0.4579342384581465,
    "max_axon_length": 9,
    "axon_connect_threshold": 0.5893063705885673,
    "self_connect_isolated_neurons_fraction": 0.18072343251849995,
    "weight_adjustment_target": 0.6276341573309346,
    "weight_adjustment_rate": 0.01714951991289482,
    "progenitor_secretion_rates": [
      0.4804838201263169,
      0.3087792128957879,
      0.35807212825966556
    ],
    "neuron_secretion_rates": [
      0.09624285142615085,
      0.4076982889876545,
      0.482175958172061
    ],
    "inhibition_matrix": [
      [
        0.0,
        0.0,
        0.0
      ],
      [
        0.055144615472962066,
        0.0,
        0.0
      ],
      [
        0.0,
        0.0,
        0.0
      ]
    ],
    "diffusion_patterns": [
      [
        [
          0.07108303941747068,
          0.03459696769125034,
          0.1295185462877732
        ],
        [
          0.08099298552894205,
          0.17836740416697033,
          0.08217714529445028
        ],
        [
          0.07489498700866808,
          0.2059661126009355,
          0.14240281200353946
        ]
      ],
      [
        [
          0.1724367271821876,
          0.06534142037809823,
          0.12117279835841903
        ],
        [
          0.1633793818772017,
          0.05539503205769416,
          0.06472830672170414
        ],
        [
          0.1761232355133995,
          0.06612182618189778,
          0.11530127172939789
        ]
      ],
      [
        [
          0.15850070583942039,
          0.04124053471038961,
          0.10571006218098096
        ],
        [
          0.09415620684745955,
          0.12028369085203823,
          0.18104086399773392
        ],
        [
          0.020885147764208613,
          0.13218649075491648,
          0.14599629705285233
        ]
      ]
    ]
  },
  "network_stats": {
    "neurons": 400,
    "connections": 942
  },
  "rollout_data": {
    "rewards": [
      -500.0,
      -500.0,
      -500.0,
      -500.0,
      -500.0,
      -500.0,
      -500.0,
      -500.0,
      -500.0,
      -500.0,
      -500.0,
      -500.0,
      -500.0,
      -500.0,
      -500.0,
      -500.0,
      -500.0,
      -500.0,
      -500.0,
      -500.0
    ],
    "lengths": [
      500,
      500,
      500,
      500,
      500,
      500,
      500,
      500,
      500,
      500,
      500,
      500,
      500,
      500,
      500,
      500,
      500,
      500,
      500,
      500
    ],
    "eval_seeds": [
      5006595,
      5006596,
      5006597,
      5006598,
      5006599,
      5006600,
      5006601,
      5006602,
      5006603,
      5006604,
      5006605,
      5006606,
      5006607,
      5006608,
      5006609,
      5006610,
      5006611,
      5006612,
      5006613,
      5006614
    ]
  }
}