{
  "network_id": 17499,
  "seed": 5017499,
  "valid": true,
  "baseline_reward": -500.0,
  "stratum": "weak",
  "genome": {
    "max_growth_steps": 200,
    "size_x": 20,
    "size_y": 20,
    "diffusion_rate": 0.12130515314849534,
    "num_morphogens": 3,
    "division_threshold": 0.5619057095060926,
    "cell_differentiation_threshold": 0.43004289835153814,
    "axon_growth_threshold": 0.20163632944017232,
    "max_axon_length": 10,
    "axon_connect_threshold": 0.43250407244898187,
    "self_connect_isolated_neurons_fraction": 0.01793014273857495,
    "weight_adjustment_target": 0.6400313114275544,
    "weight_adjustment_rate": 0.011580143006092497,
    "progenitor_secretion_rates": [
      0.47812110353029513,
      0.38813373665450673,
      0.025346362186002225
    ],
    "neuron_secretion_rates": [
      0.2161614491697621,
      0.31895236908157654,
      0.2809685796995343
    ],
    "inhibition_matrix": [
      [
        0.0,
        0.0,
        0.02953859564236383
      ],
      [
        0.1156797303674233,
        0.0,
        0.0
      ],
      [
        0.0,
        0.0,
        0.0
      ]
    ],
    "diffusion_patterns": [
      [
        [
          0.08720042176238013,
          0.0035170049290526675,
          0.0018093841041857386
        ],
        [
          0.08480332310849316,
          0.16486903867999006,
          0.23369144907340023
        ],
        [
          0.09840816677569526,
          0.24399256524930912,
          0.08170864631749367
        ]
      ],
      [
        [
          0.0187286988053164,
          0.1861581690746441,
          0.1412248111420834
        ],
        [
          0.17593585016080732,
          0.1572875313665072,
          0.15624171058823594
        ],
        [
          0.02686556031787463,
          0.09458103143483798,
          0.042976637109693065
        ]
      ],
      [
        [
          0.1019397133595651,
          0.06791910561373357,
          0.10020619161275598
        ],
        [
          0.10836001937849134,
          0.10697384515968436,
          0.06485038738516383
        ],
        [
          0.1512086861879339,
          0.14624317393193711,
          0.1522988773707348
        ]
      ]
    ]
  },
  "network_stats": {
    "neurons": 396,
    "connections": 926
  },
  "rollout_data": {
    "rewards": [
      -500.0,
      -500.0,
      -500.0,
      -500.0,
      -500.0,
      -500.0,
      -500.0,
      -500.0,
      -500.0,
      -500.0,
      -500.0,
      -500.0,
      -500.0,
      -500.0,
      -500.0,
      -500.0,
      -500.0,
      -500.0,
      -500.0,
      -500.0
    ],
    "lengths": [
      500,
      500,
      500,
      500,
      500,
      500,
      500,
      500,
      500,
      500,
      500,
      500,
      500,
      500,
      500,
      500,
      500,
      500,
      500,
      500
    ],
    "eval_seeds": [
      5017499,
      5017500,
      5017501,
      5017502,
      5017503,
      5017504,
      5017505,
      5017506,
      5017507,
      5017508,
      5017509,
      5017510,
      5017511,
      5017512,
      5017513,
      5017514,
      5017515,
      5017516,
      5017517,
      5017518
    ]
  }
}