{
  "network_id": 14121,
  "seed": 5014121,
  "valid": true,
  "baseline_reward": -500.0,
  "stratum": "weak",
  "genome": {
    "max_growth_steps": 200,
    "size_x": 20,
    "size_y": 20,
    "diffusion_rate": 0.118548990624316,
    "num_morphogens": 3,
    "division_threshold": 0.3701339150823928,
    "cell_differentiation_threshold": 0.40043768006866276,
    "axon_growth_threshold": 0.4893834707124368,
    "max_axon_length": 6,
    "axon_connect_threshold": 0.7640355970254658,
    "self_connect_isolated_neurons_fraction": 0.1402783484763563,
    "weight_adjustment_target": 0.3668645398242373,
    "weight_adjustment_rate": 0.0054359085323231445,
    "progenitor_secretion_rates": [
      0.10879170918848463,
      0.04933569542714589,
      0.07389881646768537
    ],
    "neuron_secretion_rates": [
      0.20495593267169754,
      0.025682582682077404,
      0.23283283829763657
    ],
    "inhibition_matrix": [
      [
        0.0,
        0.0,
        0.1806415923241373
      ],
      [
        0.0,
        0.0,
        0.0
      ],
      [
        0.0,
        0.2886454111833918,
        0.0
      ]
    ],
    "diffusion_patterns": [
      [
        [
          0.13180342214787588,
          0.17892751725538544,
          0.05576020586045513
        ],
        [
          0.07458200130591586,
          0.062420515332097165,
          0.13680532055154304
        ],
        [
          0.04413480597127436,
          0.1425036657099906,
          0.17306254586546255
        ]
      ],
      [
        [
          0.042791560001970465,
          0.11630454437988426,
          0.16833187710456862
        ],
        [
          0.00875326419996193,
          0.030749897680358924,
          0.007828064420072455
        ],
        [
          0.07375994214092091,
          0.4413712075365882,
          0.11010964253567432
        ]
      ],
      [
        [
          0.13311011260992978,
          0.07689919534500227,
          0.01935209194411259
        ],
        [
          0.11479852143942497,
          0.12077740801359094,
          0.14937665670753467
        ],
        [
          0.01838881291388228,
          0.18603244386643653,
          0.18126475716008597
        ]
      ]
    ]
  },
  "network_stats": {
    "neurons": 400,
    "connections": 2688
  },
  "rollout_data": {
    "rewards": [
      -500.0,
      -500.0,
      -500.0,
      -500.0,
      -500.0,
      -500.0,
      -500.0,
      -500.0,
      -500.0,
      -500.0,
      -500.0,
      -500.0,
      -500.0,
      -500.0,
      -500.0,
      -500.0,
      -500.0,
      -500.0,
      -500.0,
      -500.0
    ],
    "lengths": [
      500,
      500,
      500,
      500,
      500,
      500,
      500,
      500,
      500,
      500,
      500,
      500,
      500,
      500,
      500,
      500,
      500,
      500,
      500,
      500
    ],
    "eval_seeds": [
      5014121,
      5014122,
      5014123,
      5014124,
      5014125,
      5014126,
      5014127,
      5014128,
      5014129,
      5014130,
      5014131,
      5014132,
      5014133,
      5014134,
      5014135,
      5014136,
      5014137,
      5014138,
      5014139,
      5014140
    ]
  }
}