{
  "network_id": 14330,
  "seed": 5014330,
  "valid": true,
  "baseline_reward": -500.0,
  "stratum": "weak",
  "genome": {
    "max_growth_steps": 200,
    "size_x": 20,
    "size_y": 20,
    "diffusion_rate": 0.06294922844105726,
    "num_morphogens": 3,
    "division_threshold": 0.5985386750980428,
    "cell_differentiation_threshold": 0.690693708079027,
    "axon_growth_threshold": 0.2541864856068834,
    "max_axon_length": 2,
    "axon_connect_threshold": 0.6330872151397469,
    "self_connect_isolated_neurons_fraction": 0.09838892899781351,
    "weight_adjustment_target": 0.5430744052333106,
    "weight_adjustment_rate": 0.008721513555635467,
    "progenitor_secretion_rates": [
      0.40732716035459465,
      0.3218851101113468,
      0.4247559068215822
    ],
    "neuron_secretion_rates": [
      0.38603699855936374,
      0.19043674595720528,
      0.1494578779640771
    ],
    "inhibition_matrix": [
      [
        0.0,
        0.21663393673600945,
        0.0
      ],
      [
        0.021423625624584774,
        0.0,
        0.0
      ],
      [
        0.0,
        0.0,
        0.0
      ]
    ],
    "diffusion_patterns": [
      [
        [
          0.09727075377233188,
          0.1571788213625087,
          0.17589201715156197
        ],
        [
          0.14104891685265206,
          0.08629919790183058,
          0.08053002888335395
        ],
        [
          0.17992914723543724,
          0.002307497606560274,
          0.07954361923376345
        ]
      ],
      [
        [
          0.06689825995300742,
          0.169868484175773,
          0.010035568499468805
        ],
        [
          0.03117623385881992,
          0.15610248469194565,
          0.1634669911861853
        ],
        [
          0.13595458363483484,
          0.10070909620153001,
          0.16578829779843515
        ]
      ],
      [
        [
          0.03164144470528819,
          0.24330848928294946,
          0.045513250487403685
        ],
        [
          0.06366231450307229,
          0.05939517310040673,
          0.13484848408460312
        ],
        [
          0.1389591926627721,
          0.09304904356382747,
          0.18962260760967697
        ]
      ]
    ]
  },
  "network_stats": {
    "neurons": 400,
    "connections": 998
  },
  "rollout_data": {
    "rewards": [
      -500.0,
      -500.0,
      -500.0,
      -500.0,
      -500.0,
      -500.0,
      -500.0,
      -500.0,
      -500.0,
      -500.0,
      -500.0,
      -500.0,
      -500.0,
      -500.0,
      -500.0,
      -500.0,
      -500.0,
      -500.0,
      -500.0,
      -500.0
    ],
    "lengths": [
      500,
      500,
      500,
      500,
      500,
      500,
      500,
      500,
      500,
      500,
      500,
      500,
      500,
      500,
      500,
      500,
      500,
      500,
      500,
      500
    ],
    "eval_seeds": [
      5014330,
      5014331,
      5014332,
      5014333,
      5014334,
      5014335,
      5014336,
      5014337,
      5014338,
      5014339,
      5014340,
      5014341,
      5014342,
      5014343,
      5014344,
      5014345,
      5014346,
      5014347,
      5014348,
      5014349
    ]
  }
}