{
  "network_id": 1306,
  "seed": 5001306,
  "valid": true,
  "baseline_reward": -500.0,
  "stratum": "weak",
  "genome": {
    "max_growth_steps": 200,
    "size_x": 20,
    "size_y": 20,
    "diffusion_rate": 0.12319145317680044,
    "num_morphogens": 3,
    "division_threshold": 0.37465557068814653,
    "cell_differentiation_threshold": 0.39258241310554076,
    "axon_growth_threshold": 0.2016879677295424,
    "max_axon_length": 7,
    "axon_connect_threshold": 0.7132452790679255,
    "self_connect_isolated_neurons_fraction": 0.05663442261709843,
    "weight_adjustment_target": 0.5910043167825644,
    "weight_adjustment_rate": 0.016398618117872753,
    "progenitor_secretion_rates": [
      0.17059726459005947,
      0.10950012580646573,
      0.1420281266078514
    ],
    "neuron_secretion_rates": [
      0.04996303645587774,
      0.13894957135353259,
      0.4906293373727171
    ],
    "inhibition_matrix": [
      [
        0.0,
        0.0,
        0.0
      ],
      [
        0.0,
        0.0,
        0.0
      ],
      [
        0.0,
        0.0,
        0.0
      ]
    ],
    "diffusion_patterns": [
      [
        [
          0.019299092653249198,
          0.061223375971324344,
          0.12091230693434053
        ],
        [
          0.10537608824626907,
          0.15771344101393744,
          0.05034910332136011
        ],
        [
          0.16279118969215123,
          0.15652727038513303,
          0.16580813178223505
        ]
      ],
      [
        [
          0.08663931854051303,
          0.15020011347879647,
          0.0017626476110215224
        ],
        [
          0.1835832773172851,
          0.1684907345381443,
          0.009647766082285408
        ],
        [
          0.09137567610559942,
          0.10395737242084128,
          0.2043430939055135
        ]
      ],
      [
        [
          0.09306326640977548,
          0.12546808082008773,
          0.13427862672297616
        ],
        [
          0.062205463042722405,
          0.13645800114275097,
          0.13001053182209196
        ],
        [
          0.08523824323625107,
          0.10069001231035328,
          0.13258777449299095
        ]
      ]
    ]
  },
  "network_stats": {
    "neurons": 400,
    "connections": 1084
  },
  "rollout_data": {
    "rewards": [
      -500.0,
      -500.0,
      -500.0,
      -500.0,
      -500.0,
      -500.0,
      -500.0,
      -500.0,
      -500.0,
      -500.0,
      -500.0,
      -500.0,
      -500.0,
      -500.0,
      -500.0,
      -500.0,
      -500.0,
      -500.0,
      -500.0,
      -500.0
    ],
    "lengths": [
      500,
      500,
      500,
      500,
      500,
      500,
      500,
      500,
      500,
      500,
      500,
      500,
      500,
      500,
      500,
      500,
      500,
      500,
      500,
      500
    ],
    "eval_seeds": [
      5001306,
      5001307,
      5001308,
      5001309,
      5001310,
      5001311,
      5001312,
      5001313,
      5001314,
      5001315,
      5001316,
      5001317,
      5001318,
      5001319,
      5001320,
      5001321,
      5001322,
      5001323,
      5001324,
      5001325
    ]
  }
}