{
  "network_id": 15925,
  "seed": 5015925,
  "valid": true,
  "baseline_reward": -500.0,
  "stratum": "weak",
  "genome": {
    "max_growth_steps": 200,
    "size_x": 20,
    "size_y": 20,
    "diffusion_rate": 0.1257580284827768,
    "num_morphogens": 3,
    "division_threshold": 0.3430930299805104,
    "cell_differentiation_threshold": 0.5475839775592816,
    "axon_growth_threshold": 0.39054425384970615,
    "max_axon_length": 10,
    "axon_connect_threshold": 0.5119389965748895,
    "self_connect_isolated_neurons_fraction": 0.070101611607072,
    "weight_adjustment_target": 0.3663679645680284,
    "weight_adjustment_rate": 0.01789195411762457,
    "progenitor_secretion_rates": [
      0.44064719762538473,
      0.13555630927028023,
      0.057319403509605515
    ],
    "neuron_secretion_rates": [
      0.3379102468040414,
      0.001192999210810286,
      0.2275607461980207
    ],
    "inhibition_matrix": [
      [
        0.0,
        0.0,
        0.0
      ],
      [
        0.0,
        0.0,
        0.247118503162723
      ],
      [
        0.0,
        0.0,
        0.0
      ]
    ],
    "diffusion_patterns": [
      [
        [
          0.08529557192586969,
          0.08417737960460576,
          0.07124067916285771
        ],
        [
          0.0033208938847062467,
          0.03154576141430546,
          0.1360242035789874
        ],
        [
          0.3423049684947684,
          0.032553578486937455,
          0.21353696344696188
        ]
      ],
      [
        [
          0.09894200059353526,
          0.06478193246480884,
          0.16976952785865945
        ],
        [
          0.03641541690139719,
          0.17302001500867856,
          0.09822828420446586
        ],
        [
          0.17215954874568248,
          0.15898511911679272,
          0.027698155105979543
        ]
      ],
      [
        [
          0.10748386395329157,
          0.1326835245133329,
          0.11862507335649378
        ],
        [
          0.18944810482532928,
          0.010587080982758389,
          0.23491038438368067
        ],
        [
          0.15436572327293926,
          0.007741987487936828,
          0.04415425722423727
        ]
      ]
    ]
  },
  "network_stats": {
    "neurons": 400,
    "connections": 1076
  },
  "rollout_data": {
    "rewards": [
      -500.0,
      -500.0,
      -500.0,
      -500.0,
      -500.0,
      -500.0,
      -500.0,
      -500.0,
      -500.0,
      -500.0,
      -500.0,
      -500.0,
      -500.0,
      -500.0,
      -500.0,
      -500.0,
      -500.0,
      -500.0,
      -500.0,
      -500.0
    ],
    "lengths": [
      500,
      500,
      500,
      500,
      500,
      500,
      500,
      500,
      500,
      500,
      500,
      500,
      500,
      500,
      500,
      500,
      500,
      500,
      500,
      500
    ],
    "eval_seeds": [
      5015925,
      5015926,
      5015927,
      5015928,
      5015929,
      5015930,
      5015931,
      5015932,
      5015933,
      5015934,
      5015935,
      5015936,
      5015937,
      5015938,
      5015939,
      5015940,
      5015941,
      5015942,
      5015943,
      5015944
    ]
  }
}