{
  "network_id": 9956,
  "seed": 5009956,
  "valid": true,
  "baseline_reward": -500.0,
  "stratum": "weak",
  "genome": {
    "max_growth_steps": 200,
    "size_x": 20,
    "size_y": 20,
    "diffusion_rate": 0.06045991603562668,
    "num_morphogens": 3,
    "division_threshold": 0.4892764656914079,
    "cell_differentiation_threshold": 0.3093942749593702,
    "axon_growth_threshold": 0.33078536671235403,
    "max_axon_length": 7,
    "axon_connect_threshold": 0.5563882148890167,
    "self_connect_isolated_neurons_fraction": 0.2833932538390667,
    "weight_adjustment_target": 0.6646410443557469,
    "weight_adjustment_rate": 0.014400240128602722,
    "progenitor_secretion_rates": [
      0.3872190879324876,
      0.18123650213001768,
      0.4345555790599235
    ],
    "neuron_secretion_rates": [
      0.12161289986151386,
      0.14132740832113255,
      0.15151615173338318
    ],
    "inhibition_matrix": [
      [
        0.0,
        0.0,
        0.09866564226169056
      ],
      [
        0.0,
        0.0,
        0.0
      ],
      [
        0.0,
        0.0885315981602412,
        0.0
      ]
    ],
    "diffusion_patterns": [
      [
        [
          0.19031126304350623,
          0.10466665244897606,
          0.17943732938269324
        ],
        [
          0.004440489848629356,
          0.1874765673181996,
          0.16775340572786562
        ],
        [
          0.04628712960297112,
          0.0930807124277264,
          0.02654645019943245
        ]
      ],
      [
        [
          0.021623114606376344,
          0.2501342252483632,
          0.10064336810939463
        ],
        [
          0.07915047212776012,
          0.05755721661782423,
          0.23894748145808173
        ],
        [
          0.14046180037180372,
          0.05536139619382796,
          0.05612092526656807
        ]
      ],
      [
        [
          0.14894271025305836,
          0.0352609995705396,
          0.017714724550301958
        ],
        [
          0.14208630986366624,
          0.13253964104873225,
          0.1471379064489207
        ],
        [
          0.12378538203838853,
          0.12956396740043663,
          0.1229683588259557
        ]
      ]
    ]
  },
  "network_stats": {
    "neurons": 13,
    "connections": 38
  },
  "rollout_data": {
    "rewards": [
      -500.0,
      -500.0,
      -500.0,
      -500.0,
      -500.0,
      -500.0,
      -500.0,
      -500.0,
      -500.0,
      -500.0,
      -500.0,
      -500.0,
      -500.0,
      -500.0,
      -500.0,
      -500.0,
      -500.0,
      -500.0,
      -500.0,
      -500.0
    ],
    "lengths": [
      500,
      500,
      500,
      500,
      500,
      500,
      500,
      500,
      500,
      500,
      500,
      500,
      500,
      500,
      500,
      500,
      500,
      500,
      500,
      500
    ],
    "eval_seeds": [
      5009956,
      5009957,
      5009958,
      5009959,
      5009960,
      5009961,
      5009962,
      5009963,
      5009964,
      5009965,
      5009966,
      5009967,
      5009968,
      5009969,
      5009970,
      5009971,
      5009972,
      5009973,
      5009974,
      5009975
    ]
  }
}