{
  "network_id": 9146,
  "seed": 5009146,
  "valid": true,
  "baseline_reward": -500.0,
  "stratum": "weak",
  "genome": {
    "max_growth_steps": 200,
    "size_x": 20,
    "size_y": 20,
    "diffusion_rate": 0.15508674296438593,
    "num_morphogens": 3,
    "division_threshold": 0.4344162859108929,
    "cell_differentiation_threshold": 0.4288295677859976,
    "axon_growth_threshold": 0.41957777535211455,
    "max_axon_length": 7,
    "axon_connect_threshold": 0.5444190836251168,
    "self_connect_isolated_neurons_fraction": 0.17521486142638856,
    "weight_adjustment_target": 0.4196191608542744,
    "weight_adjustment_rate": 0.014395630798876447,
    "progenitor_secretion_rates": [
      0.26362620302438255,
      0.31235525212836945,
      0.2545647367594224
    ],
    "neuron_secretion_rates": [
      0.2747972119734689,
      0.2912107802783346,
      0.256391044672013
    ],
    "inhibition_matrix": [
      [
        0.0,
        0.0,
        0.0
      ],
      [
        0.25754623389099385,
        0.0,
        0.0
      ],
      [
        0.0,
        0.20234771753241748,
        0.0
      ]
    ],
    "diffusion_patterns": [
      [
        [
          0.1734532352113635,
          0.11804054113592277,
          0.0626792450239951
        ],
        [
          0.051135546666722334,
          0.042394586683725775,
          0.10647320537806967
        ],
        [
          0.12910300395572272,
          0.20520184413493414,
          0.11151879180954398
        ]
      ],
      [
        [
          0.016303281964403275,
          0.16652460649557452,
          0.163840130571575
        ],
        [
          0.09609588669541225,
          0.03304438216567741,
          0.2576745508741631
        ],
        [
          0.17899290654220654,
          0.050791643695123324,
          0.03673261099586459
        ]
      ],
      [
        [
          0.10729810450004207,
          0.028577158643724856,
          0.17754646267692345
        ],
        [
          0.12117027478946793,
          0.12663792170580387,
          0.14399937926778564
        ],
        [
          0.11719258110008458,
          0.14471900719351682,
          0.03285911012265079
        ]
      ]
    ]
  },
  "network_stats": {
    "neurons": 400,
    "connections": 2081
  },
  "rollout_data": {
    "rewards": [
      -500.0,
      -500.0,
      -500.0,
      -500.0,
      -500.0,
      -500.0,
      -500.0,
      -500.0,
      -500.0,
      -500.0,
      -500.0,
      -500.0,
      -500.0,
      -500.0,
      -500.0,
      -500.0,
      -500.0,
      -500.0,
      -500.0,
      -500.0
    ],
    "lengths": [
      500,
      500,
      500,
      500,
      500,
      500,
      500,
      500,
      500,
      500,
      500,
      500,
      500,
      500,
      500,
      500,
      500,
      500,
      500,
      500
    ],
    "eval_seeds": [
      5009146,
      5009147,
      5009148,
      5009149,
      5009150,
      5009151,
      5009152,
      5009153,
      5009154,
      5009155,
      5009156,
      5009157,
      5009158,
      5009159,
      5009160,
      5009161,
      5009162,
      5009163,
      5009164,
      5009165
    ]
  }
}