{
  "network_id": 16936,
  "seed": 5016936,
  "valid": true,
  "baseline_reward": -500.0,
  "stratum": "weak",
  "genome": {
    "max_growth_steps": 200,
    "size_x": 20,
    "size_y": 20,
    "diffusion_rate": 0.16828934855695793,
    "num_morphogens": 3,
    "division_threshold": 0.4711385753326622,
    "cell_differentiation_threshold": 0.5206298740452154,
    "axon_growth_threshold": 0.40888516531524466,
    "max_axon_length": 2,
    "axon_connect_threshold": 0.9365666508912692,
    "self_connect_isolated_neurons_fraction": 0.0558849750292155,
    "weight_adjustment_target": 0.5776012873015866,
    "weight_adjustment_rate": 0.015222699341213593,
    "progenitor_secretion_rates": [
      0.35022219625461676,
      0.0458526441258722,
      0.4668992084596588
    ],
    "neuron_secretion_rates": [
      0.4745536785904752,
      0.03436838932282332,
      0.34069407385422723
    ],
    "inhibition_matrix": [
      [
        0.0,
        0.11700737531197164,
        0.0
      ],
      [
        0.0,
        0.0,
        0.0
      ],
      [
        0.0,
        0.0,
        0.0
      ]
    ],
    "diffusion_patterns": [
      [
        [
          0.03040027080698709,
          0.07883971751692792,
          0.21512786597929703
        ],
        [
          0.0427076717828838,
          0.06281883997003773,
          0.1495677209656449
        ],
        [
          0.2488244809772707,
          0.13573303895545794,
          0.03598039304549296
        ]
      ],
      [
        [
          0.2157716653254347,
          0.07144946328707229,
          0.09969068965444972
        ],
        [
          0.14118025456029615,
          0.027386184660205763,
          0.017176524335681728
        ],
        [
          0.0589400568233777,
          0.14227505432288665,
          0.22613010703059536
        ]
      ],
      [
        [
          0.08102428854234889,
          0.16633269080220914,
          0.16752290013751858
        ],
        [
          0.0708351990273533,
          0.10987801535505072,
          0.11403607837005404
        ],
        [
          0.051997819922218094,
          0.18583078032061598,
          0.052542227522631206
        ]
      ]
    ]
  },
  "network_stats": {
    "neurons": 400,
    "connections": 400
  },
  "rollout_data": {
    "rewards": [
      -500.0,
      -500.0,
      -500.0,
      -500.0,
      -500.0,
      -500.0,
      -500.0,
      -500.0,
      -500.0,
      -500.0,
      -500.0,
      -500.0,
      -500.0,
      -500.0,
      -500.0,
      -500.0,
      -500.0,
      -500.0,
      -500.0,
      -500.0
    ],
    "lengths": [
      500,
      500,
      500,
      500,
      500,
      500,
      500,
      500,
      500,
      500,
      500,
      500,
      500,
      500,
      500,
      500,
      500,
      500,
      500,
      500
    ],
    "eval_seeds": [
      5016936,
      5016937,
      5016938,
      5016939,
      5016940,
      5016941,
      5016942,
      5016943,
      5016944,
      5016945,
      5016946,
      5016947,
      5016948,
      5016949,
      5016950,
      5016951,
      5016952,
      5016953,
      5016954,
      5016955
    ]
  }
}