{
  "network_id": 2522,
  "seed": 5002522,
  "valid": true,
  "baseline_reward": -115.15,
  "stratum": "near_perfect",
  "genome": {
    "max_growth_steps": 200,
    "size_x": 20,
    "size_y": 20,
    "diffusion_rate": 0.18501117325843894,
    "num_morphogens": 3,
    "division_threshold": 0.6369989134768014,
    "cell_differentiation_threshold": 0.6899689227696553,
    "axon_growth_threshold": 0.24268571996702906,
    "max_axon_length": 5,
    "axon_connect_threshold": 0.652665080326788,
    "self_connect_isolated_neurons_fraction": 0.17432467297343918,
    "weight_adjustment_target": 0.6593667517762004,
    "weight_adjustment_rate": 0.014539377870163033,
    "progenitor_secretion_rates": [
      0.32037964412292697,
      0.2168415409922983,
      0.10534916952011791
    ],
    "neuron_secretion_rates": [
      0.22681009996852292,
      0.01376107822272915,
      0.26521559903228786
    ],
    "inhibition_matrix": [
      [
        0.0,
        0.0,
        0.09839911068578777
      ],
      [
        0.0,
        0.0,
        0.0
      ],
      [
        0.0,
        0.0,
        0.0
      ]
    ],
    "diffusion_patterns": [
      [
        [
          0.07805259740808079,
          0.008668680692460492,
          0.0669514966382851
        ],
        [
          0.10252633790509497,
          0.0367311755206727,
          0.06448651250097698
        ],
        [
          0.11085531957993763,
          0.2707307172390137,
          0.2609971625154775
        ]
      ],
      [
        [
          0.04731567035906357,
          0.04489479435206186,
          0.00032692278609907396
        ],
        [
          0.1895323699616342,
          0.09309289743058877,
          0.18775437743201998
        ],
        [
          0.15827716731177513,
          0.08362732751133711,
          0.19517847285542025
        ]
      ],
      [
        [
          0.06843595475068026,
          0.08862953154491551,
          0.17703651596020845
        ],
        [
          0.20694195323747475,
          0.0044749145472374385,
          0.05251062937512403
        ],
        [
          0.1511799624910003,
          0.1543128543820067,
          0.09647768371135254
        ]
      ]
    ]
  },
  "network_stats": {
    "neurons": 400,
    "connections": 1068
  },
  "rollout_data": {
    "rewards": [
      -102.0,
      -101.0,
      -109.0,
      -88.0,
      -92.0,
      -109.0,
      -81.0,
      -98.0,
      -77.0,
      -119.0,
      -123.0,
      -500.0,
      -124.0,
      -66.0,
      -88.0,
      -97.0,
      -76.0,
      -89.0,
      -88.0,
      -76.0
    ],
    "lengths": [
      103,
      102,
      110,
      89,
      93,
      110,
      82,
      99,
      78,
      120,
      124,
      500,
      125,
      67,
      89,
      98,
      77,
      90,
      89,
      77
    ],
    "eval_seeds": [
      5002522,
      5002523,
      5002524,
      5002525,
      5002526,
      5002527,
      5002528,
      5002529,
      5002530,
      5002531,
      5002532,
      5002533,
      5002534,
      5002535,
      5002536,
      5002537,
      5002538,
      5002539,
      5002540,
      5002541
    ]
  }
}