{
  "network_id": 2875,
  "seed": 5002875,
  "valid": true,
  "baseline_reward": -500.0,
  "stratum": "weak",
  "genome": {
    "max_growth_steps": 200,
    "size_x": 20,
    "size_y": 20,
    "diffusion_rate": 0.06047343375505657,
    "num_morphogens": 3,
    "division_threshold": 0.32752078381333477,
    "cell_differentiation_threshold": 0.5762913487842544,
    "axon_growth_threshold": 0.4005817792358993,
    "max_axon_length": 2,
    "axon_connect_threshold": 0.9375112147727315,
    "self_connect_isolated_neurons_fraction": 0.21633118821792677,
    "weight_adjustment_target": 0.311241878752906,
    "weight_adjustment_rate": 0.005377097574795432,
    "progenitor_secretion_rates": [
      0.29445357604158257,
      0.4166820237236419,
      0.4127321160507374
    ],
    "neuron_secretion_rates": [
      0.2211146399520308,
      0.08793802843117138,
      0.024993887020253958
    ],
    "inhibition_matrix": [
      [
        0.0,
        0.0,
        0.0
      ],
      [
        0.07327360450848669,
        0.0,
        0.0
      ],
      [
        0.0,
        0.0,
        0.0
      ]
    ],
    "diffusion_patterns": [
      [
        [
          0.020810409366310068,
          0.19041296863463975,
          0.11798528607279717
        ],
        [
          0.09498523638347656,
          0.12493149622613449,
          0.19656000935462453
        ],
        [
          0.07839035268395066,
          0.16669664687030683,
          0.009227594407760064
        ]
      ],
      [
        [
          0.03644705615074604,
          0.0734917970699684,
          0.006249611570015417
        ],
        [
          0.09446036673016002,
          0.0978692419395834,
          0.15705977834698764
        ],
        [
          0.23716713648220156,
          0.07285086554131963,
          0.2244041461690178
        ]
      ],
      [
        [
          0.006127301983104088,
          0.05610394214801459,
          0.054901394198480474
        ],
        [
          0.24930927758878732,
          0.09087767984038679,
          0.27892261247717964
        ],
        [
          0.06852211317181332,
          0.0031930710962901915,
          0.1920426074959435
        ]
      ]
    ]
  },
  "network_stats": {
    "neurons": 400,
    "connections": 1076
  },
  "rollout_data": {
    "rewards": [
      -500.0,
      -500.0,
      -500.0,
      -500.0,
      -500.0,
      -500.0,
      -500.0,
      -500.0,
      -500.0,
      -500.0,
      -500.0,
      -500.0,
      -500.0,
      -500.0,
      -500.0,
      -500.0,
      -500.0,
      -500.0,
      -500.0,
      -500.0
    ],
    "lengths": [
      500,
      500,
      500,
      500,
      500,
      500,
      500,
      500,
      500,
      500,
      500,
      500,
      500,
      500,
      500,
      500,
      500,
      500,
      500,
      500
    ],
    "eval_seeds": [
      5002875,
      5002876,
      5002877,
      5002878,
      5002879,
      5002880,
      5002881,
      5002882,
      5002883,
      5002884,
      5002885,
      5002886,
      5002887,
      5002888,
      5002889,
      5002890,
      5002891,
      5002892,
      5002893,
      5002894
    ]
  }
}