{
  "network_id": 16620,
  "seed": 5016620,
  "valid": true,
  "baseline_reward": -500.0,
  "stratum": "weak",
  "genome": {
    "max_growth_steps": 200,
    "size_x": 20,
    "size_y": 20,
    "diffusion_rate": 0.15654151102318772,
    "num_morphogens": 3,
    "division_threshold": 0.4260188631847391,
    "cell_differentiation_threshold": 0.3729438146985857,
    "axon_growth_threshold": 0.44557910000445383,
    "max_axon_length": 9,
    "axon_connect_threshold": 0.6882614080469674,
    "self_connect_isolated_neurons_fraction": 0.13301688550786786,
    "weight_adjustment_target": 0.3180898832087187,
    "weight_adjustment_rate": 0.01753247075991974,
    "progenitor_secretion_rates": [
      0.2500049442267797,
      0.09547219754864456,
      0.49304039418969586
    ],
    "neuron_secretion_rates": [
      0.36515629853210213,
      0.11743694363956136,
      0.1671933482685637
    ],
    "inhibition_matrix": [
      [
        0.0,
        0.0,
        0.1963855152412518
      ],
      [
        0.0,
        0.0,
        0.08019194200069435
      ],
      [
        0.0,
        0.06195153945976012,
        0.0
      ]
    ],
    "diffusion_patterns": [
      [
        [
          0.06625766298905222,
          0.1665498100196853,
          0.008657091054276636
        ],
        [
          0.15010935890759086,
          0.04641925500004405,
          0.10798768309286877
        ],
        [
          0.1396503466296392,
          0.23455212042855603,
          0.07981667187828688
        ]
      ],
      [
        [
          0.026928240234626217,
          0.14759167748505916,
          0.1384452661526497
        ],
        [
          0.05915807477119028,
          0.2090910733680698,
          0.12422904518449787
        ],
        [
          0.12195830735198734,
          0.07452015647724668,
          0.0980781589746729
        ]
      ],
      [
        [
          0.15396108355805127,
          0.11762131406503686,
          0.06738641902747308
        ],
        [
          0.17048026935586005,
          0.033529046134847466,
          0.10568299939746079
        ],
        [
          0.13567482047301954,
          0.19286473159125622,
          0.02279931639699457
        ]
      ]
    ]
  },
  "network_stats": {
    "neurons": 400,
    "connections": 1412
  },
  "rollout_data": {
    "rewards": [
      -500.0,
      -500.0,
      -500.0,
      -500.0,
      -500.0,
      -500.0,
      -500.0,
      -500.0,
      -500.0,
      -500.0,
      -500.0,
      -500.0,
      -500.0,
      -500.0,
      -500.0,
      -500.0,
      -500.0,
      -500.0,
      -500.0,
      -500.0
    ],
    "lengths": [
      500,
      500,
      500,
      500,
      500,
      500,
      500,
      500,
      500,
      500,
      500,
      500,
      500,
      500,
      500,
      500,
      500,
      500,
      500,
      500
    ],
    "eval_seeds": [
      5016620,
      5016621,
      5016622,
      5016623,
      5016624,
      5016625,
      5016626,
      5016627,
      5016628,
      5016629,
      5016630,
      5016631,
      5016632,
      5016633,
      5016634,
      5016635,
      5016636,
      5016637,
      5016638,
      5016639
    ]
  }
}