{
  "network_id": 17097,
  "seed": 5017097,
  "valid": true,
  "baseline_reward": -500.0,
  "stratum": "weak",
  "genome": {
    "max_growth_steps": 200,
    "size_x": 20,
    "size_y": 20,
    "diffusion_rate": 0.18948025360939783,
    "num_morphogens": 3,
    "division_threshold": 0.32003083299637963,
    "cell_differentiation_threshold": 0.37554124764515573,
    "axon_growth_threshold": 0.48975009530691993,
    "max_axon_length": 10,
    "axon_connect_threshold": 0.45836944805740676,
    "self_connect_isolated_neurons_fraction": 0.16850272150284157,
    "weight_adjustment_target": 0.6764598359577378,
    "weight_adjustment_rate": 0.009861558436320755,
    "progenitor_secretion_rates": [
      0.468110288464129,
      0.17924217340684995,
      0.3892590626702027
    ],
    "neuron_secretion_rates": [
      0.4420379545714558,
      0.009474113936820183,
      0.495302433866921
    ],
    "inhibition_matrix": [
      [
        0.0,
        0.07086023046332135,
        0.0
      ],
      [
        0.11723685563954084,
        0.0,
        0.21182380981382565
      ],
      [
        0.0,
        0.0,
        0.0
      ]
    ],
    "diffusion_patterns": [
      [
        [
          0.00017195962816980297,
          0.16906605795025656,
          0.02760551234105252
        ],
        [
          0.19627780481539842,
          0.02069663187737879,
          0.061268550063581
        ],
        [
          0.16487452753284787,
          0.19530460775938607,
          0.16473434803192888
        ]
      ],
      [
        [
          0.21963123097185133,
          0.025610040444933587,
          0.01996279610999205
        ],
        [
          0.19494601896716676,
          0.057042373878398035,
          0.20561486568275822
        ],
        [
          0.05208121235104348,
          0.06498316062562709,
          0.16012830096822936
        ]
      ],
      [
        [
          0.2243639860653831,
          0.07616779362335623,
          0.019822343232889183
        ],
        [
          0.133392709519086,
          0.08714144386985527,
          0.20129643776164863
        ],
        [
          0.08858286513894395,
          0.1456259124711384,
          0.02360650831769927
        ]
      ]
    ]
  },
  "network_stats": {
    "neurons": 223,
    "connections": 269
  },
  "rollout_data": {
    "rewards": [
      -500.0,
      -500.0,
      -500.0,
      -500.0,
      -500.0,
      -500.0,
      -500.0,
      -500.0,
      -500.0,
      -500.0,
      -500.0,
      -500.0,
      -500.0,
      -500.0,
      -500.0,
      -500.0,
      -500.0,
      -500.0,
      -500.0,
      -500.0
    ],
    "lengths": [
      500,
      500,
      500,
      500,
      500,
      500,
      500,
      500,
      500,
      500,
      500,
      500,
      500,
      500,
      500,
      500,
      500,
      500,
      500,
      500
    ],
    "eval_seeds": [
      5017097,
      5017098,
      5017099,
      5017100,
      5017101,
      5017102,
      5017103,
      5017104,
      5017105,
      5017106,
      5017107,
      5017108,
      5017109,
      5017110,
      5017111,
      5017112,
      5017113,
      5017114,
      5017115,
      5017116
    ]
  }
}