{
  "network_id": 13992,
  "seed": 5013992,
  "valid": true,
  "baseline_reward": -500.0,
  "stratum": "weak",
  "genome": {
    "max_growth_steps": 200,
    "size_x": 20,
    "size_y": 20,
    "diffusion_rate": 0.10510098442796656,
    "num_morphogens": 3,
    "division_threshold": 0.31283844881495726,
    "cell_differentiation_threshold": 0.6361859591014616,
    "axon_growth_threshold": 0.48012219492543257,
    "max_axon_length": 7,
    "axon_connect_threshold": 0.49962680609910176,
    "self_connect_isolated_neurons_fraction": 0.28215803303429743,
    "weight_adjustment_target": 0.6872861105034447,
    "weight_adjustment_rate": 0.008482327090874642,
    "progenitor_secretion_rates": [
      0.4554142997923806,
      0.016392994998475352,
      0.0627705452239487
    ],
    "neuron_secretion_rates": [
      0.39679265805127667,
      0.023928113825163633,
      0.2218346175630706
    ],
    "inhibition_matrix": [
      [
        0.0,
        0.0,
        0.0
      ],
      [
        0.0,
        0.0,
        0.0
      ],
      [
        0.0,
        0.0,
        0.0
      ]
    ],
    "diffusion_patterns": [
      [
        [
          0.016167183972015574,
          0.19043148087519102,
          0.16701079229962082
        ],
        [
          0.10835968112662803,
          0.14467132903909766,
          0.0804067079247175
        ],
        [
          0.07623676022092442,
          0.03085775061767068,
          0.18585831392413427
        ]
      ],
      [
        [
          0.010395490203779754,
          0.05180497346318847,
          0.2442957226444432
        ],
        [
          0.2279106383008699,
          0.00369971630320756,
          0.15530479588426405
        ],
        [
          0.2593743175666171,
          0.03981372526824059,
          0.007400620365389512
        ]
      ],
      [
        [
          0.09125769744127997,
          0.15426597434437164,
          0.11623348418092352
        ],
        [
          0.003726788137721284,
          0.1395532668946077,
          0.11846884324051364
        ],
        [
          0.1642434713668527,
          0.0034447547192667776,
          0.2088057196744628
        ]
      ]
    ]
  },
  "network_stats": {
    "neurons": 400,
    "connections": 446
  },
  "rollout_data": {
    "rewards": [
      -500.0,
      -500.0,
      -500.0,
      -500.0,
      -500.0,
      -500.0,
      -500.0,
      -500.0,
      -500.0,
      -500.0,
      -500.0,
      -500.0,
      -500.0,
      -500.0,
      -500.0,
      -500.0,
      -500.0,
      -500.0,
      -500.0,
      -500.0
    ],
    "lengths": [
      500,
      500,
      500,
      500,
      500,
      500,
      500,
      500,
      500,
      500,
      500,
      500,
      500,
      500,
      500,
      500,
      500,
      500,
      500,
      500
    ],
    "eval_seeds": [
      5013992,
      5013993,
      5013994,
      5013995,
      5013996,
      5013997,
      5013998,
      5013999,
      5014000,
      5014001,
      5014002,
      5014003,
      5014004,
      5014005,
      5014006,
      5014007,
      5014008,
      5014009,
      5014010,
      5014011
    ]
  }
}