{
  "network_id": 17408,
  "seed": 5017408,
  "valid": true,
  "baseline_reward": -155.5,
  "stratum": "near_perfect",
  "genome": {
    "max_growth_steps": 200,
    "size_x": 20,
    "size_y": 20,
    "diffusion_rate": 0.15849692308705568,
    "num_morphogens": 3,
    "division_threshold": 0.5023169636763044,
    "cell_differentiation_threshold": 0.3952576397087688,
    "axon_growth_threshold": 0.24846156165897557,
    "max_axon_length": 4,
    "axon_connect_threshold": 0.6114644160286309,
    "self_connect_isolated_neurons_fraction": 0.04783066080125344,
    "weight_adjustment_target": 0.5835021871728918,
    "weight_adjustment_rate": 0.017483755405189202,
    "progenitor_secretion_rates": [
      0.3794891629136162,
      0.05280882992583341,
      0.15464035894275646
    ],
    "neuron_secretion_rates": [
      0.020506135738284303,
      0.47869359606062145,
      0.3994020191831149
    ],
    "inhibition_matrix": [
      [
        0.0,
        0.2984459036491138,
        0.0
      ],
      [
        0.0,
        0.0,
        0.0
      ],
      [
        0.0,
        0.3459604630248261,
        0.0
      ]
    ],
    "diffusion_patterns": [
      [
        [
          0.21836398255294223,
          0.10242568020417918,
          0.08042598608225134
        ],
        [
          0.10201757307694247,
          0.06060778979295165,
          0.09822858405852694
        ],
        [
          0.12070454505502219,
          0.19212217773010556,
          0.025103681447078408
        ]
      ],
      [
        [
          0.15934211164405263,
          0.15556144230639884,
          0.09196182922273655
        ],
        [
          0.12806676069531678,
          0.09042146629481411,
          0.017216137758040942
        ],
        [
          0.07188059640262587,
          0.13703465301227244,
          0.14851500266374174
        ]
      ],
      [
        [
          0.02639843939993451,
          0.01454465255452614,
          0.1304400901959586
        ],
        [
          0.12471276113949596,
          0.16191147462225378,
          0.18286208276063845
        ],
        [
          0.11656533854442629,
          0.06471103478352373,
          0.17785412599924247
        ]
      ]
    ]
  },
  "network_stats": {
    "neurons": 400,
    "connections": 1460
  },
  "rollout_data": {
    "rewards": [
      -100.0,
      -116.0,
      -298.0,
      -117.0,
      -97.0,
      -133.0,
      -500.0,
      -109.0,
      -228.0,
      -169.0,
      -112.0,
      -97.0,
      -159.0,
      -162.0,
      -224.0,
      -101.0,
      -91.0,
      -92.0,
      -104.0,
      -101.0
    ],
    "lengths": [
      101,
      117,
      299,
      118,
      98,
      134,
      500,
      110,
      229,
      170,
      113,
      98,
      160,
      163,
      225,
      102,
      92,
      93,
      105,
      102
    ],
    "eval_seeds": [
      5017408,
      5017409,
      5017410,
      5017411,
      5017412,
      5017413,
      5017414,
      5017415,
      5017416,
      5017417,
      5017418,
      5017419,
      5017420,
      5017421,
      5017422,
      5017423,
      5017424,
      5017425,
      5017426,
      5017427
    ]
  }
}