{
  "network_id": 6465,
  "seed": 5006465,
  "valid": true,
  "baseline_reward": -500.0,
  "stratum": "weak",
  "genome": {
    "max_growth_steps": 200,
    "size_x": 20,
    "size_y": 20,
    "diffusion_rate": 0.0865518992287328,
    "num_morphogens": 3,
    "division_threshold": 0.3609460213858109,
    "cell_differentiation_threshold": 0.3550815302617294,
    "axon_growth_threshold": 0.24762868177436398,
    "max_axon_length": 8,
    "axon_connect_threshold": 0.48443044059847407,
    "self_connect_isolated_neurons_fraction": 0.2690875002833867,
    "weight_adjustment_target": 0.5869556445561388,
    "weight_adjustment_rate": 0.015471697377490663,
    "progenitor_secretion_rates": [
      0.40594179629003385,
      0.34455836071597135,
      0.1396534830436264
    ],
    "neuron_secretion_rates": [
      0.4230569438156895,
      0.281740791250271,
      0.39492346258506184
    ],
    "inhibition_matrix": [
      [
        0.0,
        0.0,
        0.0
      ],
      [
        0.0,
        0.0,
        0.0
      ],
      [
        0.19129932703312574,
        0.0,
        0.0
      ]
    ],
    "diffusion_patterns": [
      [
        [
          0.14071641072220448,
          0.21845523683634624,
          0.12513050286884186
        ],
        [
          0.07158799356743774,
          0.03350820489891753,
          0.15004680578026622
        ],
        [
          0.035770073388543766,
          0.019311949564193368,
          0.20547282237324882
        ]
      ],
      [
        [
          0.05360759525247993,
          0.21721903574273824,
          0.12182556501213955
        ],
        [
          0.016099537519655097,
          0.03967299837056363,
          0.1329742958429639
        ],
        [
          0.2119923756950871,
          0.15314950912005004,
          0.05345908744432239
        ]
      ],
      [
        [
          0.07142579511065064,
          0.20576666679096564,
          0.034966951237752585
        ],
        [
          0.20279345335075674,
          0.050112379700373993,
          0.08184758196012511
        ],
        [
          0.15476157065744206,
          0.19265058552140873,
          0.00567501567052443
        ]
      ]
    ]
  },
  "network_stats": {
    "neurons": 36,
    "connections": 83
  },
  "rollout_data": {
    "rewards": [
      -500.0,
      -500.0,
      -500.0,
      -500.0,
      -500.0,
      -500.0,
      -500.0,
      -500.0,
      -500.0,
      -500.0,
      -500.0,
      -500.0,
      -500.0,
      -500.0,
      -500.0,
      -500.0,
      -500.0,
      -500.0,
      -500.0,
      -500.0
    ],
    "lengths": [
      500,
      500,
      500,
      500,
      500,
      500,
      500,
      500,
      500,
      500,
      500,
      500,
      500,
      500,
      500,
      500,
      500,
      500,
      500,
      500
    ],
    "eval_seeds": [
      5006465,
      5006466,
      5006467,
      5006468,
      5006469,
      5006470,
      5006471,
      5006472,
      5006473,
      5006474,
      5006475,
      5006476,
      5006477,
      5006478,
      5006479,
      5006480,
      5006481,
      5006482,
      5006483,
      5006484
    ]
  }
}