{
  "network_id": 9342,
  "seed": 5009342,
  "valid": true,
  "baseline_reward": -500.0,
  "stratum": "weak",
  "genome": {
    "max_growth_steps": 200,
    "size_x": 20,
    "size_y": 20,
    "diffusion_rate": 0.06857362971633413,
    "num_morphogens": 3,
    "division_threshold": 0.6264352015456074,
    "cell_differentiation_threshold": 0.6842072001705133,
    "axon_growth_threshold": 0.21213881942216922,
    "max_axon_length": 10,
    "axon_connect_threshold": 0.5959234418702192,
    "self_connect_isolated_neurons_fraction": 0.20666034338712333,
    "weight_adjustment_target": 0.5817302984349629,
    "weight_adjustment_rate": 0.006211795464850036,
    "progenitor_secretion_rates": [
      0.38428917846823546,
      0.08234547884187082,
      0.01750260311465829
    ],
    "neuron_secretion_rates": [
      0.3451876385426216,
      0.22465359172252625,
      0.22843979305409795
    ],
    "inhibition_matrix": [
      [
        0.0,
        0.38529070029162626,
        0.0
      ],
      [
        0.05431231866221142,
        0.0,
        0.0
      ],
      [
        0.0,
        0.0,
        0.0
      ]
    ],
    "diffusion_patterns": [
      [
        [
          0.032076558954742575,
          0.027936159734594675,
          0.20385915891785883
        ],
        [
          0.1807085365766828,
          0.010544028734025794,
          0.05045187471919665
        ],
        [
          0.3156169537822116,
          0.14088333867491623,
          0.03792338990577081
        ]
      ],
      [
        [
          0.13063715061211958,
          0.13892723357339865,
          0.10503328902648999
        ],
        [
          0.08863190770342745,
          0.22816388896759515,
          0.039718924785738734
        ],
        [
          0.02567161061534619,
          0.07941342915010788,
          0.16380256556577633
        ]
      ],
      [
        [
          0.06825131843378,
          0.21661846091779996,
          0.07085048920304324
        ],
        [
          0.26657276941750485,
          0.030589145790810995,
          0.17353520310575474
        ],
        [
          0.029289335880394337,
          0.062189611489856175,
          0.08210366576105577
        ]
      ]
    ]
  },
  "network_stats": {
    "neurons": 400,
    "connections": 1063
  },
  "rollout_data": {
    "rewards": [
      -500.0,
      -500.0,
      -500.0,
      -500.0,
      -500.0,
      -500.0,
      -500.0,
      -500.0,
      -500.0,
      -500.0,
      -500.0,
      -500.0,
      -500.0,
      -500.0,
      -500.0,
      -500.0,
      -500.0,
      -500.0,
      -500.0,
      -500.0
    ],
    "lengths": [
      500,
      500,
      500,
      500,
      500,
      500,
      500,
      500,
      500,
      500,
      500,
      500,
      500,
      500,
      500,
      500,
      500,
      500,
      500,
      500
    ],
    "eval_seeds": [
      5009342,
      5009343,
      5009344,
      5009345,
      5009346,
      5009347,
      5009348,
      5009349,
      5009350,
      5009351,
      5009352,
      5009353,
      5009354,
      5009355,
      5009356,
      5009357,
      5009358,
      5009359,
      5009360,
      5009361
    ]
  }
}