{
  "network_id": 18629,
  "seed": 5018629,
  "valid": true,
  "baseline_reward": -500.0,
  "stratum": "weak",
  "genome": {
    "max_growth_steps": 200,
    "size_x": 20,
    "size_y": 20,
    "diffusion_rate": 0.08859810455781125,
    "num_morphogens": 3,
    "division_threshold": 0.4478635451615853,
    "cell_differentiation_threshold": 0.5784680240097336,
    "axon_growth_threshold": 0.352715099014483,
    "max_axon_length": 10,
    "axon_connect_threshold": 0.6708150062611207,
    "self_connect_isolated_neurons_fraction": 0.23791161186599846,
    "weight_adjustment_target": 0.41668718668526905,
    "weight_adjustment_rate": 0.007986923409572258,
    "progenitor_secretion_rates": [
      0.35231657340508615,
      0.4702479752066109,
      0.4339062192870581
    ],
    "neuron_secretion_rates": [
      0.393869670947816,
      0.433763376374338,
      0.12022235414412913
    ],
    "inhibition_matrix": [
      [
        0.0,
        0.0,
        0.0
      ],
      [
        0.0,
        0.0,
        0.0
      ],
      [
        0.0,
        0.0,
        0.0
      ]
    ],
    "diffusion_patterns": [
      [
        [
          0.16320961243595494,
          0.22635478389168376,
          0.14971409691789217
        ],
        [
          0.09565725300887051,
          0.009772511215290741,
          0.07567213156589765
        ],
        [
          0.10478547649391089,
          0.1335771925036267,
          0.04125694196687254
        ]
      ],
      [
        [
          0.2085958896160041,
          0.1698059170191775,
          0.21328389109781928
        ],
        [
          0.15833936587101968,
          0.1498245142364465,
          0.009920642778513589
        ],
        [
          0.025639420704705995,
          0.0240447738589848,
          0.040545584817328444
        ]
      ],
      [
        [
          0.11522465571297201,
          0.19189856690701407,
          0.09774226469800812
        ],
        [
          0.02681080493401975,
          0.051397584616717465,
          0.1380575982690004
        ],
        [
          0.10613276796022718,
          0.1301435148038128,
          0.14259224209822807
        ]
      ]
    ]
  },
  "network_stats": {
    "neurons": 400,
    "connections": 1113
  },
  "rollout_data": {
    "rewards": [
      -500.0,
      -500.0,
      -500.0,
      -500.0,
      -500.0,
      -500.0,
      -500.0,
      -500.0,
      -500.0,
      -500.0,
      -500.0,
      -500.0,
      -500.0,
      -500.0,
      -500.0,
      -500.0,
      -500.0,
      -500.0,
      -500.0,
      -500.0
    ],
    "lengths": [
      500,
      500,
      500,
      500,
      500,
      500,
      500,
      500,
      500,
      500,
      500,
      500,
      500,
      500,
      500,
      500,
      500,
      500,
      500,
      500
    ],
    "eval_seeds": [
      5018629,
      5018630,
      5018631,
      5018632,
      5018633,
      5018634,
      5018635,
      5018636,
      5018637,
      5018638,
      5018639,
      5018640,
      5018641,
      5018642,
      5018643,
      5018644,
      5018645,
      5018646,
      5018647,
      5018648
    ]
  }
}