{
  "network_id": 15173,
  "seed": 5015173,
  "valid": true,
  "baseline_reward": -500.0,
  "stratum": "weak",
  "genome": {
    "max_growth_steps": 200,
    "size_x": 20,
    "size_y": 20,
    "diffusion_rate": 0.16614400260366763,
    "num_morphogens": 3,
    "division_threshold": 0.47475032223681973,
    "cell_differentiation_threshold": 0.6537554947710014,
    "axon_growth_threshold": 0.4622302548644288,
    "max_axon_length": 3,
    "axon_connect_threshold": 0.8475231584360051,
    "self_connect_isolated_neurons_fraction": 0.23736182948659465,
    "weight_adjustment_target": 0.33973814828429094,
    "weight_adjustment_rate": 0.016001055842802436,
    "progenitor_secretion_rates": [
      0.21169279180674855,
      0.467774608469476,
      0.09161123503982316
    ],
    "neuron_secretion_rates": [
      0.3915617781043688,
      0.040829948933224225,
      0.33171670427553956
    ],
    "inhibition_matrix": [
      [
        0.0,
        0.0,
        0.04361567545368228
      ],
      [
        0.48901007677426644,
        0.0,
        0.0
      ],
      [
        0.0,
        0.39377950117907745,
        0.0
      ]
    ],
    "diffusion_patterns": [
      [
        [
          0.1574103168242281,
          0.16867252062119503,
          0.1606328081032163
        ],
        [
          0.05164704034651241,
          0.11953354174097464,
          0.052355573079652294
        ],
        [
          0.12408534939378899,
          0.10276340146132841,
          0.06289944842910385
        ]
      ],
      [
        [
          0.17993380176321164,
          0.043426564594478946,
          0.026242247080755024
        ],
        [
          0.13030614066125276,
          0.06740321187572378,
          0.1970560683241704
        ],
        [
          0.047328110242934866,
          0.08419071267865616,
          0.22411314277881653
        ]
      ],
      [
        [
          0.18607879890762402,
          0.1746727833861938,
          0.006767509050043605
        ],
        [
          0.1052541025363715,
          0.18369861279520325,
          0.0609838388134942
        ],
        [
          0.19733060325018834,
          0.016596640968841458,
          0.06861711029203996
        ]
      ]
    ]
  },
  "network_stats": {
    "neurons": 101,
    "connections": 226
  },
  "rollout_data": {
    "rewards": [
      -500.0,
      -500.0,
      -500.0,
      -500.0,
      -500.0,
      -500.0,
      -500.0,
      -500.0,
      -500.0,
      -500.0,
      -500.0,
      -500.0,
      -500.0,
      -500.0,
      -500.0,
      -500.0,
      -500.0,
      -500.0,
      -500.0,
      -500.0
    ],
    "lengths": [
      500,
      500,
      500,
      500,
      500,
      500,
      500,
      500,
      500,
      500,
      500,
      500,
      500,
      500,
      500,
      500,
      500,
      500,
      500,
      500
    ],
    "eval_seeds": [
      5015173,
      5015174,
      5015175,
      5015176,
      5015177,
      5015178,
      5015179,
      5015180,
      5015181,
      5015182,
      5015183,
      5015184,
      5015185,
      5015186,
      5015187,
      5015188,
      5015189,
      5015190,
      5015191,
      5015192
    ]
  }
}