{
  "network_id": 14902,
  "seed": 5014902,
  "valid": true,
  "baseline_reward": -471.4,
  "stratum": "weak",
  "genome": {
    "max_growth_steps": 200,
    "size_x": 20,
    "size_y": 20,
    "diffusion_rate": 0.07314686809539589,
    "num_morphogens": 3,
    "division_threshold": 0.33054973804233817,
    "cell_differentiation_threshold": 0.6941905224168385,
    "axon_growth_threshold": 0.22749399225740957,
    "max_axon_length": 5,
    "axon_connect_threshold": 0.6054854520280608,
    "self_connect_isolated_neurons_fraction": 0.25249488069571724,
    "weight_adjustment_target": 0.5477847312524168,
    "weight_adjustment_rate": 0.011560978122521414,
    "progenitor_secretion_rates": [
      0.3930482158367345,
      0.21226334770911104,
      0.023623584462861835
    ],
    "neuron_secretion_rates": [
      0.19016185778050487,
      0.05608865900946597,
      0.33830677590353603
    ],
    "inhibition_matrix": [
      [
        0.0,
        0.4302590778880829,
        0.0
      ],
      [
        0.0,
        0.0,
        0.0
      ],
      [
        0.04085385329513197,
        0.0,
        0.0
      ]
    ],
    "diffusion_patterns": [
      [
        [
          0.09954184961884019,
          0.05056893545670319,
          0.09754418433237072
        ],
        [
          0.02061569883949607,
          0.19310178713071682,
          0.023501424837045197
        ],
        [
          0.1493838901829545,
          0.18800227449666654,
          0.17773995510520685
        ]
      ],
      [
        [
          0.10449339680094215,
          0.08188329149784772,
          0.0358101187800953
        ],
        [
          0.11199500342084957,
          0.13763107071301636,
          0.19708945713740045
        ],
        [
          0.09429397018819453,
          0.0620317820296479,
          0.17477190943200613
        ]
      ],
      [
        [
          0.135187780227664,
          0.008760200335502798,
          0.0019163493685548875
        ],
        [
          0.03800445434463213,
          0.09874241856897734,
          0.11498173645396774
        ],
        [
          0.1621501940594444,
          0.2719640838826639,
          0.16829278275859277
        ]
      ]
    ]
  },
  "network_stats": {
    "neurons": 400,
    "connections": 1136
  },
  "rollout_data": {
    "rewards": [
      -500.0,
      -424.0,
      -500.0,
      -430.0,
      -460.0,
      -500.0,
      -500.0,
      -459.0,
      -469.0,
      -500.0,
      -500.0,
      -473.0,
      -462.0,
      -500.0,
      -475.0,
      -388.0,
      -500.0,
      -440.0,
      -469.0,
      -479.0
    ],
    "lengths": [
      500,
      425,
      500,
      431,
      461,
      500,
      500,
      460,
      470,
      500,
      500,
      474,
      463,
      500,
      476,
      389,
      500,
      441,
      470,
      480
    ],
    "eval_seeds": [
      5014902,
      5014903,
      5014904,
      5014905,
      5014906,
      5014907,
      5014908,
      5014909,
      5014910,
      5014911,
      5014912,
      5014913,
      5014914,
      5014915,
      5014916,
      5014917,
      5014918,
      5014919,
      5014920,
      5014921
    ]
  }
}