{
  "network_id": 16589,
  "seed": 5016589,
  "valid": true,
  "baseline_reward": -500.0,
  "stratum": "weak",
  "genome": {
    "max_growth_steps": 200,
    "size_x": 20,
    "size_y": 20,
    "diffusion_rate": 0.06860132600668638,
    "num_morphogens": 3,
    "division_threshold": 0.40142200578219495,
    "cell_differentiation_threshold": 0.5182336965642238,
    "axon_growth_threshold": 0.2347494854952852,
    "max_axon_length": 3,
    "axon_connect_threshold": 0.5689335651087161,
    "self_connect_isolated_neurons_fraction": 0.007891901961038627,
    "weight_adjustment_target": 0.44774688469450774,
    "weight_adjustment_rate": 0.008080265814467597,
    "progenitor_secretion_rates": [
      0.17886741588675176,
      0.09950806308869287,
      0.3784852000009577
    ],
    "neuron_secretion_rates": [
      0.18573527213307617,
      0.20078758856490048,
      0.41255048699085006
    ],
    "inhibition_matrix": [
      [
        0.0,
        0.0,
        0.0
      ],
      [
        0.0,
        0.0,
        0.0
      ],
      [
        0.0,
        0.0,
        0.0
      ]
    ],
    "diffusion_patterns": [
      [
        [
          0.16428837905554455,
          0.13649075424984763,
          0.16758920012537107
        ],
        [
          0.07819875104918983,
          0.08810250296606958,
          0.14989562915662086
        ],
        [
          0.17107699233679258,
          0.012146257043489716,
          0.032211534017074314
        ]
      ],
      [
        [
          0.08967956373905832,
          0.08643363795633957,
          0.057447323951832545
        ],
        [
          0.1236295371058923,
          0.1563400778391619,
          0.16852710181996708
        ],
        [
          0.027644503499014737,
          0.1720733801916889,
          0.11822487389704453
        ]
      ],
      [
        [
          0.016141312941332198,
          0.12602093016682886,
          0.053689718971819206
        ],
        [
          0.10973075405599532,
          0.18601305178677188,
          0.12299935271767819
        ],
        [
          0.055033920259366514,
          0.15101860123689564,
          0.17935235786331197
        ]
      ]
    ]
  },
  "network_stats": {
    "neurons": 400,
    "connections": 637
  },
  "rollout_data": {
    "rewards": [
      -500.0,
      -500.0,
      -500.0,
      -500.0,
      -500.0,
      -500.0,
      -500.0,
      -500.0,
      -500.0,
      -500.0,
      -500.0,
      -500.0,
      -500.0,
      -500.0,
      -500.0,
      -500.0,
      -500.0,
      -500.0,
      -500.0,
      -500.0
    ],
    "lengths": [
      500,
      500,
      500,
      500,
      500,
      500,
      500,
      500,
      500,
      500,
      500,
      500,
      500,
      500,
      500,
      500,
      500,
      500,
      500,
      500
    ],
    "eval_seeds": [
      5016589,
      5016590,
      5016591,
      5016592,
      5016593,
      5016594,
      5016595,
      5016596,
      5016597,
      5016598,
      5016599,
      5016600,
      5016601,
      5016602,
      5016603,
      5016604,
      5016605,
      5016606,
      5016607,
      5016608
    ]
  }
}