{
  "network_id": 11231,
  "seed": 5011231,
  "valid": true,
  "baseline_reward": -156.3,
  "stratum": "near_perfect",
  "genome": {
    "max_growth_steps": 200,
    "size_x": 20,
    "size_y": 20,
    "diffusion_rate": 0.09155288511753676,
    "num_morphogens": 3,
    "division_threshold": 0.44683664787395805,
    "cell_differentiation_threshold": 0.6857208030002587,
    "axon_growth_threshold": 0.4200668768910496,
    "max_axon_length": 5,
    "axon_connect_threshold": 0.6826437657562532,
    "self_connect_isolated_neurons_fraction": 0.26722491073481747,
    "weight_adjustment_target": 0.692346258281499,
    "weight_adjustment_rate": 0.01950191283126759,
    "progenitor_secretion_rates": [
      0.18884242742810353,
      0.1750121245800929,
      0.004384518257602166
    ],
    "neuron_secretion_rates": [
      0.1006811130333542,
      0.05792877485707504,
      0.24141933492403528
    ],
    "inhibition_matrix": [
      [
        0.0,
        0.11130106616877178,
        0.0
      ],
      [
        0.0,
        0.0,
        0.0
      ],
      [
        0.0,
        0.0,
        0.0
      ]
    ],
    "diffusion_patterns": [
      [
        [
          0.15789951569471428,
          0.1309497436519835,
          0.07046625148602768
        ],
        [
          0.059550940100183136,
          0.00852512496425285,
          0.16743826196832995
        ],
        [
          0.09366109836669785,
          0.19582417448238965,
          0.11568488928542117
        ]
      ],
      [
        [
          0.06380081369103835,
          0.04666555769520786,
          0.15822067960549682
        ],
        [
          0.1655829684296189,
          0.09376554675107451,
          0.1508844410622582
        ],
        [
          0.12583342195608094,
          0.12354470042776047,
          0.07170187038146397
        ]
      ],
      [
        [
          0.10445465679579585,
          0.09026346380537847,
          0.014999718843845267
        ],
        [
          0.1603153100516348,
          0.11023371737536247,
          0.10372734200136606
        ],
        [
          0.14688867880119544,
          0.1538109336742196,
          0.11530617865120198
        ]
      ]
    ]
  },
  "network_stats": {
    "neurons": 400,
    "connections": 1153
  },
  "rollout_data": {
    "rewards": [
      -153.0,
      -140.0,
      -139.0,
      -179.0,
      -159.0,
      -142.0,
      -160.0,
      -137.0,
      -133.0,
      -145.0,
      -217.0,
      -170.0,
      -200.0,
      -130.0,
      -146.0,
      -152.0,
      -166.0,
      -139.0,
      -148.0,
      -171.0
    ],
    "lengths": [
      154,
      141,
      140,
      180,
      160,
      143,
      161,
      138,
      134,
      146,
      218,
      171,
      201,
      131,
      147,
      153,
      167,
      140,
      149,
      172
    ],
    "eval_seeds": [
      5011231,
      5011232,
      5011233,
      5011234,
      5011235,
      5011236,
      5011237,
      5011238,
      5011239,
      5011240,
      5011241,
      5011242,
      5011243,
      5011244,
      5011245,
      5011246,
      5011247,
      5011248,
      5011249,
      5011250
    ]
  }
}