{
  "network_id": 10474,
  "seed": 5010474,
  "valid": true,
  "baseline_reward": -500.0,
  "stratum": "weak",
  "genome": {
    "max_growth_steps": 200,
    "size_x": 20,
    "size_y": 20,
    "diffusion_rate": 0.17562133208947428,
    "num_morphogens": 3,
    "division_threshold": 0.4195865685578163,
    "cell_differentiation_threshold": 0.3097470063432085,
    "axon_growth_threshold": 0.26899652797758,
    "max_axon_length": 9,
    "axon_connect_threshold": 0.5431889255188649,
    "self_connect_isolated_neurons_fraction": 0.212135443646176,
    "weight_adjustment_target": 0.4720132447431298,
    "weight_adjustment_rate": 0.010875876931186836,
    "progenitor_secretion_rates": [
      0.4659659495622044,
      0.005446689000594251,
      0.47072912312167486
    ],
    "neuron_secretion_rates": [
      0.34671877615567287,
      0.023541238841627676,
      0.12367634042970993
    ],
    "inhibition_matrix": [
      [
        0.0,
        0.13758812999239228,
        0.0
      ],
      [
        0.0,
        0.0,
        0.0
      ],
      [
        0.0,
        0.2615763660644165,
        0.0
      ]
    ],
    "diffusion_patterns": [
      [
        [
          0.21147277321520516,
          0.10557169613134856,
          0.08981743388268625
        ],
        [
          0.057869047931720055,
          0.09980360746202335,
          0.09352382883921921
        ],
        [
          0.21022722612736394,
          0.11804782638028474,
          0.013666560030148815
        ]
      ],
      [
        [
          0.12916192523371853,
          0.04455441941523609,
          0.1664971695873075
        ],
        [
          0.15856763233119203,
          0.008064620437246138,
          0.08099319157894054
        ],
        [
          0.07750391638117961,
          0.17205337464105236,
          0.1626037503941272
        ]
      ],
      [
        [
          0.16786449286153912,
          0.018186635522030672,
          0.13923275319391518
        ],
        [
          0.19072619064298332,
          0.10209913998868465,
          0.06793917488398185
        ],
        [
          0.08194123381863243,
          0.11305278907516386,
          0.11895759001306894
        ]
      ]
    ]
  },
  "network_stats": {
    "neurons": 400,
    "connections": 873
  },
  "rollout_data": {
    "rewards": [
      -500.0,
      -500.0,
      -500.0,
      -500.0,
      -500.0,
      -500.0,
      -500.0,
      -500.0,
      -500.0,
      -500.0,
      -500.0,
      -500.0,
      -500.0,
      -500.0,
      -500.0,
      -500.0,
      -500.0,
      -500.0,
      -500.0,
      -500.0
    ],
    "lengths": [
      500,
      500,
      500,
      500,
      500,
      500,
      500,
      500,
      500,
      500,
      500,
      500,
      500,
      500,
      500,
      500,
      500,
      500,
      500,
      500
    ],
    "eval_seeds": [
      5010474,
      5010475,
      5010476,
      5010477,
      5010478,
      5010479,
      5010480,
      5010481,
      5010482,
      5010483,
      5010484,
      5010485,
      5010486,
      5010487,
      5010488,
      5010489,
      5010490,
      5010491,
      5010492,
      5010493
    ]
  }
}