{
  "network_id": 6732,
  "seed": 5006732,
  "valid": true,
  "baseline_reward": -500.0,
  "stratum": "weak",
  "genome": {
    "max_growth_steps": 200,
    "size_x": 20,
    "size_y": 20,
    "diffusion_rate": 0.17921894683874592,
    "num_morphogens": 3,
    "division_threshold": 0.3944953333557135,
    "cell_differentiation_threshold": 0.6919389873066675,
    "axon_growth_threshold": 0.3922883428838534,
    "max_axon_length": 5,
    "axon_connect_threshold": 0.5153491472766923,
    "self_connect_isolated_neurons_fraction": 0.19606578608637185,
    "weight_adjustment_target": 0.31329609311307677,
    "weight_adjustment_rate": 0.01683081404508694,
    "progenitor_secretion_rates": [
      0.34703265281973217,
      0.47026622417955266,
      0.2955512986781964
    ],
    "neuron_secretion_rates": [
      0.34040204853049694,
      0.12305250041118876,
      0.4717937734396556
    ],
    "inhibition_matrix": [
      [
        0.0,
        0.0,
        0.0
      ],
      [
        0.0,
        0.0,
        0.2842994606156441
      ],
      [
        0.0,
        0.0,
        0.0
      ]
    ],
    "diffusion_patterns": [
      [
        [
          0.2106866251999721,
          0.13762385389957968,
          0.023169179136398137
        ],
        [
          0.19363623450165549,
          0.022218617980661545,
          0.05596051524666138
        ],
        [
          0.06385131359669624,
          0.12035250340876258,
          0.17250115702961294
        ]
      ],
      [
        [
          0.1418460573996531,
          0.03226672371681813,
          0.1501381672380007
        ],
        [
          0.12292131842161802,
          0.0986431694194112,
          0.14653038094807921
        ],
        [
          0.18839519640887717,
          0.10547014134169301,
          0.01378884510584942
        ]
      ],
      [
        [
          0.06972753156307188,
          0.021743975148139,
          0.02381222785421
        ],
        [
          0.10278512185508239,
          0.15073900535979465,
          0.10460832151379562
        ],
        [
          0.18070618882313833,
          0.1278932922397328,
          0.21798433564303535
        ]
      ]
    ]
  },
  "network_stats": {
    "neurons": 378,
    "connections": 946
  },
  "rollout_data": {
    "rewards": [
      -500.0,
      -500.0,
      -500.0,
      -500.0,
      -500.0,
      -500.0,
      -500.0,
      -500.0,
      -500.0,
      -500.0,
      -500.0,
      -500.0,
      -500.0,
      -500.0,
      -500.0,
      -500.0,
      -500.0,
      -500.0,
      -500.0,
      -500.0
    ],
    "lengths": [
      500,
      500,
      500,
      500,
      500,
      500,
      500,
      500,
      500,
      500,
      500,
      500,
      500,
      500,
      500,
      500,
      500,
      500,
      500,
      500
    ],
    "eval_seeds": [
      5006732,
      5006733,
      5006734,
      5006735,
      5006736,
      5006737,
      5006738,
      5006739,
      5006740,
      5006741,
      5006742,
      5006743,
      5006744,
      5006745,
      5006746,
      5006747,
      5006748,
      5006749,
      5006750,
      5006751
    ]
  }
}