{
  "network_id": 13494,
  "seed": 5013494,
  "valid": true,
  "baseline_reward": -500.0,
  "stratum": "weak",
  "genome": {
    "max_growth_steps": 200,
    "size_x": 20,
    "size_y": 20,
    "diffusion_rate": 0.1407719775520353,
    "num_morphogens": 3,
    "division_threshold": 0.6709667329733223,
    "cell_differentiation_threshold": 0.30032194428853687,
    "axon_growth_threshold": 0.4440781180287271,
    "max_axon_length": 4,
    "axon_connect_threshold": 0.5154647039608969,
    "self_connect_isolated_neurons_fraction": 0.07276351404348651,
    "weight_adjustment_target": 0.31800946908533706,
    "weight_adjustment_rate": 0.016799133156028836,
    "progenitor_secretion_rates": [
      0.3957716747874773,
      0.07076216258752088,
      0.1933495821545777
    ],
    "neuron_secretion_rates": [
      0.38671564983932066,
      0.11729343520852936,
      0.04997257242889641
    ],
    "inhibition_matrix": [
      [
        0.0,
        0.0,
        0.0
      ],
      [
        0.055710442188698805,
        0.0,
        0.0
      ],
      [
        0.0,
        0.0,
        0.0
      ]
    ],
    "diffusion_patterns": [
      [
        [
          0.005675496096537863,
          0.1669100340998338,
          0.1932781758298072
        ],
        [
          0.005012935326213519,
          0.1149099916401669,
          0.1493943588417008
        ],
        [
          0.10263795958820948,
          0.10887974328001773,
          0.15330130529751262
        ]
      ],
      [
        [
          0.12228038155437344,
          0.1375844643513626,
          0.2060109721453493
        ],
        [
          0.150750804521773,
          0.07222373902380305,
          0.018608306781041747
        ],
        [
          0.16491434606375754,
          0.03055923507351928,
          0.09706775048501998
        ]
      ],
      [
        [
          0.1295758837092739,
          0.15871030700149283,
          0.03746000476910276
        ],
        [
          0.05160451883713102,
          0.16300612145153762,
          0.10966274463700608
        ],
        [
          0.039092098340670865,
          0.13065337348950443,
          0.1802349477642805
        ]
      ]
    ]
  },
  "network_stats": {
    "neurons": 400,
    "connections": 996
  },
  "rollout_data": {
    "rewards": [
      -500.0,
      -500.0,
      -500.0,
      -500.0,
      -500.0,
      -500.0,
      -500.0,
      -500.0,
      -500.0,
      -500.0,
      -500.0,
      -500.0,
      -500.0,
      -500.0,
      -500.0,
      -500.0,
      -500.0,
      -500.0,
      -500.0,
      -500.0
    ],
    "lengths": [
      500,
      500,
      500,
      500,
      500,
      500,
      500,
      500,
      500,
      500,
      500,
      500,
      500,
      500,
      500,
      500,
      500,
      500,
      500,
      500
    ],
    "eval_seeds": [
      5013494,
      5013495,
      5013496,
      5013497,
      5013498,
      5013499,
      5013500,
      5013501,
      5013502,
      5013503,
      5013504,
      5013505,
      5013506,
      5013507,
      5013508,
      5013509,
      5013510,
      5013511,
      5013512,
      5013513
    ]
  }
}