{
  "network_id": 18991,
  "seed": 5018991,
  "valid": true,
  "baseline_reward": -500.0,
  "stratum": "weak",
  "genome": {
    "max_growth_steps": 200,
    "size_x": 20,
    "size_y": 20,
    "diffusion_rate": 0.08046489146334897,
    "num_morphogens": 3,
    "division_threshold": 0.6835776737694064,
    "cell_differentiation_threshold": 0.5481703865364044,
    "axon_growth_threshold": 0.4036102189084709,
    "max_axon_length": 7,
    "axon_connect_threshold": 0.8462433217497902,
    "self_connect_isolated_neurons_fraction": 0.23130900468090348,
    "weight_adjustment_target": 0.6601026816664377,
    "weight_adjustment_rate": 0.019145713583028856,
    "progenitor_secretion_rates": [
      0.4044602809713145,
      0.0094027504184927,
      0.08077150411838019
    ],
    "neuron_secretion_rates": [
      0.39956633234791783,
      0.007946295728506636,
      0.4827361706764013
    ],
    "inhibition_matrix": [
      [
        0.0,
        0.029318440981550675,
        0.0
      ],
      [
        0.0,
        0.0,
        0.0
      ],
      [
        0.0,
        0.0,
        0.0
      ]
    ],
    "diffusion_patterns": [
      [
        [
          0.15978572918405698,
          0.06396756368493059,
          0.17453036911896833
        ],
        [
          0.064688513728438,
          0.023113776198048604,
          0.17127119352025197
        ],
        [
          0.1679189442063705,
          0.15228227830845742,
          0.02244163205047765
        ]
      ],
      [
        [
          0.13213733499196137,
          0.14295648098986966,
          0.12423434187012797
        ],
        [
          0.036314532268345086,
          0.03953399295902007,
          0.24422822897007065
        ],
        [
          0.016967668060670068,
          0.16626514406731524,
          0.09736227582261991
        ]
      ],
      [
        [
          0.15829255002522025,
          0.1149660651825248,
          0.20158586351052327
        ],
        [
          0.23925738324016171,
          0.019214336988863063,
          0.07344302715902516
        ],
        [
          0.11526707720148818,
          0.04211712674287013,
          0.0358565699493234
        ]
      ]
    ]
  },
  "network_stats": {
    "neurons": 400,
    "connections": 488
  },
  "rollout_data": {
    "rewards": [
      -500.0,
      -500.0,
      -500.0,
      -500.0,
      -500.0,
      -500.0,
      -500.0,
      -500.0,
      -500.0,
      -500.0,
      -500.0,
      -500.0,
      -500.0,
      -500.0,
      -500.0,
      -500.0,
      -500.0,
      -500.0,
      -500.0,
      -500.0
    ],
    "lengths": [
      500,
      500,
      500,
      500,
      500,
      500,
      500,
      500,
      500,
      500,
      500,
      500,
      500,
      500,
      500,
      500,
      500,
      500,
      500,
      500
    ],
    "eval_seeds": [
      5018991,
      5018992,
      5018993,
      5018994,
      5018995,
      5018996,
      5018997,
      5018998,
      5018999,
      5019000,
      5019001,
      5019002,
      5019003,
      5019004,
      5019005,
      5019006,
      5019007,
      5019008,
      5019009,
      5019010
    ]
  }
}