{
  "network_id": 17212,
  "seed": 5017212,
  "valid": true,
  "baseline_reward": -500.0,
  "stratum": "weak",
  "genome": {
    "max_growth_steps": 200,
    "size_x": 20,
    "size_y": 20,
    "diffusion_rate": 0.09175074103967909,
    "num_morphogens": 3,
    "division_threshold": 0.42683821411569367,
    "cell_differentiation_threshold": 0.3374497851415488,
    "axon_growth_threshold": 0.2982817454741233,
    "max_axon_length": 10,
    "axon_connect_threshold": 0.8392542644380167,
    "self_connect_isolated_neurons_fraction": 0.13250736763728774,
    "weight_adjustment_target": 0.6945974991599273,
    "weight_adjustment_rate": 0.012734211507957265,
    "progenitor_secretion_rates": [
      0.4141105164219917,
      0.27928882958621143,
      0.44181910970676325
    ],
    "neuron_secretion_rates": [
      0.44179013263787215,
      0.35836560401696693,
      0.3948218082897245
    ],
    "inhibition_matrix": [
      [
        0.0,
        0.2189346725120242,
        0.06922578545849806
      ],
      [
        0.45124669841370824,
        0.0,
        0.0
      ],
      [
        0.0,
        0.0,
        0.0
      ]
    ],
    "diffusion_patterns": [
      [
        [
          0.10131801877659644,
          0.12752555941263996,
          0.07586548979156717
        ],
        [
          0.13125260389023097,
          0.012450289997842708,
          0.1754720397064752
        ],
        [
          0.0585667743961339,
          0.1813892676118173,
          0.13615995641669645
        ]
      ],
      [
        [
          0.10598767626425597,
          0.14512701154058208,
          0.07111109189620805
        ],
        [
          0.1649745482972885,
          0.13676610973995626,
          0.04391291023120512
        ],
        [
          0.06708101081265594,
          0.15082672151597948,
          0.11421291970186874
        ]
      ],
      [
        [
          0.14322257544069053,
          0.13140726777876804,
          0.17010974153901914
        ],
        [
          0.09975721814665772,
          0.016002838641735337,
          0.030488028191596253
        ],
        [
          0.09569128504747829,
          0.16635380209216646,
          0.14696724312188816
        ]
      ]
    ]
  },
  "network_stats": {
    "neurons": 400,
    "connections": 1030
  },
  "rollout_data": {
    "rewards": [
      -500.0,
      -500.0,
      -500.0,
      -500.0,
      -500.0,
      -500.0,
      -500.0,
      -500.0,
      -500.0,
      -500.0,
      -500.0,
      -500.0,
      -500.0,
      -500.0,
      -500.0,
      -500.0,
      -500.0,
      -500.0,
      -500.0,
      -500.0
    ],
    "lengths": [
      500,
      500,
      500,
      500,
      500,
      500,
      500,
      500,
      500,
      500,
      500,
      500,
      500,
      500,
      500,
      500,
      500,
      500,
      500,
      500
    ],
    "eval_seeds": [
      5017212,
      5017213,
      5017214,
      5017215,
      5017216,
      5017217,
      5017218,
      5017219,
      5017220,
      5017221,
      5017222,
      5017223,
      5017224,
      5017225,
      5017226,
      5017227,
      5017228,
      5017229,
      5017230,
      5017231
    ]
  }
}