{
  "network_id": 1513,
  "seed": 5001513,
  "valid": true,
  "baseline_reward": -500.0,
  "stratum": "weak",
  "genome": {
    "max_growth_steps": 200,
    "size_x": 20,
    "size_y": 20,
    "diffusion_rate": 0.07832405761486286,
    "num_morphogens": 3,
    "division_threshold": 0.36260882963981006,
    "cell_differentiation_threshold": 0.6306977693407183,
    "axon_growth_threshold": 0.2808312617360568,
    "max_axon_length": 9,
    "axon_connect_threshold": 0.8982091049715527,
    "self_connect_isolated_neurons_fraction": 0.19099764202637334,
    "weight_adjustment_target": 0.5740633559567723,
    "weight_adjustment_rate": 0.01253428968332641,
    "progenitor_secretion_rates": [
      0.4038558352006538,
      0.2761182534454697,
      0.44253033756258314
    ],
    "neuron_secretion_rates": [
      0.33448320171734663,
      0.24564623572086725,
      0.044440907192729584
    ],
    "inhibition_matrix": [
      [
        0.0,
        0.0,
        0.023194885545900157
      ],
      [
        0.0,
        0.0,
        0.0
      ],
      [
        0.0424664659473355,
        0.0,
        0.0
      ]
    ],
    "diffusion_patterns": [
      [
        [
          0.024810397020250452,
          0.10592373884301429,
          0.002100434195211648
        ],
        [
          0.19964707580367225,
          0.07505052724012205,
          0.0284963887039011
        ],
        [
          0.08162390377426092,
          0.31038017957104835,
          0.17196735484851897
        ]
      ],
      [
        [
          0.014118494237072033,
          0.1767593828448557,
          0.14137697095824453
        ],
        [
          0.13434178798045676,
          0.17841794652718226,
          0.06821123103415344
        ],
        [
          0.07252167043106293,
          0.1634386755310393,
          0.05081384045593293
        ]
      ],
      [
        [
          0.04752759253327757,
          0.1630709037261053,
          0.04073816965427995
        ],
        [
          0.17358596681061197,
          0.10325225724521366,
          0.15487673585712022
        ],
        [
          0.15957679827471186,
          0.11379034307185931,
          0.04358123282681992
        ]
      ]
    ]
  },
  "network_stats": {
    "neurons": 400,
    "connections": 1167
  },
  "rollout_data": {
    "rewards": [
      -500.0,
      -500.0,
      -500.0,
      -500.0,
      -500.0,
      -500.0,
      -500.0,
      -500.0,
      -500.0,
      -500.0,
      -500.0,
      -500.0,
      -500.0,
      -500.0,
      -500.0,
      -500.0,
      -500.0,
      -500.0,
      -500.0,
      -500.0
    ],
    "lengths": [
      500,
      500,
      500,
      500,
      500,
      500,
      500,
      500,
      500,
      500,
      500,
      500,
      500,
      500,
      500,
      500,
      500,
      500,
      500,
      500
    ],
    "eval_seeds": [
      5001513,
      5001514,
      5001515,
      5001516,
      5001517,
      5001518,
      5001519,
      5001520,
      5001521,
      5001522,
      5001523,
      5001524,
      5001525,
      5001526,
      5001527,
      5001528,
      5001529,
      5001530,
      5001531,
      5001532
    ]
  }
}