{
  "network_id": 2019,
  "seed": 5002019,
  "valid": true,
  "baseline_reward": -500.0,
  "stratum": "weak",
  "genome": {
    "max_growth_steps": 200,
    "size_x": 20,
    "size_y": 20,
    "diffusion_rate": 0.06632334443988075,
    "num_morphogens": 3,
    "division_threshold": 0.3420633031149381,
    "cell_differentiation_threshold": 0.5966627911267206,
    "axon_growth_threshold": 0.3546127913775111,
    "max_axon_length": 8,
    "axon_connect_threshold": 0.5552185654208435,
    "self_connect_isolated_neurons_fraction": 0.23230169617438107,
    "weight_adjustment_target": 0.3495911194904941,
    "weight_adjustment_rate": 0.019400387341913922,
    "progenitor_secretion_rates": [
      0.09642795744399751,
      0.12221358191990861,
      0.2197881572674107
    ],
    "neuron_secretion_rates": [
      0.0388171034765194,
      0.08468903653748955,
      0.06724594742789619
    ],
    "inhibition_matrix": [
      [
        0.0,
        0.0,
        0.0
      ],
      [
        0.14188652222930792,
        0.0,
        0.0
      ],
      [
        0.0,
        0.0,
        0.0
      ]
    ],
    "diffusion_patterns": [
      [
        [
          0.08215195329724717,
          0.15352083402112274,
          0.11158994298182479
        ],
        [
          0.1562704669731564,
          0.09821669668448048,
          0.010835413871168901
        ],
        [
          0.1661819744452311,
          0.16271082142292648,
          0.058521896302841964
        ]
      ],
      [
        [
          0.16538885387809368,
          0.02700083216326693,
          0.1597844478124837
        ],
        [
          0.016821143292561028,
          0.15769980491328967,
          0.031505601682203774
        ],
        [
          0.20381087649377172,
          0.1624795497596117,
          0.07550889000471789
        ]
      ],
      [
        [
          0.05553285617291979,
          0.08394658600301434,
          0.1926313960996085
        ],
        [
          0.11426029910423548,
          0.16197365176190825,
          0.09680553258963112
        ],
        [
          0.16588209449019636,
          0.047878150076998444,
          0.0810894337014877
        ]
      ]
    ]
  },
  "network_stats": {
    "neurons": 400,
    "connections": 754
  },
  "rollout_data": {
    "rewards": [
      -500.0,
      -500.0,
      -500.0,
      -500.0,
      -500.0,
      -500.0,
      -500.0,
      -500.0,
      -500.0,
      -500.0,
      -500.0,
      -500.0,
      -500.0,
      -500.0,
      -500.0,
      -500.0,
      -500.0,
      -500.0,
      -500.0,
      -500.0
    ],
    "lengths": [
      500,
      500,
      500,
      500,
      500,
      500,
      500,
      500,
      500,
      500,
      500,
      500,
      500,
      500,
      500,
      500,
      500,
      500,
      500,
      500
    ],
    "eval_seeds": [
      5002019,
      5002020,
      5002021,
      5002022,
      5002023,
      5002024,
      5002025,
      5002026,
      5002027,
      5002028,
      5002029,
      5002030,
      5002031,
      5002032,
      5002033,
      5002034,
      5002035,
      5002036,
      5002037,
      5002038
    ]
  }
}