{
  "network_id": 2465,
  "seed": 5002465,
  "valid": true,
  "baseline_reward": -500.0,
  "stratum": "weak",
  "genome": {
    "max_growth_steps": 200,
    "size_x": 20,
    "size_y": 20,
    "diffusion_rate": 0.15150509832163234,
    "num_morphogens": 3,
    "division_threshold": 0.5066192606939601,
    "cell_differentiation_threshold": 0.5398667691368739,
    "axon_growth_threshold": 0.3985877125043619,
    "max_axon_length": 4,
    "axon_connect_threshold": 0.6670258597988471,
    "self_connect_isolated_neurons_fraction": 0.021456839333237387,
    "weight_adjustment_target": 0.32042669835214377,
    "weight_adjustment_rate": 0.01217918352819727,
    "progenitor_secretion_rates": [
      0.2953921959459225,
      0.10419555529891922,
      0.29642007737404996
    ],
    "neuron_secretion_rates": [
      0.2544220199551748,
      0.10399654886655574,
      0.06994773573895618
    ],
    "inhibition_matrix": [
      [
        0.0,
        0.0,
        0.1068660594328838
      ],
      [
        0.0,
        0.0,
        0.0
      ],
      [
        0.1143303423706391,
        0.0,
        0.0
      ]
    ],
    "diffusion_patterns": [
      [
        [
          0.11408857606358132,
          0.1835157861295516,
          0.11957882046568778
        ],
        [
          0.0024207588877841117,
          0.13825586110564436,
          0.10587508246982313
        ],
        [
          0.08106586983812829,
          0.15546643131680238,
          0.09973281372299699
        ]
      ],
      [
        [
          0.12411232337838847,
          0.10301515366613194,
          0.15603599481593478
        ],
        [
          0.17140141187448646,
          0.16517887166362494,
          0.09375169175477278
        ],
        [
          0.06062494431137362,
          0.09799988052953716,
          0.027879728005749765
        ]
      ],
      [
        [
          0.1758695174876801,
          0.19554313561500816,
          0.07016338912502039
        ],
        [
          0.14298571116977257,
          0.05683902165298953,
          0.011453404701433424
        ],
        [
          0.12511206064364838,
          0.1378905292543119,
          0.08414323035013567
        ]
      ]
    ]
  },
  "network_stats": {
    "neurons": 400,
    "connections": 1375
  },
  "rollout_data": {
    "rewards": [
      -500.0,
      -500.0,
      -500.0,
      -500.0,
      -500.0,
      -500.0,
      -500.0,
      -500.0,
      -500.0,
      -500.0,
      -500.0,
      -500.0,
      -500.0,
      -500.0,
      -500.0,
      -500.0,
      -500.0,
      -500.0,
      -500.0,
      -500.0
    ],
    "lengths": [
      500,
      500,
      500,
      500,
      500,
      500,
      500,
      500,
      500,
      500,
      500,
      500,
      500,
      500,
      500,
      500,
      500,
      500,
      500,
      500
    ],
    "eval_seeds": [
      5002465,
      5002466,
      5002467,
      5002468,
      5002469,
      5002470,
      5002471,
      5002472,
      5002473,
      5002474,
      5002475,
      5002476,
      5002477,
      5002478,
      5002479,
      5002480,
      5002481,
      5002482,
      5002483,
      5002484
    ]
  }
}