{
  "network_id": 11168,
  "seed": 5011168,
  "valid": true,
  "baseline_reward": -500.0,
  "stratum": "weak",
  "genome": {
    "max_growth_steps": 200,
    "size_x": 20,
    "size_y": 20,
    "diffusion_rate": 0.09141351753392539,
    "num_morphogens": 3,
    "division_threshold": 0.3119475805397159,
    "cell_differentiation_threshold": 0.6839323637317435,
    "axon_growth_threshold": 0.35478109031227323,
    "max_axon_length": 9,
    "axon_connect_threshold": 0.6556942408810272,
    "self_connect_isolated_neurons_fraction": 0.06289860656937071,
    "weight_adjustment_target": 0.4580581222540768,
    "weight_adjustment_rate": 0.017811553630946893,
    "progenitor_secretion_rates": [
      0.43076395255059147,
      0.33798239946401637,
      0.2116858678607792
    ],
    "neuron_secretion_rates": [
      0.44252109438535203,
      0.4362430459476212,
      0.12090361516607301
    ],
    "inhibition_matrix": [
      [
        0.0,
        0.41134737732530213,
        0.0
      ],
      [
        0.0,
        0.0,
        0.0
      ],
      [
        0.06873187283463161,
        0.0,
        0.0
      ]
    ],
    "diffusion_patterns": [
      [
        [
          0.06972196283651116,
          0.13878214101657188,
          0.14083187213431353
        ],
        [
          0.09717161227983362,
          0.05860108787455567,
          0.10958289129318784
        ],
        [
          0.08576089374886059,
          0.19378393910511596,
          0.10576359971104977
        ]
      ],
      [
        [
          0.20641625348652926,
          0.08963156953025433,
          0.11044776129181699
        ],
        [
          0.07066049363108205,
          0.05755425928771879,
          0.1165410800963338
        ],
        [
          0.06417777858707877,
          0.10725434061426573,
          0.1773164634749203
        ]
      ],
      [
        [
          0.18452585077391262,
          0.03893471441512367,
          0.14777563481355332
        ],
        [
          0.01720628792601861,
          0.21759651737296246,
          0.14955741353630553
        ],
        [
          0.09820455677504258,
          0.0949555433947429,
          0.05124348099233837
        ]
      ]
    ]
  },
  "network_stats": {
    "neurons": 400,
    "connections": 1073
  },
  "rollout_data": {
    "rewards": [
      -500.0,
      -500.0,
      -500.0,
      -500.0,
      -500.0,
      -500.0,
      -500.0,
      -500.0,
      -500.0,
      -500.0,
      -500.0,
      -500.0,
      -500.0,
      -500.0,
      -500.0,
      -500.0,
      -500.0,
      -500.0,
      -500.0,
      -500.0
    ],
    "lengths": [
      500,
      500,
      500,
      500,
      500,
      500,
      500,
      500,
      500,
      500,
      500,
      500,
      500,
      500,
      500,
      500,
      500,
      500,
      500,
      500
    ],
    "eval_seeds": [
      5011168,
      5011169,
      5011170,
      5011171,
      5011172,
      5011173,
      5011174,
      5011175,
      5011176,
      5011177,
      5011178,
      5011179,
      5011180,
      5011181,
      5011182,
      5011183,
      5011184,
      5011185,
      5011186,
      5011187
    ]
  }
}