{
  "network_id": 17167,
  "seed": 5017167,
  "valid": true,
  "baseline_reward": -356.15,
  "stratum": "low_mid",
  "genome": {
    "max_growth_steps": 200,
    "size_x": 20,
    "size_y": 20,
    "diffusion_rate": 0.15023381766698607,
    "num_morphogens": 3,
    "division_threshold": 0.3250516110110882,
    "cell_differentiation_threshold": 0.35729392848043523,
    "axon_growth_threshold": 0.32518259053675147,
    "max_axon_length": 4,
    "axon_connect_threshold": 0.6520081410920839,
    "self_connect_isolated_neurons_fraction": 0.05129312221232309,
    "weight_adjustment_target": 0.4157417107576612,
    "weight_adjustment_rate": 0.009923382433957614,
    "progenitor_secretion_rates": [
      0.17800471950672353,
      0.14801503493874446,
      0.1470950390618998
    ],
    "neuron_secretion_rates": [
      0.28744740586435163,
      0.0510262745964728,
      0.14405202324478145
    ],
    "inhibition_matrix": [
      [
        0.0,
        0.0,
        0.0
      ],
      [
        0.0,
        0.0,
        0.0
      ],
      [
        0.03946919146503086,
        0.0,
        0.0
      ]
    ],
    "diffusion_patterns": [
      [
        [
          0.05787548471830663,
          0.12760537898868982,
          0.04179889693861042
        ],
        [
          0.14884641897874742,
          0.1297344254523164,
          0.0583483581565316
        ],
        [
          0.17172824796200498,
          0.08531758778809417,
          0.17874520101669855
        ]
      ],
      [
        [
          0.1400542420636402,
          0.13198991087754702,
          0.0795735919803098
        ],
        [
          0.09841703885844277,
          0.1186484977877592,
          0.11947466938801328
        ],
        [
          0.10802875402746441,
          0.0827613816709066,
          0.12105191334591674
        ]
      ],
      [
        [
          0.08836766580461135,
          0.033574165407803475,
          0.1803873186958768
        ],
        [
          0.0843379340030397,
          0.05074914035087076,
          0.16364827436757662
        ],
        [
          0.09126137047109176,
          0.1531647824491784,
          0.15450934844995112
        ]
      ]
    ]
  },
  "network_stats": {
    "neurons": 400,
    "connections": 1031
  },
  "rollout_data": {
    "rewards": [
      -353.0,
      -338.0,
      -454.0,
      -290.0,
      -500.0,
      -478.0,
      -375.0,
      -371.0,
      -330.0,
      -347.0,
      -500.0,
      -347.0,
      -365.0,
      -278.0,
      -307.0,
      -380.0,
      -261.0,
      -295.0,
      -293.0,
      -261.0
    ],
    "lengths": [
      354,
      339,
      455,
      291,
      500,
      479,
      376,
      372,
      331,
      348,
      500,
      348,
      366,
      279,
      308,
      381,
      262,
      296,
      294,
      262
    ],
    "eval_seeds": [
      5017167,
      5017168,
      5017169,
      5017170,
      5017171,
      5017172,
      5017173,
      5017174,
      5017175,
      5017176,
      5017177,
      5017178,
      5017179,
      5017180,
      5017181,
      5017182,
      5017183,
      5017184,
      5017185,
      5017186
    ]
  }
}