{
  "network_id": 12652,
  "seed": 5012652,
  "valid": true,
  "baseline_reward": -500.0,
  "stratum": "weak",
  "genome": {
    "max_growth_steps": 200,
    "size_x": 20,
    "size_y": 20,
    "diffusion_rate": 0.11746414871052244,
    "num_morphogens": 3,
    "division_threshold": 0.4611640430263184,
    "cell_differentiation_threshold": 0.6153190633447617,
    "axon_growth_threshold": 0.40590781702401435,
    "max_axon_length": 4,
    "axon_connect_threshold": 0.5374872656934438,
    "self_connect_isolated_neurons_fraction": 0.0830554104185382,
    "weight_adjustment_target": 0.43295826182890956,
    "weight_adjustment_rate": 0.01675924309556392,
    "progenitor_secretion_rates": [
      0.4268063600784208,
      0.4240172731130352,
      0.26214846876391673
    ],
    "neuron_secretion_rates": [
      0.058248779656901895,
      0.15079033087943922,
      0.14530878184727658
    ],
    "inhibition_matrix": [
      [
        0.0,
        0.0,
        0.0
      ],
      [
        0.0,
        0.0,
        0.0
      ],
      [
        0.0,
        0.0,
        0.0
      ]
    ],
    "diffusion_patterns": [
      [
        [
          0.10878584037297306,
          0.012383921262621257,
          0.029119635660176064
        ],
        [
          0.16714438370111828,
          0.07485149880445816,
          0.2066140769162981
        ],
        [
          0.13808377156759552,
          0.050700559087884005,
          0.21231631262687561
        ]
      ],
      [
        [
          0.02904896939286056,
          0.13576276614638869,
          0.18057465920320592
        ],
        [
          0.1833899179781106,
          0.10048514783848636,
          0.16482832456093954
        ],
        [
          0.05281893136036966,
          0.1333705896672865,
          0.019720693852352127
        ]
      ],
      [
        [
          0.06740583269289566,
          0.07668913611745333,
          0.07440555217284185
        ],
        [
          0.1921757917389116,
          0.0980937483556268,
          0.17310824498031868
        ],
        [
          0.10650558341311989,
          0.01332287723868825,
          0.19829323329014412
        ]
      ]
    ]
  },
  "network_stats": {
    "neurons": 400,
    "connections": 979
  },
  "rollout_data": {
    "rewards": [
      -500.0,
      -500.0,
      -500.0,
      -500.0,
      -500.0,
      -500.0,
      -500.0,
      -500.0,
      -500.0,
      -500.0,
      -500.0,
      -500.0,
      -500.0,
      -500.0,
      -500.0,
      -500.0,
      -500.0,
      -500.0,
      -500.0,
      -500.0
    ],
    "lengths": [
      500,
      500,
      500,
      500,
      500,
      500,
      500,
      500,
      500,
      500,
      500,
      500,
      500,
      500,
      500,
      500,
      500,
      500,
      500,
      500
    ],
    "eval_seeds": [
      5012652,
      5012653,
      5012654,
      5012655,
      5012656,
      5012657,
      5012658,
      5012659,
      5012660,
      5012661,
      5012662,
      5012663,
      5012664,
      5012665,
      5012666,
      5012667,
      5012668,
      5012669,
      5012670,
      5012671
    ]
  }
}