{
  "network_id": 489,
  "seed": 5000489,
  "valid": true,
  "baseline_reward": -500.0,
  "stratum": "weak",
  "genome": {
    "max_growth_steps": 200,
    "size_x": 20,
    "size_y": 20,
    "diffusion_rate": 0.1680611777469527,
    "num_morphogens": 3,
    "division_threshold": 0.3870548047782702,
    "cell_differentiation_threshold": 0.6073025795528073,
    "axon_growth_threshold": 0.23947403357681624,
    "max_axon_length": 5,
    "axon_connect_threshold": 0.5196275010400883,
    "self_connect_isolated_neurons_fraction": 0.21447994053325511,
    "weight_adjustment_target": 0.6829104961308152,
    "weight_adjustment_rate": 0.017015961218625014,
    "progenitor_secretion_rates": [
      0.30102375164585454,
      0.2702387156384031,
      0.476650562703514
    ],
    "neuron_secretion_rates": [
      0.3728623455964123,
      0.18524848299537988,
      0.13624615591046552
    ],
    "inhibition_matrix": [
      [
        0.0,
        0.0,
        0.06571125828582969
      ],
      [
        0.0,
        0.0,
        0.1704499913622663
      ],
      [
        0.0,
        0.0,
        0.0
      ]
    ],
    "diffusion_patterns": [
      [
        [
          0.012418136073795459,
          0.12718819949679266,
          0.10485466641510634
        ],
        [
          0.10842627694563467,
          0.12808237874867073,
          0.15422503795757564
        ],
        [
          0.05381918311542183,
          0.15938718548011516,
          0.15159893576688754
        ]
      ],
      [
        [
          0.1966725293249737,
          0.07039657102100479,
          0.06031070091561958
        ],
        [
          0.05352209840815911,
          0.12720032138768092,
          0.10175896477346862
        ],
        [
          0.1640716731399562,
          0.06485796711012483,
          0.1612091739190124
        ]
      ],
      [
        [
          0.09346933434577703,
          0.100328057099569,
          0.13645686513680755
        ],
        [
          0.03233441422263641,
          0.03457346384782253,
          0.12525415329448267
        ],
        [
          0.21549810142623807,
          0.19628614951089232,
          0.06579946111577446
        ]
      ]
    ]
  },
  "network_stats": {
    "neurons": 400,
    "connections": 631
  },
  "rollout_data": {
    "rewards": [
      -500.0,
      -500.0,
      -500.0,
      -500.0,
      -500.0,
      -500.0,
      -500.0,
      -500.0,
      -500.0,
      -500.0,
      -500.0,
      -500.0,
      -500.0,
      -500.0,
      -500.0,
      -500.0,
      -500.0,
      -500.0,
      -500.0,
      -500.0
    ],
    "lengths": [
      500,
      500,
      500,
      500,
      500,
      500,
      500,
      500,
      500,
      500,
      500,
      500,
      500,
      500,
      500,
      500,
      500,
      500,
      500,
      500
    ],
    "eval_seeds": [
      5000489,
      5000490,
      5000491,
      5000492,
      5000493,
      5000494,
      5000495,
      5000496,
      5000497,
      5000498,
      5000499,
      5000500,
      5000501,
      5000502,
      5000503,
      5000504,
      5000505,
      5000506,
      5000507,
      5000508
    ]
  }
}