{
  "network_id": 7764,
  "seed": 5007764,
  "valid": true,
  "baseline_reward": -299.25,
  "stratum": "high_mid",
  "genome": {
    "max_growth_steps": 200,
    "size_x": 20,
    "size_y": 20,
    "diffusion_rate": 0.05488819120287605,
    "num_morphogens": 3,
    "division_threshold": 0.41592726160650445,
    "cell_differentiation_threshold": 0.3388907064065497,
    "axon_growth_threshold": 0.36456522038364514,
    "max_axon_length": 6,
    "axon_connect_threshold": 0.9801410750569549,
    "self_connect_isolated_neurons_fraction": 0.29846861915906964,
    "weight_adjustment_target": 0.3300518679608698,
    "weight_adjustment_rate": 0.012134598673566954,
    "progenitor_secretion_rates": [
      0.4612153350479359,
      0.21136106257346438,
      0.1046553139252715
    ],
    "neuron_secretion_rates": [
      0.11154895800282338,
      0.3208711362058339,
      0.3540113266639423
    ],
    "inhibition_matrix": [
      [
        0.0,
        0.19377630512181504,
        0.0
      ],
      [
        0.1875280944893869,
        0.0,
        0.0
      ],
      [
        0.0,
        0.0,
        0.0
      ]
    ],
    "diffusion_patterns": [
      [
        [
          0.16863961768138083,
          0.11862754667765897,
          0.0213398200258573
        ],
        [
          0.13620108854297047,
          0.13519381954175566,
          0.11138330570033382
        ],
        [
          0.045148617187329584,
          0.1253593979134103,
          0.13810678672930296
        ]
      ],
      [
        [
          0.13815406272930816,
          0.20562518239156682,
          0.057982072070215454
        ],
        [
          0.13843822895689786,
          0.10690024101107806,
          0.004349105091179173
        ],
        [
          0.15455607119811848,
          0.1282580483431397,
          0.06573698820849623
        ]
      ],
      [
        [
          0.11479280419014005,
          0.07847809079517533,
          0.07569078208509339
        ],
        [
          0.1666366577833531,
          0.17438667258507942,
          0.0018628528820911108
        ],
        [
          0.09684395130750274,
          0.10871943396808804,
          0.18258875440347683
        ]
      ]
    ]
  },
  "network_stats": {
    "neurons": 400,
    "connections": 1028
  },
  "rollout_data": {
    "rewards": [
      -92.0,
      -94.0,
      -500.0,
      -87.0,
      -500.0,
      -500.0,
      -116.0,
      -500.0,
      -95.0,
      -500.0,
      -84.0,
      -500.0,
      -96.0,
      -117.0,
      -500.0,
      -500.0,
      -89.0,
      -115.0,
      -500.0,
      -500.0
    ],
    "lengths": [
      93,
      95,
      500,
      88,
      500,
      500,
      117,
      500,
      96,
      500,
      85,
      500,
      97,
      118,
      500,
      500,
      90,
      116,
      500,
      500
    ],
    "eval_seeds": [
      5007764,
      5007765,
      5007766,
      5007767,
      5007768,
      5007769,
      5007770,
      5007771,
      5007772,
      5007773,
      5007774,
      5007775,
      5007776,
      5007777,
      5007778,
      5007779,
      5007780,
      5007781,
      5007782,
      5007783
    ]
  }
}