{
  "network_id": 1034,
  "seed": 5001034,
  "valid": true,
  "baseline_reward": -500.0,
  "stratum": "weak",
  "genome": {
    "max_growth_steps": 200,
    "size_x": 20,
    "size_y": 20,
    "diffusion_rate": 0.05700035076609212,
    "num_morphogens": 3,
    "division_threshold": 0.49876544873071055,
    "cell_differentiation_threshold": 0.5957435590058635,
    "axon_growth_threshold": 0.4526971213508006,
    "max_axon_length": 3,
    "axon_connect_threshold": 0.8097208558857087,
    "self_connect_isolated_neurons_fraction": 0.2005576234247842,
    "weight_adjustment_target": 0.5867266651596085,
    "weight_adjustment_rate": 0.015800409308548157,
    "progenitor_secretion_rates": [
      0.2567777288009045,
      0.26960282221542614,
      0.17202899362333135
    ],
    "neuron_secretion_rates": [
      0.025912854892326476,
      0.21693865812300234,
      0.14716952016791401
    ],
    "inhibition_matrix": [
      [
        0.0,
        0.0,
        0.0
      ],
      [
        0.0,
        0.0,
        0.0
      ],
      [
        0.0,
        0.12340258187717662,
        0.0
      ]
    ],
    "diffusion_patterns": [
      [
        [
          0.10881438075134303,
          0.13645572298930508,
          0.0730280029444742
        ],
        [
          0.12187134999938852,
          0.0512446578214512,
          0.13901786274107358
        ],
        [
          0.1468335269567672,
          0.13007685944025477,
          0.09265763635594255
        ]
      ],
      [
        [
          0.19601588223398453,
          0.08124592911212672,
          0.14664554282818612
        ],
        [
          0.1804881847759882,
          0.08159539743664568,
          0.19732525554564095
        ],
        [
          0.05196909253182919,
          0.02275774754425732,
          0.04195696799134131
        ]
      ],
      [
        [
          0.13384750237192897,
          0.12564392088851908,
          0.13945293752258384
        ],
        [
          0.1369425403329483,
          0.1876426826462377,
          0.03962619202115099
        ],
        [
          0.07540414179927744,
          0.05010572603809131,
          0.11133435637926228
        ]
      ]
    ]
  },
  "network_stats": {
    "neurons": 400,
    "connections": 1388
  },
  "rollout_data": {
    "rewards": [
      -500.0,
      -500.0,
      -500.0,
      -500.0,
      -500.0,
      -500.0,
      -500.0,
      -500.0,
      -500.0,
      -500.0,
      -500.0,
      -500.0,
      -500.0,
      -500.0,
      -500.0,
      -500.0,
      -500.0,
      -500.0,
      -500.0,
      -500.0
    ],
    "lengths": [
      500,
      500,
      500,
      500,
      500,
      500,
      500,
      500,
      500,
      500,
      500,
      500,
      500,
      500,
      500,
      500,
      500,
      500,
      500,
      500
    ],
    "eval_seeds": [
      5001034,
      5001035,
      5001036,
      5001037,
      5001038,
      5001039,
      5001040,
      5001041,
      5001042,
      5001043,
      5001044,
      5001045,
      5001046,
      5001047,
      5001048,
      5001049,
      5001050,
      5001051,
      5001052,
      5001053
    ]
  }
}