{
  "network_id": 7535,
  "seed": 5007535,
  "valid": true,
  "baseline_reward": -500.0,
  "stratum": "weak",
  "genome": {
    "max_growth_steps": 200,
    "size_x": 20,
    "size_y": 20,
    "diffusion_rate": 0.12222174744023703,
    "num_morphogens": 3,
    "division_threshold": 0.5820271706861928,
    "cell_differentiation_threshold": 0.6154806345892463,
    "axon_growth_threshold": 0.21875007337420155,
    "max_axon_length": 7,
    "axon_connect_threshold": 0.6434248323611995,
    "self_connect_isolated_neurons_fraction": 0.2581802228523888,
    "weight_adjustment_target": 0.6825998693273585,
    "weight_adjustment_rate": 0.013360809937242429,
    "progenitor_secretion_rates": [
      0.46482674227107657,
      0.4913440227910073,
      0.3416506364646908
    ],
    "neuron_secretion_rates": [
      0.20577420367914911,
      0.3904965154218171,
      0.2849888057306739
    ],
    "inhibition_matrix": [
      [
        0.0,
        0.0,
        0.09461569851546198
      ],
      [
        0.2889035939954295,
        0.0,
        0.0
      ],
      [
        0.0,
        0.008579131341913515,
        0.0
      ]
    ],
    "diffusion_patterns": [
      [
        [
          0.08528033291277243,
          0.0258209037119609,
          0.08126778016828415
        ],
        [
          0.06309199650766559,
          0.16643171430620746,
          0.17200323127761535
        ],
        [
          0.15919115218596916,
          0.05711446161851611,
          0.1897984273110089
        ]
      ],
      [
        [
          0.019752779242704223,
          0.13659602970347307,
          0.010561615585903471
        ],
        [
          0.1891180843864069,
          0.15050786901530325,
          0.14888171377368437
        ],
        [
          0.139061072757193,
          0.04058877132016162,
          0.16493206421517007
        ]
      ],
      [
        [
          0.05886802418373183,
          0.1433588135134065,
          0.15031355356650744
        ],
        [
          0.12890291246405064,
          0.07194700566311635,
          0.1092164839496093
        ],
        [
          0.10367021658583686,
          0.15881265808909809,
          0.07491033198464307
        ]
      ]
    ]
  },
  "network_stats": {
    "neurons": 400,
    "connections": 1018
  },
  "rollout_data": {
    "rewards": [
      -500.0,
      -500.0,
      -500.0,
      -500.0,
      -500.0,
      -500.0,
      -500.0,
      -500.0,
      -500.0,
      -500.0,
      -500.0,
      -500.0,
      -500.0,
      -500.0,
      -500.0,
      -500.0,
      -500.0,
      -500.0,
      -500.0,
      -500.0
    ],
    "lengths": [
      500,
      500,
      500,
      500,
      500,
      500,
      500,
      500,
      500,
      500,
      500,
      500,
      500,
      500,
      500,
      500,
      500,
      500,
      500,
      500
    ],
    "eval_seeds": [
      5007535,
      5007536,
      5007537,
      5007538,
      5007539,
      5007540,
      5007541,
      5007542,
      5007543,
      5007544,
      5007545,
      5007546,
      5007547,
      5007548,
      5007549,
      5007550,
      5007551,
      5007552,
      5007553,
      5007554
    ]
  }
}