{
  "network_id": 3025,
  "seed": 5003025,
  "valid": true,
  "baseline_reward": -500.0,
  "stratum": "weak",
  "genome": {
    "max_growth_steps": 200,
    "size_x": 20,
    "size_y": 20,
    "diffusion_rate": 0.11267526778902223,
    "num_morphogens": 3,
    "division_threshold": 0.4177627882525869,
    "cell_differentiation_threshold": 0.37547300554462,
    "axon_growth_threshold": 0.45219382314344864,
    "max_axon_length": 6,
    "axon_connect_threshold": 0.8337198276996978,
    "self_connect_isolated_neurons_fraction": 0.050551942839463,
    "weight_adjustment_target": 0.6455825571409222,
    "weight_adjustment_rate": 0.006131744212877872,
    "progenitor_secretion_rates": [
      0.15318480432513287,
      0.09157573881926673,
      0.36983915026305725
    ],
    "neuron_secretion_rates": [
      0.2235657336548374,
      0.21217724750921646,
      0.4458075306528522
    ],
    "inhibition_matrix": [
      [
        0.0,
        0.0,
        0.0
      ],
      [
        0.0,
        0.0,
        0.09767715924891135
      ],
      [
        0.0,
        0.0,
        0.0
      ]
    ],
    "diffusion_patterns": [
      [
        [
          0.05420756617343025,
          0.19593088196592512,
          0.12995500873979646
        ],
        [
          0.00876355850937663,
          0.19027020650958645,
          0.22112864987988107
        ],
        [
          0.13381097748456616,
          0.03642240539557159,
          0.029510745341866228
        ]
      ],
      [
        [
          0.06782909269383881,
          0.08199853291866883,
          0.09079627567527043
        ],
        [
          0.11122232751509412,
          0.13874360505479977,
          0.1617465403348837
        ],
        [
          0.09905415835528943,
          0.07851783055310631,
          0.17009163689904863
        ]
      ],
      [
        [
          0.10727145520867627,
          0.09209281079932614,
          0.21981758820868053
        ],
        [
          0.13802538137825285,
          0.08638840119840104,
          0.15595377140539482
        ],
        [
          0.02256060424522742,
          0.1331251230374457,
          0.04476486451859529
        ]
      ]
    ]
  },
  "network_stats": {
    "neurons": 400,
    "connections": 713
  },
  "rollout_data": {
    "rewards": [
      -500.0,
      -500.0,
      -500.0,
      -500.0,
      -500.0,
      -500.0,
      -500.0,
      -500.0,
      -500.0,
      -500.0,
      -500.0,
      -500.0,
      -500.0,
      -500.0,
      -500.0,
      -500.0,
      -500.0,
      -500.0,
      -500.0,
      -500.0
    ],
    "lengths": [
      500,
      500,
      500,
      500,
      500,
      500,
      500,
      500,
      500,
      500,
      500,
      500,
      500,
      500,
      500,
      500,
      500,
      500,
      500,
      500
    ],
    "eval_seeds": [
      5003025,
      5003026,
      5003027,
      5003028,
      5003029,
      5003030,
      5003031,
      5003032,
      5003033,
      5003034,
      5003035,
      5003036,
      5003037,
      5003038,
      5003039,
      5003040,
      5003041,
      5003042,
      5003043,
      5003044
    ]
  }
}