{
  "network_id": 11235,
  "seed": 5011235,
  "valid": true,
  "baseline_reward": -500.0,
  "stratum": "weak",
  "genome": {
    "max_growth_steps": 200,
    "size_x": 20,
    "size_y": 20,
    "diffusion_rate": 0.19641295555333935,
    "num_morphogens": 3,
    "division_threshold": 0.42617086013109895,
    "cell_differentiation_threshold": 0.6566055885496509,
    "axon_growth_threshold": 0.440463725783115,
    "max_axon_length": 8,
    "axon_connect_threshold": 0.7431295715257638,
    "self_connect_isolated_neurons_fraction": 0.04070904155289716,
    "weight_adjustment_target": 0.4951939560737598,
    "weight_adjustment_rate": 0.00688539452558789,
    "progenitor_secretion_rates": [
      0.2383133209876338,
      0.3264892756968272,
      0.19792857415405612
    ],
    "neuron_secretion_rates": [
      0.0850949122513755,
      0.4970409021507029,
      0.2590243908041216
    ],
    "inhibition_matrix": [
      [
        0.0,
        0.0,
        0.049628046334641907
      ],
      [
        0.0,
        0.0,
        0.033957143271414914
      ],
      [
        0.0,
        0.0,
        0.0
      ]
    ],
    "diffusion_patterns": [
      [
        [
          0.1214675056745767,
          0.2352040436606705,
          0.08271057812731598
        ],
        [
          0.05776024710077294,
          0.18824416790919604,
          0.14926788905818744
        ],
        [
          0.0010055405361890854,
          0.12891671493470816,
          0.035423312998383055
        ]
      ],
      [
        [
          0.09268938367211285,
          0.13735946386975126,
          0.0077647364195697535
        ],
        [
          0.20188915096905374,
          0.07658185006279546,
          0.1536343161831227
        ],
        [
          0.18798452634129212,
          0.1259930734042275,
          0.016103499078074755
        ]
      ],
      [
        [
          0.1730248204408255,
          0.1604230427638863,
          0.07397751116547956
        ],
        [
          0.15064668062540873,
          0.0034598715741209667,
          0.1309865818278172
        ],
        [
          0.11679374075618021,
          0.007285268944792091,
          0.18340248190148925
        ]
      ]
    ]
  },
  "network_stats": {
    "neurons": 370,
    "connections": 1008
  },
  "rollout_data": {
    "rewards": [
      -500.0,
      -500.0,
      -500.0,
      -500.0,
      -500.0,
      -500.0,
      -500.0,
      -500.0,
      -500.0,
      -500.0,
      -500.0,
      -500.0,
      -500.0,
      -500.0,
      -500.0,
      -500.0,
      -500.0,
      -500.0,
      -500.0,
      -500.0
    ],
    "lengths": [
      500,
      500,
      500,
      500,
      500,
      500,
      500,
      500,
      500,
      500,
      500,
      500,
      500,
      500,
      500,
      500,
      500,
      500,
      500,
      500
    ],
    "eval_seeds": [
      5011235,
      5011236,
      5011237,
      5011238,
      5011239,
      5011240,
      5011241,
      5011242,
      5011243,
      5011244,
      5011245,
      5011246,
      5011247,
      5011248,
      5011249,
      5011250,
      5011251,
      5011252,
      5011253,
      5011254
    ]
  }
}