{
  "network_id": 18462,
  "seed": 5018462,
  "valid": true,
  "baseline_reward": -500.0,
  "stratum": "weak",
  "genome": {
    "max_growth_steps": 200,
    "size_x": 20,
    "size_y": 20,
    "diffusion_rate": 0.10483007210681461,
    "num_morphogens": 3,
    "division_threshold": 0.39779098798011314,
    "cell_differentiation_threshold": 0.5090055992864104,
    "axon_growth_threshold": 0.2698066170697844,
    "max_axon_length": 10,
    "axon_connect_threshold": 0.5540007220538486,
    "self_connect_isolated_neurons_fraction": 0.2498493612397249,
    "weight_adjustment_target": 0.3824043700020707,
    "weight_adjustment_rate": 0.006904276431731904,
    "progenitor_secretion_rates": [
      0.3436767628836799,
      0.39103926012018947,
      0.21751354874880385
    ],
    "neuron_secretion_rates": [
      0.3783704884580498,
      0.2020582487692273,
      0.2754028340276574
    ],
    "inhibition_matrix": [
      [
        0.0,
        0.09947196910198591,
        0.0
      ],
      [
        0.0,
        0.0,
        0.0
      ],
      [
        0.0,
        0.0,
        0.0
      ]
    ],
    "diffusion_patterns": [
      [
        [
          0.21318162324457032,
          0.019032596341426223,
          0.20758851707687873
        ],
        [
          0.03018414043860957,
          0.10415849975518555,
          0.16139723531220324
        ],
        [
          0.029402464495255045,
          0.03686705087817584,
          0.19818787245769554
        ]
      ],
      [
        [
          0.14407792333548688,
          0.13640283269024417,
          0.05593012104805823
        ],
        [
          0.11892788917776392,
          0.12068129397263187,
          0.20434972729155737
        ],
        [
          0.002664993533628172,
          0.16576958516877868,
          0.05119563378185066
        ]
      ],
      [
        [
          0.029056294814515934,
          0.1863964331182152,
          0.16384550430498973
        ],
        [
          0.0362044684610304,
          0.19833514170382335,
          0.0991403790889821
        ],
        [
          0.09912190947101547,
          0.1409037305566589,
          0.04699613848076885
        ]
      ]
    ]
  },
  "network_stats": {
    "neurons": 400,
    "connections": 1074
  },
  "rollout_data": {
    "rewards": [
      -500.0,
      -500.0,
      -500.0,
      -500.0,
      -500.0,
      -500.0,
      -500.0,
      -500.0,
      -500.0,
      -500.0,
      -500.0,
      -500.0,
      -500.0,
      -500.0,
      -500.0,
      -500.0,
      -500.0,
      -500.0,
      -500.0,
      -500.0
    ],
    "lengths": [
      500,
      500,
      500,
      500,
      500,
      500,
      500,
      500,
      500,
      500,
      500,
      500,
      500,
      500,
      500,
      500,
      500,
      500,
      500,
      500
    ],
    "eval_seeds": [
      5018462,
      5018463,
      5018464,
      5018465,
      5018466,
      5018467,
      5018468,
      5018469,
      5018470,
      5018471,
      5018472,
      5018473,
      5018474,
      5018475,
      5018476,
      5018477,
      5018478,
      5018479,
      5018480,
      5018481
    ]
  }
}