{
  "network_id": 4585,
  "seed": 5004585,
  "valid": true,
  "baseline_reward": -500.0,
  "stratum": "weak",
  "genome": {
    "max_growth_steps": 200,
    "size_x": 20,
    "size_y": 20,
    "diffusion_rate": 0.13155697671292588,
    "num_morphogens": 3,
    "division_threshold": 0.44443492396554446,
    "cell_differentiation_threshold": 0.38975505414497313,
    "axon_growth_threshold": 0.36678756107609156,
    "max_axon_length": 3,
    "axon_connect_threshold": 0.5748786612134831,
    "self_connect_isolated_neurons_fraction": 0.09966158007801967,
    "weight_adjustment_target": 0.4177915031578459,
    "weight_adjustment_rate": 0.014773934899213415,
    "progenitor_secretion_rates": [
      0.25747633870929826,
      0.12570201404612558,
      0.47648474296474663
    ],
    "neuron_secretion_rates": [
      0.3996173062078082,
      0.3225289754101011,
      0.06141966774034052
    ],
    "inhibition_matrix": [
      [
        0.0,
        0.0,
        0.0
      ],
      [
        0.0,
        0.0,
        0.0
      ],
      [
        0.0,
        0.0,
        0.0
      ]
    ],
    "diffusion_patterns": [
      [
        [
          0.14538757034171126,
          0.006972403470693651,
          0.010255825527644672
        ],
        [
          0.0785872677949522,
          0.146800170231487,
          0.10543280341727049
        ],
        [
          0.11829246110957808,
          0.1919225170885849,
          0.1963489810180778
        ]
      ],
      [
        [
          0.1604054742553803,
          0.18545311994207173,
          0.032381687950875565
        ],
        [
          0.09576232164638454,
          0.1698539044267101,
          0.03801401355213901
        ],
        [
          0.021631881604282064,
          0.13708626358135861,
          0.15941133304079813
        ]
      ],
      [
        [
          0.10207475000711776,
          0.0501234832330798,
          0.08839985238411688
        ],
        [
          0.15821708079111427,
          0.05724952694574616,
          0.14798103122942413
        ],
        [
          0.1266587946521291,
          0.18098586698704677,
          0.08830961377022506
        ]
      ]
    ]
  },
  "network_stats": {
    "neurons": 400,
    "connections": 789
  },
  "rollout_data": {
    "rewards": [
      -500.0,
      -500.0,
      -500.0,
      -500.0,
      -500.0,
      -500.0,
      -500.0,
      -500.0,
      -500.0,
      -500.0,
      -500.0,
      -500.0,
      -500.0,
      -500.0,
      -500.0,
      -500.0,
      -500.0,
      -500.0,
      -500.0,
      -500.0
    ],
    "lengths": [
      500,
      500,
      500,
      500,
      500,
      500,
      500,
      500,
      500,
      500,
      500,
      500,
      500,
      500,
      500,
      500,
      500,
      500,
      500,
      500
    ],
    "eval_seeds": [
      5004585,
      5004586,
      5004587,
      5004588,
      5004589,
      5004590,
      5004591,
      5004592,
      5004593,
      5004594,
      5004595,
      5004596,
      5004597,
      5004598,
      5004599,
      5004600,
      5004601,
      5004602,
      5004603,
      5004604
    ]
  }
}