{
  "network_id": 1048,
  "seed": 5001048,
  "valid": true,
  "baseline_reward": -500.0,
  "stratum": "weak",
  "genome": {
    "max_growth_steps": 200,
    "size_x": 20,
    "size_y": 20,
    "diffusion_rate": 0.08107560604308826,
    "num_morphogens": 3,
    "division_threshold": 0.3053250424252695,
    "cell_differentiation_threshold": 0.3309334635144766,
    "axon_growth_threshold": 0.37641289594012567,
    "max_axon_length": 9,
    "axon_connect_threshold": 0.9403832099721219,
    "self_connect_isolated_neurons_fraction": 0.03715064497153129,
    "weight_adjustment_target": 0.4946573560785241,
    "weight_adjustment_rate": 0.014812281023632759,
    "progenitor_secretion_rates": [
      0.3201218264380044,
      0.2347262495573793,
      0.2545906070961372
    ],
    "neuron_secretion_rates": [
      0.19752700928100692,
      0.08668371536428399,
      0.06387392912412954
    ],
    "inhibition_matrix": [
      [
        0.0,
        0.0,
        0.0
      ],
      [
        0.0,
        0.0,
        0.0
      ],
      [
        0.014732489482545352,
        0.0,
        0.0
      ]
    ],
    "diffusion_patterns": [
      [
        [
          0.04035349725441586,
          0.11086445842717622,
          0.05452087502353247
        ],
        [
          0.15344950350875364,
          0.18749169698213794,
          0.12882335692216357
        ],
        [
          0.07065463744978415,
          0.09828706727110363,
          0.15555490716093265
        ]
      ],
      [
        [
          0.07649068426846468,
          0.09914476994305578,
          0.15121894119064186
        ],
        [
          0.06712146524382327,
          0.0600183923581272,
          0.2246377965238691
        ],
        [
          0.1971145205719938,
          0.1035537474536129,
          0.020699682446411353
        ]
      ],
      [
        [
          0.15198204889323716,
          0.10770377915813928,
          0.10987076190858827
        ],
        [
          0.0852681708652914,
          0.14695288288728575,
          0.0260127391165891
        ],
        [
          0.12042732056184322,
          0.12276291491585659,
          0.12901938169316937
        ]
      ]
    ]
  },
  "network_stats": {
    "neurons": 400,
    "connections": 1622
  },
  "rollout_data": {
    "rewards": [
      -500.0,
      -500.0,
      -500.0,
      -500.0,
      -500.0,
      -500.0,
      -500.0,
      -500.0,
      -500.0,
      -500.0,
      -500.0,
      -500.0,
      -500.0,
      -500.0,
      -500.0,
      -500.0,
      -500.0,
      -500.0,
      -500.0,
      -500.0
    ],
    "lengths": [
      500,
      500,
      500,
      500,
      500,
      500,
      500,
      500,
      500,
      500,
      500,
      500,
      500,
      500,
      500,
      500,
      500,
      500,
      500,
      500
    ],
    "eval_seeds": [
      5001048,
      5001049,
      5001050,
      5001051,
      5001052,
      5001053,
      5001054,
      5001055,
      5001056,
      5001057,
      5001058,
      5001059,
      5001060,
      5001061,
      5001062,
      5001063,
      5001064,
      5001065,
      5001066,
      5001067
    ]
  }
}