{
  "network_id": 18228,
  "seed": 5018228,
  "valid": true,
  "baseline_reward": -500.0,
  "stratum": "weak",
  "genome": {
    "max_growth_steps": 200,
    "size_x": 20,
    "size_y": 20,
    "diffusion_rate": 0.14809416990465207,
    "num_morphogens": 3,
    "division_threshold": 0.5721619582731502,
    "cell_differentiation_threshold": 0.6716029510359597,
    "axon_growth_threshold": 0.296064339404495,
    "max_axon_length": 2,
    "axon_connect_threshold": 0.5129317203297006,
    "self_connect_isolated_neurons_fraction": 0.12374742711231784,
    "weight_adjustment_target": 0.464204923798307,
    "weight_adjustment_rate": 0.016218125105445732,
    "progenitor_secretion_rates": [
      0.4478671954411997,
      0.12116483513156767,
      0.34162423696881034
    ],
    "neuron_secretion_rates": [
      0.09100284138429293,
      0.27472565705306407,
      0.21755468710828058
    ],
    "inhibition_matrix": [
      [
        0.0,
        0.09384781987247987,
        0.0
      ],
      [
        0.0,
        0.0,
        0.0
      ],
      [
        0.0,
        0.0,
        0.0
      ]
    ],
    "diffusion_patterns": [
      [
        [
          0.11007276488810691,
          0.1344180007406254,
          0.04667500198101153
        ],
        [
          0.19084023908796835,
          0.17417504982024207,
          0.11370338895374495
        ],
        [
          0.08435284813175921,
          0.13948945455350908,
          0.006273251843032441
        ]
      ],
      [
        [
          0.08069289627719786,
          0.11168587001911702,
          0.09373698949968533
        ],
        [
          0.15153181505929017,
          0.16284776880373136,
          0.12379559637357508
        ],
        [
          0.1377490920930867,
          0.0542587126997911,
          0.08370125917452537
        ]
      ],
      [
        [
          0.09058937390798247,
          0.11577983462276276,
          0.20414937669521882
        ],
        [
          0.11035026389330768,
          0.0010204943441888233,
          0.10342072225062991
        ],
        [
          0.19364400742725738,
          0.03681819516407461,
          0.1442277316945775
        ]
      ]
    ]
  },
  "network_stats": {
    "neurons": 400,
    "connections": 563
  },
  "rollout_data": {
    "rewards": [
      -500.0,
      -500.0,
      -500.0,
      -500.0,
      -500.0,
      -500.0,
      -500.0,
      -500.0,
      -500.0,
      -500.0,
      -500.0,
      -500.0,
      -500.0,
      -500.0,
      -500.0,
      -500.0,
      -500.0,
      -500.0,
      -500.0,
      -500.0
    ],
    "lengths": [
      500,
      500,
      500,
      500,
      500,
      500,
      500,
      500,
      500,
      500,
      500,
      500,
      500,
      500,
      500,
      500,
      500,
      500,
      500,
      500
    ],
    "eval_seeds": [
      5018228,
      5018229,
      5018230,
      5018231,
      5018232,
      5018233,
      5018234,
      5018235,
      5018236,
      5018237,
      5018238,
      5018239,
      5018240,
      5018241,
      5018242,
      5018243,
      5018244,
      5018245,
      5018246,
      5018247
    ]
  }
}