{
  "network_id": 13867,
  "seed": 5013867,
  "valid": true,
  "baseline_reward": -500.0,
  "stratum": "weak",
  "genome": {
    "max_growth_steps": 200,
    "size_x": 20,
    "size_y": 20,
    "diffusion_rate": 0.14664704442611384,
    "num_morphogens": 3,
    "division_threshold": 0.5948125170156238,
    "cell_differentiation_threshold": 0.38049781067909444,
    "axon_growth_threshold": 0.26301491289700674,
    "max_axon_length": 6,
    "axon_connect_threshold": 0.803542345652064,
    "self_connect_isolated_neurons_fraction": 0.24011616273784817,
    "weight_adjustment_target": 0.37831517316598795,
    "weight_adjustment_rate": 0.017258911854627034,
    "progenitor_secretion_rates": [
      0.12514632019449623,
      0.04667541669803188,
      0.1649592692226951
    ],
    "neuron_secretion_rates": [
      0.3787926380749742,
      0.2922007746928677,
      0.06552324791537473
    ],
    "inhibition_matrix": [
      [
        0.0,
        0.0,
        0.0
      ],
      [
        0.0,
        0.0,
        0.0
      ],
      [
        0.0,
        0.08410407319761481,
        0.0
      ]
    ],
    "diffusion_patterns": [
      [
        [
          0.0307530824859477,
          0.12885872096734804,
          0.16820329924135638
        ],
        [
          0.17286913887835098,
          0.010139786234797025,
          0.14898570077405696
        ],
        [
          0.16051771892182481,
          0.0916222662829194,
          0.08805028621339868
        ]
      ],
      [
        [
          0.0445988610254792,
          0.22773031222829174,
          0.13147288372201338
        ],
        [
          0.12413994377397188,
          0.09451810780084466,
          0.12691644042971048
        ],
        [
          0.013472130751088354,
          0.14972010771935826,
          0.08743121254924204
        ]
      ],
      [
        [
          0.10012859924785403,
          0.13056026388401196,
          0.18265715044289646
        ],
        [
          0.15353730394723802,
          0.15004927136331714,
          0.03337412879938776
        ],
        [
          0.04496163473396875,
          0.016629136065695986,
          0.18810251151562996
        ]
      ]
    ]
  },
  "network_stats": {
    "neurons": 400,
    "connections": 2039
  },
  "rollout_data": {
    "rewards": [
      -500.0,
      -500.0,
      -500.0,
      -500.0,
      -500.0,
      -500.0,
      -500.0,
      -500.0,
      -500.0,
      -500.0,
      -500.0,
      -500.0,
      -500.0,
      -500.0,
      -500.0,
      -500.0,
      -500.0,
      -500.0,
      -500.0,
      -500.0
    ],
    "lengths": [
      500,
      500,
      500,
      500,
      500,
      500,
      500,
      500,
      500,
      500,
      500,
      500,
      500,
      500,
      500,
      500,
      500,
      500,
      500,
      500
    ],
    "eval_seeds": [
      5013867,
      5013868,
      5013869,
      5013870,
      5013871,
      5013872,
      5013873,
      5013874,
      5013875,
      5013876,
      5013877,
      5013878,
      5013879,
      5013880,
      5013881,
      5013882,
      5013883,
      5013884,
      5013885,
      5013886
    ]
  }
}