{
  "network_id": 9640,
  "seed": 5009640,
  "valid": true,
  "baseline_reward": -99.7,
  "stratum": "perfect",
  "genome": {
    "max_growth_steps": 200,
    "size_x": 20,
    "size_y": 20,
    "diffusion_rate": 0.08203858873569587,
    "num_morphogens": 3,
    "division_threshold": 0.42503565288438183,
    "cell_differentiation_threshold": 0.40622160945244473,
    "axon_growth_threshold": 0.2618406647818867,
    "max_axon_length": 10,
    "axon_connect_threshold": 0.8819933500947559,
    "self_connect_isolated_neurons_fraction": 0.122315199370526,
    "weight_adjustment_target": 0.5692035606097019,
    "weight_adjustment_rate": 0.006384204139207546,
    "progenitor_secretion_rates": [
      0.33147012096491474,
      0.3632397162376676,
      0.0827394921345912
    ],
    "neuron_secretion_rates": [
      0.28736503297095506,
      0.09071247551152106,
      0.23851611283224194
    ],
    "inhibition_matrix": [
      [
        0.0,
        0.0,
        0.18506603902721913
      ],
      [
        0.34621368889270504,
        0.0,
        0.1878902542234001
      ],
      [
        0.0,
        0.3532856604789116,
        0.0
      ]
    ],
    "diffusion_patterns": [
      [
        [
          0.04794040364114023,
          0.1092596199014406,
          0.06147958150423814
        ],
        [
          0.04089480194998222,
          0.14097214013989384,
          0.13327321965720734
        ],
        [
          0.1627619505396147,
          0.1361005173253845,
          0.1673177653410985
        ]
      ],
      [
        [
          0.049014110536941685,
          0.03476418234942066,
          0.27205767995406066
        ],
        [
          0.08241747664062228,
          0.10830904297740009,
          0.0487481384320132
        ],
        [
          0.2543688105293954,
          0.10464956359800585,
          0.04567099498214016
        ]
      ],
      [
        [
          0.11316637305250402,
          0.0875183947059293,
          0.10853032899078943
        ],
        [
          0.16283679696401251,
          0.07475867843884751,
          0.0518683837793853
        ],
        [
          0.11107785550970889,
          0.1313913337136144,
          0.15885185484520875
        ]
      ]
    ]
  },
  "network_stats": {
    "neurons": 400,
    "connections": 1265
  },
  "rollout_data": {
    "rewards": [
      -88.0,
      -119.0,
      -86.0,
      -86.0,
      -94.0,
      -108.0,
      -127.0,
      -88.0,
      -105.0,
      -122.0,
      -95.0,
      -86.0,
      -105.0,
      -110.0,
      -110.0,
      -92.0,
      -96.0,
      -99.0,
      -87.0,
      -91.0
    ],
    "lengths": [
      89,
      120,
      87,
      87,
      95,
      109,
      128,
      89,
      106,
      123,
      96,
      87,
      106,
      111,
      111,
      93,
      97,
      100,
      88,
      92
    ],
    "eval_seeds": [
      5009640,
      5009641,
      5009642,
      5009643,
      5009644,
      5009645,
      5009646,
      5009647,
      5009648,
      5009649,
      5009650,
      5009651,
      5009652,
      5009653,
      5009654,
      5009655,
      5009656,
      5009657,
      5009658,
      5009659
    ]
  }
}