{
  "network_id": 1631,
  "seed": 5001631,
  "valid": true,
  "baseline_reward": -500.0,
  "stratum": "weak",
  "genome": {
    "max_growth_steps": 200,
    "size_x": 20,
    "size_y": 20,
    "diffusion_rate": 0.1081290208579657,
    "num_morphogens": 3,
    "division_threshold": 0.38673605630854135,
    "cell_differentiation_threshold": 0.577622183214008,
    "axon_growth_threshold": 0.2670355328527482,
    "max_axon_length": 5,
    "axon_connect_threshold": 0.9613590125725989,
    "self_connect_isolated_neurons_fraction": 0.22202462056585176,
    "weight_adjustment_target": 0.6365761055432626,
    "weight_adjustment_rate": 0.010031061725245611,
    "progenitor_secretion_rates": [
      0.42928183208270965,
      0.2829373722805641,
      0.021842207062287844
    ],
    "neuron_secretion_rates": [
      0.19511564940913545,
      0.288709127449011,
      0.1994612118289985
    ],
    "inhibition_matrix": [
      [
        0.0,
        0.0,
        0.0
      ],
      [
        0.07714634794082464,
        0.0,
        0.028293141440120295
      ],
      [
        0.0,
        0.0,
        0.0
      ]
    ],
    "diffusion_patterns": [
      [
        [
          0.11505467776110645,
          0.16077040456229683,
          0.07252395535867803
        ],
        [
          0.16922135513044526,
          0.1001770428073302,
          0.21418846014101264
        ],
        [
          0.13681357963890714,
          0.017243761981769423,
          0.014006762618453903
        ]
      ],
      [
        [
          0.09372926303275214,
          0.034293571030465625,
          0.03139880930692731
        ],
        [
          0.1844021274175813,
          0.12391854756016726,
          0.09935717260014809
        ],
        [
          0.20326937829714775,
          0.11723904592259866,
          0.11239208483221172
        ]
      ],
      [
        [
          0.028562674933949057,
          0.12061638865517281,
          0.09235648804494193
        ],
        [
          0.1996563773548453,
          0.05413265527319938,
          0.028644532728583274
        ],
        [
          0.10924612151093899,
          0.20071011491857416,
          0.16607464657979515
        ]
      ]
    ]
  },
  "network_stats": {
    "neurons": 400,
    "connections": 1332
  },
  "rollout_data": {
    "rewards": [
      -500.0,
      -500.0,
      -500.0,
      -500.0,
      -500.0,
      -500.0,
      -500.0,
      -500.0,
      -500.0,
      -500.0,
      -500.0,
      -500.0,
      -500.0,
      -500.0,
      -500.0,
      -500.0,
      -500.0,
      -500.0,
      -500.0,
      -500.0
    ],
    "lengths": [
      500,
      500,
      500,
      500,
      500,
      500,
      500,
      500,
      500,
      500,
      500,
      500,
      500,
      500,
      500,
      500,
      500,
      500,
      500,
      500
    ],
    "eval_seeds": [
      5001631,
      5001632,
      5001633,
      5001634,
      5001635,
      5001636,
      5001637,
      5001638,
      5001639,
      5001640,
      5001641,
      5001642,
      5001643,
      5001644,
      5001645,
      5001646,
      5001647,
      5001648,
      5001649,
      5001650
    ]
  }
}