{
  "network_id": 17648,
  "seed": 5017648,
  "valid": true,
  "baseline_reward": -500.0,
  "stratum": "weak",
  "genome": {
    "max_growth_steps": 200,
    "size_x": 20,
    "size_y": 20,
    "diffusion_rate": 0.18164561942890556,
    "num_morphogens": 3,
    "division_threshold": 0.5838629373998061,
    "cell_differentiation_threshold": 0.5536684819748178,
    "axon_growth_threshold": 0.4424020619365282,
    "max_axon_length": 5,
    "axon_connect_threshold": 0.8026210310039257,
    "self_connect_isolated_neurons_fraction": 0.2346983518811816,
    "weight_adjustment_target": 0.38599600374545284,
    "weight_adjustment_rate": 0.011986948409896855,
    "progenitor_secretion_rates": [
      0.3658863666324118,
      0.2258734480222095,
      0.49983498950512933
    ],
    "neuron_secretion_rates": [
      0.1838773974082899,
      0.2268083083638242,
      0.2543686084213384
    ],
    "inhibition_matrix": [
      [
        0.0,
        0.0,
        0.09276616994502396
      ],
      [
        0.0,
        0.0,
        0.0
      ],
      [
        0.0,
        0.0,
        0.0
      ]
    ],
    "diffusion_patterns": [
      [
        [
          0.17959368570428358,
          0.020675037398657215,
          0.2270238795701418
        ],
        [
          0.22258084019569604,
          0.03046159502059805,
          0.025915747236691124
        ],
        [
          0.05217636080009388,
          0.055486359130024115,
          0.1860864949438142
        ]
      ],
      [
        [
          0.17469406962041234,
          0.01756089578934266,
          0.07690242886549026
        ],
        [
          0.07778666493302795,
          0.16206997463846612,
          0.20412992400905364
        ],
        [
          0.16165550154614117,
          0.05126768061151302,
          0.0739328599865529
        ]
      ],
      [
        [
          0.06024758205402444,
          0.08140225203780786,
          0.14166925711149245
        ],
        [
          0.12423827953492568,
          0.13858485956414582,
          0.1537664346375372
        ],
        [
          0.13470342264432758,
          0.0007007453692063646,
          0.16468716704653258
        ]
      ]
    ]
  },
  "network_stats": {
    "neurons": 400,
    "connections": 946
  },
  "rollout_data": {
    "rewards": [
      -500.0,
      -500.0,
      -500.0,
      -500.0,
      -500.0,
      -500.0,
      -500.0,
      -500.0,
      -500.0,
      -500.0,
      -500.0,
      -500.0,
      -500.0,
      -500.0,
      -500.0,
      -500.0,
      -500.0,
      -500.0,
      -500.0,
      -500.0
    ],
    "lengths": [
      500,
      500,
      500,
      500,
      500,
      500,
      500,
      500,
      500,
      500,
      500,
      500,
      500,
      500,
      500,
      500,
      500,
      500,
      500,
      500
    ],
    "eval_seeds": [
      5017648,
      5017649,
      5017650,
      5017651,
      5017652,
      5017653,
      5017654,
      5017655,
      5017656,
      5017657,
      5017658,
      5017659,
      5017660,
      5017661,
      5017662,
      5017663,
      5017664,
      5017665,
      5017666,
      5017667
    ]
  }
}