{
  "network_id": 5830,
  "seed": 5005830,
  "valid": true,
  "baseline_reward": -500.0,
  "stratum": "weak",
  "genome": {
    "max_growth_steps": 200,
    "size_x": 20,
    "size_y": 20,
    "diffusion_rate": 0.19368485959732296,
    "num_morphogens": 3,
    "division_threshold": 0.4361964123056659,
    "cell_differentiation_threshold": 0.3075364492535995,
    "axon_growth_threshold": 0.2506688843989277,
    "max_axon_length": 7,
    "axon_connect_threshold": 0.7604852737456943,
    "self_connect_isolated_neurons_fraction": 0.03787879352384844,
    "weight_adjustment_target": 0.47309445473149836,
    "weight_adjustment_rate": 0.015809397457819452,
    "progenitor_secretion_rates": [
      0.4036050267188323,
      0.1375050489407254,
      0.3577238461178871
    ],
    "neuron_secretion_rates": [
      0.44987783929963704,
      0.4800729650256972,
      0.17456935722297812
    ],
    "inhibition_matrix": [
      [
        0.0,
        0.11773673398565088,
        0.3056333103450772
      ],
      [
        0.0,
        0.0,
        0.0
      ],
      [
        0.023122200929234393,
        0.0,
        0.0
      ]
    ],
    "diffusion_patterns": [
      [
        [
          0.09237426405112935,
          0.14319898080508858,
          0.09170285049242313
        ],
        [
          0.1548562200438708,
          0.13246725620680594,
          0.166373165714319
        ],
        [
          0.13388949217745938,
          0.04329991174504525,
          0.041837858763858586
        ]
      ],
      [
        [
          0.051695358918655177,
          0.1282884199435986,
          0.033670906475877324
        ],
        [
          0.13157586885862235,
          0.08278187218934988,
          0.16202791082595325
        ],
        [
          0.14140777693068482,
          0.07046963610432691,
          0.1980822497529316
        ]
      ],
      [
        [
          0.1874911895734139,
          0.13345468153263518,
          0.030462473827626475
        ],
        [
          0.1638478392106703,
          0.12858997950724368,
          0.095532508954815
        ],
        [
          0.18756801629260544,
          0.019904416426628914,
          0.05314889467436108
        ]
      ]
    ]
  },
  "network_stats": {
    "neurons": 36,
    "connections": 89
  },
  "rollout_data": {
    "rewards": [
      -500.0,
      -500.0,
      -500.0,
      -500.0,
      -500.0,
      -500.0,
      -500.0,
      -500.0,
      -500.0,
      -500.0,
      -500.0,
      -500.0,
      -500.0,
      -500.0,
      -500.0,
      -500.0,
      -500.0,
      -500.0,
      -500.0,
      -500.0
    ],
    "lengths": [
      500,
      500,
      500,
      500,
      500,
      500,
      500,
      500,
      500,
      500,
      500,
      500,
      500,
      500,
      500,
      500,
      500,
      500,
      500,
      500
    ],
    "eval_seeds": [
      5005830,
      5005831,
      5005832,
      5005833,
      5005834,
      5005835,
      5005836,
      5005837,
      5005838,
      5005839,
      5005840,
      5005841,
      5005842,
      5005843,
      5005844,
      5005845,
      5005846,
      5005847,
      5005848,
      5005849
    ]
  }
}