{
  "network_id": 3949,
  "seed": 5003949,
  "valid": true,
  "baseline_reward": -500.0,
  "stratum": "weak",
  "genome": {
    "max_growth_steps": 200,
    "size_x": 20,
    "size_y": 20,
    "diffusion_rate": 0.14298887283592673,
    "num_morphogens": 3,
    "division_threshold": 0.5008030863663842,
    "cell_differentiation_threshold": 0.4605571833305504,
    "axon_growth_threshold": 0.32347151941443286,
    "max_axon_length": 10,
    "axon_connect_threshold": 0.7566711133584507,
    "self_connect_isolated_neurons_fraction": 0.23607267276232732,
    "weight_adjustment_target": 0.435983726540265,
    "weight_adjustment_rate": 0.00980219055942381,
    "progenitor_secretion_rates": [
      0.3375236933310885,
      0.07993823615713602,
      0.3152308581295191
    ],
    "neuron_secretion_rates": [
      0.22186567397338453,
      0.46481667913644703,
      0.36221985114057503
    ],
    "inhibition_matrix": [
      [
        0.0,
        0.0,
        0.0
      ],
      [
        0.0,
        0.0,
        0.0
      ],
      [
        0.0,
        0.23920038865194426,
        0.0
      ]
    ],
    "diffusion_patterns": [
      [
        [
          0.165115590191358,
          0.0388903489839046,
          0.19869538534710093
        ],
        [
          0.007330254399893157,
          0.14227770407574766,
          0.22130188434901443
        ],
        [
          0.014123838151720441,
          0.16191620335772466,
          0.0503487911435362
        ]
      ],
      [
        [
          0.030521630643043723,
          0.030088879340228875,
          0.192879569543914
        ],
        [
          0.13453390949786742,
          0.043169207602303104,
          0.2400440854526188
        ],
        [
          0.17750491419804892,
          0.11481816555896902,
          0.03643963816300633
        ]
      ],
      [
        [
          0.19507133092530046,
          0.07912165004396671,
          0.228348525271288
        ],
        [
          0.11379240003598423,
          0.21287634649907805,
          0.015272499442658098
        ],
        [
          0.03751515420167515,
          0.07287574395172441,
          0.04512634962832487
        ]
      ]
    ]
  },
  "network_stats": {
    "neurons": 400,
    "connections": 1067
  },
  "rollout_data": {
    "rewards": [
      -500.0,
      -500.0,
      -500.0,
      -500.0,
      -500.0,
      -500.0,
      -500.0,
      -500.0,
      -500.0,
      -500.0,
      -500.0,
      -500.0,
      -500.0,
      -500.0,
      -500.0,
      -500.0,
      -500.0,
      -500.0,
      -500.0,
      -500.0
    ],
    "lengths": [
      500,
      500,
      500,
      500,
      500,
      500,
      500,
      500,
      500,
      500,
      500,
      500,
      500,
      500,
      500,
      500,
      500,
      500,
      500,
      500
    ],
    "eval_seeds": [
      5003949,
      5003950,
      5003951,
      5003952,
      5003953,
      5003954,
      5003955,
      5003956,
      5003957,
      5003958,
      5003959,
      5003960,
      5003961,
      5003962,
      5003963,
      5003964,
      5003965,
      5003966,
      5003967,
      5003968
    ]
  }
}