{
  "network_id": 14451,
  "seed": 5014451,
  "valid": true,
  "baseline_reward": -247.45,
  "stratum": "high_mid",
  "genome": {
    "max_growth_steps": 200,
    "size_x": 20,
    "size_y": 20,
    "diffusion_rate": 0.13242872187084376,
    "num_morphogens": 3,
    "division_threshold": 0.640872182727887,
    "cell_differentiation_threshold": 0.6808469911536033,
    "axon_growth_threshold": 0.2860165615353543,
    "max_axon_length": 7,
    "axon_connect_threshold": 0.7735820934884383,
    "self_connect_isolated_neurons_fraction": 0.03294113673466773,
    "weight_adjustment_target": 0.43867861210782755,
    "weight_adjustment_rate": 0.018233561877878248,
    "progenitor_secretion_rates": [
      0.31101013491547264,
      0.027321078670973442,
      0.011818404467048238
    ],
    "neuron_secretion_rates": [
      0.021379056598065938,
      0.48240136938293415,
      0.2784645885041603
    ],
    "inhibition_matrix": [
      [
        0.0,
        0.0,
        0.0
      ],
      [
        0.0,
        0.0,
        0.22320562654542542
      ],
      [
        0.0,
        0.1502692346423647,
        0.0
      ]
    ],
    "diffusion_patterns": [
      [
        [
          0.06520093867510167,
          0.06226382434247272,
          0.07317262075223087
        ],
        [
          0.10725131612937613,
          0.04522580077538857,
          0.17847839079342834
        ],
        [
          0.14385734231823327,
          0.15462124251165824,
          0.16992852370211015
        ]
      ],
      [
        [
          0.16459969813165926,
          0.08092776896561614,
          0.06641603063648994
        ],
        [
          0.17373975584649998,
          0.08324437147050606,
          0.04467987379809903
        ],
        [
          0.09805957770676513,
          0.14411489065849978,
          0.14421803278586454
        ]
      ],
      [
        [
          0.1169336067648762,
          0.08458350425967141,
          0.14348360502819169
        ],
        [
          0.05480325783033626,
          0.14123104834653963,
          0.05527787978669111
        ],
        [
          0.10206937358013948,
          0.12697888374087085,
          0.17463884066268334
        ]
      ]
    ]
  },
  "network_stats": {
    "neurons": 400,
    "connections": 1187
  },
  "rollout_data": {
    "rewards": [
      -264.0,
      -243.0,
      -245.0,
      -218.0,
      -224.0,
      -336.0,
      -239.0,
      -221.0,
      -278.0,
      -254.0,
      -234.0,
      -248.0,
      -258.0,
      -228.0,
      -271.0,
      -227.0,
      -271.0,
      -227.0,
      -241.0,
      -222.0
    ],
    "lengths": [
      265,
      244,
      246,
      219,
      225,
      337,
      240,
      222,
      279,
      255,
      235,
      249,
      259,
      229,
      272,
      228,
      272,
      228,
      242,
      223
    ],
    "eval_seeds": [
      5014451,
      5014452,
      5014453,
      5014454,
      5014455,
      5014456,
      5014457,
      5014458,
      5014459,
      5014460,
      5014461,
      5014462,
      5014463,
      5014464,
      5014465,
      5014466,
      5014467,
      5014468,
      5014469,
      5014470
    ]
  }
}