{
  "network_id": 17932,
  "seed": 5017932,
  "valid": true,
  "baseline_reward": -281.45,
  "stratum": "high_mid",
  "genome": {
    "max_growth_steps": 200,
    "size_x": 20,
    "size_y": 20,
    "diffusion_rate": 0.14353330339561182,
    "num_morphogens": 3,
    "division_threshold": 0.5332025165889841,
    "cell_differentiation_threshold": 0.5922289378326602,
    "axon_growth_threshold": 0.2777293893413642,
    "max_axon_length": 7,
    "axon_connect_threshold": 0.5621636106227891,
    "self_connect_isolated_neurons_fraction": 0.1128321421956391,
    "weight_adjustment_target": 0.5249608982712383,
    "weight_adjustment_rate": 0.0056317218577144265,
    "progenitor_secretion_rates": [
      0.3392072724403422,
      0.31023824830033225,
      0.1293997680071443
    ],
    "neuron_secretion_rates": [
      0.3089415377827792,
      0.29997314697623667,
      0.19179394506307723
    ],
    "inhibition_matrix": [
      [
        0.0,
        0.0,
        0.0
      ],
      [
        0.0,
        0.0,
        0.0
      ],
      [
        0.0,
        0.0,
        0.0
      ]
    ],
    "diffusion_patterns": [
      [
        [
          0.14056915447055826,
          0.03315877330441892,
          0.01779268233412505
        ],
        [
          0.11376087130888655,
          0.16250368237988858,
          0.08096599772848294
        ],
        [
          0.10416392560607135,
          0.15964946741936398,
          0.18743544544820437
        ]
      ],
      [
        [
          0.14601430546482252,
          0.22233007854628115,
          0.04442905526471727
        ],
        [
          0.17723659402088426,
          0.08706918486497911,
          0.07276033143014761
        ],
        [
          0.04713979670325381,
          0.19588879887363445,
          0.007131854831279856
        ]
      ],
      [
        [
          0.06095310886591228,
          0.11978351068096864,
          0.19849254646021233
        ],
        [
          0.03235470917247224,
          0.11349935763385836,
          0.15469119406186013
        ],
        [
          0.2079254556645662,
          0.051956755846288054,
          0.06034336161386172
        ]
      ]
    ]
  },
  "network_stats": {
    "neurons": 391,
    "connections": 964
  },
  "rollout_data": {
    "rewards": [
      -239.0,
      -233.0,
      -229.0,
      -238.0,
      -313.0,
      -281.0,
      -423.0,
      -277.0,
      -306.0,
      -263.0,
      -265.0,
      -282.0,
      -243.0,
      -342.0,
      -287.0,
      -283.0,
      -221.0,
      -244.0,
      -310.0,
      -350.0
    ],
    "lengths": [
      240,
      234,
      230,
      239,
      314,
      282,
      424,
      278,
      307,
      264,
      266,
      283,
      244,
      343,
      288,
      284,
      222,
      245,
      311,
      351
    ],
    "eval_seeds": [
      5017932,
      5017933,
      5017934,
      5017935,
      5017936,
      5017937,
      5017938,
      5017939,
      5017940,
      5017941,
      5017942,
      5017943,
      5017944,
      5017945,
      5017946,
      5017947,
      5017948,
      5017949,
      5017950,
      5017951
    ]
  }
}