{
  "network_id": 4362,
  "seed": 5004362,
  "valid": true,
  "baseline_reward": -500.0,
  "stratum": "weak",
  "genome": {
    "max_growth_steps": 200,
    "size_x": 20,
    "size_y": 20,
    "diffusion_rate": 0.10551726213409357,
    "num_morphogens": 3,
    "division_threshold": 0.6263418309838351,
    "cell_differentiation_threshold": 0.42162025671329667,
    "axon_growth_threshold": 0.387442750731956,
    "max_axon_length": 10,
    "axon_connect_threshold": 0.9097914627471425,
    "self_connect_isolated_neurons_fraction": 0.14803079782516915,
    "weight_adjustment_target": 0.5709573238136474,
    "weight_adjustment_rate": 0.017672854668549166,
    "progenitor_secretion_rates": [
      0.3816946588141347,
      0.15530593290886724,
      0.0006375795340670676
    ],
    "neuron_secretion_rates": [
      0.23924238429742029,
      0.2770840869667464,
      0.1481258250723873
    ],
    "inhibition_matrix": [
      [
        0.0,
        0.0,
        0.0
      ],
      [
        0.202500085233573,
        0.0,
        0.0
      ],
      [
        0.039629324155166346,
        0.0,
        0.0
      ]
    ],
    "diffusion_patterns": [
      [
        [
          0.07987713436495797,
          0.06925090301140992,
          0.1850161437647137
        ],
        [
          0.030463620928009767,
          0.2688186968607172,
          0.13492720681940426
        ],
        [
          0.0661787546516942,
          0.0928798224396941,
          0.07258771715939888
        ]
      ],
      [
        [
          0.11979701498776622,
          0.10412770799618196,
          0.0069848258215631015
        ],
        [
          0.15390143960566252,
          0.108279383260015,
          0.06174476739986993
        ],
        [
          0.1431633365612432,
          0.1640551195303106,
          0.13794640483738746
        ]
      ],
      [
        [
          0.04170572403976426,
          0.1566550258677642,
          0.07990388126361572
        ],
        [
          0.1314993266067052,
          0.1742086770241783,
          0.016520946495825486
        ],
        [
          0.14945513500630417,
          0.09248400491000926,
          0.15756727878583338
        ]
      ]
    ]
  },
  "network_stats": {
    "neurons": 400,
    "connections": 1463
  },
  "rollout_data": {
    "rewards": [
      -500.0,
      -500.0,
      -500.0,
      -500.0,
      -500.0,
      -500.0,
      -500.0,
      -500.0,
      -500.0,
      -500.0,
      -500.0,
      -500.0,
      -500.0,
      -500.0,
      -500.0,
      -500.0,
      -500.0,
      -500.0,
      -500.0,
      -500.0
    ],
    "lengths": [
      500,
      500,
      500,
      500,
      500,
      500,
      500,
      500,
      500,
      500,
      500,
      500,
      500,
      500,
      500,
      500,
      500,
      500,
      500,
      500
    ],
    "eval_seeds": [
      5004362,
      5004363,
      5004364,
      5004365,
      5004366,
      5004367,
      5004368,
      5004369,
      5004370,
      5004371,
      5004372,
      5004373,
      5004374,
      5004375,
      5004376,
      5004377,
      5004378,
      5004379,
      5004380,
      5004381
    ]
  }
}