{
  "network_id": 7451,
  "seed": 5007451,
  "valid": true,
  "baseline_reward": -500.0,
  "stratum": "weak",
  "genome": {
    "max_growth_steps": 200,
    "size_x": 20,
    "size_y": 20,
    "diffusion_rate": 0.0639031854106962,
    "num_morphogens": 3,
    "division_threshold": 0.34937684894031074,
    "cell_differentiation_threshold": 0.6620815581147199,
    "axon_growth_threshold": 0.34816992566236854,
    "max_axon_length": 7,
    "axon_connect_threshold": 0.7874396575494816,
    "self_connect_isolated_neurons_fraction": 0.12615941567480274,
    "weight_adjustment_target": 0.5043443193160477,
    "weight_adjustment_rate": 0.0076511370719052375,
    "progenitor_secretion_rates": [
      0.14520888266292792,
      0.29275224821631585,
      0.04880075296908648
    ],
    "neuron_secretion_rates": [
      0.3277495499499985,
      0.28768119917587404,
      0.17086525136639608
    ],
    "inhibition_matrix": [
      [
        0.0,
        0.0,
        0.0
      ],
      [
        0.24078498749850863,
        0.0,
        0.0
      ],
      [
        0.008921459747865235,
        0.04567054769122586,
        0.0
      ]
    ],
    "diffusion_patterns": [
      [
        [
          0.1933991364337722,
          0.13716840222861407,
          0.005195303292616396
        ],
        [
          0.07285216991214492,
          0.13966804128441723,
          0.1302209503730077
        ],
        [
          0.046810527908087735,
          0.13096690653579332,
          0.1437185620315464
        ]
      ],
      [
        [
          0.019231677733882097,
          0.14924638835999088,
          0.029769873337413794
        ],
        [
          0.18919019869849654,
          0.0751638304713963,
          0.22543083218798496
        ],
        [
          0.09955399060669949,
          0.15468368584082887,
          0.05772952276330718
        ]
      ],
      [
        [
          0.1549150742385008,
          0.026503378083173598,
          0.19871702282604511
        ],
        [
          0.152982476057965,
          0.20870744065752567,
          0.04746004498957611
        ],
        [
          0.11012000984789712,
          0.03189098391507476,
          0.0687035693842419
        ]
      ]
    ]
  },
  "network_stats": {
    "neurons": 400,
    "connections": 1139
  },
  "rollout_data": {
    "rewards": [
      -500.0,
      -500.0,
      -500.0,
      -500.0,
      -500.0,
      -500.0,
      -500.0,
      -500.0,
      -500.0,
      -500.0,
      -500.0,
      -500.0,
      -500.0,
      -500.0,
      -500.0,
      -500.0,
      -500.0,
      -500.0,
      -500.0,
      -500.0
    ],
    "lengths": [
      500,
      500,
      500,
      500,
      500,
      500,
      500,
      500,
      500,
      500,
      500,
      500,
      500,
      500,
      500,
      500,
      500,
      500,
      500,
      500
    ],
    "eval_seeds": [
      5007451,
      5007452,
      5007453,
      5007454,
      5007455,
      5007456,
      5007457,
      5007458,
      5007459,
      5007460,
      5007461,
      5007462,
      5007463,
      5007464,
      5007465,
      5007466,
      5007467,
      5007468,
      5007469,
      5007470
    ]
  }
}