{
  "network_id": 416,
  "seed": 5000416,
  "valid": true,
  "baseline_reward": -478.85,
  "stratum": "weak",
  "genome": {
    "max_growth_steps": 200,
    "size_x": 20,
    "size_y": 20,
    "diffusion_rate": 0.08554464355640783,
    "num_morphogens": 3,
    "division_threshold": 0.6811842714112484,
    "cell_differentiation_threshold": 0.6744294547360532,
    "axon_growth_threshold": 0.24294228691586095,
    "max_axon_length": 3,
    "axon_connect_threshold": 0.5336036637811084,
    "self_connect_isolated_neurons_fraction": 0.2402222936405089,
    "weight_adjustment_target": 0.3997313262711679,
    "weight_adjustment_rate": 0.009684617881509488,
    "progenitor_secretion_rates": [
      0.42310323158141444,
      0.2938483241755643,
      0.1793317812031932
    ],
    "neuron_secretion_rates": [
      0.15304049289634197,
      0.4849046553666347,
      0.4175289586579128
    ],
    "inhibition_matrix": [
      [
        0.0,
        0.0,
        0.0
      ],
      [
        0.0,
        0.0,
        0.0
      ],
      [
        0.0,
        0.09350589272455256,
        0.0
      ]
    ],
    "diffusion_patterns": [
      [
        [
          0.02694921740115788,
          0.15439038027447377,
          0.07510926766599678
        ],
        [
          0.15889758865695272,
          0.0001482802399117804,
          0.20444101461032516
        ],
        [
          0.17534331622475507,
          0.16825957174463146,
          0.036461363181795284
        ]
      ],
      [
        [
          0.015152778826319992,
          0.25678902005175275,
          0.24671525839823352
        ],
        [
          0.04264499146827456,
          0.1573368797824382,
          0.11518370492627053
        ],
        [
          0.05528493367925001,
          0.0728262270380601,
          0.038066205829400394
        ]
      ],
      [
        [
          0.05986741433169428,
          0.13994174963457431,
          0.1324246995743996
        ],
        [
          0.12099084398784876,
          0.06800976725275248,
          0.1402315117433628
        ],
        [
          0.11964970905519773,
          0.16343637832610028,
          0.055447926094069774
        ]
      ]
    ]
  },
  "network_stats": {
    "neurons": 400,
    "connections": 1049
  },
  "rollout_data": {
    "rewards": [
      -446.0,
      -462.0,
      -468.0,
      -500.0,
      -500.0,
      -500.0,
      -500.0,
      -500.0,
      -500.0,
      -471.0,
      -500.0,
      -483.0,
      -468.0,
      -473.0,
      -489.0,
      -493.0,
      -439.0,
      -500.0,
      -491.0,
      -394.0
    ],
    "lengths": [
      447,
      463,
      469,
      500,
      500,
      500,
      500,
      500,
      500,
      472,
      500,
      484,
      469,
      474,
      490,
      494,
      440,
      500,
      492,
      395
    ],
    "eval_seeds": [
      5000416,
      5000417,
      5000418,
      5000419,
      5000420,
      5000421,
      5000422,
      5000423,
      5000424,
      5000425,
      5000426,
      5000427,
      5000428,
      5000429,
      5000430,
      5000431,
      5000432,
      5000433,
      5000434,
      5000435
    ]
  }
}