{
  "network_id": 4263,
  "seed": 5004263,
  "valid": true,
  "baseline_reward": -500.0,
  "stratum": "weak",
  "genome": {
    "max_growth_steps": 200,
    "size_x": 20,
    "size_y": 20,
    "diffusion_rate": 0.12389570702288533,
    "num_morphogens": 3,
    "division_threshold": 0.6665305668245389,
    "cell_differentiation_threshold": 0.5983039499616808,
    "axon_growth_threshold": 0.3928722853418661,
    "max_axon_length": 8,
    "axon_connect_threshold": 0.617855247597586,
    "self_connect_isolated_neurons_fraction": 0.11181319246041244,
    "weight_adjustment_target": 0.36612279602998005,
    "weight_adjustment_rate": 0.005104534711040792,
    "progenitor_secretion_rates": [
      0.454534500217075,
      0.085574605266927,
      0.30420188940459547
    ],
    "neuron_secretion_rates": [
      0.10255849254831317,
      0.3083823627724022,
      0.20266460571879258
    ],
    "inhibition_matrix": [
      [
        0.0,
        0.0,
        0.0
      ],
      [
        0.0,
        0.0,
        0.0
      ],
      [
        0.0,
        0.42385393033178786,
        0.0
      ]
    ],
    "diffusion_patterns": [
      [
        [
          0.06715665557920487,
          0.11348984338486584,
          0.01705173148447589
        ],
        [
          0.17346218008289746,
          0.11425063290665707,
          0.15225388394409745
        ],
        [
          0.08877120475238783,
          0.17497248658925418,
          0.0985913812761595
        ]
      ],
      [
        [
          0.10458033921604157,
          0.0385130025426405,
          0.11638527052645868
        ],
        [
          0.1643172798365626,
          0.03618306553274973,
          0.17332525759466808
        ],
        [
          0.11242487175912763,
          0.13893963494556552,
          0.11533127804618565
        ]
      ],
      [
        [
          0.014818172131953043,
          0.20460500019991273,
          0.08937063924400723
        ],
        [
          0.13533971796661354,
          0.1207831363808579,
          0.0035890940126444494
        ],
        [
          0.17856158525684662,
          0.11259411798650923,
          0.14033853682065536
        ]
      ]
    ]
  },
  "network_stats": {
    "neurons": 400,
    "connections": 367
  },
  "rollout_data": {
    "rewards": [
      -500.0,
      -500.0,
      -500.0,
      -500.0,
      -500.0,
      -500.0,
      -500.0,
      -500.0,
      -500.0,
      -500.0,
      -500.0,
      -500.0,
      -500.0,
      -500.0,
      -500.0,
      -500.0,
      -500.0,
      -500.0,
      -500.0,
      -500.0
    ],
    "lengths": [
      500,
      500,
      500,
      500,
      500,
      500,
      500,
      500,
      500,
      500,
      500,
      500,
      500,
      500,
      500,
      500,
      500,
      500,
      500,
      500
    ],
    "eval_seeds": [
      5004263,
      5004264,
      5004265,
      5004266,
      5004267,
      5004268,
      5004269,
      5004270,
      5004271,
      5004272,
      5004273,
      5004274,
      5004275,
      5004276,
      5004277,
      5004278,
      5004279,
      5004280,
      5004281,
      5004282
    ]
  }
}