{
  "network_id": 1802,
  "seed": 5001802,
  "valid": true,
  "baseline_reward": -500.0,
  "stratum": "weak",
  "genome": {
    "max_growth_steps": 200,
    "size_x": 20,
    "size_y": 20,
    "diffusion_rate": 0.1302595699812538,
    "num_morphogens": 3,
    "division_threshold": 0.3159409838099403,
    "cell_differentiation_threshold": 0.522951783118324,
    "axon_growth_threshold": 0.3469507852986597,
    "max_axon_length": 7,
    "axon_connect_threshold": 0.9274784917625318,
    "self_connect_isolated_neurons_fraction": 0.20613082761800877,
    "weight_adjustment_target": 0.6835313362265374,
    "weight_adjustment_rate": 0.00863649118800649,
    "progenitor_secretion_rates": [
      0.39841219946270917,
      0.4371124757859671,
      0.4678376406761728
    ],
    "neuron_secretion_rates": [
      0.2693765865791019,
      0.2921907183551205,
      0.07865719392230786
    ],
    "inhibition_matrix": [
      [
        0.0,
        0.0,
        0.0
      ],
      [
        0.045709214848378865,
        0.0,
        0.0
      ],
      [
        0.0,
        0.0,
        0.0
      ]
    ],
    "diffusion_patterns": [
      [
        [
          0.054265696247986,
          0.1840223314753493,
          0.05458724237592333
        ],
        [
          0.007431501349595219,
          0.104651034030354,
          0.20468422754758106
        ],
        [
          0.1936508895767306,
          0.011279482472311914,
          0.18542759492416855
        ]
      ],
      [
        [
          0.1402557508978511,
          0.03091827201147264,
          0.13882177895717057
        ],
        [
          0.07156162730737099,
          0.008400118219660826,
          0.20936425676704223
        ],
        [
          0.09477427930701902,
          0.17224439685691328,
          0.13365951967549933
        ]
      ],
      [
        [
          0.17962176506150407,
          0.053246344209823465,
          0.1200590774639877
        ],
        [
          0.2205626929605825,
          0.11376030507897775,
          0.04342560842651937
        ],
        [
          0.012162432100092088,
          0.10207553819251304,
          0.15508623650600004
        ]
      ]
    ]
  },
  "network_stats": {
    "neurons": 400,
    "connections": 1111
  },
  "rollout_data": {
    "rewards": [
      -500.0,
      -500.0,
      -500.0,
      -500.0,
      -500.0,
      -500.0,
      -500.0,
      -500.0,
      -500.0,
      -500.0,
      -500.0,
      -500.0,
      -500.0,
      -500.0,
      -500.0,
      -500.0,
      -500.0,
      -500.0,
      -500.0,
      -500.0
    ],
    "lengths": [
      500,
      500,
      500,
      500,
      500,
      500,
      500,
      500,
      500,
      500,
      500,
      500,
      500,
      500,
      500,
      500,
      500,
      500,
      500,
      500
    ],
    "eval_seeds": [
      5001802,
      5001803,
      5001804,
      5001805,
      5001806,
      5001807,
      5001808,
      5001809,
      5001810,
      5001811,
      5001812,
      5001813,
      5001814,
      5001815,
      5001816,
      5001817,
      5001818,
      5001819,
      5001820,
      5001821
    ]
  }
}