{
  "network_id": 13577,
  "seed": 5013577,
  "valid": true,
  "baseline_reward": -500.0,
  "stratum": "weak",
  "genome": {
    "max_growth_steps": 200,
    "size_x": 20,
    "size_y": 20,
    "diffusion_rate": 0.1083527632617991,
    "num_morphogens": 3,
    "division_threshold": 0.4834801246049179,
    "cell_differentiation_threshold": 0.5377783614021755,
    "axon_growth_threshold": 0.4671404704469062,
    "max_axon_length": 4,
    "axon_connect_threshold": 0.47624151762979705,
    "self_connect_isolated_neurons_fraction": 0.01740615167592251,
    "weight_adjustment_target": 0.5186617169863347,
    "weight_adjustment_rate": 0.016655853965239595,
    "progenitor_secretion_rates": [
      0.3828919120659583,
      0.04154077214124574,
      0.23082759379224121
    ],
    "neuron_secretion_rates": [
      0.384022152171007,
      0.04155824649313766,
      0.04519887915799642
    ],
    "inhibition_matrix": [
      [
        0.0,
        0.0,
        0.4114696986762744
      ],
      [
        0.0,
        0.0,
        0.0
      ],
      [
        0.243915331499666,
        0.0,
        0.0
      ]
    ],
    "diffusion_patterns": [
      [
        [
          0.058815395626587046,
          0.0837383529342889,
          0.07543621529857608
        ],
        [
          0.24021555763928423,
          0.2568723435676172,
          0.0540957656788637
        ],
        [
          0.011117222450835334,
          0.09962358879656627,
          0.12008555800738145
        ]
      ],
      [
        [
          0.08409052243275092,
          0.15803528526632074,
          0.05185669766194924
        ],
        [
          0.10028001327113167,
          0.026434759857789952,
          0.036140013241750805
        ],
        [
          0.20145557212340615,
          0.22678249284490254,
          0.114924643299998
        ]
      ],
      [
        [
          0.1259420099221691,
          0.12649961160458587,
          0.10508469005668002
        ],
        [
          0.1739476401906601,
          0.08472696879169159,
          0.06303958067253383
        ],
        [
          0.12448985437172033,
          0.13344569763037298,
          0.06282394675958601
        ]
      ]
    ]
  },
  "network_stats": {
    "neurons": 400,
    "connections": 933
  },
  "rollout_data": {
    "rewards": [
      -500.0,
      -500.0,
      -500.0,
      -500.0,
      -500.0,
      -500.0,
      -500.0,
      -500.0,
      -500.0,
      -500.0,
      -500.0,
      -500.0,
      -500.0,
      -500.0,
      -500.0,
      -500.0,
      -500.0,
      -500.0,
      -500.0,
      -500.0
    ],
    "lengths": [
      500,
      500,
      500,
      500,
      500,
      500,
      500,
      500,
      500,
      500,
      500,
      500,
      500,
      500,
      500,
      500,
      500,
      500,
      500,
      500
    ],
    "eval_seeds": [
      5013577,
      5013578,
      5013579,
      5013580,
      5013581,
      5013582,
      5013583,
      5013584,
      5013585,
      5013586,
      5013587,
      5013588,
      5013589,
      5013590,
      5013591,
      5013592,
      5013593,
      5013594,
      5013595,
      5013596
    ]
  }
}