{
  "network_id": 19089,
  "seed": 5019089,
  "valid": true,
  "baseline_reward": -500.0,
  "stratum": "weak",
  "genome": {
    "max_growth_steps": 200,
    "size_x": 20,
    "size_y": 20,
    "diffusion_rate": 0.12413339343185804,
    "num_morphogens": 3,
    "division_threshold": 0.459526640803494,
    "cell_differentiation_threshold": 0.5169291638927824,
    "axon_growth_threshold": 0.4560935252338905,
    "max_axon_length": 4,
    "axon_connect_threshold": 0.7752007930355053,
    "self_connect_isolated_neurons_fraction": 0.1993952681705371,
    "weight_adjustment_target": 0.32711723585613717,
    "weight_adjustment_rate": 0.00906060564004602,
    "progenitor_secretion_rates": [
      0.3003669201342368,
      0.15202317354407346,
      0.4654597889279025
    ],
    "neuron_secretion_rates": [
      0.17134342740055147,
      0.1452152345129512,
      0.3217236510389232
    ],
    "inhibition_matrix": [
      [
        0.0,
        0.0,
        0.0
      ],
      [
        0.0,
        0.0,
        0.0
      ],
      [
        0.0,
        0.0,
        0.0
      ]
    ],
    "diffusion_patterns": [
      [
        [
          0.050659389259827554,
          0.20492288547945497,
          0.033601443160789675
        ],
        [
          0.08850187844313845,
          0.03025057710910858,
          0.19566967783339728
        ],
        [
          0.0887126794868067,
          0.15208881221475393,
          0.15559265701272285
        ]
      ],
      [
        [
          0.03249726396299577,
          0.019612828407379698,
          0.18520466521637013
        ],
        [
          0.23826221674686626,
          0.0017701564766453126,
          0.18114230159096892
        ],
        [
          0.127459967656884,
          0.18675034746575062,
          0.027300252476139278
        ]
      ],
      [
        [
          0.11315432052127379,
          0.11121194452892234,
          0.18098407629401342
        ],
        [
          0.0008083305316926116,
          0.05560784635601632,
          0.080423088505283
        ],
        [
          0.14187570670111746,
          0.12974749609841213,
          0.18618719046326895
        ]
      ]
    ]
  },
  "network_stats": {
    "neurons": 400,
    "connections": 705
  },
  "rollout_data": {
    "rewards": [
      -500.0,
      -500.0,
      -500.0,
      -500.0,
      -500.0,
      -500.0,
      -500.0,
      -500.0,
      -500.0,
      -500.0,
      -500.0,
      -500.0,
      -500.0,
      -500.0,
      -500.0,
      -500.0,
      -500.0,
      -500.0,
      -500.0,
      -500.0
    ],
    "lengths": [
      500,
      500,
      500,
      500,
      500,
      500,
      500,
      500,
      500,
      500,
      500,
      500,
      500,
      500,
      500,
      500,
      500,
      500,
      500,
      500
    ],
    "eval_seeds": [
      5019089,
      5019090,
      5019091,
      5019092,
      5019093,
      5019094,
      5019095,
      5019096,
      5019097,
      5019098,
      5019099,
      5019100,
      5019101,
      5019102,
      5019103,
      5019104,
      5019105,
      5019106,
      5019107,
      5019108
    ]
  }
}