{
  "network_id": 12418,
  "seed": 5012418,
  "valid": true,
  "baseline_reward": -500.0,
  "stratum": "weak",
  "genome": {
    "max_growth_steps": 200,
    "size_x": 20,
    "size_y": 20,
    "diffusion_rate": 0.18529077731044205,
    "num_morphogens": 3,
    "division_threshold": 0.6103361433752443,
    "cell_differentiation_threshold": 0.3789747622413089,
    "axon_growth_threshold": 0.43961075615080725,
    "max_axon_length": 3,
    "axon_connect_threshold": 0.4116918496455142,
    "self_connect_isolated_neurons_fraction": 0.21716062525180935,
    "weight_adjustment_target": 0.35294828796442884,
    "weight_adjustment_rate": 0.01559191995087922,
    "progenitor_secretion_rates": [
      0.2688934855226488,
      0.17770374113953646,
      0.013315288247555457
    ],
    "neuron_secretion_rates": [
      0.21994181053959627,
      0.019372060870467778,
      0.4695568220153071
    ],
    "inhibition_matrix": [
      [
        0.0,
        0.0,
        0.0
      ],
      [
        0.19978956173599155,
        0.0,
        0.0
      ],
      [
        0.0,
        0.14971784931660348,
        0.0
      ]
    ],
    "diffusion_patterns": [
      [
        [
          0.026462636168359917,
          0.15315837092567566,
          0.12401345183728192
        ],
        [
          0.26669706798574294,
          0.06375374765040429,
          0.06765901683473571
        ],
        [
          0.09994140544043516,
          0.13083104972553902,
          0.06748325343182528
        ]
      ],
      [
        [
          0.06137749982844198,
          0.05062462488568335,
          0.06831762323112762
        ],
        [
          0.07182152565389481,
          0.028440127824249636,
          0.1657431930237565
        ],
        [
          0.18703688107817532,
          0.15098062440261698,
          0.2156579000720537
        ]
      ],
      [
        [
          0.11485222466444706,
          0.04981243815467626,
          0.153482581822615
        ],
        [
          0.15877648300228664,
          0.12219889581768742,
          0.11653261920456517
        ],
        [
          0.11266869840021397,
          0.08164719676176577,
          0.09002886217174273
        ]
      ]
    ]
  },
  "network_stats": {
    "neurons": 400,
    "connections": 1726
  },
  "rollout_data": {
    "rewards": [
      -500.0,
      -500.0,
      -500.0,
      -500.0,
      -500.0,
      -500.0,
      -500.0,
      -500.0,
      -500.0,
      -500.0,
      -500.0,
      -500.0,
      -500.0,
      -500.0,
      -500.0,
      -500.0,
      -500.0,
      -500.0,
      -500.0,
      -500.0
    ],
    "lengths": [
      500,
      500,
      500,
      500,
      500,
      500,
      500,
      500,
      500,
      500,
      500,
      500,
      500,
      500,
      500,
      500,
      500,
      500,
      500,
      500
    ],
    "eval_seeds": [
      5012418,
      5012419,
      5012420,
      5012421,
      5012422,
      5012423,
      5012424,
      5012425,
      5012426,
      5012427,
      5012428,
      5012429,
      5012430,
      5012431,
      5012432,
      5012433,
      5012434,
      5012435,
      5012436,
      5012437
    ]
  }
}