{
  "network_id": 18851,
  "seed": 5018851,
  "valid": true,
  "baseline_reward": -176.45,
  "stratum": "near_perfect",
  "genome": {
    "max_growth_steps": 200,
    "size_x": 20,
    "size_y": 20,
    "diffusion_rate": 0.11768604319144706,
    "num_morphogens": 3,
    "division_threshold": 0.5387655339590834,
    "cell_differentiation_threshold": 0.578005536854719,
    "axon_growth_threshold": 0.29904829924222803,
    "max_axon_length": 10,
    "axon_connect_threshold": 0.599669908868968,
    "self_connect_isolated_neurons_fraction": 0.20423909129309006,
    "weight_adjustment_target": 0.607268589878998,
    "weight_adjustment_rate": 0.0058697200343309185,
    "progenitor_secretion_rates": [
      0.3055882706195873,
      0.09194444738680635,
      0.01262655883434377
    ],
    "neuron_secretion_rates": [
      0.0975551139784761,
      0.15137546918050476,
      0.3309074246502066
    ],
    "inhibition_matrix": [
      [
        0.0,
        0.4304337287623346,
        0.0
      ],
      [
        0.0,
        0.0,
        0.0
      ],
      [
        0.0,
        0.0,
        0.0
      ]
    ],
    "diffusion_patterns": [
      [
        [
          0.1959518584031621,
          0.01213110012079038,
          0.033170950586887495
        ],
        [
          0.20209059454872266,
          0.0014330370343350557,
          0.18023535594681517
        ],
        [
          0.21064752807441983,
          0.005159383077535431,
          0.15918019220733184
        ]
      ],
      [
        [
          0.1773559356317077,
          0.14961544793237913,
          0.16869988239677886
        ],
        [
          0.17308807246855246,
          0.13921652635992238,
          0.04751056299501423
        ],
        [
          0.060967398934687445,
          0.06441768357684655,
          0.01912848970411119
        ]
      ],
      [
        [
          0.11689951968434305,
          0.12360720303369956,
          0.05959148617149263
        ],
        [
          0.09645066138142076,
          0.13038262614519364,
          0.13950555753909039
        ],
        [
          0.12296058334330716,
          0.14629702494484176,
          0.064305337756611
        ]
      ]
    ]
  },
  "network_stats": {
    "neurons": 400,
    "connections": 1071
  },
  "rollout_data": {
    "rewards": [
      -159.0,
      -128.0,
      -137.0,
      -162.0,
      -211.0,
      -141.0,
      -240.0,
      -122.0,
      -165.0,
      -158.0,
      -137.0,
      -188.0,
      -194.0,
      -233.0,
      -198.0,
      -176.0,
      -125.0,
      -240.0,
      -280.0,
      -135.0
    ],
    "lengths": [
      160,
      129,
      138,
      163,
      212,
      142,
      241,
      123,
      166,
      159,
      138,
      189,
      195,
      234,
      199,
      177,
      126,
      241,
      281,
      136
    ],
    "eval_seeds": [
      5018851,
      5018852,
      5018853,
      5018854,
      5018855,
      5018856,
      5018857,
      5018858,
      5018859,
      5018860,
      5018861,
      5018862,
      5018863,
      5018864,
      5018865,
      5018866,
      5018867,
      5018868,
      5018869,
      5018870
    ]
  }
}