{
  "network_id": 4459,
  "seed": 5004459,
  "valid": true,
  "baseline_reward": -500.0,
  "stratum": "weak",
  "genome": {
    "max_growth_steps": 200,
    "size_x": 20,
    "size_y": 20,
    "diffusion_rate": 0.10876361778280899,
    "num_morphogens": 3,
    "division_threshold": 0.38594616706477636,
    "cell_differentiation_threshold": 0.41853470701005857,
    "axon_growth_threshold": 0.48804213548180136,
    "max_axon_length": 9,
    "axon_connect_threshold": 0.7508271818823357,
    "self_connect_isolated_neurons_fraction": 0.046369634728073414,
    "weight_adjustment_target": 0.4674227000339725,
    "weight_adjustment_rate": 0.0074683899463258725,
    "progenitor_secretion_rates": [
      0.370467735886747,
      0.2691496803244942,
      0.24698269342411933
    ],
    "neuron_secretion_rates": [
      0.34020678541923705,
      0.23178428110459814,
      0.22325389506044613
    ],
    "inhibition_matrix": [
      [
        0.0,
        0.0,
        0.342929148746026
      ],
      [
        0.0,
        0.0,
        0.0
      ],
      [
        0.22909296899775228,
        0.0,
        0.0
      ]
    ],
    "diffusion_patterns": [
      [
        [
          0.07404210382686563,
          0.18268846115672865,
          0.036471389986212376
        ],
        [
          0.2237213010226453,
          0.12402599585839803,
          0.2160396773372977
        ],
        [
          0.0033900134853663663,
          0.00480799972653331,
          0.13481305759995266
        ]
      ],
      [
        [
          0.12499980893759755,
          0.08357427376954596,
          0.10420178199715356
        ],
        [
          0.07329016021895425,
          0.15172015131303077,
          0.178514791142687
        ],
        [
          0.162338061005913,
          0.01799759828972466,
          0.10336337332539329
        ]
      ],
      [
        [
          0.23410912222620894,
          0.03355832598466681,
          0.1034277642811032
        ],
        [
          0.05846385811429848,
          0.08456338580542398,
          0.0445228240315021
        ],
        [
          0.12166654003743603,
          0.26548987669240454,
          0.05419830282695599
        ]
      ]
    ]
  },
  "network_stats": {
    "neurons": 382,
    "connections": 885
  },
  "rollout_data": {
    "rewards": [
      -500.0,
      -500.0,
      -500.0,
      -500.0,
      -500.0,
      -500.0,
      -500.0,
      -500.0,
      -500.0,
      -500.0,
      -500.0,
      -500.0,
      -500.0,
      -500.0,
      -500.0,
      -500.0,
      -500.0,
      -500.0,
      -500.0,
      -500.0
    ],
    "lengths": [
      500,
      500,
      500,
      500,
      500,
      500,
      500,
      500,
      500,
      500,
      500,
      500,
      500,
      500,
      500,
      500,
      500,
      500,
      500,
      500
    ],
    "eval_seeds": [
      5004459,
      5004460,
      5004461,
      5004462,
      5004463,
      5004464,
      5004465,
      5004466,
      5004467,
      5004468,
      5004469,
      5004470,
      5004471,
      5004472,
      5004473,
      5004474,
      5004475,
      5004476,
      5004477,
      5004478
    ]
  }
}