{
  "network_id": 199,
  "seed": 5000199,
  "valid": true,
  "baseline_reward": -500.0,
  "stratum": "weak",
  "genome": {
    "max_growth_steps": 200,
    "size_x": 20,
    "size_y": 20,
    "diffusion_rate": 0.14094480440376622,
    "num_morphogens": 3,
    "division_threshold": 0.3159659309927328,
    "cell_differentiation_threshold": 0.4067372643978968,
    "axon_growth_threshold": 0.4776257531461431,
    "max_axon_length": 3,
    "axon_connect_threshold": 0.8585612066166539,
    "self_connect_isolated_neurons_fraction": 0.1530975629327294,
    "weight_adjustment_target": 0.3808299956966778,
    "weight_adjustment_rate": 0.019658406758588882,
    "progenitor_secretion_rates": [
      0.07876222150590856,
      0.06294216414847542,
      0.26346614121100337
    ],
    "neuron_secretion_rates": [
      0.29261753838390053,
      0.2657729170779386,
      0.3935056024624952
    ],
    "inhibition_matrix": [
      [
        0.0,
        0.0,
        0.0
      ],
      [
        0.0,
        0.0,
        0.0
      ],
      [
        0.17312174434667282,
        0.0,
        0.0
      ]
    ],
    "diffusion_patterns": [
      [
        [
          0.019464181767588584,
          0.07089456658126181,
          0.11002318475371081
        ],
        [
          0.11297511939387575,
          0.01617533446202948,
          0.15033529481409427
        ],
        [
          0.19602182109459837,
          0.19642397661102937,
          0.1276865205218115
        ]
      ],
      [
        [
          0.12374347259680128,
          0.3154018941010853,
          0.017621097118525105
        ],
        [
          0.03300912090917211,
          0.2117571068660607,
          0.06439524625562205
        ],
        [
          0.08153661852383622,
          0.007753352521451122,
          0.14478209110744616
        ]
      ],
      [
        [
          0.2059906302008202,
          0.1592734496543736,
          0.1489171106294781
        ],
        [
          0.025210466394800273,
          0.1845162753771633,
          0.13150061215893225
        ],
        [
          0.06108362996140401,
          0.025790150071653056,
          0.05771767555137518
        ]
      ]
    ]
  },
  "network_stats": {
    "neurons": 396,
    "connections": 827
  },
  "rollout_data": {
    "rewards": [
      -500.0,
      -500.0,
      -500.0,
      -500.0,
      -500.0,
      -500.0,
      -500.0,
      -500.0,
      -500.0,
      -500.0,
      -500.0,
      -500.0,
      -500.0,
      -500.0,
      -500.0,
      -500.0,
      -500.0,
      -500.0,
      -500.0,
      -500.0
    ],
    "lengths": [
      500,
      500,
      500,
      500,
      500,
      500,
      500,
      500,
      500,
      500,
      500,
      500,
      500,
      500,
      500,
      500,
      500,
      500,
      500,
      500
    ],
    "eval_seeds": [
      5000199,
      5000200,
      5000201,
      5000202,
      5000203,
      5000204,
      5000205,
      5000206,
      5000207,
      5000208,
      5000209,
      5000210,
      5000211,
      5000212,
      5000213,
      5000214,
      5000215,
      5000216,
      5000217,
      5000218
    ]
  }
}