{
  "network_id": 9419,
  "seed": 5009419,
  "valid": true,
  "baseline_reward": -500.0,
  "stratum": "weak",
  "genome": {
    "max_growth_steps": 200,
    "size_x": 20,
    "size_y": 20,
    "diffusion_rate": 0.09843660155872616,
    "num_morphogens": 3,
    "division_threshold": 0.3899803121128468,
    "cell_differentiation_threshold": 0.6460455427615255,
    "axon_growth_threshold": 0.43971867057712616,
    "max_axon_length": 4,
    "axon_connect_threshold": 0.714288930160719,
    "self_connect_isolated_neurons_fraction": 0.19532020577669892,
    "weight_adjustment_target": 0.4136160823891557,
    "weight_adjustment_rate": 0.018171156560986664,
    "progenitor_secretion_rates": [
      0.15336625602507342,
      0.00859845810214438,
      0.4976461713773731
    ],
    "neuron_secretion_rates": [
      0.2671859421318771,
      0.021596399845424497,
      0.18068517972878884
    ],
    "inhibition_matrix": [
      [
        0.0,
        0.0,
        0.0
      ],
      [
        0.0,
        0.0,
        0.0
      ],
      [
        0.0,
        0.0,
        0.0
      ]
    ],
    "diffusion_patterns": [
      [
        [
          0.20104628355122314,
          0.05693923100831668,
          0.16321475828493767
        ],
        [
          0.21044775262048154,
          0.16402142483457274,
          0.03318188850709523
        ],
        [
          0.12934575811285254,
          0.0281683858415661,
          0.01363451723895434
        ]
      ],
      [
        [
          0.11553127516686826,
          0.17549226439932472,
          0.17269881110771762
        ],
        [
          0.16817165217835792,
          0.024596576788096007,
          0.13080568419248118
        ],
        [
          0.016345188627447445,
          0.15519385577477013,
          0.04116469176493666
        ]
      ],
      [
        [
          0.006444341888412938,
          0.1658385651246134,
          0.1251376922230539
        ],
        [
          0.03264285289711123,
          0.11714307135259856,
          0.19920023082034988
        ],
        [
          0.12331914982562478,
          0.11035941531921171,
          0.11991468054902346
        ]
      ]
    ]
  },
  "network_stats": {
    "neurons": 400,
    "connections": 490
  },
  "rollout_data": {
    "rewards": [
      -500.0,
      -500.0,
      -500.0,
      -500.0,
      -500.0,
      -500.0,
      -500.0,
      -500.0,
      -500.0,
      -500.0,
      -500.0,
      -500.0,
      -500.0,
      -500.0,
      -500.0,
      -500.0,
      -500.0,
      -500.0,
      -500.0,
      -500.0
    ],
    "lengths": [
      500,
      500,
      500,
      500,
      500,
      500,
      500,
      500,
      500,
      500,
      500,
      500,
      500,
      500,
      500,
      500,
      500,
      500,
      500,
      500
    ],
    "eval_seeds": [
      5009419,
      5009420,
      5009421,
      5009422,
      5009423,
      5009424,
      5009425,
      5009426,
      5009427,
      5009428,
      5009429,
      5009430,
      5009431,
      5009432,
      5009433,
      5009434,
      5009435,
      5009436,
      5009437,
      5009438
    ]
  }
}