{
  "network_id": 8936,
  "seed": 5008936,
  "valid": true,
  "baseline_reward": -500.0,
  "stratum": "weak",
  "genome": {
    "max_growth_steps": 200,
    "size_x": 20,
    "size_y": 20,
    "diffusion_rate": 0.14495690640493344,
    "num_morphogens": 3,
    "division_threshold": 0.6845445830312752,
    "cell_differentiation_threshold": 0.38130798687066786,
    "axon_growth_threshold": 0.43865910498627664,
    "max_axon_length": 4,
    "axon_connect_threshold": 0.9074447118098539,
    "self_connect_isolated_neurons_fraction": 0.15617770905651548,
    "weight_adjustment_target": 0.6186732975787229,
    "weight_adjustment_rate": 0.012698167231868004,
    "progenitor_secretion_rates": [
      0.40881490431162143,
      0.13762133694400375,
      0.07913852846051311
    ],
    "neuron_secretion_rates": [
      0.18230192608203488,
      0.2880812276259475,
      0.4421954273054869
    ],
    "inhibition_matrix": [
      [
        0.0,
        0.0,
        0.0
      ],
      [
        0.0,
        0.0,
        0.060349516157667316
      ],
      [
        0.0,
        0.0,
        0.0
      ]
    ],
    "diffusion_patterns": [
      [
        [
          0.014715612190124754,
          0.100594413011172,
          0.2365874507695615
        ],
        [
          0.06223663306891538,
          0.051728268838092416,
          0.04830965887311747
        ],
        [
          0.05036460198712894,
          0.23628068280598982,
          0.19918267845589765
        ]
      ],
      [
        [
          0.12117009147876973,
          0.16976590217215098,
          0.1389931191388543
        ],
        [
          0.0929621196730923,
          0.17025634095594466,
          0.05855107324050218
        ],
        [
          0.031892170169260194,
          0.15156440649273528,
          0.0648447766786904
        ]
      ],
      [
        [
          0.16961336959778525,
          0.030184765922587464,
          0.11230147926547082
        ],
        [
          0.11190276417517499,
          0.09818035975756105,
          0.0583222213936096
        ],
        [
          0.06464242331421662,
          0.14040924244618092,
          0.2144433741274133
        ]
      ]
    ]
  },
  "network_stats": {
    "neurons": 399,
    "connections": 1033
  },
  "rollout_data": {
    "rewards": [
      -500.0,
      -500.0,
      -500.0,
      -500.0,
      -500.0,
      -500.0,
      -500.0,
      -500.0,
      -500.0,
      -500.0,
      -500.0,
      -500.0,
      -500.0,
      -500.0,
      -500.0,
      -500.0,
      -500.0,
      -500.0,
      -500.0,
      -500.0
    ],
    "lengths": [
      500,
      500,
      500,
      500,
      500,
      500,
      500,
      500,
      500,
      500,
      500,
      500,
      500,
      500,
      500,
      500,
      500,
      500,
      500,
      500
    ],
    "eval_seeds": [
      5008936,
      5008937,
      5008938,
      5008939,
      5008940,
      5008941,
      5008942,
      5008943,
      5008944,
      5008945,
      5008946,
      5008947,
      5008948,
      5008949,
      5008950,
      5008951,
      5008952,
      5008953,
      5008954,
      5008955
    ]
  }
}