{
  "network_id": 15337,
  "seed": 5015337,
  "valid": true,
  "baseline_reward": -500.0,
  "stratum": "weak",
  "genome": {
    "max_growth_steps": 200,
    "size_x": 20,
    "size_y": 20,
    "diffusion_rate": 0.08127806529202457,
    "num_morphogens": 3,
    "division_threshold": 0.3781910696181091,
    "cell_differentiation_threshold": 0.4770464365125273,
    "axon_growth_threshold": 0.2686148078311993,
    "max_axon_length": 3,
    "axon_connect_threshold": 0.5097795959255832,
    "self_connect_isolated_neurons_fraction": 0.16596856577043728,
    "weight_adjustment_target": 0.3687094436578574,
    "weight_adjustment_rate": 0.005721608220135957,
    "progenitor_secretion_rates": [
      0.3499458238409588,
      0.4063385192061115,
      0.010054771763929327
    ],
    "neuron_secretion_rates": [
      0.18516251311160475,
      0.10501323846727345,
      0.07503468372138533
    ],
    "inhibition_matrix": [
      [
        0.0,
        0.0,
        0.0
      ],
      [
        0.24964895014337501,
        0.0,
        0.0
      ],
      [
        0.0,
        0.0,
        0.0
      ]
    ],
    "diffusion_patterns": [
      [
        [
          0.043084510789830825,
          0.12577466559370906,
          0.13727805240286353
        ],
        [
          0.082026478999705,
          0.1672087770497329,
          0.1583790810733063
        ],
        [
          0.09328138350843737,
          0.18957598204521633,
          0.003391068537198588
        ]
      ],
      [
        [
          0.015691891221121728,
          0.04685876351924313,
          0.24682637981985026
        ],
        [
          0.2585788969584217,
          0.049720461398134394,
          0.07175743419136986
        ],
        [
          0.08920379080545045,
          0.0070730583354787,
          0.21428932375092968
        ]
      ],
      [
        [
          0.12455613989821403,
          0.11588258979338263,
          0.13468431762922708
        ],
        [
          0.11881268046364062,
          0.039755348683658195,
          0.16843051199961645
        ],
        [
          0.036359600915072475,
          0.11520026307732911,
          0.14631854753985926
        ]
      ]
    ]
  },
  "network_stats": {
    "neurons": 400,
    "connections": 1451
  },
  "rollout_data": {
    "rewards": [
      -500.0,
      -500.0,
      -500.0,
      -500.0,
      -500.0,
      -500.0,
      -500.0,
      -500.0,
      -500.0,
      -500.0,
      -500.0,
      -500.0,
      -500.0,
      -500.0,
      -500.0,
      -500.0,
      -500.0,
      -500.0,
      -500.0,
      -500.0
    ],
    "lengths": [
      500,
      500,
      500,
      500,
      500,
      500,
      500,
      500,
      500,
      500,
      500,
      500,
      500,
      500,
      500,
      500,
      500,
      500,
      500,
      500
    ],
    "eval_seeds": [
      5015337,
      5015338,
      5015339,
      5015340,
      5015341,
      5015342,
      5015343,
      5015344,
      5015345,
      5015346,
      5015347,
      5015348,
      5015349,
      5015350,
      5015351,
      5015352,
      5015353,
      5015354,
      5015355,
      5015356
    ]
  }
}