{
  "network_id": 4353,
  "seed": 5004353,
  "valid": true,
  "baseline_reward": -500.0,
  "stratum": "weak",
  "genome": {
    "max_growth_steps": 200,
    "size_x": 20,
    "size_y": 20,
    "diffusion_rate": 0.18861219841674712,
    "num_morphogens": 3,
    "division_threshold": 0.33354116083568736,
    "cell_differentiation_threshold": 0.3882655765256842,
    "axon_growth_threshold": 0.3519489750637811,
    "max_axon_length": 8,
    "axon_connect_threshold": 0.5234775110721391,
    "self_connect_isolated_neurons_fraction": 0.05453688248082884,
    "weight_adjustment_target": 0.4469921806250253,
    "weight_adjustment_rate": 0.015946507063419123,
    "progenitor_secretion_rates": [
      0.3630543227247075,
      0.2664164690241905,
      0.49904280630494224
    ],
    "neuron_secretion_rates": [
      0.20679182733206808,
      0.27811058389016224,
      0.2962652465260029
    ],
    "inhibition_matrix": [
      [
        0.0,
        0.25521174667033075,
        0.0
      ],
      [
        0.0,
        0.0,
        0.0
      ],
      [
        0.3351461515855097,
        0.3448075119130819,
        0.0
      ]
    ],
    "diffusion_patterns": [
      [
        [
          0.0755159769099351,
          0.18529584156177162,
          0.04671265369576559
        ],
        [
          0.14636559600389562,
          0.1462786451333487,
          0.035480530165020376
        ],
        [
          0.05918265755551197,
          0.16142073097845652,
          0.14374736799629462
        ]
      ],
      [
        [
          0.0500924278017871,
          0.11680765290035422,
          0.05866128295642627
        ],
        [
          0.12501742180680445,
          0.12835152183905663,
          0.21211603759612427
        ],
        [
          0.17439527187912063,
          0.06636430801478486,
          0.06819407520554155
        ]
      ],
      [
        [
          0.0781737396854352,
          0.17833636387603288,
          0.15950449426798133
        ],
        [
          0.04662420346760848,
          0.062423072080922834,
          0.17804664805905698
        ],
        [
          0.02088709042518588,
          0.09553453534654639,
          0.18046985279122993
        ]
      ]
    ]
  },
  "network_stats": {
    "neurons": 400,
    "connections": 39
  },
  "rollout_data": {
    "rewards": [
      -500.0,
      -500.0,
      -500.0,
      -500.0,
      -500.0,
      -500.0,
      -500.0,
      -500.0,
      -500.0,
      -500.0,
      -500.0,
      -500.0,
      -500.0,
      -500.0,
      -500.0,
      -500.0,
      -500.0,
      -500.0,
      -500.0,
      -500.0
    ],
    "lengths": [
      500,
      500,
      500,
      500,
      500,
      500,
      500,
      500,
      500,
      500,
      500,
      500,
      500,
      500,
      500,
      500,
      500,
      500,
      500,
      500
    ],
    "eval_seeds": [
      5004353,
      5004354,
      5004355,
      5004356,
      5004357,
      5004358,
      5004359,
      5004360,
      5004361,
      5004362,
      5004363,
      5004364,
      5004365,
      5004366,
      5004367,
      5004368,
      5004369,
      5004370,
      5004371,
      5004372
    ]
  }
}