{
  "network_id": 18577,
  "seed": 5018577,
  "valid": true,
  "baseline_reward": -500.0,
  "stratum": "weak",
  "genome": {
    "max_growth_steps": 200,
    "size_x": 20,
    "size_y": 20,
    "diffusion_rate": 0.19304188166745437,
    "num_morphogens": 3,
    "division_threshold": 0.4528151870269485,
    "cell_differentiation_threshold": 0.458445434402662,
    "axon_growth_threshold": 0.4964389351171454,
    "max_axon_length": 3,
    "axon_connect_threshold": 0.5559771588453273,
    "self_connect_isolated_neurons_fraction": 0.2480361805363799,
    "weight_adjustment_target": 0.390606912894933,
    "weight_adjustment_rate": 0.009473203425063477,
    "progenitor_secretion_rates": [
      0.3792380062194993,
      0.10719866267233269,
      0.09696625910490608
    ],
    "neuron_secretion_rates": [
      0.15380529573757545,
      0.4597281679206809,
      0.2765851738231098
    ],
    "inhibition_matrix": [
      [
        0.0,
        0.4460626555413382,
        0.30638603943169
      ],
      [
        0.0,
        0.0,
        0.0
      ],
      [
        0.08713945196307199,
        0.0,
        0.0
      ]
    ],
    "diffusion_patterns": [
      [
        [
          0.1935324224793435,
          0.15856132885500165,
          0.11258903431590038
        ],
        [
          0.10102227878490391,
          0.10719869827316335,
          0.12183594282769912
        ],
        [
          0.08830280707898693,
          0.08393320793185269,
          0.03302427945314867
        ]
      ],
      [
        [
          0.10387387471069069,
          0.060381038226647844,
          0.1857509633701771
        ],
        [
          0.09563748730602566,
          0.11809545578980195,
          0.05614574050951828
        ],
        [
          0.15503937269146925,
          0.0931934168963504,
          0.131882650499319
        ]
      ],
      [
        [
          0.10120041359595572,
          0.09231404019860157,
          0.205918064889789
        ],
        [
          0.24203348530491287,
          0.12418397798921449,
          0.10589444099764554
        ],
        [
          0.0388464789184769,
          0.08528628493039243,
          0.004322813175011456
        ]
      ]
    ]
  },
  "network_stats": {
    "neurons": 400,
    "connections": 1170
  },
  "rollout_data": {
    "rewards": [
      -500.0,
      -500.0,
      -500.0,
      -500.0,
      -500.0,
      -500.0,
      -500.0,
      -500.0,
      -500.0,
      -500.0,
      -500.0,
      -500.0,
      -500.0,
      -500.0,
      -500.0,
      -500.0,
      -500.0,
      -500.0,
      -500.0,
      -500.0
    ],
    "lengths": [
      500,
      500,
      500,
      500,
      500,
      500,
      500,
      500,
      500,
      500,
      500,
      500,
      500,
      500,
      500,
      500,
      500,
      500,
      500,
      500
    ],
    "eval_seeds": [
      5018577,
      5018578,
      5018579,
      5018580,
      5018581,
      5018582,
      5018583,
      5018584,
      5018585,
      5018586,
      5018587,
      5018588,
      5018589,
      5018590,
      5018591,
      5018592,
      5018593,
      5018594,
      5018595,
      5018596
    ]
  }
}