{
  "network_id": 273,
  "seed": 5000273,
  "valid": true,
  "baseline_reward": -500.0,
  "stratum": "weak",
  "genome": {
    "max_growth_steps": 200,
    "size_x": 20,
    "size_y": 20,
    "diffusion_rate": 0.06887574576520457,
    "num_morphogens": 3,
    "division_threshold": 0.40020545153628784,
    "cell_differentiation_threshold": 0.3429030530663567,
    "axon_growth_threshold": 0.23100477629017976,
    "max_axon_length": 5,
    "axon_connect_threshold": 0.6762740315794994,
    "self_connect_isolated_neurons_fraction": 0.10626757626560764,
    "weight_adjustment_target": 0.46746367945987055,
    "weight_adjustment_rate": 0.009931881272538266,
    "progenitor_secretion_rates": [
      0.264413666425838,
      0.0980963675540642,
      0.2753130500193691
    ],
    "neuron_secretion_rates": [
      0.07724274431312611,
      0.19470481354981922,
      0.03489180555691357
    ],
    "inhibition_matrix": [
      [
        0.0,
        0.0,
        0.0
      ],
      [
        0.0,
        0.0,
        0.0
      ],
      [
        0.0,
        0.0,
        0.0
      ]
    ],
    "diffusion_patterns": [
      [
        [
          0.18966679308398648,
          5.0453388782847746e-05,
          0.0038466479367302918
        ],
        [
          0.0687235920731899,
          0.1691055084116573,
          0.18053212198659024
        ],
        [
          0.1232350788918751,
          0.11941771323002667,
          0.14542209099716122
        ]
      ],
      [
        [
          0.06958296579253849,
          0.006733067793317479,
          0.16272368275027496
        ],
        [
          0.1322611689768582,
          0.13670264740147287,
          0.17651473953709548
        ],
        [
          0.11797153544879802,
          0.1470706991341232,
          0.050439493165521335
        ]
      ],
      [
        [
          0.1907644512951396,
          0.10192281479127167,
          0.047605483373284616
        ],
        [
          0.08368011447845793,
          0.07894985384660624,
          0.16506720121789564
        ],
        [
          0.012854670428231128,
          0.1519527438115144,
          0.16720266675759882
        ]
      ]
    ]
  },
  "network_stats": {
    "neurons": 400,
    "connections": 1000
  },
  "rollout_data": {
    "rewards": [
      -500.0,
      -500.0,
      -500.0,
      -500.0,
      -500.0,
      -500.0,
      -500.0,
      -500.0,
      -500.0,
      -500.0,
      -500.0,
      -500.0,
      -500.0,
      -500.0,
      -500.0,
      -500.0,
      -500.0,
      -500.0,
      -500.0,
      -500.0
    ],
    "lengths": [
      500,
      500,
      500,
      500,
      500,
      500,
      500,
      500,
      500,
      500,
      500,
      500,
      500,
      500,
      500,
      500,
      500,
      500,
      500,
      500
    ],
    "eval_seeds": [
      5000273,
      5000274,
      5000275,
      5000276,
      5000277,
      5000278,
      5000279,
      5000280,
      5000281,
      5000282,
      5000283,
      5000284,
      5000285,
      5000286,
      5000287,
      5000288,
      5000289,
      5000290,
      5000291,
      5000292
    ]
  }
}