{
  "network_id": 1349,
  "seed": 5001349,
  "valid": true,
  "baseline_reward": -500.0,
  "stratum": "weak",
  "genome": {
    "max_growth_steps": 200,
    "size_x": 20,
    "size_y": 20,
    "diffusion_rate": 0.1721593542071982,
    "num_morphogens": 3,
    "division_threshold": 0.3983581955447393,
    "cell_differentiation_threshold": 0.31915526250159104,
    "axon_growth_threshold": 0.21013611384580108,
    "max_axon_length": 2,
    "axon_connect_threshold": 0.5463830901138387,
    "self_connect_isolated_neurons_fraction": 0.09655532660767958,
    "weight_adjustment_target": 0.46742998218217036,
    "weight_adjustment_rate": 0.012805778954984689,
    "progenitor_secretion_rates": [
      0.4837792868905418,
      0.36721463350496536,
      0.18708421207763132
    ],
    "neuron_secretion_rates": [
      0.1414873320422927,
      0.37744639274843517,
      0.42335797224378785
    ],
    "inhibition_matrix": [
      [
        0.0,
        0.0,
        0.35310557108369506
      ],
      [
        0.0,
        0.0,
        0.26434945476634897
      ],
      [
        0.0,
        0.0,
        0.0
      ]
    ],
    "diffusion_patterns": [
      [
        [
          0.0028569996651407964,
          0.17820095818057732,
          0.07693343914685849
        ],
        [
          0.08357898111741417,
          0.1851337248409043,
          0.17358225078920858
        ],
        [
          0.02281763494360752,
          0.1760084476857695,
          0.10088756363051937
        ]
      ],
      [
        [
          0.02409429641105022,
          0.12901902181322358,
          0.11497570551917334
        ],
        [
          0.09275158120882536,
          0.08429278705441445,
          0.0663006880325356
        ],
        [
          0.15941781243842143,
          0.10500783868219037,
          0.22414026884016555
        ]
      ],
      [
        [
          0.21808610993047484,
          0.19083253209443218,
          0.04414592768629299
        ],
        [
          0.15546728458568287,
          0.14945565899440133,
          0.014529228357934559
        ],
        [
          0.11065212274676978,
          0.09575777316388029,
          0.021073362440131027
        ]
      ]
    ]
  },
  "network_stats": {
    "neurons": 33,
    "connections": 76
  },
  "rollout_data": {
    "rewards": [
      -500.0,
      -500.0,
      -500.0,
      -500.0,
      -500.0,
      -500.0,
      -500.0,
      -500.0,
      -500.0,
      -500.0,
      -500.0,
      -500.0,
      -500.0,
      -500.0,
      -500.0,
      -500.0,
      -500.0,
      -500.0,
      -500.0,
      -500.0
    ],
    "lengths": [
      500,
      500,
      500,
      500,
      500,
      500,
      500,
      500,
      500,
      500,
      500,
      500,
      500,
      500,
      500,
      500,
      500,
      500,
      500,
      500
    ],
    "eval_seeds": [
      5001349,
      5001350,
      5001351,
      5001352,
      5001353,
      5001354,
      5001355,
      5001356,
      5001357,
      5001358,
      5001359,
      5001360,
      5001361,
      5001362,
      5001363,
      5001364,
      5001365,
      5001366,
      5001367,
      5001368
    ]
  }
}