{
  "network_id": 16467,
  "seed": 5016467,
  "valid": true,
  "baseline_reward": -500.0,
  "stratum": "weak",
  "genome": {
    "max_growth_steps": 200,
    "size_x": 20,
    "size_y": 20,
    "diffusion_rate": 0.18784260422086804,
    "num_morphogens": 3,
    "division_threshold": 0.5880638498021974,
    "cell_differentiation_threshold": 0.5834643938760984,
    "axon_growth_threshold": 0.4537609757476552,
    "max_axon_length": 4,
    "axon_connect_threshold": 0.44541404149173464,
    "self_connect_isolated_neurons_fraction": 0.13979425602858378,
    "weight_adjustment_target": 0.647898382670743,
    "weight_adjustment_rate": 0.015418106641504484,
    "progenitor_secretion_rates": [
      0.39939246862927835,
      0.27820961715837744,
      0.14860855550239027
    ],
    "neuron_secretion_rates": [
      0.04090307344631017,
      0.22958815618949463,
      0.300896924882076
    ],
    "inhibition_matrix": [
      [
        0.0,
        0.0,
        0.0
      ],
      [
        0.0,
        0.0,
        0.2275203029031727
      ],
      [
        0.1222840738615869,
        0.0,
        0.0
      ]
    ],
    "diffusion_patterns": [
      [
        [
          0.08081110664952552,
          0.09579104095041537,
          0.15820433530866554
        ],
        [
          0.1397157077279095,
          0.048695749867262376,
          0.024120029721162107
        ],
        [
          0.06666917065622983,
          0.1829244249644013,
          0.2030684341544285
        ]
      ],
      [
        [
          0.07967334397629643,
          0.02560494508614525,
          0.10122981696055604
        ],
        [
          0.1796991780304913,
          0.2457052886344099,
          0.08430140290639007
        ],
        [
          0.10787487774659543,
          0.08622541129030929,
          0.0896857353688061
        ]
      ],
      [
        [
          0.07179696847579872,
          0.05841355226787665,
          0.0059253063583447965
        ],
        [
          0.041366485522471345,
          0.22153634481970153,
          0.09723107134601326
        ],
        [
          0.1013386369191438,
          0.29305729285239274,
          0.10933434143825708
        ]
      ]
    ]
  },
  "network_stats": {
    "neurons": 400,
    "connections": 1225
  },
  "rollout_data": {
    "rewards": [
      -500.0,
      -500.0,
      -500.0,
      -500.0,
      -500.0,
      -500.0,
      -500.0,
      -500.0,
      -500.0,
      -500.0,
      -500.0,
      -500.0,
      -500.0,
      -500.0,
      -500.0,
      -500.0,
      -500.0,
      -500.0,
      -500.0,
      -500.0
    ],
    "lengths": [
      500,
      500,
      500,
      500,
      500,
      500,
      500,
      500,
      500,
      500,
      500,
      500,
      500,
      500,
      500,
      500,
      500,
      500,
      500,
      500
    ],
    "eval_seeds": [
      5016467,
      5016468,
      5016469,
      5016470,
      5016471,
      5016472,
      5016473,
      5016474,
      5016475,
      5016476,
      5016477,
      5016478,
      5016479,
      5016480,
      5016481,
      5016482,
      5016483,
      5016484,
      5016485,
      5016486
    ]
  }
}