{
  "network_id": 17302,
  "seed": 5017302,
  "valid": true,
  "baseline_reward": -500.0,
  "stratum": "weak",
  "genome": {
    "max_growth_steps": 200,
    "size_x": 20,
    "size_y": 20,
    "diffusion_rate": 0.18167122132090907,
    "num_morphogens": 3,
    "division_threshold": 0.3454677334170117,
    "cell_differentiation_threshold": 0.49846158101755933,
    "axon_growth_threshold": 0.454122867826737,
    "max_axon_length": 5,
    "axon_connect_threshold": 0.6458109259654427,
    "self_connect_isolated_neurons_fraction": 0.028352229837302376,
    "weight_adjustment_target": 0.5419182360587528,
    "weight_adjustment_rate": 0.011153455066053482,
    "progenitor_secretion_rates": [
      0.1685871934975841,
      0.07720551629916211,
      0.005426756117512532
    ],
    "neuron_secretion_rates": [
      0.25488255857780323,
      0.11989344853001083,
      0.12729454940498253
    ],
    "inhibition_matrix": [
      [
        0.0,
        0.44515836466388514,
        0.0
      ],
      [
        0.08254199103499071,
        0.0,
        0.0
      ],
      [
        0.4683259983473183,
        0.0,
        0.0
      ]
    ],
    "diffusion_patterns": [
      [
        [
          0.17970913605274486,
          0.20033443756142108,
          0.12503111294618563
        ],
        [
          0.005187007074809173,
          0.1073008440116733,
          0.04709270090461372
        ],
        [
          0.11565279196055572,
          0.1526053528430692,
          0.06708661664492738
        ]
      ],
      [
        [
          0.17460281709814476,
          0.15854131155394996,
          0.05446926953441269
        ],
        [
          0.0007833065633545175,
          0.14780904236464806,
          0.16843164786250442
        ],
        [
          0.1553983364510549,
          0.0033960100880823067,
          0.13656825848384826
        ]
      ],
      [
        [
          0.0467821787161054,
          0.17945931239856258,
          0.23684667621533598
        ],
        [
          0.03581191310331683,
          0.0314251618753615,
          0.1321880987841388
        ],
        [
          0.0021304738847461803,
          0.23534882767338625,
          0.10000735734904645
        ]
      ]
    ]
  },
  "network_stats": {
    "neurons": 400,
    "connections": 1984
  },
  "rollout_data": {
    "rewards": [
      -500.0,
      -500.0,
      -500.0,
      -500.0,
      -500.0,
      -500.0,
      -500.0,
      -500.0,
      -500.0,
      -500.0,
      -500.0,
      -500.0,
      -500.0,
      -500.0,
      -500.0,
      -500.0,
      -500.0,
      -500.0,
      -500.0,
      -500.0
    ],
    "lengths": [
      500,
      500,
      500,
      500,
      500,
      500,
      500,
      500,
      500,
      500,
      500,
      500,
      500,
      500,
      500,
      500,
      500,
      500,
      500,
      500
    ],
    "eval_seeds": [
      5017302,
      5017303,
      5017304,
      5017305,
      5017306,
      5017307,
      5017308,
      5017309,
      5017310,
      5017311,
      5017312,
      5017313,
      5017314,
      5017315,
      5017316,
      5017317,
      5017318,
      5017319,
      5017320,
      5017321
    ]
  }
}