{
  "network_id": 16252,
  "seed": 5016252,
  "valid": true,
  "baseline_reward": -500.0,
  "stratum": "weak",
  "genome": {
    "max_growth_steps": 200,
    "size_x": 20,
    "size_y": 20,
    "diffusion_rate": 0.11457706487459426,
    "num_morphogens": 3,
    "division_threshold": 0.6992048378841568,
    "cell_differentiation_threshold": 0.4373971243216225,
    "axon_growth_threshold": 0.4999005894276679,
    "max_axon_length": 6,
    "axon_connect_threshold": 0.9360629780691602,
    "self_connect_isolated_neurons_fraction": 0.23786912964659573,
    "weight_adjustment_target": 0.5804055805695587,
    "weight_adjustment_rate": 0.0120409682757959,
    "progenitor_secretion_rates": [
      0.15969702071592984,
      0.05476488563374071,
      0.26991915657580134
    ],
    "neuron_secretion_rates": [
      0.32519495978561097,
      0.3432189076920786,
      0.14993829474342113
    ],
    "inhibition_matrix": [
      [
        0.0,
        0.0,
        0.0
      ],
      [
        0.0,
        0.0,
        0.0
      ],
      [
        0.04611589585705028,
        0.0,
        0.0
      ]
    ],
    "diffusion_patterns": [
      [
        [
          0.20149601202179435,
          0.057298441701735835,
          0.11135457061220563
        ],
        [
          0.10561475082041062,
          0.09165766950649928,
          0.25594692456262264
        ],
        [
          0.054330260961622426,
          0.028000652124760085,
          0.09430071768834918
        ]
      ],
      [
        [
          0.07569538720174396,
          0.25925890472243174,
          0.19149444902512489
        ],
        [
          0.0629295042642502,
          0.0253890781712588,
          0.03298045758509179
        ],
        [
          0.22855112085144783,
          0.07311058205954749,
          0.05059051611910326
        ]
      ],
      [
        [
          0.1321281658621901,
          0.15949516732874974,
          0.2790477381854228
        ],
        [
          0.13612576871945667,
          0.023553108994393935,
          0.1135865793211713
        ],
        [
          0.06830172205597819,
          0.0701770376236387,
          0.017584711908998567
        ]
      ]
    ]
  },
  "network_stats": {
    "neurons": 400,
    "connections": 1647
  },
  "rollout_data": {
    "rewards": [
      -500.0,
      -500.0,
      -500.0,
      -500.0,
      -500.0,
      -500.0,
      -500.0,
      -500.0,
      -500.0,
      -500.0,
      -500.0,
      -500.0,
      -500.0,
      -500.0,
      -500.0,
      -500.0,
      -500.0,
      -500.0,
      -500.0,
      -500.0
    ],
    "lengths": [
      500,
      500,
      500,
      500,
      500,
      500,
      500,
      500,
      500,
      500,
      500,
      500,
      500,
      500,
      500,
      500,
      500,
      500,
      500,
      500
    ],
    "eval_seeds": [
      5016252,
      5016253,
      5016254,
      5016255,
      5016256,
      5016257,
      5016258,
      5016259,
      5016260,
      5016261,
      5016262,
      5016263,
      5016264,
      5016265,
      5016266,
      5016267,
      5016268,
      5016269,
      5016270,
      5016271
    ]
  }
}