{
  "network_id": 12728,
  "seed": 5012728,
  "valid": true,
  "baseline_reward": -500.0,
  "stratum": "weak",
  "genome": {
    "max_growth_steps": 200,
    "size_x": 20,
    "size_y": 20,
    "diffusion_rate": 0.08557138634434143,
    "num_morphogens": 3,
    "division_threshold": 0.364760250501085,
    "cell_differentiation_threshold": 0.36475142290981566,
    "axon_growth_threshold": 0.4641688735899483,
    "max_axon_length": 3,
    "axon_connect_threshold": 0.8908154175746009,
    "self_connect_isolated_neurons_fraction": 0.15391357812363152,
    "weight_adjustment_target": 0.5308364219073739,
    "weight_adjustment_rate": 0.011852273877537057,
    "progenitor_secretion_rates": [
      0.49208433689018827,
      0.23313636142574268,
      0.4297992578603807
    ],
    "neuron_secretion_rates": [
      0.19309851344461754,
      0.4688988538307784,
      0.04600092048750459
    ],
    "inhibition_matrix": [
      [
        0.0,
        0.0,
        0.0
      ],
      [
        0.0,
        0.0,
        0.0
      ],
      [
        0.03636607479311155,
        0.0,
        0.0
      ]
    ],
    "diffusion_patterns": [
      [
        [
          0.17634194462774788,
          0.12503596409298187,
          0.0021983749632769264
        ],
        [
          0.07858238168085528,
          0.1837208970180758,
          0.10603172786823656
        ],
        [
          0.03319777047889376,
          0.15041585695978427,
          0.1444750823101476
        ]
      ],
      [
        [
          0.15318950265848325,
          0.28203349571717257,
          0.09983095757107602
        ],
        [
          0.0514179625013644,
          0.09750751839968848,
          0.015984327745705528
        ],
        [
          0.05895844460387243,
          0.03725955804864188,
          0.20381823275399552
        ]
      ],
      [
        [
          0.13722505633922366,
          0.20418955330303487,
          0.17569451408735778
        ],
        [
          0.002879008128961541,
          0.04542483334570377,
          0.024225812472671186
        ],
        [
          0.010655453582422274,
          0.21034913663967533,
          0.1893566321009496
        ]
      ]
    ]
  },
  "network_stats": {
    "neurons": 400,
    "connections": 1419
  },
  "rollout_data": {
    "rewards": [
      -500.0,
      -500.0,
      -500.0,
      -500.0,
      -500.0,
      -500.0,
      -500.0,
      -500.0,
      -500.0,
      -500.0,
      -500.0,
      -500.0,
      -500.0,
      -500.0,
      -500.0,
      -500.0,
      -500.0,
      -500.0,
      -500.0,
      -500.0
    ],
    "lengths": [
      500,
      500,
      500,
      500,
      500,
      500,
      500,
      500,
      500,
      500,
      500,
      500,
      500,
      500,
      500,
      500,
      500,
      500,
      500,
      500
    ],
    "eval_seeds": [
      5012728,
      5012729,
      5012730,
      5012731,
      5012732,
      5012733,
      5012734,
      5012735,
      5012736,
      5012737,
      5012738,
      5012739,
      5012740,
      5012741,
      5012742,
      5012743,
      5012744,
      5012745,
      5012746,
      5012747
    ]
  }
}