{
  "network_id": 7513,
  "seed": 5007513,
  "valid": true,
  "baseline_reward": -500.0,
  "stratum": "weak",
  "genome": {
    "max_growth_steps": 200,
    "size_x": 20,
    "size_y": 20,
    "diffusion_rate": 0.05141441075517883,
    "num_morphogens": 3,
    "division_threshold": 0.6260453895015226,
    "cell_differentiation_threshold": 0.3335292203671491,
    "axon_growth_threshold": 0.44508900018513137,
    "max_axon_length": 2,
    "axon_connect_threshold": 0.9036265235715792,
    "self_connect_isolated_neurons_fraction": 0.17651305448807,
    "weight_adjustment_target": 0.3312083892020761,
    "weight_adjustment_rate": 0.012772117139935401,
    "progenitor_secretion_rates": [
      0.4874026779856519,
      0.14421193654559172,
      0.2767037472718373
    ],
    "neuron_secretion_rates": [
      0.4081641496828828,
      0.13554694031659242,
      0.43179431734736134
    ],
    "inhibition_matrix": [
      [
        0.0,
        0.0,
        0.14454852140729813
      ],
      [
        0.0,
        0.0,
        0.0
      ],
      [
        0.0,
        0.0,
        0.0
      ]
    ],
    "diffusion_patterns": [
      [
        [
          0.001818588326552517,
          0.02125408492260257,
          0.1705363788392899
        ],
        [
          0.18733356993416433,
          0.14183320785224668,
          0.11162449932806054
        ],
        [
          0.10121307359094618,
          0.1368509931775578,
          0.1275356040285795
        ]
      ],
      [
        [
          0.19846558015836194,
          0.1356595228166641,
          0.056807359456416594
        ],
        [
          0.15832687453386662,
          0.06397828617869862,
          0.05631262939481423
        ],
        [
          0.06615717919767718,
          0.1857152160954166,
          0.07857735216808404
        ]
      ],
      [
        [
          0.15286547831094496,
          0.14716292842596487,
          0.11584003349233774
        ],
        [
          0.10707123892781002,
          0.015972464059989932,
          0.18997249515826758
        ],
        [
          0.025568674105115728,
          0.18845090819637486,
          0.057095779323194276
        ]
      ]
    ]
  },
  "network_stats": {
    "neurons": 400,
    "connections": 1009
  },
  "rollout_data": {
    "rewards": [
      -500.0,
      -500.0,
      -500.0,
      -500.0,
      -500.0,
      -500.0,
      -500.0,
      -500.0,
      -500.0,
      -500.0,
      -500.0,
      -500.0,
      -500.0,
      -500.0,
      -500.0,
      -500.0,
      -500.0,
      -500.0,
      -500.0,
      -500.0
    ],
    "lengths": [
      500,
      500,
      500,
      500,
      500,
      500,
      500,
      500,
      500,
      500,
      500,
      500,
      500,
      500,
      500,
      500,
      500,
      500,
      500,
      500
    ],
    "eval_seeds": [
      5007513,
      5007514,
      5007515,
      5007516,
      5007517,
      5007518,
      5007519,
      5007520,
      5007521,
      5007522,
      5007523,
      5007524,
      5007525,
      5007526,
      5007527,
      5007528,
      5007529,
      5007530,
      5007531,
      5007532
    ]
  }
}