{
  "network_id": 10860,
  "seed": 5010860,
  "valid": true,
  "baseline_reward": -500.0,
  "stratum": "weak",
  "genome": {
    "max_growth_steps": 200,
    "size_x": 20,
    "size_y": 20,
    "diffusion_rate": 0.06815208551130539,
    "num_morphogens": 3,
    "division_threshold": 0.43144496974242386,
    "cell_differentiation_threshold": 0.6029288080757306,
    "axon_growth_threshold": 0.33997286272245997,
    "max_axon_length": 9,
    "axon_connect_threshold": 0.678618269941689,
    "self_connect_isolated_neurons_fraction": 0.12021515497889783,
    "weight_adjustment_target": 0.38081256075164366,
    "weight_adjustment_rate": 0.007003669496464706,
    "progenitor_secretion_rates": [
      0.3845383983695669,
      0.13078659436442724,
      0.2712788009698929
    ],
    "neuron_secretion_rates": [
      0.43885673604882797,
      0.2426377022232647,
      0.04491150295249485
    ],
    "inhibition_matrix": [
      [
        0.0,
        0.4574615822134481,
        0.26343082973434806
      ],
      [
        0.0,
        0.0,
        0.0607392621139527
      ],
      [
        0.4155083331462112,
        0.0,
        0.0
      ]
    ],
    "diffusion_patterns": [
      [
        [
          0.005600128366938317,
          0.032189843224100956,
          0.23625381812783058
        ],
        [
          0.18003663439142922,
          0.06530823196523347,
          0.08379828177453127
        ],
        [
          0.19927503999671534,
          0.17168166658148973,
          0.025856355571731233
        ]
      ],
      [
        [
          0.12248722926799113,
          0.021820132385557838,
          0.02062193474317536
        ],
        [
          0.18356896192866587,
          0.2091397298385163,
          0.09862786267090541
        ],
        [
          0.11829754083398449,
          0.08378929008460335,
          0.14164731824660026
        ]
      ],
      [
        [
          0.18999188431674519,
          0.16703297176334572,
          0.011726511128537943
        ],
        [
          0.15650206839246902,
          0.05755412949153998,
          0.12868370961975473
        ],
        [
          0.08416746516475603,
          0.01197892610911825,
          0.19236233401373307
        ]
      ]
    ]
  },
  "network_stats": {
    "neurons": 400,
    "connections": 422
  },
  "rollout_data": {
    "rewards": [
      -500.0,
      -500.0,
      -500.0,
      -500.0,
      -500.0,
      -500.0,
      -500.0,
      -500.0,
      -500.0,
      -500.0,
      -500.0,
      -500.0,
      -500.0,
      -500.0,
      -500.0,
      -500.0,
      -500.0,
      -500.0,
      -500.0,
      -500.0
    ],
    "lengths": [
      500,
      500,
      500,
      500,
      500,
      500,
      500,
      500,
      500,
      500,
      500,
      500,
      500,
      500,
      500,
      500,
      500,
      500,
      500,
      500
    ],
    "eval_seeds": [
      5010860,
      5010861,
      5010862,
      5010863,
      5010864,
      5010865,
      5010866,
      5010867,
      5010868,
      5010869,
      5010870,
      5010871,
      5010872,
      5010873,
      5010874,
      5010875,
      5010876,
      5010877,
      5010878,
      5010879
    ]
  }
}