{
  "network_id": 14032,
  "seed": 5014032,
  "valid": true,
  "baseline_reward": -500.0,
  "stratum": "weak",
  "genome": {
    "max_growth_steps": 200,
    "size_x": 20,
    "size_y": 20,
    "diffusion_rate": 0.1236015042733188,
    "num_morphogens": 3,
    "division_threshold": 0.535741696293429,
    "cell_differentiation_threshold": 0.5677683059659854,
    "axon_growth_threshold": 0.3245085886729245,
    "max_axon_length": 7,
    "axon_connect_threshold": 0.5666107978909765,
    "self_connect_isolated_neurons_fraction": 0.17304983058619575,
    "weight_adjustment_target": 0.3942919114221923,
    "weight_adjustment_rate": 0.01310349327024859,
    "progenitor_secretion_rates": [
      0.35077158652020585,
      0.37418542589552445,
      0.03329563100728322
    ],
    "neuron_secretion_rates": [
      0.13710968001217527,
      0.49751183702218815,
      0.19965870629335553
    ],
    "inhibition_matrix": [
      [
        0.0,
        0.0,
        0.2699685723276663
      ],
      [
        0.0,
        0.0,
        0.0
      ],
      [
        0.2033029142527113,
        0.0,
        0.0
      ]
    ],
    "diffusion_patterns": [
      [
        [
          0.18113469100309915,
          0.051419927218740696,
          0.08790618762640115
        ],
        [
          0.1851027424681767,
          0.03389783128899731,
          0.10134925010664828
        ],
        [
          0.07632409859970926,
          0.14236681370951154,
          0.1404984579787158
        ]
      ],
      [
        [
          0.016794747071018017,
          0.11107000306920002,
          0.05996354329154065
        ],
        [
          0.07731432213970642,
          0.14482121813278456,
          0.14595841162179743
        ],
        [
          0.15475313033847315,
          0.13604760274684022,
          0.15327702158863943
        ]
      ],
      [
        [
          0.12247065390528929,
          0.17246562877643468,
          0.1660417581247964
        ],
        [
          0.11721840846476016,
          0.0562979121707113,
          0.07802268020559636
        ],
        [
          0.13302464272254685,
          0.0463142562021593,
          0.10814405942770569
        ]
      ]
    ]
  },
  "network_stats": {
    "neurons": 10,
    "connections": 18
  },
  "rollout_data": {
    "rewards": [
      -500.0,
      -500.0,
      -500.0,
      -500.0,
      -500.0,
      -500.0,
      -500.0,
      -500.0,
      -500.0,
      -500.0,
      -500.0,
      -500.0,
      -500.0,
      -500.0,
      -500.0,
      -500.0,
      -500.0,
      -500.0,
      -500.0,
      -500.0
    ],
    "lengths": [
      500,
      500,
      500,
      500,
      500,
      500,
      500,
      500,
      500,
      500,
      500,
      500,
      500,
      500,
      500,
      500,
      500,
      500,
      500,
      500
    ],
    "eval_seeds": [
      5014032,
      5014033,
      5014034,
      5014035,
      5014036,
      5014037,
      5014038,
      5014039,
      5014040,
      5014041,
      5014042,
      5014043,
      5014044,
      5014045,
      5014046,
      5014047,
      5014048,
      5014049,
      5014050,
      5014051
    ]
  }
}