{
  "network_id": 16528,
  "seed": 5016528,
  "valid": true,
  "baseline_reward": -500.0,
  "stratum": "weak",
  "genome": {
    "max_growth_steps": 200,
    "size_x": 20,
    "size_y": 20,
    "diffusion_rate": 0.1717235622946879,
    "num_morphogens": 3,
    "division_threshold": 0.4573390995396336,
    "cell_differentiation_threshold": 0.3898219158353819,
    "axon_growth_threshold": 0.48869247914507336,
    "max_axon_length": 7,
    "axon_connect_threshold": 0.7175391073909789,
    "self_connect_isolated_neurons_fraction": 0.013748432256025378,
    "weight_adjustment_target": 0.6772991783380835,
    "weight_adjustment_rate": 0.017157844647079888,
    "progenitor_secretion_rates": [
      0.2780133354851373,
      0.33942104726172234,
      0.4448567805792139
    ],
    "neuron_secretion_rates": [
      0.05293287344089925,
      0.3486588300868952,
      0.17550444091492817
    ],
    "inhibition_matrix": [
      [
        0.0,
        0.0,
        0.0
      ],
      [
        0.0,
        0.0,
        0.38343594882212106
      ],
      [
        0.11867475951604034,
        0.0,
        0.0
      ]
    ],
    "diffusion_patterns": [
      [
        [
          0.14354791290186916,
          0.06344847844918837,
          0.054215989478287374
        ],
        [
          0.24792118021825996,
          0.1213041600307184,
          0.08586508288030713
        ],
        [
          0.06703646452518497,
          0.11389761911184311,
          0.10276311240434154
        ]
      ],
      [
        [
          0.06556911941169702,
          0.1337657648059278,
          0.06950946034340708
        ],
        [
          0.01488951427066129,
          0.05891105517641188,
          0.18884584631333554
        ],
        [
          0.19432379787452747,
          0.1361130559304497,
          0.13807238587358225
        ]
      ],
      [
        [
          0.03713870184185052,
          0.08931040830273673,
          0.08575800104385609
        ],
        [
          0.16788638637563655,
          0.08351759839964888,
          0.16984860485053646
        ],
        [
          0.1630652809382155,
          0.14566257547918057,
          0.0578124427683388
        ]
      ]
    ]
  },
  "network_stats": {
    "neurons": 400,
    "connections": 1793
  },
  "rollout_data": {
    "rewards": [
      -500.0,
      -500.0,
      -500.0,
      -500.0,
      -500.0,
      -500.0,
      -500.0,
      -500.0,
      -500.0,
      -500.0,
      -500.0,
      -500.0,
      -500.0,
      -500.0,
      -500.0,
      -500.0,
      -500.0,
      -500.0,
      -500.0,
      -500.0
    ],
    "lengths": [
      500,
      500,
      500,
      500,
      500,
      500,
      500,
      500,
      500,
      500,
      500,
      500,
      500,
      500,
      500,
      500,
      500,
      500,
      500,
      500
    ],
    "eval_seeds": [
      5016528,
      5016529,
      5016530,
      5016531,
      5016532,
      5016533,
      5016534,
      5016535,
      5016536,
      5016537,
      5016538,
      5016539,
      5016540,
      5016541,
      5016542,
      5016543,
      5016544,
      5016545,
      5016546,
      5016547
    ]
  }
}