{
  "network_id": 11736,
  "seed": 5011736,
  "valid": true,
  "baseline_reward": -500.0,
  "stratum": "weak",
  "genome": {
    "max_growth_steps": 200,
    "size_x": 20,
    "size_y": 20,
    "diffusion_rate": 0.15086420543855955,
    "num_morphogens": 3,
    "division_threshold": 0.305039874615713,
    "cell_differentiation_threshold": 0.6212269480393189,
    "axon_growth_threshold": 0.2876868480784013,
    "max_axon_length": 4,
    "axon_connect_threshold": 0.9763673778064149,
    "self_connect_isolated_neurons_fraction": 0.1014513785682569,
    "weight_adjustment_target": 0.681031633146419,
    "weight_adjustment_rate": 0.0072193713442783355,
    "progenitor_secretion_rates": [
      0.4415192127827675,
      0.3341815472124929,
      0.2818462507779407
    ],
    "neuron_secretion_rates": [
      0.19726957886264668,
      0.49112382474233723,
      0.28464967002295827
    ],
    "inhibition_matrix": [
      [
        0.0,
        0.0,
        0.0
      ],
      [
        0.0,
        0.0,
        0.0
      ],
      [
        0.0,
        0.0,
        0.0
      ]
    ],
    "diffusion_patterns": [
      [
        [
          0.15639685902054062,
          0.14321613754044382,
          0.06946599120434462
        ],
        [
          0.018801643594708782,
          0.11222335018824849,
          0.03590147552525157
        ],
        [
          0.07090991178749777,
          0.18161683552482827,
          0.21146779561413606
        ]
      ],
      [
        [
          0.11295023059132864,
          0.18277041403977853,
          0.011026089523958612
        ],
        [
          0.12361026207634167,
          0.14053854199227658,
          0.017782291199082728
        ],
        [
          0.047522107964883334,
          0.21835533432531945,
          0.14544472828703042
        ]
      ],
      [
        [
          0.1841434186759206,
          0.0038935541942078885,
          0.09133921045052161
        ],
        [
          0.17315046879711016,
          0.15218003185256376,
          0.15432648041224412
        ],
        [
          0.13991897934666722,
          0.09126589911113785,
          0.009781957159626833
        ]
      ]
    ]
  },
  "network_stats": {
    "neurons": 400,
    "connections": 1007
  },
  "rollout_data": {
    "rewards": [
      -500.0,
      -500.0,
      -500.0,
      -500.0,
      -500.0,
      -500.0,
      -500.0,
      -500.0,
      -500.0,
      -500.0,
      -500.0,
      -500.0,
      -500.0,
      -500.0,
      -500.0,
      -500.0,
      -500.0,
      -500.0,
      -500.0,
      -500.0
    ],
    "lengths": [
      500,
      500,
      500,
      500,
      500,
      500,
      500,
      500,
      500,
      500,
      500,
      500,
      500,
      500,
      500,
      500,
      500,
      500,
      500,
      500
    ],
    "eval_seeds": [
      5011736,
      5011737,
      5011738,
      5011739,
      5011740,
      5011741,
      5011742,
      5011743,
      5011744,
      5011745,
      5011746,
      5011747,
      5011748,
      5011749,
      5011750,
      5011751,
      5011752,
      5011753,
      5011754,
      5011755
    ]
  }
}