{
  "network_id": 7484,
  "seed": 5007484,
  "valid": true,
  "baseline_reward": -166.35,
  "stratum": "near_perfect",
  "genome": {
    "max_growth_steps": 200,
    "size_x": 20,
    "size_y": 20,
    "diffusion_rate": 0.15040530917374406,
    "num_morphogens": 3,
    "division_threshold": 0.4009334075225648,
    "cell_differentiation_threshold": 0.5185539325277001,
    "axon_growth_threshold": 0.30503504458003294,
    "max_axon_length": 8,
    "axon_connect_threshold": 0.874113009000952,
    "self_connect_isolated_neurons_fraction": 0.144778441670879,
    "weight_adjustment_target": 0.5484110722959504,
    "weight_adjustment_rate": 0.008063184583746075,
    "progenitor_secretion_rates": [
      0.48386993637188797,
      0.2673208112451131,
      0.36770558147116444
    ],
    "neuron_secretion_rates": [
      0.21460551373649445,
      0.3191790578928694,
      0.22898231163127947
    ],
    "inhibition_matrix": [
      [
        0.0,
        0.0,
        0.0
      ],
      [
        0.07340618557834083,
        0.0,
        0.0
      ],
      [
        0.0,
        0.0,
        0.0
      ]
    ],
    "diffusion_patterns": [
      [
        [
          0.1591099306871378,
          0.0785776858194697,
          0.0955502616713671
        ],
        [
          0.1830925517964052,
          0.00197796512064091,
          0.010850478732707121
        ],
        [
          0.14934660555540155,
          0.11325153037262749,
          0.20824299024424317
        ]
      ],
      [
        [
          0.1535478142308675,
          0.1684460488454897,
          0.1598873409749299
        ],
        [
          0.15916508965622903,
          0.12626133791904384,
          0.021953767442041135
        ],
        [
          0.0213140753632753,
          0.00910014371089626,
          0.18032438185722752
        ]
      ],
      [
        [
          0.19708538661774747,
          0.1388529140486733,
          0.09906550723594262
        ],
        [
          0.11796929697115988,
          0.00815865663827247,
          0.2293774704590509
        ],
        [
          0.18966458946278844,
          0.019389134724912917,
          0.00043704384145182686
        ]
      ]
    ]
  },
  "network_stats": {
    "neurons": 400,
    "connections": 1003
  },
  "rollout_data": {
    "rewards": [
      -166.0,
      -153.0,
      -179.0,
      -183.0,
      -145.0,
      -176.0,
      -149.0,
      -151.0,
      -162.0,
      -165.0,
      -159.0,
      -149.0,
      -195.0,
      -186.0,
      -133.0,
      -152.0,
      -138.0,
      -162.0,
      -263.0,
      -161.0
    ],
    "lengths": [
      167,
      154,
      180,
      184,
      146,
      177,
      150,
      152,
      163,
      166,
      160,
      150,
      196,
      187,
      134,
      153,
      139,
      163,
      264,
      162
    ],
    "eval_seeds": [
      5007484,
      5007485,
      5007486,
      5007487,
      5007488,
      5007489,
      5007490,
      5007491,
      5007492,
      5007493,
      5007494,
      5007495,
      5007496,
      5007497,
      5007498,
      5007499,
      5007500,
      5007501,
      5007502,
      5007503
    ]
  }
}