{
  "network_id": 13365,
  "seed": 5013365,
  "valid": true,
  "baseline_reward": -500.0,
  "stratum": "weak",
  "genome": {
    "max_growth_steps": 200,
    "size_x": 20,
    "size_y": 20,
    "diffusion_rate": 0.08586285710491748,
    "num_morphogens": 3,
    "division_threshold": 0.4453729527304286,
    "cell_differentiation_threshold": 0.6903132604886643,
    "axon_growth_threshold": 0.24427692722858663,
    "max_axon_length": 3,
    "axon_connect_threshold": 0.5683379704150149,
    "self_connect_isolated_neurons_fraction": 0.20454323336521396,
    "weight_adjustment_target": 0.6277970173709755,
    "weight_adjustment_rate": 0.01757257577803098,
    "progenitor_secretion_rates": [
      0.39458468112839606,
      0.29250298584273876,
      0.22179912934456364
    ],
    "neuron_secretion_rates": [
      0.13928225027359087,
      0.47792515447822226,
      0.002235271972846342
    ],
    "inhibition_matrix": [
      [
        0.0,
        0.0,
        0.0
      ],
      [
        0.0,
        0.0,
        0.0
      ],
      [
        0.0,
        0.0,
        0.0
      ]
    ],
    "diffusion_patterns": [
      [
        [
          0.15684340964468446,
          0.13458759592360656,
          0.05675617515156086
        ],
        [
          0.09683064675533704,
          0.11264076645282314,
          0.1375004918616597
        ],
        [
          0.03726297664868636,
          0.14231815706526307,
          0.12525978049637881
        ]
      ],
      [
        [
          0.12106578668714635,
          0.007474116933903931,
          0.18738291229795243
        ],
        [
          0.171636741330606,
          0.13208024381676797,
          0.01573300355460318
        ],
        [
          0.04875477172391743,
          0.304294304321458,
          0.011578119333644787
        ]
      ],
      [
        [
          0.18262437275797827,
          0.06461002752595381,
          0.09002753343711126
        ],
        [
          0.08836322374241529,
          0.057313558594412464,
          0.20321841004871455
        ],
        [
          0.13730498693941504,
          0.1557742507898264,
          0.020763636164172993
        ]
      ]
    ]
  },
  "network_stats": {
    "neurons": 400,
    "connections": 1641
  },
  "rollout_data": {
    "rewards": [
      -500.0,
      -500.0,
      -500.0,
      -500.0,
      -500.0,
      -500.0,
      -500.0,
      -500.0,
      -500.0,
      -500.0,
      -500.0,
      -500.0,
      -500.0,
      -500.0,
      -500.0,
      -500.0,
      -500.0,
      -500.0,
      -500.0,
      -500.0
    ],
    "lengths": [
      500,
      500,
      500,
      500,
      500,
      500,
      500,
      500,
      500,
      500,
      500,
      500,
      500,
      500,
      500,
      500,
      500,
      500,
      500,
      500
    ],
    "eval_seeds": [
      5013365,
      5013366,
      5013367,
      5013368,
      5013369,
      5013370,
      5013371,
      5013372,
      5013373,
      5013374,
      5013375,
      5013376,
      5013377,
      5013378,
      5013379,
      5013380,
      5013381,
      5013382,
      5013383,
      5013384
    ]
  }
}