{
  "network_id": 2384,
  "seed": 5002384,
  "valid": true,
  "baseline_reward": -500.0,
  "stratum": "weak",
  "genome": {
    "max_growth_steps": 200,
    "size_x": 20,
    "size_y": 20,
    "diffusion_rate": 0.10301852175069784,
    "num_morphogens": 3,
    "division_threshold": 0.37025032900493465,
    "cell_differentiation_threshold": 0.3621543884436199,
    "axon_growth_threshold": 0.44511446040020386,
    "max_axon_length": 3,
    "axon_connect_threshold": 0.4428817614276956,
    "self_connect_isolated_neurons_fraction": 0.051249841391361094,
    "weight_adjustment_target": 0.5387208170753245,
    "weight_adjustment_rate": 0.012956987418726607,
    "progenitor_secretion_rates": [
      0.40379716736169313,
      0.0942697139086956,
      0.3629648337700494
    ],
    "neuron_secretion_rates": [
      0.16708030718194744,
      0.3063805067615141,
      0.06043106274536364
    ],
    "inhibition_matrix": [
      [
        0.0,
        0.0,
        0.4319379311082683
      ],
      [
        0.0,
        0.0,
        0.08072647313226888
      ],
      [
        0.0,
        0.23781032865196017,
        0.0
      ]
    ],
    "diffusion_patterns": [
      [
        [
          0.04905749130812904,
          0.1587700935189661,
          0.19112779591151274
        ],
        [
          0.13659487441031848,
          0.20209337562378388,
          0.0481768994964518
        ],
        [
          0.15742977413089837,
          0.013017416045500694,
          0.043732279554438924
        ]
      ],
      [
        [
          0.03726565778914363,
          0.18029783040961517,
          0.1752751941436339
        ],
        [
          0.15159713377897677,
          0.007583645570411222,
          0.10426636228340644
        ],
        [
          0.05160516094821983,
          0.0987168658976362,
          0.1933921491789569
        ]
      ],
      [
        [
          0.1355034347310463,
          0.01720470412967784,
          0.21045505162864211
        ],
        [
          0.009774214338414394,
          0.20906779391731392,
          0.1008452465691582
        ],
        [
          0.03705480017336414,
          0.054494592805433256,
          0.22560016170694983
        ]
      ]
    ]
  },
  "network_stats": {
    "neurons": 400,
    "connections": 896
  },
  "rollout_data": {
    "rewards": [
      -500.0,
      -500.0,
      -500.0,
      -500.0,
      -500.0,
      -500.0,
      -500.0,
      -500.0,
      -500.0,
      -500.0,
      -500.0,
      -500.0,
      -500.0,
      -500.0,
      -500.0,
      -500.0,
      -500.0,
      -500.0,
      -500.0,
      -500.0
    ],
    "lengths": [
      500,
      500,
      500,
      500,
      500,
      500,
      500,
      500,
      500,
      500,
      500,
      500,
      500,
      500,
      500,
      500,
      500,
      500,
      500,
      500
    ],
    "eval_seeds": [
      5002384,
      5002385,
      5002386,
      5002387,
      5002388,
      5002389,
      5002390,
      5002391,
      5002392,
      5002393,
      5002394,
      5002395,
      5002396,
      5002397,
      5002398,
      5002399,
      5002400,
      5002401,
      5002402,
      5002403
    ]
  }
}