{
  "network_id": 4923,
  "seed": 5004923,
  "valid": true,
  "baseline_reward": -500.0,
  "stratum": "weak",
  "genome": {
    "max_growth_steps": 200,
    "size_x": 20,
    "size_y": 20,
    "diffusion_rate": 0.06281777434615801,
    "num_morphogens": 3,
    "division_threshold": 0.45673768803780623,
    "cell_differentiation_threshold": 0.6453975581777307,
    "axon_growth_threshold": 0.4975013079203166,
    "max_axon_length": 2,
    "axon_connect_threshold": 0.5116041031244377,
    "self_connect_isolated_neurons_fraction": 0.05932748533723028,
    "weight_adjustment_target": 0.42670489310512527,
    "weight_adjustment_rate": 0.010894532679980605,
    "progenitor_secretion_rates": [
      0.22438603132041646,
      0.292752166811372,
      0.3952988818178008
    ],
    "neuron_secretion_rates": [
      0.06207807917492836,
      0.1618488517811248,
      0.4534074204941267
    ],
    "inhibition_matrix": [
      [
        0.0,
        0.0,
        0.0
      ],
      [
        0.0,
        0.0,
        0.0
      ],
      [
        0.11806513439236288,
        0.0,
        0.0
      ]
    ],
    "diffusion_patterns": [
      [
        [
          0.050294518574777125,
          0.025400281423107036,
          0.16143745674994744
        ],
        [
          0.07829329204696323,
          0.025803370374275162,
          0.1039809897059504
        ],
        [
          0.042672771062994524,
          0.28554337861798074,
          0.22657394144400425
        ]
      ],
      [
        [
          0.11341414093942469,
          0.06808092548769533,
          0.1904807436187389
        ],
        [
          0.10926208708708685,
          0.10033288187971019,
          0.14767024749654853
        ],
        [
          0.15182351567921995,
          0.025224961696180003,
          0.09371049611539553
        ]
      ],
      [
        [
          0.09145365724217165,
          0.12374911624134509,
          0.06292467748337137
        ],
        [
          0.17803736389542485,
          0.11580116253290136,
          0.21144367819844384
        ],
        [
          0.07301131877452272,
          0.1238288809136308,
          0.01975014471818823
        ]
      ]
    ]
  },
  "network_stats": {
    "neurons": 400,
    "connections": 1622
  },
  "rollout_data": {
    "rewards": [
      -500.0,
      -500.0,
      -500.0,
      -500.0,
      -500.0,
      -500.0,
      -500.0,
      -500.0,
      -500.0,
      -500.0,
      -500.0,
      -500.0,
      -500.0,
      -500.0,
      -500.0,
      -500.0,
      -500.0,
      -500.0,
      -500.0,
      -500.0
    ],
    "lengths": [
      500,
      500,
      500,
      500,
      500,
      500,
      500,
      500,
      500,
      500,
      500,
      500,
      500,
      500,
      500,
      500,
      500,
      500,
      500,
      500
    ],
    "eval_seeds": [
      5004923,
      5004924,
      5004925,
      5004926,
      5004927,
      5004928,
      5004929,
      5004930,
      5004931,
      5004932,
      5004933,
      5004934,
      5004935,
      5004936,
      5004937,
      5004938,
      5004939,
      5004940,
      5004941,
      5004942
    ]
  }
}