{
  "network_id": 14247,
  "seed": 5014247,
  "valid": true,
  "baseline_reward": -500.0,
  "stratum": "weak",
  "genome": {
    "max_growth_steps": 200,
    "size_x": 20,
    "size_y": 20,
    "diffusion_rate": 0.13198880382868994,
    "num_morphogens": 3,
    "division_threshold": 0.5712644034921767,
    "cell_differentiation_threshold": 0.34937565801061227,
    "axon_growth_threshold": 0.35057764780154976,
    "max_axon_length": 7,
    "axon_connect_threshold": 0.7385122099291005,
    "self_connect_isolated_neurons_fraction": 0.25801783813657625,
    "weight_adjustment_target": 0.6207729138286253,
    "weight_adjustment_rate": 0.01608144817422083,
    "progenitor_secretion_rates": [
      0.4867748846408362,
      0.07912974145550378,
      0.14509545543650382
    ],
    "neuron_secretion_rates": [
      0.23889683745168616,
      0.0266123898804716,
      0.17536707125001783
    ],
    "inhibition_matrix": [
      [
        0.0,
        0.0365711696224395,
        0.43084845410011674
      ],
      [
        0.0,
        0.0,
        0.0
      ],
      [
        0.41751815441608725,
        0.0,
        0.0
      ]
    ],
    "diffusion_patterns": [
      [
        [
          0.15158046187760535,
          0.1553895779127513,
          0.06454833267932507
        ],
        [
          0.05066888304681143,
          0.19110652708135376,
          0.10685540410728422
        ],
        [
          0.10990840347913405,
          0.003571172707657041,
          0.16637123710807783
        ]
      ],
      [
        [
          0.046160417543384,
          0.16642670427113582,
          0.1192038237644316
        ],
        [
          0.16054049077414947,
          0.11390932103463439,
          0.13940509097303924
        ],
        [
          0.06509181923271926,
          0.08672014188694843,
          0.10254219051955782
        ]
      ],
      [
        [
          0.21058795809008976,
          0.16926521696217858,
          0.16080709675344923
        ],
        [
          0.13184719882910237,
          0.035041334422497614,
          0.021844056668024688
        ],
        [
          0.16167626163154553,
          0.028212869191133187,
          0.08071800745197906
        ]
      ]
    ]
  },
  "network_stats": {
    "neurons": 400,
    "connections": 2263
  },
  "rollout_data": {
    "rewards": [
      -500.0,
      -500.0,
      -500.0,
      -500.0,
      -500.0,
      -500.0,
      -500.0,
      -500.0,
      -500.0,
      -500.0,
      -500.0,
      -500.0,
      -500.0,
      -500.0,
      -500.0,
      -500.0,
      -500.0,
      -500.0,
      -500.0,
      -500.0
    ],
    "lengths": [
      500,
      500,
      500,
      500,
      500,
      500,
      500,
      500,
      500,
      500,
      500,
      500,
      500,
      500,
      500,
      500,
      500,
      500,
      500,
      500
    ],
    "eval_seeds": [
      5014247,
      5014248,
      5014249,
      5014250,
      5014251,
      5014252,
      5014253,
      5014254,
      5014255,
      5014256,
      5014257,
      5014258,
      5014259,
      5014260,
      5014261,
      5014262,
      5014263,
      5014264,
      5014265,
      5014266
    ]
  }
}