{
  "network_id": 11557,
  "seed": 5011557,
  "valid": true,
  "baseline_reward": -500.0,
  "stratum": "weak",
  "genome": {
    "max_growth_steps": 200,
    "size_x": 20,
    "size_y": 20,
    "diffusion_rate": 0.10228429285600626,
    "num_morphogens": 3,
    "division_threshold": 0.621673993468282,
    "cell_differentiation_threshold": 0.4938148387056488,
    "axon_growth_threshold": 0.4066780116241847,
    "max_axon_length": 6,
    "axon_connect_threshold": 0.8895458835198592,
    "self_connect_isolated_neurons_fraction": 0.0039038292749086654,
    "weight_adjustment_target": 0.5101399580765429,
    "weight_adjustment_rate": 0.01440754273401269,
    "progenitor_secretion_rates": [
      0.40466800576883255,
      0.17921253195375197,
      0.14799757273997693
    ],
    "neuron_secretion_rates": [
      0.19627328472707323,
      0.18018898993195653,
      0.25070039615995066
    ],
    "inhibition_matrix": [
      [
        0.0,
        0.0,
        0.19747509890918713
      ],
      [
        0.0,
        0.0,
        0.22332912525876064
      ],
      [
        0.0,
        0.18068864818086,
        0.0
      ]
    ],
    "diffusion_patterns": [
      [
        [
          0.07985624523133131,
          0.1075871122204225,
          0.02808557529889917
        ],
        [
          0.22247299742353302,
          0.02133233815678893,
          0.04407346898472243
        ],
        [
          0.0699528879282796,
          0.21868804125173003,
          0.20795133350429298
        ]
      ],
      [
        [
          0.18744896681256315,
          0.10318426345864251,
          0.19691858963434974
        ],
        [
          0.009861874082036749,
          0.18815244967148656,
          0.04850612245533466
        ],
        [
          0.11841506618159335,
          0.1116148868253528,
          0.03589778087864045
        ]
      ],
      [
        [
          0.006694377691156579,
          0.04379765776436258,
          0.09801253987664307
        ],
        [
          0.19153601388032881,
          0.17161207474279525,
          0.18360779883615413
        ],
        [
          0.08668125720254075,
          0.004704141153226136,
          0.21335413885279264
        ]
      ]
    ]
  },
  "network_stats": {
    "neurons": 400,
    "connections": 143
  },
  "rollout_data": {
    "rewards": [
      -500.0,
      -500.0,
      -500.0,
      -500.0,
      -500.0,
      -500.0,
      -500.0,
      -500.0,
      -500.0,
      -500.0,
      -500.0,
      -500.0,
      -500.0,
      -500.0,
      -500.0,
      -500.0,
      -500.0,
      -500.0,
      -500.0,
      -500.0
    ],
    "lengths": [
      500,
      500,
      500,
      500,
      500,
      500,
      500,
      500,
      500,
      500,
      500,
      500,
      500,
      500,
      500,
      500,
      500,
      500,
      500,
      500
    ],
    "eval_seeds": [
      5011557,
      5011558,
      5011559,
      5011560,
      5011561,
      5011562,
      5011563,
      5011564,
      5011565,
      5011566,
      5011567,
      5011568,
      5011569,
      5011570,
      5011571,
      5011572,
      5011573,
      5011574,
      5011575,
      5011576
    ]
  }
}