{
  "network_id": 15623,
  "seed": 5015623,
  "valid": true,
  "baseline_reward": -500.0,
  "stratum": "weak",
  "genome": {
    "max_growth_steps": 200,
    "size_x": 20,
    "size_y": 20,
    "diffusion_rate": 0.05643024722532079,
    "num_morphogens": 3,
    "division_threshold": 0.6607168656246062,
    "cell_differentiation_threshold": 0.6911569043532942,
    "axon_growth_threshold": 0.4123824009759339,
    "max_axon_length": 10,
    "axon_connect_threshold": 0.7502722430902145,
    "self_connect_isolated_neurons_fraction": 0.2574432480996681,
    "weight_adjustment_target": 0.5100481633845521,
    "weight_adjustment_rate": 0.012029687897897953,
    "progenitor_secretion_rates": [
      0.3756802512497376,
      0.031222646344789662,
      0.2994600181676045
    ],
    "neuron_secretion_rates": [
      0.19147329736473517,
      0.11420596947242928,
      0.16903391058285167
    ],
    "inhibition_matrix": [
      [
        0.0,
        0.0,
        0.0
      ],
      [
        0.0,
        0.0,
        0.0
      ],
      [
        0.0848109825675894,
        0.0,
        0.0
      ]
    ],
    "diffusion_patterns": [
      [
        [
          0.051354797427646606,
          0.0872733176434812,
          0.14580816282877745
        ],
        [
          0.1483410028739038,
          0.1588167736298172,
          0.0899971425333586
        ],
        [
          0.08099567080083962,
          0.12838497155018766,
          0.10902816071198791
        ]
      ],
      [
        [
          0.04299450633647994,
          0.08401074448690818,
          0.15950563190920447
        ],
        [
          0.03868810934083018,
          0.1210634456152473,
          0.08061081047027129
        ],
        [
          0.23222069745274485,
          0.03470128990826178,
          0.20620476448005198
        ]
      ],
      [
        [
          0.0742772437090837,
          0.03491927406323569,
          0.004790951844969782
        ],
        [
          0.2016517402836979,
          0.14327396009787746,
          0.0831828537746278
        ],
        [
          0.2043484851373871,
          0.05496265780669177,
          0.19859283328242883
        ]
      ]
    ]
  },
  "network_stats": {
    "neurons": 400,
    "connections": 496
  },
  "rollout_data": {
    "rewards": [
      -500.0,
      -500.0,
      -500.0,
      -500.0,
      -500.0,
      -500.0,
      -500.0,
      -500.0,
      -500.0,
      -500.0,
      -500.0,
      -500.0,
      -500.0,
      -500.0,
      -500.0,
      -500.0,
      -500.0,
      -500.0,
      -500.0,
      -500.0
    ],
    "lengths": [
      500,
      500,
      500,
      500,
      500,
      500,
      500,
      500,
      500,
      500,
      500,
      500,
      500,
      500,
      500,
      500,
      500,
      500,
      500,
      500
    ],
    "eval_seeds": [
      5015623,
      5015624,
      5015625,
      5015626,
      5015627,
      5015628,
      5015629,
      5015630,
      5015631,
      5015632,
      5015633,
      5015634,
      5015635,
      5015636,
      5015637,
      5015638,
      5015639,
      5015640,
      5015641,
      5015642
    ]
  }
}