{
  "network_id": 7899,
  "seed": 5007899,
  "valid": true,
  "baseline_reward": -500.0,
  "stratum": "weak",
  "genome": {
    "max_growth_steps": 200,
    "size_x": 20,
    "size_y": 20,
    "diffusion_rate": 0.07311533574545283,
    "num_morphogens": 3,
    "division_threshold": 0.35902267882897726,
    "cell_differentiation_threshold": 0.43807495631722004,
    "axon_growth_threshold": 0.3100776653554606,
    "max_axon_length": 5,
    "axon_connect_threshold": 0.7562919797635385,
    "self_connect_isolated_neurons_fraction": 0.11578305416152472,
    "weight_adjustment_target": 0.45796945534350764,
    "weight_adjustment_rate": 0.010931952928114832,
    "progenitor_secretion_rates": [
      0.4240510162448334,
      0.40732857397648503,
      0.26105019360313964
    ],
    "neuron_secretion_rates": [
      0.3470598863219823,
      0.3965877024158585,
      0.19194935071782337
    ],
    "inhibition_matrix": [
      [
        0.0,
        0.0,
        0.0
      ],
      [
        0.35934543736187774,
        0.0,
        0.0
      ],
      [
        0.0,
        0.032727590608289614,
        0.0
      ]
    ],
    "diffusion_patterns": [
      [
        [
          0.24749732549163264,
          0.022257319934118808,
          0.12069967391477657
        ],
        [
          0.0078077493993100626,
          0.24601472639129607,
          0.1457504052340358
        ],
        [
          0.04366130667367133,
          0.16023317622907282,
          0.006078316732085955
        ]
      ],
      [
        [
          0.12941504457308958,
          0.17750939981991345,
          0.014201623042175182
        ],
        [
          0.016529274462425695,
          0.10312841739610525,
          0.028791247603749223
        ],
        [
          0.23825087080061946,
          0.1832685727612332,
          0.10890554954068897
        ]
      ],
      [
        [
          0.029965112900197148,
          0.16306157587887762,
          0.14737781165016564
        ],
        [
          0.1171453027431265,
          0.15968682671478057,
          0.17475447949486705
        ],
        [
          0.0525458021891432,
          0.010080824317092837,
          0.14538226411174943
        ]
      ]
    ]
  },
  "network_stats": {
    "neurons": 400,
    "connections": 1141
  },
  "rollout_data": {
    "rewards": [
      -500.0,
      -500.0,
      -500.0,
      -500.0,
      -500.0,
      -500.0,
      -500.0,
      -500.0,
      -500.0,
      -500.0,
      -500.0,
      -500.0,
      -500.0,
      -500.0,
      -500.0,
      -500.0,
      -500.0,
      -500.0,
      -500.0,
      -500.0
    ],
    "lengths": [
      500,
      500,
      500,
      500,
      500,
      500,
      500,
      500,
      500,
      500,
      500,
      500,
      500,
      500,
      500,
      500,
      500,
      500,
      500,
      500
    ],
    "eval_seeds": [
      5007899,
      5007900,
      5007901,
      5007902,
      5007903,
      5007904,
      5007905,
      5007906,
      5007907,
      5007908,
      5007909,
      5007910,
      5007911,
      5007912,
      5007913,
      5007914,
      5007915,
      5007916,
      5007917,
      5007918
    ]
  }
}