{
  "network_id": 5106,
  "seed": 5005106,
  "valid": true,
  "baseline_reward": -101.65,
  "stratum": "near_perfect",
  "genome": {
    "max_growth_steps": 200,
    "size_x": 20,
    "size_y": 20,
    "diffusion_rate": 0.06313141536435195,
    "num_morphogens": 3,
    "division_threshold": 0.4716305946739156,
    "cell_differentiation_threshold": 0.30176889633485254,
    "axon_growth_threshold": 0.4337051684530824,
    "max_axon_length": 6,
    "axon_connect_threshold": 0.5117021820731157,
    "self_connect_isolated_neurons_fraction": 0.28884222897878137,
    "weight_adjustment_target": 0.6373520983359349,
    "weight_adjustment_rate": 0.010452589688780212,
    "progenitor_secretion_rates": [
      0.4385421005247265,
      0.36544085061262893,
      0.1821301218015397
    ],
    "neuron_secretion_rates": [
      0.22700881797686734,
      0.03150567173525681,
      0.11680040666134933
    ],
    "inhibition_matrix": [
      [
        0.0,
        0.047565855353789654,
        0.2701230335515051
      ],
      [
        0.3670877103939855,
        0.0,
        0.4854259546670048
      ],
      [
        0.0,
        0.0,
        0.0
      ]
    ],
    "diffusion_patterns": [
      [
        [
          0.022905952672550956,
          0.2615131125024246,
          0.1711466248163788
        ],
        [
          0.04254385472262946,
          0.15566378776143466,
          0.007585720381047799
        ],
        [
          0.11362360390868678,
          0.0667964032651875,
          0.15822093996965936
        ]
      ],
      [
        [
          0.08737201877473216,
          0.09651601165075112,
          0.22836640586428714
        ],
        [
          0.07567018486518101,
          0.08922667629861909,
          0.11728219357294337
        ],
        [
          0.14983203931848593,
          0.13926567348667404,
          0.016468796168326305
        ]
      ],
      [
        [
          0.1866018994738447,
          0.17048024883089816,
          0.08976640337559649
        ],
        [
          0.11537151727558007,
          0.16440004536435468,
          0.007814228704859217
        ],
        [
          0.02097539174011366,
          0.08202189308941192,
          0.1625683721453412
        ]
      ]
    ]
  },
  "network_stats": {
    "neurons": 392,
    "connections": 1201
  },
  "rollout_data": {
    "rewards": [
      -107.0,
      -82.0,
      -95.0,
      -78.0,
      -90.0,
      -99.0,
      -87.0,
      -103.0,
      -92.0,
      -107.0,
      -112.0,
      -98.0,
      -92.0,
      -81.0,
      -141.0,
      -80.0,
      -84.0,
      -95.0,
      -100.0,
      -210.0
    ],
    "lengths": [
      108,
      83,
      96,
      79,
      91,
      100,
      88,
      104,
      93,
      108,
      113,
      99,
      93,
      82,
      142,
      81,
      85,
      96,
      101,
      211
    ],
    "eval_seeds": [
      5005106,
      5005107,
      5005108,
      5005109,
      5005110,
      5005111,
      5005112,
      5005113,
      5005114,
      5005115,
      5005116,
      5005117,
      5005118,
      5005119,
      5005120,
      5005121,
      5005122,
      5005123,
      5005124,
      5005125
    ]
  }
}