{
  "network_id": 5323,
  "seed": 5005323,
  "valid": true,
  "baseline_reward": -500.0,
  "stratum": "weak",
  "genome": {
    "max_growth_steps": 200,
    "size_x": 20,
    "size_y": 20,
    "diffusion_rate": 0.18122686601285307,
    "num_morphogens": 3,
    "division_threshold": 0.31654115709019776,
    "cell_differentiation_threshold": 0.6889242706007979,
    "axon_growth_threshold": 0.367149207028284,
    "max_axon_length": 6,
    "axon_connect_threshold": 0.42204620109808894,
    "self_connect_isolated_neurons_fraction": 0.1656336903154808,
    "weight_adjustment_target": 0.6003254471830243,
    "weight_adjustment_rate": 0.017115687750463918,
    "progenitor_secretion_rates": [
      0.3664449261276836,
      0.34023522398481065,
      0.3073192134953208
    ],
    "neuron_secretion_rates": [
      0.278982134661749,
      0.41882868269937973,
      0.09353654653863153
    ],
    "inhibition_matrix": [
      [
        0.0,
        0.13295456068568462,
        0.1963024556853316
      ],
      [
        0.0,
        0.0,
        0.0
      ],
      [
        0.0,
        0.004649875336708131,
        0.0
      ]
    ],
    "diffusion_patterns": [
      [
        [
          0.13962156922672997,
          0.015541900728091659,
          0.1702443673313477
        ],
        [
          0.05297999387087728,
          0.11859374800531979,
          0.11575804850149567
        ],
        [
          0.18894755180078537,
          0.06748341543150224,
          0.13082940510385033
        ]
      ],
      [
        [
          0.09154273370627646,
          0.1497482097385482,
          0.030511645306677736
        ],
        [
          0.13653396022426517,
          0.13094543040878534,
          0.19368777374657256
        ],
        [
          0.05215178280732933,
          0.18852048890669595,
          0.026357975154849275
        ]
      ],
      [
        [
          0.12429318571250915,
          0.09234557260072446,
          0.17416397030137123
        ],
        [
          0.010449361469446588,
          0.051938676418833665,
          0.24881800866081247
        ],
        [
          0.020829826191584584,
          0.029294230752090332,
          0.24786716789262755
        ]
      ]
    ]
  },
  "network_stats": {
    "neurons": 400,
    "connections": 1060
  },
  "rollout_data": {
    "rewards": [
      -500.0,
      -500.0,
      -500.0,
      -500.0,
      -500.0,
      -500.0,
      -500.0,
      -500.0,
      -500.0,
      -500.0,
      -500.0,
      -500.0,
      -500.0,
      -500.0,
      -500.0,
      -500.0,
      -500.0,
      -500.0,
      -500.0,
      -500.0
    ],
    "lengths": [
      500,
      500,
      500,
      500,
      500,
      500,
      500,
      500,
      500,
      500,
      500,
      500,
      500,
      500,
      500,
      500,
      500,
      500,
      500,
      500
    ],
    "eval_seeds": [
      5005323,
      5005324,
      5005325,
      5005326,
      5005327,
      5005328,
      5005329,
      5005330,
      5005331,
      5005332,
      5005333,
      5005334,
      5005335,
      5005336,
      5005337,
      5005338,
      5005339,
      5005340,
      5005341,
      5005342
    ]
  }
}