{
  "network_id": 8198,
  "seed": 5008198,
  "valid": true,
  "baseline_reward": -500.0,
  "stratum": "weak",
  "genome": {
    "max_growth_steps": 200,
    "size_x": 20,
    "size_y": 20,
    "diffusion_rate": 0.05016616090558953,
    "num_morphogens": 3,
    "division_threshold": 0.35028762859751517,
    "cell_differentiation_threshold": 0.30064099786676773,
    "axon_growth_threshold": 0.23106488585676438,
    "max_axon_length": 10,
    "axon_connect_threshold": 0.4623562964457114,
    "self_connect_isolated_neurons_fraction": 0.10720796838932442,
    "weight_adjustment_target": 0.4159967163322306,
    "weight_adjustment_rate": 0.006297861888795738,
    "progenitor_secretion_rates": [
      0.3468821533306632,
      0.049696777372074896,
      0.4526064310593439
    ],
    "neuron_secretion_rates": [
      0.31974012298008436,
      0.05145100217401627,
      0.007037819766119668
    ],
    "inhibition_matrix": [
      [
        0.0,
        0.007265683289235325,
        0.0
      ],
      [
        0.0,
        0.0,
        0.0
      ],
      [
        0.0,
        0.0,
        0.0
      ]
    ],
    "diffusion_patterns": [
      [
        [
          0.09424870493847254,
          0.2823721877038719,
          0.043532661139784254
        ],
        [
          0.034767684777673,
          0.14480436271012295,
          0.07247968240040183
        ],
        [
          0.03965649895769914,
          0.076102626154418,
          0.21203559121755639
        ]
      ],
      [
        [
          0.10672285653249217,
          0.0306028065844275,
          0.08960308058954244
        ],
        [
          0.020231192934095497,
          0.03741368282484884,
          0.05539700275020388
        ],
        [
          0.2069969246922041,
          0.25028108133196225,
          0.20275137176022334
        ]
      ],
      [
        [
          0.11321639555227099,
          0.09817275614004334,
          0.06293235344891693
        ],
        [
          0.2368767221057769,
          0.11651205065063,
          0.17285438284917023
        ],
        [
          0.052948286507034106,
          0.09153391232710888,
          0.054953140419048814
        ]
      ]
    ]
  },
  "network_stats": {
    "neurons": 400,
    "connections": 496
  },
  "rollout_data": {
    "rewards": [
      -500.0,
      -500.0,
      -500.0,
      -500.0,
      -500.0,
      -500.0,
      -500.0,
      -500.0,
      -500.0,
      -500.0,
      -500.0,
      -500.0,
      -500.0,
      -500.0,
      -500.0,
      -500.0,
      -500.0,
      -500.0,
      -500.0,
      -500.0
    ],
    "lengths": [
      500,
      500,
      500,
      500,
      500,
      500,
      500,
      500,
      500,
      500,
      500,
      500,
      500,
      500,
      500,
      500,
      500,
      500,
      500,
      500
    ],
    "eval_seeds": [
      5008198,
      5008199,
      5008200,
      5008201,
      5008202,
      5008203,
      5008204,
      5008205,
      5008206,
      5008207,
      5008208,
      5008209,
      5008210,
      5008211,
      5008212,
      5008213,
      5008214,
      5008215,
      5008216,
      5008217
    ]
  }
}