{
  "network_id": 6589,
  "seed": 5006589,
  "valid": true,
  "baseline_reward": -500.0,
  "stratum": "weak",
  "genome": {
    "max_growth_steps": 200,
    "size_x": 20,
    "size_y": 20,
    "diffusion_rate": 0.07291706830231699,
    "num_morphogens": 3,
    "division_threshold": 0.5277287454857029,
    "cell_differentiation_threshold": 0.3512852409122596,
    "axon_growth_threshold": 0.22282291393672293,
    "max_axon_length": 8,
    "axon_connect_threshold": 0.7594895304558075,
    "self_connect_isolated_neurons_fraction": 0.16182478496870742,
    "weight_adjustment_target": 0.568542863188769,
    "weight_adjustment_rate": 0.005957170480205816,
    "progenitor_secretion_rates": [
      0.17408624023917363,
      0.09586133266138303,
      0.07971209656837741
    ],
    "neuron_secretion_rates": [
      0.013059083034199614,
      0.08080241362569651,
      0.0897896442288647
    ],
    "inhibition_matrix": [
      [
        0.0,
        0.0,
        0.0
      ],
      [
        0.0,
        0.0,
        0.0
      ],
      [
        0.0,
        0.0,
        0.0
      ]
    ],
    "diffusion_patterns": [
      [
        [
          0.17587527988408255,
          0.17121244746860362,
          0.11362104997153505
        ],
        [
          0.09548180774509936,
          0.09165006763361304,
          0.13791317482631918
        ],
        [
          0.022836096812504054,
          0.16696992248493983,
          0.02444015317330323
        ]
      ],
      [
        [
          0.20363240432932386,
          0.036973012823453444,
          0.10360108513106851
        ],
        [
          0.04197631958489954,
          0.08694744959069811,
          0.1732777421677892
        ],
        [
          0.04130107779520843,
          0.25245281968503425,
          0.059838088892524635
        ]
      ],
      [
        [
          0.13988129406198138,
          0.16575123699531763,
          0.01605023939570611
        ],
        [
          0.20595876142270844,
          0.13444252145124044,
          0.11106179067607781
        ],
        [
          0.09097389064111673,
          0.013916358669002182,
          0.12196390668684938
        ]
      ]
    ]
  },
  "network_stats": {
    "neurons": 398,
    "connections": 1177
  },
  "rollout_data": {
    "rewards": [
      -500.0,
      -500.0,
      -500.0,
      -500.0,
      -500.0,
      -500.0,
      -500.0,
      -500.0,
      -500.0,
      -500.0,
      -500.0,
      -500.0,
      -500.0,
      -500.0,
      -500.0,
      -500.0,
      -500.0,
      -500.0,
      -500.0,
      -500.0
    ],
    "lengths": [
      500,
      500,
      500,
      500,
      500,
      500,
      500,
      500,
      500,
      500,
      500,
      500,
      500,
      500,
      500,
      500,
      500,
      500,
      500,
      500
    ],
    "eval_seeds": [
      5006589,
      5006590,
      5006591,
      5006592,
      5006593,
      5006594,
      5006595,
      5006596,
      5006597,
      5006598,
      5006599,
      5006600,
      5006601,
      5006602,
      5006603,
      5006604,
      5006605,
      5006606,
      5006607,
      5006608
    ]
  }
}