{
  "network_id": 11743,
  "seed": 5011743,
  "valid": true,
  "baseline_reward": -500.0,
  "stratum": "weak",
  "genome": {
    "max_growth_steps": 200,
    "size_x": 20,
    "size_y": 20,
    "diffusion_rate": 0.05913657435767689,
    "num_morphogens": 3,
    "division_threshold": 0.5601544114287033,
    "cell_differentiation_threshold": 0.6571716556960928,
    "axon_growth_threshold": 0.439075398246007,
    "max_axon_length": 6,
    "axon_connect_threshold": 0.6179975858428131,
    "self_connect_isolated_neurons_fraction": 0.10730227452041026,
    "weight_adjustment_target": 0.3259787385969176,
    "weight_adjustment_rate": 0.01715610880396018,
    "progenitor_secretion_rates": [
      0.3556110484546845,
      0.388089268285003,
      0.3610108528179865
    ],
    "neuron_secretion_rates": [
      0.1339334942543427,
      0.08746607640681259,
      0.005733771798750564
    ],
    "inhibition_matrix": [
      [
        0.0,
        0.08342190932740673,
        0.14025112347465424
      ],
      [
        0.2994422323290351,
        0.0,
        0.0
      ],
      [
        0.0,
        0.0,
        0.0
      ]
    ],
    "diffusion_patterns": [
      [
        [
          0.14998295695947186,
          0.0046698311632751505,
          0.12224520977003904
        ],
        [
          0.06234374399075348,
          0.22055977344925468,
          0.002273373187466293
        ],
        [
          0.2407296008234849,
          0.04120699819116402,
          0.1559885124650905
        ]
      ],
      [
        [
          0.21133783686900806,
          0.06215028808652445,
          0.10908151294594275
        ],
        [
          0.03267596201599029,
          0.06771405320276445,
          0.09810482310484413
        ],
        [
          0.2044823730622255,
          0.18593215355304887,
          0.028520997159651573
        ]
      ],
      [
        [
          0.0122836164931608,
          0.21876775807174004,
          0.09816399276851187
        ],
        [
          0.025440252260599594,
          0.21257287541134867,
          0.1924844677132982
        ],
        [
          0.022791947686286552,
          0.013718072371398849,
          0.2037770172236554
        ]
      ]
    ]
  },
  "network_stats": {
    "neurons": 400,
    "connections": 1255
  },
  "rollout_data": {
    "rewards": [
      -500.0,
      -500.0,
      -500.0,
      -500.0,
      -500.0,
      -500.0,
      -500.0,
      -500.0,
      -500.0,
      -500.0,
      -500.0,
      -500.0,
      -500.0,
      -500.0,
      -500.0,
      -500.0,
      -500.0,
      -500.0,
      -500.0,
      -500.0
    ],
    "lengths": [
      500,
      500,
      500,
      500,
      500,
      500,
      500,
      500,
      500,
      500,
      500,
      500,
      500,
      500,
      500,
      500,
      500,
      500,
      500,
      500
    ],
    "eval_seeds": [
      5011743,
      5011744,
      5011745,
      5011746,
      5011747,
      5011748,
      5011749,
      5011750,
      5011751,
      5011752,
      5011753,
      5011754,
      5011755,
      5011756,
      5011757,
      5011758,
      5011759,
      5011760,
      5011761,
      5011762
    ]
  }
}