{
  "network_id": 8798,
  "seed": 5008798,
  "valid": true,
  "baseline_reward": -500.0,
  "stratum": "weak",
  "genome": {
    "max_growth_steps": 200,
    "size_x": 20,
    "size_y": 20,
    "diffusion_rate": 0.12339740249448908,
    "num_morphogens": 3,
    "division_threshold": 0.4580332502615292,
    "cell_differentiation_threshold": 0.5061774313438304,
    "axon_growth_threshold": 0.282065382173134,
    "max_axon_length": 5,
    "axon_connect_threshold": 0.623847675840038,
    "self_connect_isolated_neurons_fraction": 0.19722279160141312,
    "weight_adjustment_target": 0.3320449533269635,
    "weight_adjustment_rate": 0.016011528040696787,
    "progenitor_secretion_rates": [
      0.42044164670738504,
      0.4370151166273407,
      0.422717659045961
    ],
    "neuron_secretion_rates": [
      0.27499165507487927,
      0.04098245766866271,
      0.09207919548208049
    ],
    "inhibition_matrix": [
      [
        0.0,
        0.0,
        0.0
      ],
      [
        0.0,
        0.0,
        0.0
      ],
      [
        0.0,
        0.0,
        0.0
      ]
    ],
    "diffusion_patterns": [
      [
        [
          0.14120667906754786,
          0.1688550687669826,
          0.11668880313854446
        ],
        [
          0.053131116111953786,
          0.17542057102817007,
          0.030317057444103505
        ],
        [
          0.07562745010701034,
          0.08237818509675682,
          0.15637506923893058
        ]
      ],
      [
        [
          0.17433802647555113,
          0.1085944466854956,
          0.08080570244192532
        ],
        [
          0.1126480309569448,
          0.0880067752820939,
          0.22161664038880216
        ],
        [
          0.010646617859257454,
          0.03980007392251553,
          0.16354368598741428
        ]
      ],
      [
        [
          0.1849955277581355,
          0.20388368037934074,
          0.055127629865645414
        ],
        [
          0.10667812069222996,
          0.04377141405064067,
          0.11841043509895258
        ],
        [
          0.16954182803408727,
          0.022959985368690837,
          0.0946313787522771
        ]
      ]
    ]
  },
  "network_stats": {
    "neurons": 400,
    "connections": 1161
  },
  "rollout_data": {
    "rewards": [
      -500.0,
      -500.0,
      -500.0,
      -500.0,
      -500.0,
      -500.0,
      -500.0,
      -500.0,
      -500.0,
      -500.0,
      -500.0,
      -500.0,
      -500.0,
      -500.0,
      -500.0,
      -500.0,
      -500.0,
      -500.0,
      -500.0,
      -500.0
    ],
    "lengths": [
      500,
      500,
      500,
      500,
      500,
      500,
      500,
      500,
      500,
      500,
      500,
      500,
      500,
      500,
      500,
      500,
      500,
      500,
      500,
      500
    ],
    "eval_seeds": [
      5008798,
      5008799,
      5008800,
      5008801,
      5008802,
      5008803,
      5008804,
      5008805,
      5008806,
      5008807,
      5008808,
      5008809,
      5008810,
      5008811,
      5008812,
      5008813,
      5008814,
      5008815,
      5008816,
      5008817
    ]
  }
}