{
  "network_id": 3768,
  "seed": 5003768,
  "valid": true,
  "baseline_reward": -500.0,
  "stratum": "weak",
  "genome": {
    "max_growth_steps": 200,
    "size_x": 20,
    "size_y": 20,
    "diffusion_rate": 0.1919776503896589,
    "num_morphogens": 3,
    "division_threshold": 0.3316461744625934,
    "cell_differentiation_threshold": 0.3046517071517126,
    "axon_growth_threshold": 0.35304351536958967,
    "max_axon_length": 4,
    "axon_connect_threshold": 0.600578795329779,
    "self_connect_isolated_neurons_fraction": 0.021717132048985566,
    "weight_adjustment_target": 0.3129581274910026,
    "weight_adjustment_rate": 0.016530575473820943,
    "progenitor_secretion_rates": [
      0.30371840889608,
      0.3312825402938503,
      0.3897013310128544
    ],
    "neuron_secretion_rates": [
      0.31534329590599847,
      0.30833262643827636,
      0.02338790597814272
    ],
    "inhibition_matrix": [
      [
        0.0,
        0.0,
        0.03222051104268148
      ],
      [
        0.3372053936307871,
        0.0,
        0.0
      ],
      [
        0.0,
        0.0,
        0.0
      ]
    ],
    "diffusion_patterns": [
      [
        [
          0.16357214216055024,
          0.22580109902229542,
          0.10777833530653289
        ],
        [
          0.20639022968542972,
          0.021300841225076816,
          0.016621743749790297
        ],
        [
          0.060691410581534565,
          0.177536553209146,
          0.020307645059644084
        ]
      ],
      [
        [
          0.03452120419523093,
          0.005019831522683414,
          0.13947742042317324
        ],
        [
          0.18895215300565774,
          0.13537086315411662,
          0.04020636925361743
        ],
        [
          0.10286183685961887,
          0.19332521418802173,
          0.16026510739788005
        ]
      ],
      [
        [
          0.14382118117640844,
          0.06827091264683072,
          0.01343151164253945
        ],
        [
          0.2170986589827441,
          0.1207119041192139,
          0.12572031948742654
        ],
        [
          0.07215408348345008,
          0.1402607817079288,
          0.09853064675345784
        ]
      ]
    ]
  },
  "network_stats": {
    "neurons": 397,
    "connections": 1277
  },
  "rollout_data": {
    "rewards": [
      -500.0,
      -500.0,
      -500.0,
      -500.0,
      -500.0,
      -500.0,
      -500.0,
      -500.0,
      -500.0,
      -500.0,
      -500.0,
      -500.0,
      -500.0,
      -500.0,
      -500.0,
      -500.0,
      -500.0,
      -500.0,
      -500.0,
      -500.0
    ],
    "lengths": [
      500,
      500,
      500,
      500,
      500,
      500,
      500,
      500,
      500,
      500,
      500,
      500,
      500,
      500,
      500,
      500,
      500,
      500,
      500,
      500
    ],
    "eval_seeds": [
      5003768,
      5003769,
      5003770,
      5003771,
      5003772,
      5003773,
      5003774,
      5003775,
      5003776,
      5003777,
      5003778,
      5003779,
      5003780,
      5003781,
      5003782,
      5003783,
      5003784,
      5003785,
      5003786,
      5003787
    ]
  }
}