{
  "network_id": 4898,
  "seed": 5004898,
  "valid": true,
  "baseline_reward": -500.0,
  "stratum": "weak",
  "genome": {
    "max_growth_steps": 200,
    "size_x": 20,
    "size_y": 20,
    "diffusion_rate": 0.13634296248235858,
    "num_morphogens": 3,
    "division_threshold": 0.4201236715811812,
    "cell_differentiation_threshold": 0.6969247325007538,
    "axon_growth_threshold": 0.2665678631857365,
    "max_axon_length": 8,
    "axon_connect_threshold": 0.779515337297314,
    "self_connect_isolated_neurons_fraction": 0.27743335877807823,
    "weight_adjustment_target": 0.3952759949942146,
    "weight_adjustment_rate": 0.012278825349390466,
    "progenitor_secretion_rates": [
      0.3869996751753484,
      0.22477619888237077,
      0.2804218836823584
    ],
    "neuron_secretion_rates": [
      0.15541980514573056,
      0.36922650212378594,
      0.3572383422872582
    ],
    "inhibition_matrix": [
      [
        0.0,
        0.0,
        0.24864121812463558
      ],
      [
        0.0,
        0.0,
        0.10377842114765778
      ],
      [
        0.24719294418794013,
        0.0,
        0.0
      ]
    ],
    "diffusion_patterns": [
      [
        [
          0.00795824839633321,
          0.07710324764221135,
          0.2798775367469686
        ],
        [
          0.2373707317747591,
          0.08053165840523516,
          0.015862526357902574
        ],
        [
          0.1306157841260001,
          0.07442038446565397,
          0.09625988208493572
        ]
      ],
      [
        [
          0.13385067066872589,
          0.15096143094636777,
          0.17847298024962333
        ],
        [
          0.19891802960244165,
          0.08736597649409075,
          0.1451450628531303
        ],
        [
          0.013159371726110283,
          0.020030143824488658,
          0.0720963336350214
        ]
      ],
      [
        [
          0.1382684862594595,
          0.08880191388012959,
          0.031336427134949524
        ],
        [
          0.19760283554531982,
          0.22376461278698279,
          0.12375323980438989
        ],
        [
          0.0179764064585682,
          0.13697572968736585,
          0.041520348442834816
        ]
      ]
    ]
  },
  "network_stats": {
    "neurons": 400,
    "connections": 1168
  },
  "rollout_data": {
    "rewards": [
      -500.0,
      -500.0,
      -500.0,
      -500.0,
      -500.0,
      -500.0,
      -500.0,
      -500.0,
      -500.0,
      -500.0,
      -500.0,
      -500.0,
      -500.0,
      -500.0,
      -500.0,
      -500.0,
      -500.0,
      -500.0,
      -500.0,
      -500.0
    ],
    "lengths": [
      500,
      500,
      500,
      500,
      500,
      500,
      500,
      500,
      500,
      500,
      500,
      500,
      500,
      500,
      500,
      500,
      500,
      500,
      500,
      500
    ],
    "eval_seeds": [
      5004898,
      5004899,
      5004900,
      5004901,
      5004902,
      5004903,
      5004904,
      5004905,
      5004906,
      5004907,
      5004908,
      5004909,
      5004910,
      5004911,
      5004912,
      5004913,
      5004914,
      5004915,
      5004916,
      5004917
    ]
  }
}