{
  "network_id": 3217,
  "seed": 5003217,
  "valid": true,
  "baseline_reward": -500.0,
  "stratum": "weak",
  "genome": {
    "max_growth_steps": 200,
    "size_x": 20,
    "size_y": 20,
    "diffusion_rate": 0.15000437670070924,
    "num_morphogens": 3,
    "division_threshold": 0.4149698905987984,
    "cell_differentiation_threshold": 0.6176573743432681,
    "axon_growth_threshold": 0.2649628479923096,
    "max_axon_length": 9,
    "axon_connect_threshold": 0.7113938215496002,
    "self_connect_isolated_neurons_fraction": 0.20085760301722666,
    "weight_adjustment_target": 0.5102952878945793,
    "weight_adjustment_rate": 0.011710742336988324,
    "progenitor_secretion_rates": [
      0.2814879848648921,
      0.17621282229358637,
      0.20403249327211387
    ],
    "neuron_secretion_rates": [
      0.4108706659032645,
      0.341692316677109,
      0.3469166511295426
    ],
    "inhibition_matrix": [
      [
        0.0,
        0.35913390594324496,
        0.0
      ],
      [
        0.0,
        0.0,
        0.1252354579252668
      ],
      [
        0.2984089901831909,
        0.0,
        0.0
      ]
    ],
    "diffusion_patterns": [
      [
        [
          0.09029630576650424,
          0.07048199491867788,
          0.14351791058725724
        ],
        [
          0.16901879659532645,
          0.15898225037318564,
          0.052365776969612185
        ],
        [
          0.11240996564938649,
          0.13852651708083433,
          0.06440048205921543
        ]
      ],
      [
        [
          0.057496350756586254,
          0.06235050211245322,
          0.17962516722196983
        ],
        [
          0.05188664004083737,
          0.1546810553907402,
          0.2185727116796021
        ],
        [
          0.09384354128702295,
          0.025737001095857526,
          0.15580703041493058
        ]
      ],
      [
        [
          0.14266838404912652,
          0.0753830686821537,
          0.05292602378291057
        ],
        [
          0.09045674276456489,
          0.21214342839452577,
          0.11157554190650522
        ],
        [
          0.01829980682001461,
          0.15578082539770108,
          0.14076617820249765
        ]
      ]
    ]
  },
  "network_stats": {
    "neurons": 400,
    "connections": 994
  },
  "rollout_data": {
    "rewards": [
      -500.0,
      -500.0,
      -500.0,
      -500.0,
      -500.0,
      -500.0,
      -500.0,
      -500.0,
      -500.0,
      -500.0,
      -500.0,
      -500.0,
      -500.0,
      -500.0,
      -500.0,
      -500.0,
      -500.0,
      -500.0,
      -500.0,
      -500.0
    ],
    "lengths": [
      500,
      500,
      500,
      500,
      500,
      500,
      500,
      500,
      500,
      500,
      500,
      500,
      500,
      500,
      500,
      500,
      500,
      500,
      500,
      500
    ],
    "eval_seeds": [
      5003217,
      5003218,
      5003219,
      5003220,
      5003221,
      5003222,
      5003223,
      5003224,
      5003225,
      5003226,
      5003227,
      5003228,
      5003229,
      5003230,
      5003231,
      5003232,
      5003233,
      5003234,
      5003235,
      5003236
    ]
  }
}