{
  "network_id": 40,
  "seed": 5000040,
  "valid": true,
  "baseline_reward": -500.0,
  "stratum": "weak",
  "genome": {
    "max_growth_steps": 200,
    "size_x": 20,
    "size_y": 20,
    "diffusion_rate": 0.16567549766864273,
    "num_morphogens": 3,
    "division_threshold": 0.44210464550563133,
    "cell_differentiation_threshold": 0.6422085395709008,
    "axon_growth_threshold": 0.2707390149905954,
    "max_axon_length": 4,
    "axon_connect_threshold": 0.8070993697833828,
    "self_connect_isolated_neurons_fraction": 0.22048888397362237,
    "weight_adjustment_target": 0.5040425805876708,
    "weight_adjustment_rate": 0.012022136958477746,
    "progenitor_secretion_rates": [
      0.4164852923149155,
      0.2208607079878851,
      0.46839084165303074
    ],
    "neuron_secretion_rates": [
      0.35298661242254864,
      0.40125628040404715,
      0.37054421676379595
    ],
    "inhibition_matrix": [
      [
        0.0,
        0.0,
        0.0
      ],
      [
        0.0,
        0.0,
        0.0
      ],
      [
        0.0,
        0.0,
        0.0
      ]
    ],
    "diffusion_patterns": [
      [
        [
          0.0452612576597285,
          0.16842622413703295,
          0.057324547843577385
        ],
        [
          0.16669582025424948,
          0.025721959590058466,
          0.05808887336100599
        ],
        [
          0.17660024640448846,
          0.14611067110279266,
          0.15577039964706615
        ]
      ],
      [
        [
          0.1422755793452291,
          0.17943040848720052,
          0.06730091120021647
        ],
        [
          0.07601687659098556,
          0.12913179133901437,
          0.051522591697984337
        ],
        [
          0.04989804433823588,
          0.23869870261758686,
          0.0657250943835469
        ]
      ],
      [
        [
          0.04701149170849849,
          0.17607115912552382,
          0.01509118601249111
        ],
        [
          0.11529328055211566,
          0.03711137211098257,
          0.1650342639755867
        ],
        [
          0.11979166166317377,
          0.08810052105118095,
          0.23649506380044713
        ]
      ]
    ]
  },
  "network_stats": {
    "neurons": 400,
    "connections": 794
  },
  "rollout_data": {
    "rewards": [
      -500.0,
      -500.0,
      -500.0,
      -500.0,
      -500.0,
      -500.0,
      -500.0,
      -500.0,
      -500.0,
      -500.0,
      -500.0,
      -500.0,
      -500.0,
      -500.0,
      -500.0,
      -500.0,
      -500.0,
      -500.0,
      -500.0,
      -500.0
    ],
    "lengths": [
      500,
      500,
      500,
      500,
      500,
      500,
      500,
      500,
      500,
      500,
      500,
      500,
      500,
      500,
      500,
      500,
      500,
      500,
      500,
      500
    ],
    "eval_seeds": [
      5000040,
      5000041,
      5000042,
      5000043,
      5000044,
      5000045,
      5000046,
      5000047,
      5000048,
      5000049,
      5000050,
      5000051,
      5000052,
      5000053,
      5000054,
      5000055,
      5000056,
      5000057,
      5000058,
      5000059
    ]
  }
}