{
  "network_id": 2771,
  "seed": 5002771,
  "valid": true,
  "baseline_reward": -500.0,
  "stratum": "weak",
  "genome": {
    "max_growth_steps": 200,
    "size_x": 20,
    "size_y": 20,
    "diffusion_rate": 0.14132934430904884,
    "num_morphogens": 3,
    "division_threshold": 0.5214704626900742,
    "cell_differentiation_threshold": 0.386480981987601,
    "axon_growth_threshold": 0.2872573146766318,
    "max_axon_length": 6,
    "axon_connect_threshold": 0.7743071622420394,
    "self_connect_isolated_neurons_fraction": 0.08227239474817157,
    "weight_adjustment_target": 0.37312710172431585,
    "weight_adjustment_rate": 0.0067914599927333015,
    "progenitor_secretion_rates": [
      0.42161902629674175,
      0.16843369147593468,
      0.32829749134010777
    ],
    "neuron_secretion_rates": [
      0.10182848085534019,
      0.11787787182663018,
      0.15812480030052695
    ],
    "inhibition_matrix": [
      [
        0.0,
        0.0,
        0.0
      ],
      [
        0.0,
        0.0,
        0.0
      ],
      [
        0.0,
        0.0,
        0.0
      ]
    ],
    "diffusion_patterns": [
      [
        [
          0.0727709343491795,
          0.13416646584767633,
          0.03331443671545227
        ],
        [
          0.17830199030967658,
          0.17402131392437514,
          0.1452495941930818
        ],
        [
          0.10091872826788813,
          0.09805017605102559,
          0.06320636034164458
        ]
      ],
      [
        [
          0.13367539786273466,
          0.15979860054268835,
          0.07777375933801381
        ],
        [
          0.06747059150198209,
          0.1261847992813067,
          0.19203022233415976
        ],
        [
          0.04671641111872469,
          0.024588441446919053,
          0.17176177657347091
        ]
      ],
      [
        [
          0.1378610326400878,
          0.11911104013894609,
          0.10146763728265769
        ],
        [
          0.03822485160314915,
          0.13039677851262824,
          0.159213899590567
        ],
        [
          0.13492801018549427,
          0.00867674505540994,
          0.17012000499105995
        ]
      ]
    ]
  },
  "network_stats": {
    "neurons": 400,
    "connections": 1042
  },
  "rollout_data": {
    "rewards": [
      -500.0,
      -500.0,
      -500.0,
      -500.0,
      -500.0,
      -500.0,
      -500.0,
      -500.0,
      -500.0,
      -500.0,
      -500.0,
      -500.0,
      -500.0,
      -500.0,
      -500.0,
      -500.0,
      -500.0,
      -500.0,
      -500.0,
      -500.0
    ],
    "lengths": [
      500,
      500,
      500,
      500,
      500,
      500,
      500,
      500,
      500,
      500,
      500,
      500,
      500,
      500,
      500,
      500,
      500,
      500,
      500,
      500
    ],
    "eval_seeds": [
      5002771,
      5002772,
      5002773,
      5002774,
      5002775,
      5002776,
      5002777,
      5002778,
      5002779,
      5002780,
      5002781,
      5002782,
      5002783,
      5002784,
      5002785,
      5002786,
      5002787,
      5002788,
      5002789,
      5002790
    ]
  }
}