{
  "network_id": 1044,
  "seed": 5001044,
  "valid": true,
  "baseline_reward": -500.0,
  "stratum": "weak",
  "genome": {
    "max_growth_steps": 200,
    "size_x": 20,
    "size_y": 20,
    "diffusion_rate": 0.1069099013208343,
    "num_morphogens": 3,
    "division_threshold": 0.3509495435522737,
    "cell_differentiation_threshold": 0.6035788512114888,
    "axon_growth_threshold": 0.2636376196850329,
    "max_axon_length": 6,
    "axon_connect_threshold": 0.6761886929977526,
    "self_connect_isolated_neurons_fraction": 0.05453617738831623,
    "weight_adjustment_target": 0.48909431265233727,
    "weight_adjustment_rate": 0.010830203595923583,
    "progenitor_secretion_rates": [
      0.311141751401401,
      0.4651889273598678,
      0.10630979255617157
    ],
    "neuron_secretion_rates": [
      0.3060013854906918,
      0.07225565145591356,
      0.37516128199840254
    ],
    "inhibition_matrix": [
      [
        0.0,
        0.0,
        0.0
      ],
      [
        0.0,
        0.0,
        0.29733554661210093
      ],
      [
        0.0,
        0.0,
        0.0
      ]
    ],
    "diffusion_patterns": [
      [
        [
          0.1048059064696993,
          0.017837417913853695,
          0.24280569024643592
        ],
        [
          0.15182617633002488,
          0.1149023062956791,
          0.0019256563858238214
        ],
        [
          0.1953365790618318,
          0.11608687732460488,
          0.05447338997204647
        ]
      ],
      [
        [
          0.04726865916687637,
          0.05746347318587006,
          0.03247368998726252
        ],
        [
          0.13576203297666822,
          0.1910749610390769,
          0.061560867026415875
        ],
        [
          0.13434593735805392,
          0.06647163728238953,
          0.27357874197738663
        ]
      ],
      [
        [
          0.1873682134931864,
          0.022634064179089707,
          0.10766989379296997
        ],
        [
          0.0442088584515735,
          0.20663885838991175,
          0.1195366564094714
        ],
        [
          0.037050392123891045,
          0.1893415208857144,
          0.08555154227419173
        ]
      ]
    ]
  },
  "network_stats": {
    "neurons": 400,
    "connections": 1034
  },
  "rollout_data": {
    "rewards": [
      -500.0,
      -500.0,
      -500.0,
      -500.0,
      -500.0,
      -500.0,
      -500.0,
      -500.0,
      -500.0,
      -500.0,
      -500.0,
      -500.0,
      -500.0,
      -500.0,
      -500.0,
      -500.0,
      -500.0,
      -500.0,
      -500.0,
      -500.0
    ],
    "lengths": [
      500,
      500,
      500,
      500,
      500,
      500,
      500,
      500,
      500,
      500,
      500,
      500,
      500,
      500,
      500,
      500,
      500,
      500,
      500,
      500
    ],
    "eval_seeds": [
      5001044,
      5001045,
      5001046,
      5001047,
      5001048,
      5001049,
      5001050,
      5001051,
      5001052,
      5001053,
      5001054,
      5001055,
      5001056,
      5001057,
      5001058,
      5001059,
      5001060,
      5001061,
      5001062,
      5001063
    ]
  }
}