{
  "network_id": 9785,
  "seed": 5009785,
  "valid": true,
  "baseline_reward": -500.0,
  "stratum": "weak",
  "genome": {
    "max_growth_steps": 200,
    "size_x": 20,
    "size_y": 20,
    "diffusion_rate": 0.10478307427660646,
    "num_morphogens": 3,
    "division_threshold": 0.3454703385253755,
    "cell_differentiation_threshold": 0.4933888762909801,
    "axon_growth_threshold": 0.23451252257142796,
    "max_axon_length": 8,
    "axon_connect_threshold": 0.5100032892252235,
    "self_connect_isolated_neurons_fraction": 0.29860821305112367,
    "weight_adjustment_target": 0.6236678899069351,
    "weight_adjustment_rate": 0.012148283676567543,
    "progenitor_secretion_rates": [
      0.40434155077270195,
      0.1823918352104108,
      0.1464445005323698
    ],
    "neuron_secretion_rates": [
      0.19966082586886047,
      0.4327895631241866,
      0.3040167267428361
    ],
    "inhibition_matrix": [
      [
        0.0,
        0.26919160881928905,
        0.0
      ],
      [
        0.0,
        0.0,
        0.0
      ],
      [
        0.0,
        0.0,
        0.0
      ]
    ],
    "diffusion_patterns": [
      [
        [
          0.02872206888463691,
          0.07499110725686792,
          0.10793346899112018
        ],
        [
          0.19482642932521083,
          0.14393326853472269,
          0.2024039278933394
        ],
        [
          0.003939200276470532,
          0.21584619055257975,
          0.027404338285051715
        ]
      ],
      [
        [
          0.057971945992340054,
          0.11371577275530721,
          0.08816491949135882
        ],
        [
          0.14501500028284336,
          0.15151931867424903,
          0.1287994695614511
        ],
        [
          0.06584899652658438,
          0.15109721517084543,
          0.09786736154502057
        ]
      ],
      [
        [
          0.02994409770689179,
          0.014383905576201207,
          0.2021579325895122
        ],
        [
          0.06609756190147799,
          0.22281236203652832,
          0.10918355989895448
        ],
        [
          0.06796550332572614,
          0.22834935173698592,
          0.059105725227722
        ]
      ]
    ]
  },
  "network_stats": {
    "neurons": 400,
    "connections": 999
  },
  "rollout_data": {
    "rewards": [
      -500.0,
      -500.0,
      -500.0,
      -500.0,
      -500.0,
      -500.0,
      -500.0,
      -500.0,
      -500.0,
      -500.0,
      -500.0,
      -500.0,
      -500.0,
      -500.0,
      -500.0,
      -500.0,
      -500.0,
      -500.0,
      -500.0,
      -500.0
    ],
    "lengths": [
      500,
      500,
      500,
      500,
      500,
      500,
      500,
      500,
      500,
      500,
      500,
      500,
      500,
      500,
      500,
      500,
      500,
      500,
      500,
      500
    ],
    "eval_seeds": [
      5009785,
      5009786,
      5009787,
      5009788,
      5009789,
      5009790,
      5009791,
      5009792,
      5009793,
      5009794,
      5009795,
      5009796,
      5009797,
      5009798,
      5009799,
      5009800,
      5009801,
      5009802,
      5009803,
      5009804
    ]
  }
}