{
  "network_id": 7877,
  "seed": 5007877,
  "valid": true,
  "baseline_reward": -500.0,
  "stratum": "weak",
  "genome": {
    "max_growth_steps": 200,
    "size_x": 20,
    "size_y": 20,
    "diffusion_rate": 0.16518175075041078,
    "num_morphogens": 3,
    "division_threshold": 0.6248631334466607,
    "cell_differentiation_threshold": 0.6020251113387456,
    "axon_growth_threshold": 0.3196493423588483,
    "max_axon_length": 9,
    "axon_connect_threshold": 0.6049566145675229,
    "self_connect_isolated_neurons_fraction": 0.09374392474388735,
    "weight_adjustment_target": 0.5028015207201386,
    "weight_adjustment_rate": 0.010069875812847153,
    "progenitor_secretion_rates": [
      0.4020327115958327,
      0.014534926902408207,
      0.3423956486037866
    ],
    "neuron_secretion_rates": [
      0.26472799530453467,
      0.27861951872110796,
      0.07547328752896576
    ],
    "inhibition_matrix": [
      [
        0.0,
        0.0,
        0.0
      ],
      [
        0.0,
        0.0,
        0.0
      ],
      [
        0.2821283190702884,
        0.0,
        0.0
      ]
    ],
    "diffusion_patterns": [
      [
        [
          0.2203499654180784,
          0.1605660028811231,
          0.09967627982502501
        ],
        [
          0.07836995598608415,
          0.016256865757384175,
          0.17881163354466037
        ],
        [
          0.06928533820485681,
          0.03374240711834351,
          0.14294155126444452
        ]
      ],
      [
        [
          0.1690915674332592,
          0.049208207720684266,
          0.10146852285176444
        ],
        [
          0.0015017369332699017,
          0.0706323123805688,
          0.18447004468402967
        ],
        [
          0.1567674962396511,
          0.1382133365576031,
          0.12864677519916953
        ]
      ],
      [
        [
          0.1581136714283508,
          0.14033508434915234,
          0.006895689004718144
        ],
        [
          0.14153076711515405,
          0.15428374803669445,
          0.10808705207166532
        ],
        [
          0.09050066590840142,
          0.12261859489629971,
          0.07763472718956374
        ]
      ]
    ]
  },
  "network_stats": {
    "neurons": 400,
    "connections": 419
  },
  "rollout_data": {
    "rewards": [
      -500.0,
      -500.0,
      -500.0,
      -500.0,
      -500.0,
      -500.0,
      -500.0,
      -500.0,
      -500.0,
      -500.0,
      -500.0,
      -500.0,
      -500.0,
      -500.0,
      -500.0,
      -500.0,
      -500.0,
      -500.0,
      -500.0,
      -500.0
    ],
    "lengths": [
      500,
      500,
      500,
      500,
      500,
      500,
      500,
      500,
      500,
      500,
      500,
      500,
      500,
      500,
      500,
      500,
      500,
      500,
      500,
      500
    ],
    "eval_seeds": [
      5007877,
      5007878,
      5007879,
      5007880,
      5007881,
      5007882,
      5007883,
      5007884,
      5007885,
      5007886,
      5007887,
      5007888,
      5007889,
      5007890,
      5007891,
      5007892,
      5007893,
      5007894,
      5007895,
      5007896
    ]
  }
}