{
  "network_id": 4969,
  "seed": 5004969,
  "valid": true,
  "baseline_reward": -500.0,
  "stratum": "weak",
  "genome": {
    "max_growth_steps": 200,
    "size_x": 20,
    "size_y": 20,
    "diffusion_rate": 0.15653553855166832,
    "num_morphogens": 3,
    "division_threshold": 0.6866941937395025,
    "cell_differentiation_threshold": 0.6068256120850061,
    "axon_growth_threshold": 0.3424642908377786,
    "max_axon_length": 4,
    "axon_connect_threshold": 0.6362019475250329,
    "self_connect_isolated_neurons_fraction": 0.2528922185371437,
    "weight_adjustment_target": 0.6432179628443568,
    "weight_adjustment_rate": 0.013003893556599368,
    "progenitor_secretion_rates": [
      0.31883552806118653,
      0.0965809825124232,
      0.35832968187126074
    ],
    "neuron_secretion_rates": [
      0.2786977495088443,
      0.023351517173503644,
      0.3755951254331071
    ],
    "inhibition_matrix": [
      [
        0.0,
        0.0,
        0.0
      ],
      [
        0.0,
        0.0,
        0.0
      ],
      [
        0.0,
        0.0,
        0.0
      ]
    ],
    "diffusion_patterns": [
      [
        [
          0.2617416700600145,
          0.15331677103612396,
          0.05029623582977057
        ],
        [
          0.18378861693297452,
          0.17596963812417082,
          0.03164874947576027
        ],
        [
          0.04744742742830193,
          0.035338567356743456,
          0.060452323756140076
        ]
      ],
      [
        [
          0.190700074677162,
          0.18679428801072062,
          0.05009619328287977
        ],
        [
          0.08057811657754013,
          0.15750906752403374,
          0.17004108298800596
        ],
        [
          0.09376257317393549,
          0.027242433806784205,
          0.04327616995893799
        ]
      ],
      [
        [
          0.2006790139596295,
          0.10528031936045011,
          0.0960165490075254
        ],
        [
          0.09871616668902179,
          0.16493360458619974,
          0.14833660681831234
        ],
        [
          0.1321478227097001,
          0.004515432718415814,
          0.0493744841507452
        ]
      ]
    ]
  },
  "network_stats": {
    "neurons": 400,
    "connections": 558
  },
  "rollout_data": {
    "rewards": [
      -500.0,
      -500.0,
      -500.0,
      -500.0,
      -500.0,
      -500.0,
      -500.0,
      -500.0,
      -500.0,
      -500.0,
      -500.0,
      -500.0,
      -500.0,
      -500.0,
      -500.0,
      -500.0,
      -500.0,
      -500.0,
      -500.0,
      -500.0
    ],
    "lengths": [
      500,
      500,
      500,
      500,
      500,
      500,
      500,
      500,
      500,
      500,
      500,
      500,
      500,
      500,
      500,
      500,
      500,
      500,
      500,
      500
    ],
    "eval_seeds": [
      5004969,
      5004970,
      5004971,
      5004972,
      5004973,
      5004974,
      5004975,
      5004976,
      5004977,
      5004978,
      5004979,
      5004980,
      5004981,
      5004982,
      5004983,
      5004984,
      5004985,
      5004986,
      5004987,
      5004988
    ]
  }
}