{
  "network_id": 18375,
  "seed": 5018375,
  "valid": true,
  "baseline_reward": -500.0,
  "stratum": "weak",
  "genome": {
    "max_growth_steps": 200,
    "size_x": 20,
    "size_y": 20,
    "diffusion_rate": 0.15745940945489365,
    "num_morphogens": 3,
    "division_threshold": 0.5025422453498462,
    "cell_differentiation_threshold": 0.44977025151841965,
    "axon_growth_threshold": 0.41328547177963454,
    "max_axon_length": 6,
    "axon_connect_threshold": 0.5824393796180479,
    "self_connect_isolated_neurons_fraction": 0.00856553297449133,
    "weight_adjustment_target": 0.5923948252670831,
    "weight_adjustment_rate": 0.0061694862548107845,
    "progenitor_secretion_rates": [
      0.49321583674419756,
      0.25459930557922417,
      0.30351764128051606
    ],
    "neuron_secretion_rates": [
      0.12791459311315828,
      0.4041765253963719,
      0.044434345859985125
    ],
    "inhibition_matrix": [
      [
        0.0,
        0.3558117086587595,
        0.10231967241426027
      ],
      [
        0.06963305470224573,
        0.0,
        0.15134105202635117
      ],
      [
        0.0,
        0.0,
        0.0
      ]
    ],
    "diffusion_patterns": [
      [
        [
          0.13610861292031282,
          0.1492743952472301,
          0.12703543852525243
        ],
        [
          0.08933830873343027,
          0.04111992494900739,
          0.11179325609018682
        ],
        [
          0.03260929254239023,
          0.15671840194359976,
          0.15600236904859022
        ]
      ],
      [
        [
          0.11985552716132027,
          0.1380677713829481,
          0.11448901031362446
        ],
        [
          0.1344593665029463,
          0.07890849212017656,
          0.1796513034211558
        ],
        [
          0.0037110175324440164,
          0.10922383400079216,
          0.12163367756459226
        ]
      ],
      [
        [
          0.09735140278119672,
          0.04165950925865833,
          0.08806105650398946
        ],
        [
          0.2092145118524239,
          0.039833987895100245,
          0.20946389459134251
        ],
        [
          0.012546345188854764,
          0.16270341905062788,
          0.13916587287780618
        ]
      ]
    ]
  },
  "network_stats": {
    "neurons": 387,
    "connections": 1058
  },
  "rollout_data": {
    "rewards": [
      -500.0,
      -500.0,
      -500.0,
      -500.0,
      -500.0,
      -500.0,
      -500.0,
      -500.0,
      -500.0,
      -500.0,
      -500.0,
      -500.0,
      -500.0,
      -500.0,
      -500.0,
      -500.0,
      -500.0,
      -500.0,
      -500.0,
      -500.0
    ],
    "lengths": [
      500,
      500,
      500,
      500,
      500,
      500,
      500,
      500,
      500,
      500,
      500,
      500,
      500,
      500,
      500,
      500,
      500,
      500,
      500,
      500
    ],
    "eval_seeds": [
      5018375,
      5018376,
      5018377,
      5018378,
      5018379,
      5018380,
      5018381,
      5018382,
      5018383,
      5018384,
      5018385,
      5018386,
      5018387,
      5018388,
      5018389,
      5018390,
      5018391,
      5018392,
      5018393,
      5018394
    ]
  }
}