{
  "network_id": 11793,
  "seed": 5011793,
  "valid": true,
  "baseline_reward": -500.0,
  "stratum": "weak",
  "genome": {
    "max_growth_steps": 200,
    "size_x": 20,
    "size_y": 20,
    "diffusion_rate": 0.07794013542874016,
    "num_morphogens": 3,
    "division_threshold": 0.6148474583371809,
    "cell_differentiation_threshold": 0.5735452515849961,
    "axon_growth_threshold": 0.20917857658459518,
    "max_axon_length": 9,
    "axon_connect_threshold": 0.7033613274977417,
    "self_connect_isolated_neurons_fraction": 0.2704910139165651,
    "weight_adjustment_target": 0.4973581314707256,
    "weight_adjustment_rate": 0.009352752908458098,
    "progenitor_secretion_rates": [
      0.42330047754499733,
      0.046421459195057024,
      0.3907844675754015
    ],
    "neuron_secretion_rates": [
      0.20262276877973368,
      0.012025941896921022,
      0.0684293227288365
    ],
    "inhibition_matrix": [
      [
        0.0,
        0.02496638586014327,
        0.0
      ],
      [
        0.0,
        0.0,
        0.0
      ],
      [
        0.0,
        0.0,
        0.0
      ]
    ],
    "diffusion_patterns": [
      [
        [
          0.22794940282447856,
          0.08441274026773579,
          0.03779588907523745
        ],
        [
          0.16665451142929014,
          0.044901077462306815,
          0.045979960644537264
        ],
        [
          0.22638241750378083,
          0.06574769480349654,
          0.10017630598913663
        ]
      ],
      [
        [
          0.10124526397258105,
          0.031128773333406308,
          0.16216369962333277
        ],
        [
          0.015235131478926238,
          0.12658215474626094,
          0.18311426749974669
        ],
        [
          0.17571347306780896,
          0.11087041546002278,
          0.09394682081791428
        ]
      ],
      [
        [
          0.15357888713352721,
          0.0781530910489801,
          0.14409076751956476
        ],
        [
          0.0537059559239514,
          0.13175645626781063,
          0.06999885312606692
        ],
        [
          0.13678803721266905,
          0.09509263227779373,
          0.1368353194896361
        ]
      ]
    ]
  },
  "network_stats": {
    "neurons": 400,
    "connections": 476
  },
  "rollout_data": {
    "rewards": [
      -500.0,
      -500.0,
      -500.0,
      -500.0,
      -500.0,
      -500.0,
      -500.0,
      -500.0,
      -500.0,
      -500.0,
      -500.0,
      -500.0,
      -500.0,
      -500.0,
      -500.0,
      -500.0,
      -500.0,
      -500.0,
      -500.0,
      -500.0
    ],
    "lengths": [
      500,
      500,
      500,
      500,
      500,
      500,
      500,
      500,
      500,
      500,
      500,
      500,
      500,
      500,
      500,
      500,
      500,
      500,
      500,
      500
    ],
    "eval_seeds": [
      5011793,
      5011794,
      5011795,
      5011796,
      5011797,
      5011798,
      5011799,
      5011800,
      5011801,
      5011802,
      5011803,
      5011804,
      5011805,
      5011806,
      5011807,
      5011808,
      5011809,
      5011810,
      5011811,
      5011812
    ]
  }
}