{
  "network_id": 340,
  "seed": 5000340,
  "valid": true,
  "baseline_reward": -500.0,
  "stratum": "weak",
  "genome": {
    "max_growth_steps": 200,
    "size_x": 20,
    "size_y": 20,
    "diffusion_rate": 0.09975354174704305,
    "num_morphogens": 3,
    "division_threshold": 0.6164554302606055,
    "cell_differentiation_threshold": 0.6765945645877207,
    "axon_growth_threshold": 0.4116453343500293,
    "max_axon_length": 4,
    "axon_connect_threshold": 0.8223072336492369,
    "self_connect_isolated_neurons_fraction": 0.12670287103947656,
    "weight_adjustment_target": 0.35936905266719643,
    "weight_adjustment_rate": 0.011041506945637552,
    "progenitor_secretion_rates": [
      0.4145869800419106,
      0.4938007570556794,
      0.19560148690983703
    ],
    "neuron_secretion_rates": [
      0.018924459973134466,
      0.32324791162628697,
      0.04562738090279578
    ],
    "inhibition_matrix": [
      [
        0.0,
        0.0,
        0.0
      ],
      [
        0.0,
        0.0,
        0.29742779298060973
      ],
      [
        0.0,
        0.0,
        0.0
      ]
    ],
    "diffusion_patterns": [
      [
        [
          0.13839154901449036,
          0.10978641661095614,
          0.042686807143244486
        ],
        [
          0.14730567278729936,
          0.09155414971584437,
          0.11211325955010513
        ],
        [
          0.11064380902892303,
          0.1101272752984272,
          0.1373910608507099
        ]
      ],
      [
        [
          0.12758965647960696,
          0.16405839941736897,
          0.08768810542328241
        ],
        [
          0.06082592543848375,
          0.04700617134544846,
          0.019941615436876312
        ],
        [
          0.1638755536560474,
          0.1619591472544607,
          0.16705542554842517
        ]
      ],
      [
        [
          0.15423678675132121,
          0.037005180618598074,
          0.1797528080051805
        ],
        [
          0.11700956947357442,
          0.0653766945073744,
          0.1058368053833069
        ],
        [
          0.12124665228753166,
          0.06338635895248189,
          0.15614914402063082
        ]
      ]
    ]
  },
  "network_stats": {
    "neurons": 400,
    "connections": 1349
  },
  "rollout_data": {
    "rewards": [
      -500.0,
      -500.0,
      -500.0,
      -500.0,
      -500.0,
      -500.0,
      -500.0,
      -500.0,
      -500.0,
      -500.0,
      -500.0,
      -500.0,
      -500.0,
      -500.0,
      -500.0,
      -500.0,
      -500.0,
      -500.0,
      -500.0,
      -500.0
    ],
    "lengths": [
      500,
      500,
      500,
      500,
      500,
      500,
      500,
      500,
      500,
      500,
      500,
      500,
      500,
      500,
      500,
      500,
      500,
      500,
      500,
      500
    ],
    "eval_seeds": [
      5000340,
      5000341,
      5000342,
      5000343,
      5000344,
      5000345,
      5000346,
      5000347,
      5000348,
      5000349,
      5000350,
      5000351,
      5000352,
      5000353,
      5000354,
      5000355,
      5000356,
      5000357,
      5000358,
      5000359
    ]
  }
}