{
  "network_id": 19148,
  "seed": 5019148,
  "valid": true,
  "baseline_reward": -500.0,
  "stratum": "weak",
  "genome": {
    "max_growth_steps": 200,
    "size_x": 20,
    "size_y": 20,
    "diffusion_rate": 0.05117975052715124,
    "num_morphogens": 3,
    "division_threshold": 0.43518856639397485,
    "cell_differentiation_threshold": 0.4622538200438852,
    "axon_growth_threshold": 0.33601963477020225,
    "max_axon_length": 4,
    "axon_connect_threshold": 0.7945482567183105,
    "self_connect_isolated_neurons_fraction": 0.16481017673074114,
    "weight_adjustment_target": 0.6097108217010528,
    "weight_adjustment_rate": 0.007149622242380207,
    "progenitor_secretion_rates": [
      0.3714243123436497,
      0.3052733437682018,
      0.16389632662267473
    ],
    "neuron_secretion_rates": [
      0.22759688216106871,
      0.33921448257451875,
      0.19614239206546047
    ],
    "inhibition_matrix": [
      [
        0.0,
        0.3827076973060387,
        0.0
      ],
      [
        0.0,
        0.0,
        0.32429749983368983
      ],
      [
        0.025262436100866703,
        0.059332573535320676,
        0.0
      ]
    ],
    "diffusion_patterns": [
      [
        [
          0.20405228555414506,
          0.205452858046624,
          0.18633360286526382
        ],
        [
          0.11950506620749027,
          0.04019226671970715,
          0.12772357018897296
        ],
        [
          0.02250356946875631,
          0.07714375755584552,
          0.017093023393194955
        ]
      ],
      [
        [
          0.21644968351695354,
          0.12354632942439281,
          0.17375879665012325
        ],
        [
          0.19511517003934756,
          0.13293742490269733,
          0.046129686054941554
        ],
        [
          0.03657981632850396,
          0.005272343163769323,
          0.07021074991927059
        ]
      ],
      [
        [
          0.10750123995973568,
          0.2706441783976885,
          0.2639536713688773
        ],
        [
          0.011403533591155481,
          0.12382878294110619,
          0.07068203001949164
        ],
        [
          0.05729309347066302,
          0.0015456836977660686,
          0.09314778655351595
        ]
      ]
    ]
  },
  "network_stats": {
    "neurons": 356,
    "connections": 1138
  },
  "rollout_data": {
    "rewards": [
      -500.0,
      -500.0,
      -500.0,
      -500.0,
      -500.0,
      -500.0,
      -500.0,
      -500.0,
      -500.0,
      -500.0,
      -500.0,
      -500.0,
      -500.0,
      -500.0,
      -500.0,
      -500.0,
      -500.0,
      -500.0,
      -500.0,
      -500.0
    ],
    "lengths": [
      500,
      500,
      500,
      500,
      500,
      500,
      500,
      500,
      500,
      500,
      500,
      500,
      500,
      500,
      500,
      500,
      500,
      500,
      500,
      500
    ],
    "eval_seeds": [
      5019148,
      5019149,
      5019150,
      5019151,
      5019152,
      5019153,
      5019154,
      5019155,
      5019156,
      5019157,
      5019158,
      5019159,
      5019160,
      5019161,
      5019162,
      5019163,
      5019164,
      5019165,
      5019166,
      5019167
    ]
  }
}