{
  "network_id": 5261,
  "seed": 5005261,
  "valid": true,
  "baseline_reward": -500.0,
  "stratum": "weak",
  "genome": {
    "max_growth_steps": 200,
    "size_x": 20,
    "size_y": 20,
    "diffusion_rate": 0.0740982648250786,
    "num_morphogens": 3,
    "division_threshold": 0.5885985452408815,
    "cell_differentiation_threshold": 0.6980265797565277,
    "axon_growth_threshold": 0.3570194076090371,
    "max_axon_length": 2,
    "axon_connect_threshold": 0.591632385708219,
    "self_connect_isolated_neurons_fraction": 0.18445061087552092,
    "weight_adjustment_target": 0.4272509748875081,
    "weight_adjustment_rate": 0.017419139708912647,
    "progenitor_secretion_rates": [
      0.3920845277330939,
      0.4664703583717838,
      0.16704626021197239
    ],
    "neuron_secretion_rates": [
      0.08738586869463144,
      0.43997873079852595,
      0.27920233770104147
    ],
    "inhibition_matrix": [
      [
        0.0,
        0.0,
        0.386813338889678
      ],
      [
        0.0,
        0.0,
        0.22927042667581288
      ],
      [
        0.0,
        0.0,
        0.0
      ]
    ],
    "diffusion_patterns": [
      [
        [
          0.232283096029875,
          0.2072758956657033,
          0.1371513756742043
        ],
        [
          0.06037670670539446,
          0.12024596888768768,
          0.1037313913511263
        ],
        [
          0.05795302862882533,
          0.06146408815152316,
          0.019518448905660454
        ]
      ],
      [
        [
          0.13569992714258652,
          0.18836638760165939,
          0.13159798027479244
        ],
        [
          0.23704607104529238,
          0.0781135292625501,
          0.08312387200547283
        ],
        [
          0.05040395951189163,
          0.008004523805719832,
          0.08764374935003476
        ]
      ],
      [
        [
          0.15433993312598962,
          0.21624876612077545,
          0.01938943172109471
        ],
        [
          0.10469356904505808,
          0.22182734274528598,
          0.06052200351291858
        ],
        [
          0.04306218224281373,
          0.09258209012261573,
          0.0873346813634482
        ]
      ]
    ]
  },
  "network_stats": {
    "neurons": 38,
    "connections": 60
  },
  "rollout_data": {
    "rewards": [
      -500.0,
      -500.0,
      -500.0,
      -500.0,
      -500.0,
      -500.0,
      -500.0,
      -500.0,
      -500.0,
      -500.0,
      -500.0,
      -500.0,
      -500.0,
      -500.0,
      -500.0,
      -500.0,
      -500.0,
      -500.0,
      -500.0,
      -500.0
    ],
    "lengths": [
      500,
      500,
      500,
      500,
      500,
      500,
      500,
      500,
      500,
      500,
      500,
      500,
      500,
      500,
      500,
      500,
      500,
      500,
      500,
      500
    ],
    "eval_seeds": [
      5005261,
      5005262,
      5005263,
      5005264,
      5005265,
      5005266,
      5005267,
      5005268,
      5005269,
      5005270,
      5005271,
      5005272,
      5005273,
      5005274,
      5005275,
      5005276,
      5005277,
      5005278,
      5005279,
      5005280
    ]
  }
}