{
  "network_id": 4153,
  "seed": 5004153,
  "valid": true,
  "baseline_reward": -500.0,
  "stratum": "weak",
  "genome": {
    "max_growth_steps": 200,
    "size_x": 20,
    "size_y": 20,
    "diffusion_rate": 0.07675439778727902,
    "num_morphogens": 3,
    "division_threshold": 0.35200161828295634,
    "cell_differentiation_threshold": 0.6133270880612993,
    "axon_growth_threshold": 0.2164228192418858,
    "max_axon_length": 8,
    "axon_connect_threshold": 0.8873185005381955,
    "self_connect_isolated_neurons_fraction": 0.10470015318087451,
    "weight_adjustment_target": 0.40038679213985545,
    "weight_adjustment_rate": 0.005916158274298462,
    "progenitor_secretion_rates": [
      0.3184882911275161,
      0.45574110721101513,
      0.3188176765670086
    ],
    "neuron_secretion_rates": [
      0.39134082674029574,
      0.45381284564362595,
      0.23204294878312093
    ],
    "inhibition_matrix": [
      [
        0.0,
        0.0,
        0.48898411079706916
      ],
      [
        0.0,
        0.0,
        0.0
      ],
      [
        0.0,
        0.0,
        0.0
      ]
    ],
    "diffusion_patterns": [
      [
        [
          0.11526660023869895,
          0.1272106447326261,
          0.05929055325680888
        ],
        [
          0.06416809978825898,
          0.03708426014606992,
          0.06681321243895902
        ],
        [
          0.17015935216059863,
          0.13639687313961596,
          0.22361040409836364
        ]
      ],
      [
        [
          0.12900473451760092,
          0.1632200378173101,
          0.012288186732063848
        ],
        [
          0.10905113538600358,
          0.16913573759971104,
          0.18358655985870917
        ],
        [
          0.002175184677935224,
          0.04333889227545125,
          0.18819953113521487
        ]
      ],
      [
        [
          0.07784497046391992,
          0.20764994174837637,
          0.15542899854018746
        ],
        [
          0.05488830337297972,
          0.10345983406992001,
          0.05535487319404577
        ],
        [
          0.2037966008342291,
          0.1327833336172519,
          0.008793144159089834
        ]
      ]
    ]
  },
  "network_stats": {
    "neurons": 13,
    "connections": 27
  },
  "rollout_data": {
    "rewards": [
      -500.0,
      -500.0,
      -500.0,
      -500.0,
      -500.0,
      -500.0,
      -500.0,
      -500.0,
      -500.0,
      -500.0,
      -500.0,
      -500.0,
      -500.0,
      -500.0,
      -500.0,
      -500.0,
      -500.0,
      -500.0,
      -500.0,
      -500.0
    ],
    "lengths": [
      500,
      500,
      500,
      500,
      500,
      500,
      500,
      500,
      500,
      500,
      500,
      500,
      500,
      500,
      500,
      500,
      500,
      500,
      500,
      500
    ],
    "eval_seeds": [
      5004153,
      5004154,
      5004155,
      5004156,
      5004157,
      5004158,
      5004159,
      5004160,
      5004161,
      5004162,
      5004163,
      5004164,
      5004165,
      5004166,
      5004167,
      5004168,
      5004169,
      5004170,
      5004171,
      5004172
    ]
  }
}