{
  "network_id": 6404,
  "seed": 5006404,
  "valid": true,
  "baseline_reward": -500.0,
  "stratum": "weak",
  "genome": {
    "max_growth_steps": 200,
    "size_x": 20,
    "size_y": 20,
    "diffusion_rate": 0.0791981087252104,
    "num_morphogens": 3,
    "division_threshold": 0.40828504047964437,
    "cell_differentiation_threshold": 0.3227201421919022,
    "axon_growth_threshold": 0.44134913070027737,
    "max_axon_length": 10,
    "axon_connect_threshold": 0.43113259040273366,
    "self_connect_isolated_neurons_fraction": 0.2856525800675882,
    "weight_adjustment_target": 0.33859380712784276,
    "weight_adjustment_rate": 0.005829459372897929,
    "progenitor_secretion_rates": [
      0.4252903449262446,
      0.0810731497014821,
      0.3488732417821344
    ],
    "neuron_secretion_rates": [
      0.49580944181190556,
      0.11791833598402846,
      0.39189461858639907
    ],
    "inhibition_matrix": [
      [
        0.0,
        0.0,
        0.0
      ],
      [
        0.0,
        0.0,
        0.0
      ],
      [
        0.0,
        0.0,
        0.0
      ]
    ],
    "diffusion_patterns": [
      [
        [
          0.08105255219518723,
          0.06124894343780905,
          0.04454357458364185
        ],
        [
          0.046622125495152454,
          0.21625183875083154,
          0.18060948374757188
        ],
        [
          0.09401191198949585,
          0.2105216527989283,
          0.0651379170013819
        ]
      ],
      [
        [
          0.08694688549802337,
          0.1461196519224322,
          0.05708602227555537
        ],
        [
          0.06856156615175286,
          0.11831337022848315,
          0.13237900002384745
        ],
        [
          0.19734267574163641,
          0.09804322430211189,
          0.09520760385615737
        ]
      ],
      [
        [
          0.03442238298303067,
          0.053817348726731024,
          0.13874702555568083
        ],
        [
          0.08696059303851013,
          0.1449308341312603,
          0.12561485042407966
        ],
        [
          0.006572296808987483,
          0.20530058821914074,
          0.20363408011257933
        ]
      ]
    ]
  },
  "network_stats": {
    "neurons": 400,
    "connections": 749
  },
  "rollout_data": {
    "rewards": [
      -500.0,
      -500.0,
      -500.0,
      -500.0,
      -500.0,
      -500.0,
      -500.0,
      -500.0,
      -500.0,
      -500.0,
      -500.0,
      -500.0,
      -500.0,
      -500.0,
      -500.0,
      -500.0,
      -500.0,
      -500.0,
      -500.0,
      -500.0
    ],
    "lengths": [
      500,
      500,
      500,
      500,
      500,
      500,
      500,
      500,
      500,
      500,
      500,
      500,
      500,
      500,
      500,
      500,
      500,
      500,
      500,
      500
    ],
    "eval_seeds": [
      5006404,
      5006405,
      5006406,
      5006407,
      5006408,
      5006409,
      5006410,
      5006411,
      5006412,
      5006413,
      5006414,
      5006415,
      5006416,
      5006417,
      5006418,
      5006419,
      5006420,
      5006421,
      5006422,
      5006423
    ]
  }
}