{
  "network_id": 7285,
  "seed": 5007285,
  "valid": true,
  "baseline_reward": -500.0,
  "stratum": "weak",
  "genome": {
    "max_growth_steps": 200,
    "size_x": 20,
    "size_y": 20,
    "diffusion_rate": 0.1866706842177615,
    "num_morphogens": 3,
    "division_threshold": 0.3699888704936814,
    "cell_differentiation_threshold": 0.5136838212203702,
    "axon_growth_threshold": 0.26939041068815717,
    "max_axon_length": 2,
    "axon_connect_threshold": 0.4320659330369833,
    "self_connect_isolated_neurons_fraction": 0.2579267300225827,
    "weight_adjustment_target": 0.5876681514753095,
    "weight_adjustment_rate": 0.008409315641021922,
    "progenitor_secretion_rates": [
      0.3876376942501405,
      0.46786745437827715,
      0.030708971095882498
    ],
    "neuron_secretion_rates": [
      0.09866536776104629,
      0.16113232390433868,
      0.15808708275075778
    ],
    "inhibition_matrix": [
      [
        0.0,
        0.0,
        0.20207085855914358
      ],
      [
        0.0,
        0.0,
        0.0
      ],
      [
        0.20901339703114602,
        0.0,
        0.0
      ]
    ],
    "diffusion_patterns": [
      [
        [
          0.11458827779972525,
          0.11281198496761714,
          0.12922498790552261
        ],
        [
          0.15279111226839237,
          0.020487791823558726,
          0.16339899421088694
        ],
        [
          0.15233787762234008,
          0.024903600081606615,
          0.12945537332035018
        ]
      ],
      [
        [
          0.0035119397247573873,
          0.03308923131227917,
          0.3001748102055636
        ],
        [
          0.12795770564313655,
          0.10019065204628168,
          0.14824244376595988
        ],
        [
          0.11429960903584246,
          0.07148451960158875,
          0.1010490886645906
        ]
      ],
      [
        [
          0.01386520931868065,
          0.16621936627032405,
          0.010411173594883086
        ],
        [
          0.1826529467408082,
          0.22710410111277146,
          0.03261390827155784
        ],
        [
          0.09592072349372029,
          0.19721792476963035,
          0.07399464642762418
        ]
      ]
    ]
  },
  "network_stats": {
    "neurons": 281,
    "connections": 806
  },
  "rollout_data": {
    "rewards": [
      -500.0,
      -500.0,
      -500.0,
      -500.0,
      -500.0,
      -500.0,
      -500.0,
      -500.0,
      -500.0,
      -500.0,
      -500.0,
      -500.0,
      -500.0,
      -500.0,
      -500.0,
      -500.0,
      -500.0,
      -500.0,
      -500.0,
      -500.0
    ],
    "lengths": [
      500,
      500,
      500,
      500,
      500,
      500,
      500,
      500,
      500,
      500,
      500,
      500,
      500,
      500,
      500,
      500,
      500,
      500,
      500,
      500
    ],
    "eval_seeds": [
      5007285,
      5007286,
      5007287,
      5007288,
      5007289,
      5007290,
      5007291,
      5007292,
      5007293,
      5007294,
      5007295,
      5007296,
      5007297,
      5007298,
      5007299,
      5007300,
      5007301,
      5007302,
      5007303,
      5007304
    ]
  }
}