{
  "network_id": 18300,
  "seed": 5018300,
  "valid": true,
  "baseline_reward": -500.0,
  "stratum": "weak",
  "genome": {
    "max_growth_steps": 200,
    "size_x": 20,
    "size_y": 20,
    "diffusion_rate": 0.08248810586707346,
    "num_morphogens": 3,
    "division_threshold": 0.4760197601456604,
    "cell_differentiation_threshold": 0.6626719995447286,
    "axon_growth_threshold": 0.3998930068123803,
    "max_axon_length": 6,
    "axon_connect_threshold": 0.9872649212378668,
    "self_connect_isolated_neurons_fraction": 0.005235407181940288,
    "weight_adjustment_target": 0.6076970929718899,
    "weight_adjustment_rate": 0.019233971221710132,
    "progenitor_secretion_rates": [
      0.12113140577536652,
      0.05818108677686862,
      0.48262801310189857
    ],
    "neuron_secretion_rates": [
      0.37200158856563903,
      0.23121453858148688,
      0.14540920050434897
    ],
    "inhibition_matrix": [
      [
        0.0,
        0.31594317531352945,
        0.0
      ],
      [
        0.0,
        0.0,
        0.0
      ],
      [
        0.014066944251470537,
        0.0,
        0.0
      ]
    ],
    "diffusion_patterns": [
      [
        [
          0.17414737268171082,
          0.24296606418033873,
          0.04460552468989614
        ],
        [
          0.13329716053384,
          0.05249218995776913,
          0.05845259796699491
        ],
        [
          0.133019483929207,
          0.08293076566238544,
          0.0780888403978578
        ]
      ],
      [
        [
          0.1957890464301363,
          0.10268791457157689,
          0.1415893998068804
        ],
        [
          0.0943739282800633,
          0.17115262050134566,
          0.00507455718245217
        ],
        [
          0.08038441613617602,
          0.11074248008229642,
          0.09820563700907284
        ]
      ],
      [
        [
          0.11478903987302094,
          0.1398987464845,
          0.10610821932065961
        ],
        [
          0.09178424396573984,
          0.10609637746585819,
          0.14864005105613481
        ],
        [
          0.0257695425376311,
          0.09965070749487104,
          0.1672630718015845
        ]
      ]
    ]
  },
  "network_stats": {
    "neurons": 400,
    "connections": 1517
  },
  "rollout_data": {
    "rewards": [
      -500.0,
      -500.0,
      -500.0,
      -500.0,
      -500.0,
      -500.0,
      -500.0,
      -500.0,
      -500.0,
      -500.0,
      -500.0,
      -500.0,
      -500.0,
      -500.0,
      -500.0,
      -500.0,
      -500.0,
      -500.0,
      -500.0,
      -500.0
    ],
    "lengths": [
      500,
      500,
      500,
      500,
      500,
      500,
      500,
      500,
      500,
      500,
      500,
      500,
      500,
      500,
      500,
      500,
      500,
      500,
      500,
      500
    ],
    "eval_seeds": [
      5018300,
      5018301,
      5018302,
      5018303,
      5018304,
      5018305,
      5018306,
      5018307,
      5018308,
      5018309,
      5018310,
      5018311,
      5018312,
      5018313,
      5018314,
      5018315,
      5018316,
      5018317,
      5018318,
      5018319
    ]
  }
}