{
  "network_id": 160,
  "seed": 5000160,
  "valid": true,
  "baseline_reward": -500.0,
  "stratum": "weak",
  "genome": {
    "max_growth_steps": 200,
    "size_x": 20,
    "size_y": 20,
    "diffusion_rate": 0.10391481145661786,
    "num_morphogens": 3,
    "division_threshold": 0.39883626708105446,
    "cell_differentiation_threshold": 0.60191446500827,
    "axon_growth_threshold": 0.25616379903972164,
    "max_axon_length": 2,
    "axon_connect_threshold": 0.7437994621867038,
    "self_connect_isolated_neurons_fraction": 0.0353041747065024,
    "weight_adjustment_target": 0.45461536071510955,
    "weight_adjustment_rate": 0.011018804714786865,
    "progenitor_secretion_rates": [
      0.3483912497307175,
      0.06228613117240955,
      0.42725291335987464
    ],
    "neuron_secretion_rates": [
      0.4202762600519908,
      0.1878812198053224,
      0.21019297783726515
    ],
    "inhibition_matrix": [
      [
        0.0,
        0.0,
        0.0
      ],
      [
        0.0,
        0.0,
        0.0
      ],
      [
        0.0,
        0.0,
        0.0
      ]
    ],
    "diffusion_patterns": [
      [
        [
          0.06033425725280917,
          0.14156174205908545,
          0.011639944921147713
        ],
        [
          0.20099154992181617,
          0.12452652938118072,
          0.07550746479297117
        ],
        [
          0.08207745915864641,
          0.151852824559352,
          0.15150822795299126
        ]
      ],
      [
        [
          0.09365673016483146,
          0.1675119279089469,
          0.08812566430487831
        ],
        [
          0.11355779571565451,
          0.10949934912397591,
          0.009028086557110028
        ],
        [
          0.16916845866258556,
          0.05634188582692252,
          0.19311010173509488
        ]
      ],
      [
        [
          0.007851084895589673,
          0.23431073632751526,
          0.06596001319387335
        ],
        [
          0.13245291357959388,
          0.03455139053032189,
          0.2200056255877646
        ],
        [
          0.08847881520143015,
          0.1340916493720614,
          0.08229777131184979
        ]
      ]
    ]
  },
  "network_stats": {
    "neurons": 400,
    "connections": 400
  },
  "rollout_data": {
    "rewards": [
      -500.0,
      -500.0,
      -500.0,
      -500.0,
      -500.0,
      -500.0,
      -500.0,
      -500.0,
      -500.0,
      -500.0,
      -500.0,
      -500.0,
      -500.0,
      -500.0,
      -500.0,
      -500.0,
      -500.0,
      -500.0,
      -500.0,
      -500.0
    ],
    "lengths": [
      500,
      500,
      500,
      500,
      500,
      500,
      500,
      500,
      500,
      500,
      500,
      500,
      500,
      500,
      500,
      500,
      500,
      500,
      500,
      500
    ],
    "eval_seeds": [
      5000160,
      5000161,
      5000162,
      5000163,
      5000164,
      5000165,
      5000166,
      5000167,
      5000168,
      5000169,
      5000170,
      5000171,
      5000172,
      5000173,
      5000174,
      5000175,
      5000176,
      5000177,
      5000178,
      5000179
    ]
  }
}