{
  "network_id": 9293,
  "seed": 5009293,
  "valid": true,
  "baseline_reward": -500.0,
  "stratum": "weak",
  "genome": {
    "max_growth_steps": 200,
    "size_x": 20,
    "size_y": 20,
    "diffusion_rate": 0.19548209451177206,
    "num_morphogens": 3,
    "division_threshold": 0.47654994111575705,
    "cell_differentiation_threshold": 0.3344296393498645,
    "axon_growth_threshold": 0.3914706634488862,
    "max_axon_length": 9,
    "axon_connect_threshold": 0.6795652136931327,
    "self_connect_isolated_neurons_fraction": 0.19105058912836684,
    "weight_adjustment_target": 0.6630108001605963,
    "weight_adjustment_rate": 0.018092596240432232,
    "progenitor_secretion_rates": [
      0.48270917367266913,
      0.37486568696450606,
      0.04853871387426356
    ],
    "neuron_secretion_rates": [
      0.3325680538914751,
      0.043587827957065006,
      0.4387391284312248
    ],
    "inhibition_matrix": [
      [
        0.0,
        0.44650588782058576,
        0.0
      ],
      [
        0.4957975470511268,
        0.0,
        0.2892162457440278
      ],
      [
        0.20320915656636235,
        0.0,
        0.0
      ]
    ],
    "diffusion_patterns": [
      [
        [
          0.13594147279435373,
          0.04436093558099059,
          0.25120979321184356
        ],
        [
          0.1715173640910433,
          0.04516222408052289,
          0.04459972963467958
        ],
        [
          0.014634416929087457,
          0.04669667238507292,
          0.24587739129240596
        ]
      ],
      [
        [
          0.1397503899181727,
          0.1779244363742433,
          0.06255618333880761
        ],
        [
          0.10525990149469741,
          0.1452248563783801,
          0.089413548022472
        ],
        [
          0.057403465248580955,
          0.13823188147547175,
          0.08423533774917415
        ]
      ],
      [
        [
          0.07544107584942943,
          0.09538013656233761,
          0.19959502677728413
        ],
        [
          0.18096730066413405,
          0.11252975836436724,
          0.09990232780395815
        ],
        [
          0.10614060820717262,
          0.007964994425020178,
          0.12207877134629659
        ]
      ]
    ]
  },
  "network_stats": {
    "neurons": 400,
    "connections": 2122
  },
  "rollout_data": {
    "rewards": [
      -500.0,
      -500.0,
      -500.0,
      -500.0,
      -500.0,
      -500.0,
      -500.0,
      -500.0,
      -500.0,
      -500.0,
      -500.0,
      -500.0,
      -500.0,
      -500.0,
      -500.0,
      -500.0,
      -500.0,
      -500.0,
      -500.0,
      -500.0
    ],
    "lengths": [
      500,
      500,
      500,
      500,
      500,
      500,
      500,
      500,
      500,
      500,
      500,
      500,
      500,
      500,
      500,
      500,
      500,
      500,
      500,
      500
    ],
    "eval_seeds": [
      5009293,
      5009294,
      5009295,
      5009296,
      5009297,
      5009298,
      5009299,
      5009300,
      5009301,
      5009302,
      5009303,
      5009304,
      5009305,
      5009306,
      5009307,
      5009308,
      5009309,
      5009310,
      5009311,
      5009312
    ]
  }
}