{
  "network_id": 11577,
  "seed": 5011577,
  "valid": true,
  "baseline_reward": -500.0,
  "stratum": "weak",
  "genome": {
    "max_growth_steps": 200,
    "size_x": 20,
    "size_y": 20,
    "diffusion_rate": 0.08384612384060385,
    "num_morphogens": 3,
    "division_threshold": 0.407059943658461,
    "cell_differentiation_threshold": 0.4650999170389061,
    "axon_growth_threshold": 0.3885779154988504,
    "max_axon_length": 9,
    "axon_connect_threshold": 0.5463439158884054,
    "self_connect_isolated_neurons_fraction": 0.2806449640525919,
    "weight_adjustment_target": 0.6552894999932224,
    "weight_adjustment_rate": 0.005139637173342381,
    "progenitor_secretion_rates": [
      0.34018993504870754,
      0.21956893159834573,
      0.11222175876478635
    ],
    "neuron_secretion_rates": [
      0.0521950395656125,
      0.3147274873914799,
      0.21067885019122135
    ],
    "inhibition_matrix": [
      [
        0.0,
        0.0,
        0.0
      ],
      [
        0.12056926837478948,
        0.0,
        0.34491581687735406
      ],
      [
        0.0,
        0.0,
        0.0
      ]
    ],
    "diffusion_patterns": [
      [
        [
          0.1963970464719936,
          0.011391233357456426,
          0.1667452742595879
        ],
        [
          0.09583983241448178,
          0.016387753072058784,
          0.12277735179958077
        ],
        [
          0.16193567724924296,
          0.09077401190946725,
          0.13775181946613052
        ]
      ],
      [
        [
          0.18199464421179515,
          0.11539499449748385,
          0.1543132357301546
        ],
        [
          0.13900233386097713,
          0.012751545567547894,
          0.13300139040962833
        ],
        [
          0.13828024937481673,
          0.044884451383269616,
          0.08037715496432668
        ]
      ],
      [
        [
          0.214919010459574,
          0.08208802452554573,
          0.0684331881071558
        ],
        [
          0.04732949384347064,
          0.07503450601690155,
          0.04661402376555075
        ],
        [
          0.19577427314430154,
          0.16112451531999772,
          0.10868296481750234
        ]
      ]
    ]
  },
  "network_stats": {
    "neurons": 389,
    "connections": 1078
  },
  "rollout_data": {
    "rewards": [
      -500.0,
      -500.0,
      -500.0,
      -500.0,
      -500.0,
      -500.0,
      -500.0,
      -500.0,
      -500.0,
      -500.0,
      -500.0,
      -500.0,
      -500.0,
      -500.0,
      -500.0,
      -500.0,
      -500.0,
      -500.0,
      -500.0,
      -500.0
    ],
    "lengths": [
      500,
      500,
      500,
      500,
      500,
      500,
      500,
      500,
      500,
      500,
      500,
      500,
      500,
      500,
      500,
      500,
      500,
      500,
      500,
      500
    ],
    "eval_seeds": [
      5011577,
      5011578,
      5011579,
      5011580,
      5011581,
      5011582,
      5011583,
      5011584,
      5011585,
      5011586,
      5011587,
      5011588,
      5011589,
      5011590,
      5011591,
      5011592,
      5011593,
      5011594,
      5011595,
      5011596
    ]
  }
}