{
  "network_id": 7658,
  "seed": 5007658,
  "valid": true,
  "baseline_reward": -500.0,
  "stratum": "weak",
  "genome": {
    "max_growth_steps": 200,
    "size_x": 20,
    "size_y": 20,
    "diffusion_rate": 0.19529142095899024,
    "num_morphogens": 3,
    "division_threshold": 0.5669459768414169,
    "cell_differentiation_threshold": 0.6472460803180249,
    "axon_growth_threshold": 0.37471002643100254,
    "max_axon_length": 5,
    "axon_connect_threshold": 0.8333831962760453,
    "self_connect_isolated_neurons_fraction": 0.1503336139016512,
    "weight_adjustment_target": 0.3340921694849755,
    "weight_adjustment_rate": 0.01978497748204869,
    "progenitor_secretion_rates": [
      0.20099158829681696,
      0.03641647054134656,
      0.4429474440143236
    ],
    "neuron_secretion_rates": [
      0.23102351790581632,
      0.4342302835192761,
      0.12107597810541293
    ],
    "inhibition_matrix": [
      [
        0.0,
        0.08038440436273825,
        0.09500357761860101
      ],
      [
        0.0,
        0.0,
        0.0
      ],
      [
        0.0,
        0.0,
        0.0
      ]
    ],
    "diffusion_patterns": [
      [
        [
          0.17035022630004093,
          0.0024738142214163453,
          0.09709827594730208
        ],
        [
          0.14825456733109899,
          0.14481062160351224,
          0.09297354910175988
        ],
        [
          0.1756283050314524,
          0.0046340951081715424,
          0.16377654535524566
        ]
      ],
      [
        [
          0.15296032195289927,
          0.02526691229919587,
          0.1763128485182673
        ],
        [
          0.1615381148434095,
          0.11967039714123442,
          0.04228810553511309
        ],
        [
          0.11986352719409062,
          0.0637072519629024,
          0.13839252055288764
        ]
      ],
      [
        [
          0.11957483187082207,
          0.10220235760306923,
          0.04886157716288724
        ],
        [
          0.18728348574142198,
          0.04868271552836693,
          0.2727743748840668
        ],
        [
          0.1955874072931205,
          0.018749979998435588,
          0.0062832699178095265
        ]
      ]
    ]
  },
  "network_stats": {
    "neurons": 400,
    "connections": 524
  },
  "rollout_data": {
    "rewards": [
      -500.0,
      -500.0,
      -500.0,
      -500.0,
      -500.0,
      -500.0,
      -500.0,
      -500.0,
      -500.0,
      -500.0,
      -500.0,
      -500.0,
      -500.0,
      -500.0,
      -500.0,
      -500.0,
      -500.0,
      -500.0,
      -500.0,
      -500.0
    ],
    "lengths": [
      500,
      500,
      500,
      500,
      500,
      500,
      500,
      500,
      500,
      500,
      500,
      500,
      500,
      500,
      500,
      500,
      500,
      500,
      500,
      500
    ],
    "eval_seeds": [
      5007658,
      5007659,
      5007660,
      5007661,
      5007662,
      5007663,
      5007664,
      5007665,
      5007666,
      5007667,
      5007668,
      5007669,
      5007670,
      5007671,
      5007672,
      5007673,
      5007674,
      5007675,
      5007676,
      5007677
    ]
  }
}