{
  "network_id": 11894,
  "seed": 5011894,
  "valid": true,
  "baseline_reward": -192.45,
  "stratum": "near_perfect",
  "genome": {
    "max_growth_steps": 200,
    "size_x": 20,
    "size_y": 20,
    "diffusion_rate": 0.10255280424677236,
    "num_morphogens": 3,
    "division_threshold": 0.6222205430826614,
    "cell_differentiation_threshold": 0.6948965112061906,
    "axon_growth_threshold": 0.39491868580588474,
    "max_axon_length": 4,
    "axon_connect_threshold": 0.5509158591485432,
    "self_connect_isolated_neurons_fraction": 0.2553382030844357,
    "weight_adjustment_target": 0.4956804515632696,
    "weight_adjustment_rate": 0.008754495475128764,
    "progenitor_secretion_rates": [
      0.216186381827564,
      0.03982641792228053,
      0.05025036470740224
    ],
    "neuron_secretion_rates": [
      0.262878971211439,
      0.25563486998650686,
      0.27210761032483244
    ],
    "inhibition_matrix": [
      [
        0.0,
        0.0,
        0.0
      ],
      [
        0.0,
        0.0,
        0.0
      ],
      [
        0.0,
        0.0,
        0.0
      ]
    ],
    "diffusion_patterns": [
      [
        [
          0.12103341124479743,
          0.1139436371568037,
          0.061202740273591065
        ],
        [
          0.09507220926173489,
          0.19782348903280594,
          0.14519388212978387
        ],
        [
          0.04898675331654784,
          0.14923564831751515,
          0.06750822926642004
        ]
      ],
      [
        [
          0.115661635757791,
          0.18757336509008882,
          0.058648564630862016
        ],
        [
          0.13152210968302006,
          0.1286083972156845,
          0.08154889768127806
        ],
        [
          0.05915222952491066,
          0.12735897245917216,
          0.10992582795719268
        ]
      ],
      [
        [
          0.05847035225832439,
          0.04101261182985617,
          0.12092658562088562
        ],
        [
          0.059732858278035796,
          0.04959796819103219,
          0.25084022199189276
        ],
        [
          0.19649352407179208,
          0.1302364339069177,
          0.09268944385126329
        ]
      ]
    ]
  },
  "network_stats": {
    "neurons": 400,
    "connections": 1037
  },
  "rollout_data": {
    "rewards": [
      -166.0,
      -144.0,
      -148.0,
      -500.0,
      -152.0,
      -261.0,
      -157.0,
      -171.0,
      -136.0,
      -180.0,
      -146.0,
      -163.0,
      -209.0,
      -252.0,
      -144.0,
      -258.0,
      -155.0,
      -139.0,
      -153.0,
      -215.0
    ],
    "lengths": [
      167,
      145,
      149,
      500,
      153,
      262,
      158,
      172,
      137,
      181,
      147,
      164,
      210,
      253,
      145,
      259,
      156,
      140,
      154,
      216
    ],
    "eval_seeds": [
      5011894,
      5011895,
      5011896,
      5011897,
      5011898,
      5011899,
      5011900,
      5011901,
      5011902,
      5011903,
      5011904,
      5011905,
      5011906,
      5011907,
      5011908,
      5011909,
      5011910,
      5011911,
      5011912,
      5011913
    ]
  }
}