{
  "network_id": 8790,
  "seed": 5008790,
  "valid": true,
  "baseline_reward": -500.0,
  "stratum": "weak",
  "genome": {
    "max_growth_steps": 200,
    "size_x": 20,
    "size_y": 20,
    "diffusion_rate": 0.08058995262274023,
    "num_morphogens": 3,
    "division_threshold": 0.5385689687609831,
    "cell_differentiation_threshold": 0.6644382173957057,
    "axon_growth_threshold": 0.49560146389751275,
    "max_axon_length": 5,
    "axon_connect_threshold": 0.45052287573406935,
    "self_connect_isolated_neurons_fraction": 0.18808215570534992,
    "weight_adjustment_target": 0.6616125230732978,
    "weight_adjustment_rate": 0.015534907207843014,
    "progenitor_secretion_rates": [
      0.20038757053301243,
      0.1514786703352995,
      0.41136717476311235
    ],
    "neuron_secretion_rates": [
      0.4634000424433644,
      0.48026213602450246,
      0.4455176884090274
    ],
    "inhibition_matrix": [
      [
        0.0,
        0.16376453165945626,
        0.0
      ],
      [
        0.06479980988045081,
        0.0,
        0.0
      ],
      [
        0.1880240450058961,
        0.0,
        0.0
      ]
    ],
    "diffusion_patterns": [
      [
        [
          0.04966336732782779,
          0.21382446153277795,
          0.018623882400695773
        ],
        [
          0.07920267820851169,
          0.1523342351410067,
          0.08878468300631068
        ],
        [
          0.13301203849860768,
          0.12016213593435222,
          0.14439251794990954
        ]
      ],
      [
        [
          0.18158468315227247,
          0.0454675055814346,
          0.13491767290266035
        ],
        [
          0.11162671894979413,
          0.12038254027030747,
          0.1016759816812913
        ],
        [
          0.13505817488553962,
          0.1599108827277594,
          0.009375839848940686
        ]
      ],
      [
        [
          0.005330878133970664,
          0.09880296206266,
          0.1152799685622755
        ],
        [
          0.20941528643741122,
          0.021026624623529108,
          0.17375441868621896
        ],
        [
          0.008977172756381853,
          0.14034937506295286,
          0.22706331367459992
        ]
      ]
    ]
  },
  "network_stats": {
    "neurons": 400,
    "connections": 1211
  },
  "rollout_data": {
    "rewards": [
      -500.0,
      -500.0,
      -500.0,
      -500.0,
      -500.0,
      -500.0,
      -500.0,
      -500.0,
      -500.0,
      -500.0,
      -500.0,
      -500.0,
      -500.0,
      -500.0,
      -500.0,
      -500.0,
      -500.0,
      -500.0,
      -500.0,
      -500.0
    ],
    "lengths": [
      500,
      500,
      500,
      500,
      500,
      500,
      500,
      500,
      500,
      500,
      500,
      500,
      500,
      500,
      500,
      500,
      500,
      500,
      500,
      500
    ],
    "eval_seeds": [
      5008790,
      5008791,
      5008792,
      5008793,
      5008794,
      5008795,
      5008796,
      5008797,
      5008798,
      5008799,
      5008800,
      5008801,
      5008802,
      5008803,
      5008804,
      5008805,
      5008806,
      5008807,
      5008808,
      5008809
    ]
  }
}