{
  "network_id": 1998,
  "seed": 5001998,
  "valid": true,
  "baseline_reward": -500.0,
  "stratum": "weak",
  "genome": {
    "max_growth_steps": 200,
    "size_x": 20,
    "size_y": 20,
    "diffusion_rate": 0.09085909099981136,
    "num_morphogens": 3,
    "division_threshold": 0.3932185687591343,
    "cell_differentiation_threshold": 0.32423654352537107,
    "axon_growth_threshold": 0.48971833197128795,
    "max_axon_length": 4,
    "axon_connect_threshold": 0.8111138834761551,
    "self_connect_isolated_neurons_fraction": 0.2701094895104723,
    "weight_adjustment_target": 0.4937488492635999,
    "weight_adjustment_rate": 0.015529813454283281,
    "progenitor_secretion_rates": [
      0.18958771924751727,
      0.047798294990237467,
      0.14754633739891276
    ],
    "neuron_secretion_rates": [
      0.30719807869132937,
      0.4116370379037646,
      0.2803003852301614
    ],
    "inhibition_matrix": [
      [
        0.0,
        0.0,
        0.47773484355373147
      ],
      [
        0.0,
        0.0,
        0.0
      ],
      [
        0.33065768802665413,
        0.0,
        0.0
      ]
    ],
    "diffusion_patterns": [
      [
        [
          0.14903067545237184,
          0.13716605629422984,
          0.12105987012042402
        ],
        [
          0.12705349497378512,
          0.07607986181630308,
          0.08045180058140496
        ],
        [
          0.14012960811579067,
          0.10360074857406178,
          0.06542788407162867
        ]
      ],
      [
        [
          0.148424132880372,
          0.1566006245124969,
          0.026383457838530768
        ],
        [
          0.13753621366356442,
          0.13097172566569007,
          0.019392138392440694
        ],
        [
          0.12057904056497958,
          0.13949815474670482,
          0.12061451173522085
        ]
      ],
      [
        [
          0.03724900776199716,
          0.12746901013157247,
          0.0468461425914661
        ],
        [
          0.11871810513487586,
          0.18216557307717585,
          0.21116084687159642
        ],
        [
          0.03406909083876499,
          0.14115070840769342,
          0.10117151518485759
        ]
      ]
    ]
  },
  "network_stats": {
    "neurons": 394,
    "connections": 793
  },
  "rollout_data": {
    "rewards": [
      -500.0,
      -500.0,
      -500.0,
      -500.0,
      -500.0,
      -500.0,
      -500.0,
      -500.0,
      -500.0,
      -500.0,
      -500.0,
      -500.0,
      -500.0,
      -500.0,
      -500.0,
      -500.0,
      -500.0,
      -500.0,
      -500.0,
      -500.0
    ],
    "lengths": [
      500,
      500,
      500,
      500,
      500,
      500,
      500,
      500,
      500,
      500,
      500,
      500,
      500,
      500,
      500,
      500,
      500,
      500,
      500,
      500
    ],
    "eval_seeds": [
      5001998,
      5001999,
      5002000,
      5002001,
      5002002,
      5002003,
      5002004,
      5002005,
      5002006,
      5002007,
      5002008,
      5002009,
      5002010,
      5002011,
      5002012,
      5002013,
      5002014,
      5002015,
      5002016,
      5002017
    ]
  }
}