{
  "network_id": 18477,
  "seed": 5018477,
  "valid": true,
  "baseline_reward": -500.0,
  "stratum": "weak",
  "genome": {
    "max_growth_steps": 200,
    "size_x": 20,
    "size_y": 20,
    "diffusion_rate": 0.12387252749330883,
    "num_morphogens": 3,
    "division_threshold": 0.3094794449360648,
    "cell_differentiation_threshold": 0.637111144511829,
    "axon_growth_threshold": 0.34268252380631836,
    "max_axon_length": 2,
    "axon_connect_threshold": 0.709523490814648,
    "self_connect_isolated_neurons_fraction": 0.15910834631115542,
    "weight_adjustment_target": 0.5222846782249043,
    "weight_adjustment_rate": 0.01554583601940463,
    "progenitor_secretion_rates": [
      0.44516767290696785,
      0.2639173625076228,
      0.30798190107619544
    ],
    "neuron_secretion_rates": [
      0.41265693627740524,
      0.4830785426312136,
      0.029938008775679315
    ],
    "inhibition_matrix": [
      [
        0.0,
        0.0,
        0.0
      ],
      [
        0.0,
        0.0,
        0.1889461129497918
      ],
      [
        0.0,
        0.0,
        0.0
      ]
    ],
    "diffusion_patterns": [
      [
        [
          0.14498537415040855,
          0.08090080572557366,
          0.14673717651781196
        ],
        [
          0.03461764695661974,
          0.12808461821974895,
          0.12031603088801666
        ],
        [
          0.12314336262279658,
          0.11106331564599002,
          0.11015166927303383
        ]
      ],
      [
        [
          0.14435664560221706,
          0.05835129237945184,
          0.21587590923910718
        ],
        [
          0.09142402453596428,
          0.1872719037327513,
          0.11795547311941437
        ],
        [
          0.050384926998067556,
          0.08318746441882781,
          0.05119235997419863
        ]
      ],
      [
        [
          0.1995207713412407,
          0.149753921315002,
          0.08039141896453332
        ],
        [
          0.041477858791910856,
          0.05667810442058644,
          0.1917249038840965
        ],
        [
          0.046494836913007834,
          0.2068713971265527,
          0.027086787243069548
        ]
      ]
    ]
  },
  "network_stats": {
    "neurons": 400,
    "connections": 873
  },
  "rollout_data": {
    "rewards": [
      -500.0,
      -500.0,
      -500.0,
      -500.0,
      -500.0,
      -500.0,
      -500.0,
      -500.0,
      -500.0,
      -500.0,
      -500.0,
      -500.0,
      -500.0,
      -500.0,
      -500.0,
      -500.0,
      -500.0,
      -500.0,
      -500.0,
      -500.0
    ],
    "lengths": [
      500,
      500,
      500,
      500,
      500,
      500,
      500,
      500,
      500,
      500,
      500,
      500,
      500,
      500,
      500,
      500,
      500,
      500,
      500,
      500
    ],
    "eval_seeds": [
      5018477,
      5018478,
      5018479,
      5018480,
      5018481,
      5018482,
      5018483,
      5018484,
      5018485,
      5018486,
      5018487,
      5018488,
      5018489,
      5018490,
      5018491,
      5018492,
      5018493,
      5018494,
      5018495,
      5018496
    ]
  }
}