{
  "network_id": 2185,
  "seed": 5002185,
  "valid": true,
  "baseline_reward": -500.0,
  "stratum": "weak",
  "genome": {
    "max_growth_steps": 200,
    "size_x": 20,
    "size_y": 20,
    "diffusion_rate": 0.1990714630532526,
    "num_morphogens": 3,
    "division_threshold": 0.3380659167023555,
    "cell_differentiation_threshold": 0.6986376347015864,
    "axon_growth_threshold": 0.4082490426607791,
    "max_axon_length": 8,
    "axon_connect_threshold": 0.7892469290368748,
    "self_connect_isolated_neurons_fraction": 0.07336362569397982,
    "weight_adjustment_target": 0.3140644600324677,
    "weight_adjustment_rate": 0.019048407803176678,
    "progenitor_secretion_rates": [
      0.38677689526759557,
      0.3100594794616961,
      0.162385561073837
    ],
    "neuron_secretion_rates": [
      0.3406882354368515,
      0.16144577594704784,
      0.3676013932432737
    ],
    "inhibition_matrix": [
      [
        0.0,
        0.48754698504913785,
        0.0
      ],
      [
        0.0,
        0.0,
        0.0
      ],
      [
        0.0,
        0.0,
        0.0
      ]
    ],
    "diffusion_patterns": [
      [
        [
          0.19712776324037393,
          0.03750875295899743,
          0.14081248878243754
        ],
        [
          0.06505504278226613,
          0.09350405602326235,
          0.0654467089427092
        ],
        [
          0.057356926431236,
          0.17578150498083953,
          0.16740675585787784
        ]
      ],
      [
        [
          0.18786529227272242,
          0.21954060103943052,
          0.04084522654995054
        ],
        [
          0.0021190824712871642,
          0.04146518751839715,
          0.16992807252150388
        ],
        [
          0.21226965207159162,
          0.03261778533584719,
          0.0933491002192694
        ]
      ],
      [
        [
          0.04092240074644938,
          0.1201244329594956,
          0.12186867612742962
        ],
        [
          0.1360210657896631,
          0.14075159703661777,
          0.15807399982139583
        ],
        [
          0.11959796771340167,
          0.09761528538418311,
          0.06502457442136401
        ]
      ]
    ]
  },
  "network_stats": {
    "neurons": 377,
    "connections": 927
  },
  "rollout_data": {
    "rewards": [
      -500.0,
      -500.0,
      -500.0,
      -500.0,
      -500.0,
      -500.0,
      -500.0,
      -500.0,
      -500.0,
      -500.0,
      -500.0,
      -500.0,
      -500.0,
      -500.0,
      -500.0,
      -500.0,
      -500.0,
      -500.0,
      -500.0,
      -500.0
    ],
    "lengths": [
      500,
      500,
      500,
      500,
      500,
      500,
      500,
      500,
      500,
      500,
      500,
      500,
      500,
      500,
      500,
      500,
      500,
      500,
      500,
      500
    ],
    "eval_seeds": [
      5002185,
      5002186,
      5002187,
      5002188,
      5002189,
      5002190,
      5002191,
      5002192,
      5002193,
      5002194,
      5002195,
      5002196,
      5002197,
      5002198,
      5002199,
      5002200,
      5002201,
      5002202,
      5002203,
      5002204
    ]
  }
}