{
  "network_id": 9916,
  "seed": 5009916,
  "valid": true,
  "baseline_reward": -500.0,
  "stratum": "weak",
  "genome": {
    "max_growth_steps": 200,
    "size_x": 20,
    "size_y": 20,
    "diffusion_rate": 0.08024499206084926,
    "num_morphogens": 3,
    "division_threshold": 0.5308778784522304,
    "cell_differentiation_threshold": 0.3729424817166078,
    "axon_growth_threshold": 0.32171899809755317,
    "max_axon_length": 7,
    "axon_connect_threshold": 0.457577728634847,
    "self_connect_isolated_neurons_fraction": 0.09558991461112959,
    "weight_adjustment_target": 0.5638335161791301,
    "weight_adjustment_rate": 0.012271194688822741,
    "progenitor_secretion_rates": [
      0.3282375240030895,
      0.12225309705290499,
      0.4770580343162352
    ],
    "neuron_secretion_rates": [
      0.46151626630789966,
      0.3360599229058607,
      0.3969815961406878
    ],
    "inhibition_matrix": [
      [
        0.0,
        0.0,
        0.0
      ],
      [
        0.0,
        0.0,
        0.0
      ],
      [
        0.0,
        0.0,
        0.0
      ]
    ],
    "diffusion_patterns": [
      [
        [
          0.16561268183633018,
          0.1756890853424146,
          0.07335743773704835
        ],
        [
          0.14459099060863234,
          0.05212217793287014,
          0.042832460348269874
        ],
        [
          0.16765423495420073,
          0.14177201054178262,
          0.036368920698451136
        ]
      ],
      [
        [
          0.08234007364132459,
          0.11820555105645102,
          0.14309163981943748
        ],
        [
          0.08628982673265612,
          0.064611191758614,
          0.108153299383097
        ],
        [
          0.0021913932634701704,
          0.19994065612528608,
          0.19517636821966347
        ]
      ],
      [
        [
          0.11775804125105717,
          0.01985121399200766,
          0.07030556993301958
        ],
        [
          0.10350662166106553,
          0.18261523710777502,
          0.1787482653634541
        ],
        [
          0.19002331233044126,
          0.09877063398806266,
          0.03842110437311713
        ]
      ]
    ]
  },
  "network_stats": {
    "neurons": 400,
    "connections": 848
  },
  "rollout_data": {
    "rewards": [
      -500.0,
      -500.0,
      -500.0,
      -500.0,
      -500.0,
      -500.0,
      -500.0,
      -500.0,
      -500.0,
      -500.0,
      -500.0,
      -500.0,
      -500.0,
      -500.0,
      -500.0,
      -500.0,
      -500.0,
      -500.0,
      -500.0,
      -500.0
    ],
    "lengths": [
      500,
      500,
      500,
      500,
      500,
      500,
      500,
      500,
      500,
      500,
      500,
      500,
      500,
      500,
      500,
      500,
      500,
      500,
      500,
      500
    ],
    "eval_seeds": [
      5009916,
      5009917,
      5009918,
      5009919,
      5009920,
      5009921,
      5009922,
      5009923,
      5009924,
      5009925,
      5009926,
      5009927,
      5009928,
      5009929,
      5009930,
      5009931,
      5009932,
      5009933,
      5009934,
      5009935
    ]
  }
}