{
  "network_id": 8211,
  "seed": 5008211,
  "valid": true,
  "baseline_reward": -500.0,
  "stratum": "weak",
  "genome": {
    "max_growth_steps": 200,
    "size_x": 20,
    "size_y": 20,
    "diffusion_rate": 0.08004384947829099,
    "num_morphogens": 3,
    "division_threshold": 0.484363347288967,
    "cell_differentiation_threshold": 0.6250037557989557,
    "axon_growth_threshold": 0.43837294024997847,
    "max_axon_length": 3,
    "axon_connect_threshold": 0.5953188645304632,
    "self_connect_isolated_neurons_fraction": 0.1634990351660854,
    "weight_adjustment_target": 0.6948204658643666,
    "weight_adjustment_rate": 0.013940032131506169,
    "progenitor_secretion_rates": [
      0.3981344820484014,
      0.29978575826878634,
      0.06320963340847868
    ],
    "neuron_secretion_rates": [
      0.17004238510495046,
      0.3695991096399338,
      0.4895797520904374
    ],
    "inhibition_matrix": [
      [
        0.0,
        0.0,
        0.0
      ],
      [
        0.0,
        0.0,
        0.07890506022897043
      ],
      [
        0.0,
        0.0,
        0.0
      ]
    ],
    "diffusion_patterns": [
      [
        [
          0.1648687647342293,
          0.14233321553029132,
          0.1900005781280211
        ],
        [
          0.14113348537725645,
          0.07064220454051343,
          0.07394022199266534
        ],
        [
          0.05635264079408487,
          0.0701247820308836,
          0.09060410687205468
        ]
      ],
      [
        [
          0.13238902766934343,
          0.11228443120218086,
          0.05551401864046814
        ],
        [
          0.17164611526355839,
          0.14391239849140033,
          0.1338763410947189
        ],
        [
          0.09069738820974421,
          0.0586212826273926,
          0.10105899680119314
        ]
      ],
      [
        [
          0.11859441088773803,
          0.20197047717495428,
          0.06755028239929334
        ],
        [
          0.014233510526627162,
          0.18556010762683167,
          0.09266919916267162
        ],
        [
          0.023496821868729496,
          0.09019352964730332,
          0.20573166070585105
        ]
      ]
    ]
  },
  "network_stats": {
    "neurons": 400,
    "connections": 1081
  },
  "rollout_data": {
    "rewards": [
      -500.0,
      -500.0,
      -500.0,
      -500.0,
      -500.0,
      -500.0,
      -500.0,
      -500.0,
      -500.0,
      -500.0,
      -500.0,
      -500.0,
      -500.0,
      -500.0,
      -500.0,
      -500.0,
      -500.0,
      -500.0,
      -500.0,
      -500.0
    ],
    "lengths": [
      500,
      500,
      500,
      500,
      500,
      500,
      500,
      500,
      500,
      500,
      500,
      500,
      500,
      500,
      500,
      500,
      500,
      500,
      500,
      500
    ],
    "eval_seeds": [
      5008211,
      5008212,
      5008213,
      5008214,
      5008215,
      5008216,
      5008217,
      5008218,
      5008219,
      5008220,
      5008221,
      5008222,
      5008223,
      5008224,
      5008225,
      5008226,
      5008227,
      5008228,
      5008229,
      5008230
    ]
  }
}