{
  "network_id": 2035,
  "seed": 5002035,
  "valid": true,
  "baseline_reward": -500.0,
  "stratum": "weak",
  "genome": {
    "max_growth_steps": 200,
    "size_x": 20,
    "size_y": 20,
    "diffusion_rate": 0.11114746716745245,
    "num_morphogens": 3,
    "division_threshold": 0.32482895488568564,
    "cell_differentiation_threshold": 0.6221687996283405,
    "axon_growth_threshold": 0.21735325400349806,
    "max_axon_length": 7,
    "axon_connect_threshold": 0.6304788609544288,
    "self_connect_isolated_neurons_fraction": 0.08729599572652187,
    "weight_adjustment_target": 0.6158298667141078,
    "weight_adjustment_rate": 0.008609576724741446,
    "progenitor_secretion_rates": [
      0.3191258406309626,
      0.31005822941579286,
      0.35275126408637536
    ],
    "neuron_secretion_rates": [
      0.13290818179752795,
      0.2290119550462949,
      0.14299056803520743
    ],
    "inhibition_matrix": [
      [
        0.0,
        0.0,
        0.48498339512177063
      ],
      [
        0.0,
        0.0,
        0.0
      ],
      [
        0.4947801576244623,
        0.0,
        0.0
      ]
    ],
    "diffusion_patterns": [
      [
        [
          0.018400900655593678,
          0.1701710640520853,
          0.14621601182016528
        ],
        [
          0.21379746842759245,
          0.0832728006669271,
          0.059145611704190144
        ],
        [
          0.01284608525402157,
          0.18283761611186336,
          0.11331244130756117
        ]
      ],
      [
        [
          0.12550525174294172,
          0.12250631337565701,
          0.06802756358235525
        ],
        [
          0.15180770776254346,
          0.18192895089409533,
          0.08944139086996024
        ],
        [
          0.12902724945758495,
          0.13122250761374635,
          0.0005330647011157338
        ]
      ],
      [
        [
          0.1508009992484879,
          0.03249862009758502,
          0.15763438884542083
        ],
        [
          0.15738908605068316,
          0.16742174004751573,
          0.14875407796398896
        ],
        [
          0.004197635038421774,
          0.14484984319203853,
          0.03645360951585807
        ]
      ]
    ]
  },
  "network_stats": {
    "neurons": 90,
    "connections": 249
  },
  "rollout_data": {
    "rewards": [
      -500.0,
      -500.0,
      -500.0,
      -500.0,
      -500.0,
      -500.0,
      -500.0,
      -500.0,
      -500.0,
      -500.0,
      -500.0,
      -500.0,
      -500.0,
      -500.0,
      -500.0,
      -500.0,
      -500.0,
      -500.0,
      -500.0,
      -500.0
    ],
    "lengths": [
      500,
      500,
      500,
      500,
      500,
      500,
      500,
      500,
      500,
      500,
      500,
      500,
      500,
      500,
      500,
      500,
      500,
      500,
      500,
      500
    ],
    "eval_seeds": [
      5002035,
      5002036,
      5002037,
      5002038,
      5002039,
      5002040,
      5002041,
      5002042,
      5002043,
      5002044,
      5002045,
      5002046,
      5002047,
      5002048,
      5002049,
      5002050,
      5002051,
      5002052,
      5002053,
      5002054
    ]
  }
}