{
  "network_id": 560,
  "seed": 5000560,
  "valid": true,
  "baseline_reward": -500.0,
  "stratum": "weak",
  "genome": {
    "max_growth_steps": 200,
    "size_x": 20,
    "size_y": 20,
    "diffusion_rate": 0.19125259420726445,
    "num_morphogens": 3,
    "division_threshold": 0.5188888771616966,
    "cell_differentiation_threshold": 0.6558881508677964,
    "axon_growth_threshold": 0.49431945133730315,
    "max_axon_length": 8,
    "axon_connect_threshold": 0.9693970176866986,
    "self_connect_isolated_neurons_fraction": 0.25489209278886255,
    "weight_adjustment_target": 0.5366343690486691,
    "weight_adjustment_rate": 0.01732976676007489,
    "progenitor_secretion_rates": [
      0.39041561965227506,
      0.4229288008725018,
      0.18134201230847308
    ],
    "neuron_secretion_rates": [
      0.31082493389385923,
      0.4730281925749396,
      0.4202045775860874
    ],
    "inhibition_matrix": [
      [
        0.0,
        0.035389950677639115,
        0.0
      ],
      [
        0.1290429162020365,
        0.0,
        0.0
      ],
      [
        0.0,
        0.0,
        0.0
      ]
    ],
    "diffusion_patterns": [
      [
        [
          0.04944779878377597,
          0.04006463563688783,
          0.13344760084637158
        ],
        [
          0.18119356312387,
          0.174606737582569,
          0.08480219828327433
        ],
        [
          0.17641882900726266,
          0.06474293059860753,
          0.09527570613738105
        ]
      ],
      [
        [
          0.1659325989550267,
          0.13380719944657313,
          0.11807811947761601
        ],
        [
          0.14025231261979276,
          0.019076198604887067,
          0.12987796141218932
        ],
        [
          0.12629307680079283,
          0.10354917846841787,
          0.06313335421470422
        ]
      ],
      [
        [
          0.16186182133791613,
          0.13002112060192408,
          0.14604207440928152
        ],
        [
          0.1498964594452167,
          0.04092304536610067,
          0.16998584734228345
        ],
        [
          0.0025988294482679414,
          0.16069832819132526,
          0.03797247385768422
        ]
      ]
    ]
  },
  "network_stats": {
    "neurons": 400,
    "connections": 1021
  },
  "rollout_data": {
    "rewards": [
      -500.0,
      -500.0,
      -500.0,
      -500.0,
      -500.0,
      -500.0,
      -500.0,
      -500.0,
      -500.0,
      -500.0,
      -500.0,
      -500.0,
      -500.0,
      -500.0,
      -500.0,
      -500.0,
      -500.0,
      -500.0,
      -500.0,
      -500.0
    ],
    "lengths": [
      500,
      500,
      500,
      500,
      500,
      500,
      500,
      500,
      500,
      500,
      500,
      500,
      500,
      500,
      500,
      500,
      500,
      500,
      500,
      500
    ],
    "eval_seeds": [
      5000560,
      5000561,
      5000562,
      5000563,
      5000564,
      5000565,
      5000566,
      5000567,
      5000568,
      5000569,
      5000570,
      5000571,
      5000572,
      5000573,
      5000574,
      5000575,
      5000576,
      5000577,
      5000578,
      5000579
    ]
  }
}