{
  "network_id": 6945,
  "seed": 5006945,
  "valid": true,
  "baseline_reward": -500.0,
  "stratum": "weak",
  "genome": {
    "max_growth_steps": 200,
    "size_x": 20,
    "size_y": 20,
    "diffusion_rate": 0.05927727815219524,
    "num_morphogens": 3,
    "division_threshold": 0.42043927817524723,
    "cell_differentiation_threshold": 0.4647454760187591,
    "axon_growth_threshold": 0.23714414492710773,
    "max_axon_length": 7,
    "axon_connect_threshold": 0.9367883332650397,
    "self_connect_isolated_neurons_fraction": 0.2023310929337096,
    "weight_adjustment_target": 0.3940151038200822,
    "weight_adjustment_rate": 0.01147998936828622,
    "progenitor_secretion_rates": [
      0.41727787903079555,
      0.23100746162134256,
      0.06485851499935469
    ],
    "neuron_secretion_rates": [
      0.020362367552111238,
      0.16709904814262277,
      0.22700163399967466
    ],
    "inhibition_matrix": [
      [
        0.0,
        0.0,
        0.0
      ],
      [
        0.0,
        0.0,
        0.3610697041326183
      ],
      [
        0.0,
        0.20325991323173204,
        0.0
      ]
    ],
    "diffusion_patterns": [
      [
        [
          0.0970126225724836,
          0.12574474984004277,
          0.15109452694593684
        ],
        [
          0.07245005774023398,
          0.16082544984292252,
          0.15820338304722148
        ],
        [
          0.0663204901333296,
          0.00955626967841003,
          0.1587924501994192
        ]
      ],
      [
        [
          0.09970397269082691,
          0.08352282585735289,
          0.1477548690112774
        ],
        [
          0.09782783360567067,
          0.1717784043262304,
          0.17697840232216958
        ],
        [
          0.04142741688787861,
          0.15677932124741648,
          0.024226954051177065
        ]
      ],
      [
        [
          0.10429319956748903,
          0.17620929857104672,
          0.07315889215950408
        ],
        [
          0.17435011594887206,
          0.09790840476627664,
          0.10072951167338977
        ],
        [
          0.1413643864186,
          0.07138737819203787,
          0.060598812702783805
        ]
      ]
    ]
  },
  "network_stats": {
    "neurons": 400,
    "connections": 1891
  },
  "rollout_data": {
    "rewards": [
      -500.0,
      -500.0,
      -500.0,
      -500.0,
      -500.0,
      -500.0,
      -500.0,
      -500.0,
      -500.0,
      -500.0,
      -500.0,
      -500.0,
      -500.0,
      -500.0,
      -500.0,
      -500.0,
      -500.0,
      -500.0,
      -500.0,
      -500.0
    ],
    "lengths": [
      500,
      500,
      500,
      500,
      500,
      500,
      500,
      500,
      500,
      500,
      500,
      500,
      500,
      500,
      500,
      500,
      500,
      500,
      500,
      500
    ],
    "eval_seeds": [
      5006945,
      5006946,
      5006947,
      5006948,
      5006949,
      5006950,
      5006951,
      5006952,
      5006953,
      5006954,
      5006955,
      5006956,
      5006957,
      5006958,
      5006959,
      5006960,
      5006961,
      5006962,
      5006963,
      5006964
    ]
  }
}