{
  "network_id": 19349,
  "seed": 5019349,
  "valid": true,
  "baseline_reward": -500.0,
  "stratum": "weak",
  "genome": {
    "max_growth_steps": 200,
    "size_x": 20,
    "size_y": 20,
    "diffusion_rate": 0.08005120597286329,
    "num_morphogens": 3,
    "division_threshold": 0.4096205083864266,
    "cell_differentiation_threshold": 0.520849242069214,
    "axon_growth_threshold": 0.33899201341153956,
    "max_axon_length": 4,
    "axon_connect_threshold": 0.4107620409510817,
    "self_connect_isolated_neurons_fraction": 0.29114826733594,
    "weight_adjustment_target": 0.3715595829892385,
    "weight_adjustment_rate": 0.013806985236555144,
    "progenitor_secretion_rates": [
      0.41157564333171087,
      0.427471922961359,
      0.23120632682068204
    ],
    "neuron_secretion_rates": [
      0.39923507331891495,
      0.37637176830617386,
      0.4668180472905431
    ],
    "inhibition_matrix": [
      [
        0.0,
        0.0,
        0.2459304808484219
      ],
      [
        0.3962985551538905,
        0.0,
        0.0
      ],
      [
        0.0,
        0.0,
        0.0
      ]
    ],
    "diffusion_patterns": [
      [
        [
          0.23854138503271702,
          0.1404901185174437,
          0.0269078136456508
        ],
        [
          0.02340281051363712,
          0.14530208307211817,
          0.14365303224191064
        ],
        [
          0.007382429751567439,
          0.16721611533903047,
          0.10710421188592473
        ]
      ],
      [
        [
          0.14458506263250429,
          0.049694909761977456,
          0.029210323083610643
        ],
        [
          0.21127864355693296,
          0.10744809741605416,
          0.0963124159282516
        ],
        [
          0.13615806808702177,
          0.18890945365652162,
          0.036403025877125635
        ]
      ],
      [
        [
          0.12880879117371047,
          0.0018313241112357247,
          0.15099314339694825
        ],
        [
          0.10837240400727215,
          0.18420317528602972,
          0.010131763225301304
        ],
        [
          0.1569522898068729,
          0.12165637140283977,
          0.13705073758978967
        ]
      ]
    ]
  },
  "network_stats": {
    "neurons": 400,
    "connections": 1028
  },
  "rollout_data": {
    "rewards": [
      -500.0,
      -500.0,
      -500.0,
      -500.0,
      -500.0,
      -500.0,
      -500.0,
      -500.0,
      -500.0,
      -500.0,
      -500.0,
      -500.0,
      -500.0,
      -500.0,
      -500.0,
      -500.0,
      -500.0,
      -500.0,
      -500.0,
      -500.0
    ],
    "lengths": [
      500,
      500,
      500,
      500,
      500,
      500,
      500,
      500,
      500,
      500,
      500,
      500,
      500,
      500,
      500,
      500,
      500,
      500,
      500,
      500
    ],
    "eval_seeds": [
      5019349,
      5019350,
      5019351,
      5019352,
      5019353,
      5019354,
      5019355,
      5019356,
      5019357,
      5019358,
      5019359,
      5019360,
      5019361,
      5019362,
      5019363,
      5019364,
      5019365,
      5019366,
      5019367,
      5019368
    ]
  }
}