{
  "network_id": 10895,
  "seed": 5010895,
  "valid": true,
  "baseline_reward": -500.0,
  "stratum": "weak",
  "genome": {
    "max_growth_steps": 200,
    "size_x": 20,
    "size_y": 20,
    "diffusion_rate": 0.13170005105842045,
    "num_morphogens": 3,
    "division_threshold": 0.6807593572268897,
    "cell_differentiation_threshold": 0.48527183997923345,
    "axon_growth_threshold": 0.44544016976189205,
    "max_axon_length": 5,
    "axon_connect_threshold": 0.8493377125593149,
    "self_connect_isolated_neurons_fraction": 0.06355641407973053,
    "weight_adjustment_target": 0.3367404259441986,
    "weight_adjustment_rate": 0.019972542109756672,
    "progenitor_secretion_rates": [
      0.1746962571196925,
      0.07658859578270805,
      0.2552303525285183
    ],
    "neuron_secretion_rates": [
      0.23685715436002608,
      0.37298824757044646,
      0.28993360441379595
    ],
    "inhibition_matrix": [
      [
        0.0,
        0.0,
        0.0
      ],
      [
        0.0,
        0.0,
        0.0
      ],
      [
        0.0,
        0.26551788435243384,
        0.0
      ]
    ],
    "diffusion_patterns": [
      [
        [
          0.07210171189909037,
          0.2097569094493583,
          0.020095691213059062
        ],
        [
          0.12212749028094821,
          0.07746904966024507,
          0.04458067383967667
        ],
        [
          0.20831308316289776,
          0.004494676559228428,
          0.24106071393549608
        ]
      ],
      [
        [
          0.16141633054686313,
          0.18178655700945512,
          0.0945068949046947
        ],
        [
          0.18877286174393443,
          0.04742272872648423,
          0.14537157915001198
        ],
        [
          0.019591055998548365,
          0.02966697104094312,
          0.1314650208790648
        ]
      ],
      [
        [
          0.027369316103809594,
          0.2221148510066984,
          0.1799936475631721
        ],
        [
          0.18961554134690783,
          0.013018254117116964,
          0.0675688662472532
        ],
        [
          0.01192432981807125,
          0.2711192187892846,
          0.01727597500768615
        ]
      ]
    ]
  },
  "network_stats": {
    "neurons": 400,
    "connections": 219
  },
  "rollout_data": {
    "rewards": [
      -500.0,
      -500.0,
      -500.0,
      -500.0,
      -500.0,
      -500.0,
      -500.0,
      -500.0,
      -500.0,
      -500.0,
      -500.0,
      -500.0,
      -500.0,
      -500.0,
      -500.0,
      -500.0,
      -500.0,
      -500.0,
      -500.0,
      -500.0
    ],
    "lengths": [
      500,
      500,
      500,
      500,
      500,
      500,
      500,
      500,
      500,
      500,
      500,
      500,
      500,
      500,
      500,
      500,
      500,
      500,
      500,
      500
    ],
    "eval_seeds": [
      5010895,
      5010896,
      5010897,
      5010898,
      5010899,
      5010900,
      5010901,
      5010902,
      5010903,
      5010904,
      5010905,
      5010906,
      5010907,
      5010908,
      5010909,
      5010910,
      5010911,
      5010912,
      5010913,
      5010914
    ]
  }
}