{
  "network_id": 727,
  "seed": 5000727,
  "valid": true,
  "baseline_reward": -500.0,
  "stratum": "weak",
  "genome": {
    "max_growth_steps": 200,
    "size_x": 20,
    "size_y": 20,
    "diffusion_rate": 0.09738832587903225,
    "num_morphogens": 3,
    "division_threshold": 0.6192192539456486,
    "cell_differentiation_threshold": 0.3837520138469699,
    "axon_growth_threshold": 0.22466185013130083,
    "max_axon_length": 3,
    "axon_connect_threshold": 0.5633706033583503,
    "self_connect_isolated_neurons_fraction": 0.21811281224508303,
    "weight_adjustment_target": 0.662788329108674,
    "weight_adjustment_rate": 0.00583179146214589,
    "progenitor_secretion_rates": [
      0.21065427183182195,
      0.008432493899019178,
      0.3281658988466759
    ],
    "neuron_secretion_rates": [
      0.2637267778542973,
      0.17823918559622226,
      0.13107525668266207
    ],
    "inhibition_matrix": [
      [
        0.0,
        0.47137281043405616,
        0.0
      ],
      [
        0.0,
        0.0,
        0.0
      ],
      [
        0.24208978939735037,
        0.09160656812958229,
        0.0
      ]
    ],
    "diffusion_patterns": [
      [
        [
          0.053050443536017226,
          0.05779287657486793,
          0.1287676014747492
        ],
        [
          0.10903731114565157,
          0.16380585691280583,
          0.19381297804084127
        ],
        [
          0.12321223164273354,
          0.14841900014870651,
          0.022101700523627043
        ]
      ],
      [
        [
          0.06319971305662768,
          0.07852906662102849,
          0.13987529321519637
        ],
        [
          0.1264754652855872,
          0.08001576798977016,
          0.16055145516966154
        ],
        [
          0.18421820493043914,
          0.016630566700548355,
          0.150504467031141
        ]
      ],
      [
        [
          0.10072261822705915,
          0.07890632779590567,
          0.15497496578461598
        ],
        [
          0.18780082486335362,
          0.08005504483698635,
          0.04556350872295343
        ],
        [
          0.1716538254038548,
          0.06397904844167358,
          0.11634383592359752
        ]
      ]
    ]
  },
  "network_stats": {
    "neurons": 400,
    "connections": 1111
  },
  "rollout_data": {
    "rewards": [
      -500.0,
      -500.0,
      -500.0,
      -500.0,
      -500.0,
      -500.0,
      -500.0,
      -500.0,
      -500.0,
      -500.0,
      -500.0,
      -500.0,
      -500.0,
      -500.0,
      -500.0,
      -500.0,
      -500.0,
      -500.0,
      -500.0,
      -500.0
    ],
    "lengths": [
      500,
      500,
      500,
      500,
      500,
      500,
      500,
      500,
      500,
      500,
      500,
      500,
      500,
      500,
      500,
      500,
      500,
      500,
      500,
      500
    ],
    "eval_seeds": [
      5000727,
      5000728,
      5000729,
      5000730,
      5000731,
      5000732,
      5000733,
      5000734,
      5000735,
      5000736,
      5000737,
      5000738,
      5000739,
      5000740,
      5000741,
      5000742,
      5000743,
      5000744,
      5000745,
      5000746
    ]
  }
}