{
  "network_id": 8262,
  "seed": 5008262,
  "valid": true,
  "baseline_reward": -500.0,
  "stratum": "weak",
  "genome": {
    "max_growth_steps": 200,
    "size_x": 20,
    "size_y": 20,
    "diffusion_rate": 0.13492154748937246,
    "num_morphogens": 3,
    "division_threshold": 0.44626029038794174,
    "cell_differentiation_threshold": 0.41941409264160945,
    "axon_growth_threshold": 0.37002289548980394,
    "max_axon_length": 8,
    "axon_connect_threshold": 0.7209692117571479,
    "self_connect_isolated_neurons_fraction": 0.08130903935587315,
    "weight_adjustment_target": 0.4700112505377783,
    "weight_adjustment_rate": 0.007600965024136045,
    "progenitor_secretion_rates": [
      0.21299927950550485,
      0.15776023845373482,
      0.39446033653273677
    ],
    "neuron_secretion_rates": [
      0.2407475467986505,
      0.17925355892867517,
      0.13457576837379148
    ],
    "inhibition_matrix": [
      [
        0.0,
        0.11713647989459719,
        0.0
      ],
      [
        0.046727596247848446,
        0.0,
        0.0
      ],
      [
        0.0,
        0.0,
        0.0
      ]
    ],
    "diffusion_patterns": [
      [
        [
          0.06849048092790383,
          0.13163548779787543,
          0.01642229574166395
        ],
        [
          0.16945583568954556,
          0.055335098320405535,
          0.17051484428398886
        ],
        [
          0.17418801932737024,
          0.07603271777490203,
          0.13792522013634467
        ]
      ],
      [
        [
          0.09008399762174571,
          0.0833987719406526,
          0.08414007730700375
        ],
        [
          0.17534680046674703,
          0.1173733124329297,
          0.11684376938655922
        ],
        [
          0.1085380145778089,
          0.06662666906555191,
          0.1576485872010013
        ]
      ],
      [
        [
          0.09890498654566647,
          0.12605020556825375,
          0.12107797940721862
        ],
        [
          0.008622795917629336,
          0.15988786553489426,
          0.14119312911510806
        ],
        [
          0.11440695516520522,
          0.1298092272303608,
          0.10004685551566359
        ]
      ]
    ]
  },
  "network_stats": {
    "neurons": 400,
    "connections": 977
  },
  "rollout_data": {
    "rewards": [
      -500.0,
      -500.0,
      -500.0,
      -500.0,
      -500.0,
      -500.0,
      -500.0,
      -500.0,
      -500.0,
      -500.0,
      -500.0,
      -500.0,
      -500.0,
      -500.0,
      -500.0,
      -500.0,
      -500.0,
      -500.0,
      -500.0,
      -500.0
    ],
    "lengths": [
      500,
      500,
      500,
      500,
      500,
      500,
      500,
      500,
      500,
      500,
      500,
      500,
      500,
      500,
      500,
      500,
      500,
      500,
      500,
      500
    ],
    "eval_seeds": [
      5008262,
      5008263,
      5008264,
      5008265,
      5008266,
      5008267,
      5008268,
      5008269,
      5008270,
      5008271,
      5008272,
      5008273,
      5008274,
      5008275,
      5008276,
      5008277,
      5008278,
      5008279,
      5008280,
      5008281
    ]
  }
}