{
  "network_id": 6143,
  "seed": 5006143,
  "valid": true,
  "baseline_reward": -500.0,
  "stratum": "weak",
  "genome": {
    "max_growth_steps": 200,
    "size_x": 20,
    "size_y": 20,
    "diffusion_rate": 0.15249468409618794,
    "num_morphogens": 3,
    "division_threshold": 0.5056175785675977,
    "cell_differentiation_threshold": 0.3019488694626727,
    "axon_growth_threshold": 0.3979746481703959,
    "max_axon_length": 10,
    "axon_connect_threshold": 0.5861985263842266,
    "self_connect_isolated_neurons_fraction": 0.23793429478397934,
    "weight_adjustment_target": 0.5456829757693343,
    "weight_adjustment_rate": 0.0154428099840744,
    "progenitor_secretion_rates": [
      0.3893330375565763,
      0.1727292146041987,
      0.3386332173211574
    ],
    "neuron_secretion_rates": [
      0.4552519623261183,
      0.4986785359622769,
      0.07024426968203051
    ],
    "inhibition_matrix": [
      [
        0.0,
        0.0,
        0.0
      ],
      [
        0.0,
        0.0,
        0.0
      ],
      [
        0.11208376965878752,
        0.0,
        0.0
      ]
    ],
    "diffusion_patterns": [
      [
        [
          0.13231099061861534,
          0.15460595787030032,
          0.03187254508629552
        ],
        [
          0.12401594370560275,
          0.10783157824718775,
          0.028412759321875175
        ],
        [
          0.13801281034498555,
          0.15678236973443116,
          0.12615504507070643
        ]
      ],
      [
        [
          0.012416517606808949,
          0.00919004133140847,
          0.30346809171506417
        ],
        [
          0.04593236785221207,
          0.16466927141808146,
          0.15482829581419125
        ],
        [
          0.11615855893902972,
          0.10985767956566381,
          0.08347917575754013
        ]
      ],
      [
        [
          0.19820647727353194,
          0.09207404835422774,
          0.10776363364196816
        ],
        [
          0.06944705679402753,
          0.10823201410108949,
          0.10123937456750523
        ],
        [
          0.10792527085768078,
          0.052644383112278745,
          0.16246774129769054
        ]
      ]
    ]
  },
  "network_stats": {
    "neurons": 360,
    "connections": 576
  },
  "rollout_data": {
    "rewards": [
      -500.0,
      -500.0,
      -500.0,
      -500.0,
      -500.0,
      -500.0,
      -500.0,
      -500.0,
      -500.0,
      -500.0,
      -500.0,
      -500.0,
      -500.0,
      -500.0,
      -500.0,
      -500.0,
      -500.0,
      -500.0,
      -500.0,
      -500.0
    ],
    "lengths": [
      500,
      500,
      500,
      500,
      500,
      500,
      500,
      500,
      500,
      500,
      500,
      500,
      500,
      500,
      500,
      500,
      500,
      500,
      500,
      500
    ],
    "eval_seeds": [
      5006143,
      5006144,
      5006145,
      5006146,
      5006147,
      5006148,
      5006149,
      5006150,
      5006151,
      5006152,
      5006153,
      5006154,
      5006155,
      5006156,
      5006157,
      5006158,
      5006159,
      5006160,
      5006161,
      5006162
    ]
  }
}