{
  "network_id": 19482,
  "seed": 5019482,
  "valid": true,
  "baseline_reward": -81.45,
  "stratum": "perfect",
  "genome": {
    "max_growth_steps": 200,
    "size_x": 20,
    "size_y": 20,
    "diffusion_rate": 0.19107241225447003,
    "num_morphogens": 3,
    "division_threshold": 0.4080425553959645,
    "cell_differentiation_threshold": 0.6422738328309487,
    "axon_growth_threshold": 0.4659475190306879,
    "max_axon_length": 5,
    "axon_connect_threshold": 0.8445225262151079,
    "self_connect_isolated_neurons_fraction": 0.15917829019195717,
    "weight_adjustment_target": 0.3902780343318464,
    "weight_adjustment_rate": 0.006189513518768815,
    "progenitor_secretion_rates": [
      0.35247153347930077,
      0.22158014343687998,
      0.0029804833175038903
    ],
    "neuron_secretion_rates": [
      0.15479386797651784,
      0.3345807634523787,
      0.3196454411180094
    ],
    "inhibition_matrix": [
      [
        0.0,
        0.18368838127633375,
        0.0
      ],
      [
        0.0,
        0.0,
        0.0
      ],
      [
        0.0,
        0.0,
        0.0
      ]
    ],
    "diffusion_patterns": [
      [
        [
          0.09531575986906625,
          0.11313231429944841,
          0.03361435816638564
        ],
        [
          0.12353697809132638,
          0.157406360441875,
          0.08728854481591453
        ],
        [
          0.157841196959343,
          0.0933301915576666,
          0.1385342957989742
        ]
      ],
      [
        [
          0.15025262108829995,
          0.11481426381611932,
          0.08212611203148235
        ],
        [
          0.07984217435035088,
          0.2024361521549055,
          0.02199390499716203
        ],
        [
          0.17766299286344076,
          0.09535516698328943,
          0.0755166117149497
        ]
      ],
      [
        [
          0.21203888742404933,
          0.11295213326642672,
          0.11911717078340857
        ],
        [
          0.07396915739692682,
          0.18348458469866832,
          0.02566190946090871
        ],
        [
          0.007561592860741317,
          0.19063690996529997,
          0.07457765414357027
        ]
      ]
    ]
  },
  "network_stats": {
    "neurons": 400,
    "connections": 1097
  },
  "rollout_data": {
    "rewards": [
      -84.0,
      -66.0,
      -96.0,
      -72.0,
      -78.0,
      -73.0,
      -92.0,
      -75.0,
      -72.0,
      -87.0,
      -72.0,
      -74.0,
      -76.0,
      -72.0,
      -82.0,
      -153.0,
      -73.0,
      -72.0,
      -78.0,
      -82.0
    ],
    "lengths": [
      85,
      67,
      97,
      73,
      79,
      74,
      93,
      76,
      73,
      88,
      73,
      75,
      77,
      73,
      83,
      154,
      74,
      73,
      79,
      83
    ],
    "eval_seeds": [
      5019482,
      5019483,
      5019484,
      5019485,
      5019486,
      5019487,
      5019488,
      5019489,
      5019490,
      5019491,
      5019492,
      5019493,
      5019494,
      5019495,
      5019496,
      5019497,
      5019498,
      5019499,
      5019500,
      5019501
    ]
  }
}