{
  "network_id": 11990,
  "seed": 5011990,
  "valid": true,
  "baseline_reward": -500.0,
  "stratum": "weak",
  "genome": {
    "max_growth_steps": 200,
    "size_x": 20,
    "size_y": 20,
    "diffusion_rate": 0.16615484650029402,
    "num_morphogens": 3,
    "division_threshold": 0.392357121837867,
    "cell_differentiation_threshold": 0.38332286126249426,
    "axon_growth_threshold": 0.38721336345277735,
    "max_axon_length": 3,
    "axon_connect_threshold": 0.8165095839633267,
    "self_connect_isolated_neurons_fraction": 0.16386519278149245,
    "weight_adjustment_target": 0.5699283373172709,
    "weight_adjustment_rate": 0.013476718776169832,
    "progenitor_secretion_rates": [
      0.48553102272287724,
      0.4467192949162706,
      0.07109132405331164
    ],
    "neuron_secretion_rates": [
      0.15074490102852972,
      0.002201037073880252,
      0.11470734876795402
    ],
    "inhibition_matrix": [
      [
        0.0,
        0.0,
        0.0
      ],
      [
        0.0,
        0.0,
        0.32306274222229303
      ],
      [
        0.0,
        0.4933910273628632,
        0.0
      ]
    ],
    "diffusion_patterns": [
      [
        [
          0.11256242476557911,
          0.06357142028421335,
          0.11660995287639427
        ],
        [
          0.13310739830195675,
          0.13049660668446306,
          0.2175662087449705
        ],
        [
          0.15456673260732734,
          0.06715992424057465,
          0.004359331494521062
        ]
      ],
      [
        [
          0.0015904500512336677,
          0.20301429519502656,
          0.17002419971708027
        ],
        [
          0.0996428981499629,
          0.14195117084644623,
          0.097840435576885
        ],
        [
          0.16065003662022842,
          0.0160567555747091,
          0.10922975826842785
        ]
      ],
      [
        [
          0.1603816408721978,
          0.06883213500384924,
          0.05041353286623421
        ],
        [
          0.10014704189597554,
          0.15137825585451806,
          0.07039658823571569
        ],
        [
          0.1842565813919301,
          0.06778304724359586,
          0.1464111766359834
        ]
      ]
    ]
  },
  "network_stats": {
    "neurons": 400,
    "connections": 1430
  },
  "rollout_data": {
    "rewards": [
      -500.0,
      -500.0,
      -500.0,
      -500.0,
      -500.0,
      -500.0,
      -500.0,
      -500.0,
      -500.0,
      -500.0,
      -500.0,
      -500.0,
      -500.0,
      -500.0,
      -500.0,
      -500.0,
      -500.0,
      -500.0,
      -500.0,
      -500.0
    ],
    "lengths": [
      500,
      500,
      500,
      500,
      500,
      500,
      500,
      500,
      500,
      500,
      500,
      500,
      500,
      500,
      500,
      500,
      500,
      500,
      500,
      500
    ],
    "eval_seeds": [
      5011990,
      5011991,
      5011992,
      5011993,
      5011994,
      5011995,
      5011996,
      5011997,
      5011998,
      5011999,
      5012000,
      5012001,
      5012002,
      5012003,
      5012004,
      5012005,
      5012006,
      5012007,
      5012008,
      5012009
    ]
  }
}