{
  "network_id": 2983,
  "seed": 5002983,
  "valid": true,
  "baseline_reward": -500.0,
  "stratum": "weak",
  "genome": {
    "max_growth_steps": 200,
    "size_x": 20,
    "size_y": 20,
    "diffusion_rate": 0.17584892805865002,
    "num_morphogens": 3,
    "division_threshold": 0.4144283665420607,
    "cell_differentiation_threshold": 0.4277218963618244,
    "axon_growth_threshold": 0.25073179202435314,
    "max_axon_length": 6,
    "axon_connect_threshold": 0.5834992220664413,
    "self_connect_isolated_neurons_fraction": 0.19252201613596073,
    "weight_adjustment_target": 0.43430629133296916,
    "weight_adjustment_rate": 0.011727047213106592,
    "progenitor_secretion_rates": [
      0.38938651182550615,
      0.2751661250839157,
      0.04698701723008858
    ],
    "neuron_secretion_rates": [
      0.09455402348747904,
      0.1673440560586814,
      0.4796847711166859
    ],
    "inhibition_matrix": [
      [
        0.0,
        0.09504484162256344,
        0.0
      ],
      [
        0.0,
        0.0,
        0.0
      ],
      [
        0.0,
        0.0,
        0.0
      ]
    ],
    "diffusion_patterns": [
      [
        [
          0.16868272939020612,
          0.0637251839267581,
          0.16387135497469768
        ],
        [
          0.14211833841214813,
          0.15467320841055765,
          0.06608125722406903
        ],
        [
          0.06886075030501458,
          0.03882055943662897,
          0.13316661791991968
        ]
      ],
      [
        [
          0.14009403341537227,
          0.1255879921942275,
          0.18882541792985838
        ],
        [
          0.02953589620224658,
          0.08184567661917755,
          0.16937816450782311
        ],
        [
          0.08878000819381046,
          0.005221837214056775,
          0.17073097372342724
        ]
      ],
      [
        [
          0.1932592562445111,
          0.1402151850471534,
          0.010924058153816106
        ],
        [
          0.13146417525974496,
          0.03687066646954796,
          0.05315950801790926
        ],
        [
          0.1495458337200351,
          0.14124765608548226,
          0.14331366100179976
        ]
      ]
    ]
  },
  "network_stats": {
    "neurons": 399,
    "connections": 1064
  },
  "rollout_data": {
    "rewards": [
      -500.0,
      -500.0,
      -500.0,
      -500.0,
      -500.0,
      -500.0,
      -500.0,
      -500.0,
      -500.0,
      -500.0,
      -500.0,
      -500.0,
      -500.0,
      -500.0,
      -500.0,
      -500.0,
      -500.0,
      -500.0,
      -500.0,
      -500.0
    ],
    "lengths": [
      500,
      500,
      500,
      500,
      500,
      500,
      500,
      500,
      500,
      500,
      500,
      500,
      500,
      500,
      500,
      500,
      500,
      500,
      500,
      500
    ],
    "eval_seeds": [
      5002983,
      5002984,
      5002985,
      5002986,
      5002987,
      5002988,
      5002989,
      5002990,
      5002991,
      5002992,
      5002993,
      5002994,
      5002995,
      5002996,
      5002997,
      5002998,
      5002999,
      5003000,
      5003001,
      5003002
    ]
  }
}