{
  "network_id": 11446,
  "seed": 5011446,
  "valid": true,
  "baseline_reward": -500.0,
  "stratum": "weak",
  "genome": {
    "max_growth_steps": 200,
    "size_x": 20,
    "size_y": 20,
    "diffusion_rate": 0.1795203120080979,
    "num_morphogens": 3,
    "division_threshold": 0.5423066173148163,
    "cell_differentiation_threshold": 0.40309095143549983,
    "axon_growth_threshold": 0.35186937603816737,
    "max_axon_length": 5,
    "axon_connect_threshold": 0.5998208156437193,
    "self_connect_isolated_neurons_fraction": 0.08962510460969339,
    "weight_adjustment_target": 0.44032824520829206,
    "weight_adjustment_rate": 0.016386464253326224,
    "progenitor_secretion_rates": [
      0.31596110790751925,
      0.32250445317483695,
      0.381959758420495
    ],
    "neuron_secretion_rates": [
      0.2584647591730235,
      0.2274183809575655,
      0.3825544167373137
    ],
    "inhibition_matrix": [
      [
        0.0,
        0.0,
        0.0
      ],
      [
        0.0,
        0.0,
        0.28642187888135245
      ],
      [
        0.0,
        0.0,
        0.0
      ]
    ],
    "diffusion_patterns": [
      [
        [
          0.0533127657387264,
          0.10202917558056021,
          0.1782071176569721
        ],
        [
          0.16537320484430007,
          0.04292258262414321,
          0.15509007192604723
        ],
        [
          0.17443805959420655,
          0.08025035354112386,
          0.048376668493920215
        ]
      ],
      [
        [
          0.0004941319054666321,
          0.10467401322753622,
          0.1558234882222058
        ],
        [
          0.04075719290101531,
          0.25418294118259965,
          0.05324541661943065
        ],
        [
          0.14645902958066642,
          0.11619337722486182,
          0.12817040913621747
        ]
      ],
      [
        [
          0.08614500835800519,
          0.09594231376927866,
          0.17294714954248044
        ],
        [
          0.1412015465566141,
          0.006957596510916608,
          0.10621647087633214
        ],
        [
          0.13116669149939594,
          0.08321822180001477,
          0.17620500108696213
        ]
      ]
    ]
  },
  "network_stats": {
    "neurons": 400,
    "connections": 1033
  },
  "rollout_data": {
    "rewards": [
      -500.0,
      -500.0,
      -500.0,
      -500.0,
      -500.0,
      -500.0,
      -500.0,
      -500.0,
      -500.0,
      -500.0,
      -500.0,
      -500.0,
      -500.0,
      -500.0,
      -500.0,
      -500.0,
      -500.0,
      -500.0,
      -500.0,
      -500.0
    ],
    "lengths": [
      500,
      500,
      500,
      500,
      500,
      500,
      500,
      500,
      500,
      500,
      500,
      500,
      500,
      500,
      500,
      500,
      500,
      500,
      500,
      500
    ],
    "eval_seeds": [
      5011446,
      5011447,
      5011448,
      5011449,
      5011450,
      5011451,
      5011452,
      5011453,
      5011454,
      5011455,
      5011456,
      5011457,
      5011458,
      5011459,
      5011460,
      5011461,
      5011462,
      5011463,
      5011464,
      5011465
    ]
  }
}