{
  "network_id": 11774,
  "seed": 5011774,
  "valid": true,
  "baseline_reward": -500.0,
  "stratum": "weak",
  "genome": {
    "max_growth_steps": 200,
    "size_x": 20,
    "size_y": 20,
    "diffusion_rate": 0.07378745747698957,
    "num_morphogens": 3,
    "division_threshold": 0.6216680393940665,
    "cell_differentiation_threshold": 0.627914874866342,
    "axon_growth_threshold": 0.30866837141976067,
    "max_axon_length": 4,
    "axon_connect_threshold": 0.562387517584053,
    "self_connect_isolated_neurons_fraction": 0.06881054749862385,
    "weight_adjustment_target": 0.6791672434563144,
    "weight_adjustment_rate": 0.01671199003791125,
    "progenitor_secretion_rates": [
      0.47031134452694956,
      0.301182985762103,
      0.47385494338315415
    ],
    "neuron_secretion_rates": [
      0.29508846360897106,
      0.3259875771261697,
      0.31358508164888776
    ],
    "inhibition_matrix": [
      [
        0.0,
        0.1949598872582995,
        0.0
      ],
      [
        0.0,
        0.0,
        0.0
      ],
      [
        0.32503981618585565,
        0.0,
        0.0
      ]
    ],
    "diffusion_patterns": [
      [
        [
          0.08294054762128787,
          0.026929296035341967,
          0.21264830971326837
        ],
        [
          0.07758823284865786,
          0.2113168100994624,
          0.1320808631836186
        ],
        [
          0.046156496940583214,
          0.015214405726193128,
          0.19512503783158652
        ]
      ],
      [
        [
          0.12001204712675423,
          0.05318979804404857,
          0.19816361590801626
        ],
        [
          0.22142383248368985,
          0.034019956399392176,
          0.20164201411967728
        ],
        [
          0.05117579809222267,
          0.09904030901823418,
          0.021332628807964864
        ]
      ],
      [
        [
          0.11399618372934825,
          0.008383976086988097,
          0.13235579320155152
        ],
        [
          0.0475788252117451,
          0.19065951704326445,
          0.06120687866385045
        ],
        [
          0.18699887116121996,
          0.2179556325882355,
          0.04086432231379653
        ]
      ]
    ]
  },
  "network_stats": {
    "neurons": 398,
    "connections": 1138
  },
  "rollout_data": {
    "rewards": [
      -500.0,
      -500.0,
      -500.0,
      -500.0,
      -500.0,
      -500.0,
      -500.0,
      -500.0,
      -500.0,
      -500.0,
      -500.0,
      -500.0,
      -500.0,
      -500.0,
      -500.0,
      -500.0,
      -500.0,
      -500.0,
      -500.0,
      -500.0
    ],
    "lengths": [
      500,
      500,
      500,
      500,
      500,
      500,
      500,
      500,
      500,
      500,
      500,
      500,
      500,
      500,
      500,
      500,
      500,
      500,
      500,
      500
    ],
    "eval_seeds": [
      5011774,
      5011775,
      5011776,
      5011777,
      5011778,
      5011779,
      5011780,
      5011781,
      5011782,
      5011783,
      5011784,
      5011785,
      5011786,
      5011787,
      5011788,
      5011789,
      5011790,
      5011791,
      5011792,
      5011793
    ]
  }
}