{
  "network_id": 16230,
  "seed": 5016230,
  "valid": true,
  "baseline_reward": -500.0,
  "stratum": "weak",
  "genome": {
    "max_growth_steps": 200,
    "size_x": 20,
    "size_y": 20,
    "diffusion_rate": 0.15136310758762725,
    "num_morphogens": 3,
    "division_threshold": 0.34693653785114065,
    "cell_differentiation_threshold": 0.3961884103087229,
    "axon_growth_threshold": 0.41910511536229605,
    "max_axon_length": 4,
    "axon_connect_threshold": 0.9058379532406712,
    "self_connect_isolated_neurons_fraction": 0.14367610674857947,
    "weight_adjustment_target": 0.3159825113958665,
    "weight_adjustment_rate": 0.01723822356303474,
    "progenitor_secretion_rates": [
      0.396424536455232,
      0.3232152380438198,
      0.2777376216431648
    ],
    "neuron_secretion_rates": [
      0.3944127589755046,
      0.19940606502322622,
      0.02852400457287879
    ],
    "inhibition_matrix": [
      [
        0.0,
        0.0,
        0.0
      ],
      [
        0.32081618785000193,
        0.0,
        0.0
      ],
      [
        0.0,
        0.0,
        0.0
      ]
    ],
    "diffusion_patterns": [
      [
        [
          0.08584510061024238,
          0.06387595067841972,
          0.0008965894678210036
        ],
        [
          0.12879408654601324,
          0.19962414156133737,
          0.03623689703232829
        ],
        [
          0.16989648937214544,
          0.2032072559026359,
          0.11162348882905664
        ]
      ],
      [
        [
          0.1533357879812573,
          0.05057230847283433,
          0.019383486385233985
        ],
        [
          0.21738820460819916,
          0.10289549010950544,
          0.015006742221105885
        ],
        [
          0.24068660530461952,
          0.19621658256174304,
          0.0045147923555012934
        ]
      ],
      [
        [
          0.06668559223455027,
          0.084451745432558,
          0.16418345092283504
        ],
        [
          0.15848872196592748,
          0.11098085748694213,
          0.048305666421570914
        ],
        [
          0.12413026585442347,
          0.06933063786615548,
          0.17344306181503732
        ]
      ]
    ]
  },
  "network_stats": {
    "neurons": 400,
    "connections": 1719
  },
  "rollout_data": {
    "rewards": [
      -500.0,
      -500.0,
      -500.0,
      -500.0,
      -500.0,
      -500.0,
      -500.0,
      -500.0,
      -500.0,
      -500.0,
      -500.0,
      -500.0,
      -500.0,
      -500.0,
      -500.0,
      -500.0,
      -500.0,
      -500.0,
      -500.0,
      -500.0
    ],
    "lengths": [
      500,
      500,
      500,
      500,
      500,
      500,
      500,
      500,
      500,
      500,
      500,
      500,
      500,
      500,
      500,
      500,
      500,
      500,
      500,
      500
    ],
    "eval_seeds": [
      5016230,
      5016231,
      5016232,
      5016233,
      5016234,
      5016235,
      5016236,
      5016237,
      5016238,
      5016239,
      5016240,
      5016241,
      5016242,
      5016243,
      5016244,
      5016245,
      5016246,
      5016247,
      5016248,
      5016249
    ]
  }
}