{
  "network_id": 4779,
  "seed": 5004779,
  "valid": true,
  "baseline_reward": -500.0,
  "stratum": "weak",
  "genome": {
    "max_growth_steps": 200,
    "size_x": 20,
    "size_y": 20,
    "diffusion_rate": 0.17509833916215475,
    "num_morphogens": 3,
    "division_threshold": 0.35805007384480725,
    "cell_differentiation_threshold": 0.46290076584134693,
    "axon_growth_threshold": 0.35513962775377833,
    "max_axon_length": 3,
    "axon_connect_threshold": 0.7655413320407587,
    "self_connect_isolated_neurons_fraction": 0.23857862115103917,
    "weight_adjustment_target": 0.40672253854940027,
    "weight_adjustment_rate": 0.006982423233680357,
    "progenitor_secretion_rates": [
      0.2064359538026349,
      0.20590415459198758,
      0.1958401111013482
    ],
    "neuron_secretion_rates": [
      0.39584543219840396,
      0.49686253345412734,
      0.37644165375880256
    ],
    "inhibition_matrix": [
      [
        0.0,
        0.0,
        0.0
      ],
      [
        0.0,
        0.0,
        0.0
      ],
      [
        0.0,
        0.21263246541527753,
        0.0
      ]
    ],
    "diffusion_patterns": [
      [
        [
          0.15469357674375472,
          0.02173586777721783,
          0.04696777540076114
        ],
        [
          0.05045934870728819,
          0.19167736465991642,
          0.1571611829328933
        ],
        [
          0.12975535298835839,
          0.12362203896198747,
          0.12392749182782262
        ]
      ],
      [
        [
          0.0394431752706447,
          0.0751348214533575,
          0.1275864942442581
        ],
        [
          0.18573753379119895,
          0.1871339885429997,
          0.029349297781708045
        ],
        [
          0.14718095574080428,
          0.10206918073426553,
          0.10636455244076325
        ]
      ],
      [
        [
          0.0014033196408879927,
          0.028871271691460868,
          0.06904618565918323
        ],
        [
          0.24775356480518154,
          0.2643507014013649,
          0.030123614975341422
        ],
        [
          0.02933946019444772,
          0.14931951295317283,
          0.1797923686789596
        ]
      ]
    ]
  },
  "network_stats": {
    "neurons": 400,
    "connections": 1064
  },
  "rollout_data": {
    "rewards": [
      -500.0,
      -500.0,
      -500.0,
      -500.0,
      -500.0,
      -500.0,
      -500.0,
      -500.0,
      -500.0,
      -500.0,
      -500.0,
      -500.0,
      -500.0,
      -500.0,
      -500.0,
      -500.0,
      -500.0,
      -500.0,
      -500.0,
      -500.0
    ],
    "lengths": [
      500,
      500,
      500,
      500,
      500,
      500,
      500,
      500,
      500,
      500,
      500,
      500,
      500,
      500,
      500,
      500,
      500,
      500,
      500,
      500
    ],
    "eval_seeds": [
      5004779,
      5004780,
      5004781,
      5004782,
      5004783,
      5004784,
      5004785,
      5004786,
      5004787,
      5004788,
      5004789,
      5004790,
      5004791,
      5004792,
      5004793,
      5004794,
      5004795,
      5004796,
      5004797,
      5004798
    ]
  }
}