{
  "network_id": 17896,
  "seed": 5017896,
  "valid": true,
  "baseline_reward": -89.45,
  "stratum": "perfect",
  "genome": {
    "max_growth_steps": 200,
    "size_x": 20,
    "size_y": 20,
    "diffusion_rate": 0.19466424226762477,
    "num_morphogens": 3,
    "division_threshold": 0.3161645430878339,
    "cell_differentiation_threshold": 0.37624046887406376,
    "axon_growth_threshold": 0.3255003177645601,
    "max_axon_length": 5,
    "axon_connect_threshold": 0.9167729506940229,
    "self_connect_isolated_neurons_fraction": 0.24247441743647638,
    "weight_adjustment_target": 0.5928992594261785,
    "weight_adjustment_rate": 0.01625618671316794,
    "progenitor_secretion_rates": [
      0.42925543923685516,
      0.32048459400883994,
      0.17245875040698472
    ],
    "neuron_secretion_rates": [
      0.23070858452590182,
      0.12223789961902265,
      0.3158292879373781
    ],
    "inhibition_matrix": [
      [
        0.0,
        0.0,
        0.3900380383753402
      ],
      [
        0.0,
        0.0,
        0.1443686413081836
      ],
      [
        0.0,
        0.0,
        0.0
      ]
    ],
    "diffusion_patterns": [
      [
        [
          0.1633134560014719,
          0.08799145285417774,
          0.1067774011014939
        ],
        [
          0.13656730483248522,
          0.026616706975210118,
          0.1641079759715876
        ],
        [
          0.15924051405692477,
          0.012596031061221737,
          0.14278915714542703
        ]
      ],
      [
        [
          0.1635016525618916,
          0.15542085543462722,
          0.212951374296897
        ],
        [
          0.09839334407099304,
          0.04646007327888856,
          0.08269342939514503
        ],
        [
          0.19946499509961393,
          0.024086650919580194,
          0.017027624942363557
        ]
      ],
      [
        [
          0.02022330577756669,
          0.1942817779934613,
          0.12449689500336586
        ],
        [
          0.15531027350164603,
          0.16057623020487144,
          0.06900375445700603
        ],
        [
          0.18711181437406177,
          0.0375452468173516,
          0.05145070187066934
        ]
      ]
    ]
  },
  "network_stats": {
    "neurons": 400,
    "connections": 994
  },
  "rollout_data": {
    "rewards": [
      -70.0,
      -70.0,
      -97.0,
      -92.0,
      -75.0,
      -84.0,
      -79.0,
      -92.0,
      -76.0,
      -90.0,
      -70.0,
      -203.0,
      -109.0,
      -76.0,
      -96.0,
      -86.0,
      -70.0,
      -95.0,
      -69.0,
      -90.0
    ],
    "lengths": [
      71,
      71,
      98,
      93,
      76,
      85,
      80,
      93,
      77,
      91,
      71,
      204,
      110,
      77,
      97,
      87,
      71,
      96,
      70,
      91
    ],
    "eval_seeds": [
      5017896,
      5017897,
      5017898,
      5017899,
      5017900,
      5017901,
      5017902,
      5017903,
      5017904,
      5017905,
      5017906,
      5017907,
      5017908,
      5017909,
      5017910,
      5017911,
      5017912,
      5017913,
      5017914,
      5017915
    ]
  }
}