{
  "network_id": 10837,
  "seed": 5010837,
  "valid": true,
  "baseline_reward": -500.0,
  "stratum": "weak",
  "genome": {
    "max_growth_steps": 200,
    "size_x": 20,
    "size_y": 20,
    "diffusion_rate": 0.08486301803630017,
    "num_morphogens": 3,
    "division_threshold": 0.3068797413297982,
    "cell_differentiation_threshold": 0.43394131143690046,
    "axon_growth_threshold": 0.2697974016399359,
    "max_axon_length": 5,
    "axon_connect_threshold": 0.6007887367669619,
    "self_connect_isolated_neurons_fraction": 0.06631531091325829,
    "weight_adjustment_target": 0.5003192566965439,
    "weight_adjustment_rate": 0.006951865766962889,
    "progenitor_secretion_rates": [
      0.21817127578301637,
      0.3958500452739595,
      0.34859086011889673
    ],
    "neuron_secretion_rates": [
      0.2934265722209488,
      0.37123942417995576,
      0.4660652468367219
    ],
    "inhibition_matrix": [
      [
        0.0,
        0.0,
        0.0
      ],
      [
        0.10998413414860303,
        0.0,
        0.36210265296987776
      ],
      [
        0.0,
        0.0,
        0.0
      ]
    ],
    "diffusion_patterns": [
      [
        [
          0.17038466999970164,
          0.1270404445454829,
          0.11757041792517013
        ],
        [
          0.023627292964651738,
          0.12516480980750058,
          0.074105057553308
        ],
        [
          0.03500130915156228,
          0.21337274202015982,
          0.11373325603246283
        ]
      ],
      [
        [
          0.11906877522167054,
          0.15995924731744293,
          0.15158179634578453
        ],
        [
          0.08792945895641142,
          0.12930672612354596,
          0.1186374639439081
        ],
        [
          0.10391471801418888,
          0.05316826573540383,
          0.07643354834164365
        ]
      ],
      [
        [
          0.17012509882994878,
          0.057317895543823695,
          0.1277244416934632
        ],
        [
          0.16527015598297237,
          0.12652495748585404,
          0.16834312444075938
        ],
        [
          0.0376984084226121,
          0.11298302533352811,
          0.03401289226703845
        ]
      ]
    ]
  },
  "network_stats": {
    "neurons": 400,
    "connections": 1162
  },
  "rollout_data": {
    "rewards": [
      -500.0,
      -500.0,
      -500.0,
      -500.0,
      -500.0,
      -500.0,
      -500.0,
      -500.0,
      -500.0,
      -500.0,
      -500.0,
      -500.0,
      -500.0,
      -500.0,
      -500.0,
      -500.0,
      -500.0,
      -500.0,
      -500.0,
      -500.0
    ],
    "lengths": [
      500,
      500,
      500,
      500,
      500,
      500,
      500,
      500,
      500,
      500,
      500,
      500,
      500,
      500,
      500,
      500,
      500,
      500,
      500,
      500
    ],
    "eval_seeds": [
      5010837,
      5010838,
      5010839,
      5010840,
      5010841,
      5010842,
      5010843,
      5010844,
      5010845,
      5010846,
      5010847,
      5010848,
      5010849,
      5010850,
      5010851,
      5010852,
      5010853,
      5010854,
      5010855,
      5010856
    ]
  }
}