{
  "network_id": 14673,
  "seed": 5014673,
  "valid": true,
  "baseline_reward": -500.0,
  "stratum": "weak",
  "genome": {
    "max_growth_steps": 200,
    "size_x": 20,
    "size_y": 20,
    "diffusion_rate": 0.08862609431780168,
    "num_morphogens": 3,
    "division_threshold": 0.3568328719258611,
    "cell_differentiation_threshold": 0.3960728700938185,
    "axon_growth_threshold": 0.3730034878710873,
    "max_axon_length": 2,
    "axon_connect_threshold": 0.6565948276600185,
    "self_connect_isolated_neurons_fraction": 0.2992625378928041,
    "weight_adjustment_target": 0.5336212591602472,
    "weight_adjustment_rate": 0.011270263008461215,
    "progenitor_secretion_rates": [
      0.14469352274687614,
      0.1230671763797761,
      0.07781396297622478
    ],
    "neuron_secretion_rates": [
      0.19863906806450682,
      0.1182742676738277,
      0.05334136844243481
    ],
    "inhibition_matrix": [
      [
        0.0,
        0.0,
        0.0
      ],
      [
        0.0,
        0.0,
        0.0
      ],
      [
        0.0,
        0.0,
        0.0
      ]
    ],
    "diffusion_patterns": [
      [
        [
          0.18408041110659112,
          0.006722718958824657,
          0.09356956569234888
        ],
        [
          0.05915165532289345,
          0.07788161604282631,
          0.22388506564374164
        ],
        [
          0.002637136636702418,
          0.12672535390586806,
          0.22534647669020336
        ]
      ],
      [
        [
          0.138393585140684,
          0.21378632932359357,
          0.15732170079666932
        ],
        [
          0.006820615904233351,
          0.1150561267897457,
          0.18892381382340198
        ],
        [
          0.027389143665464667,
          0.031503067662342774,
          0.12080561689386465
        ]
      ],
      [
        [
          0.15597039667115484,
          0.16902826716202857,
          0.1562228001730035
        ],
        [
          0.047053358635283336,
          0.0440475400249907,
          0.17082192801338345
        ],
        [
          0.039332781710429456,
          0.09453112905402189,
          0.12299179855570429
        ]
      ]
    ]
  },
  "network_stats": {
    "neurons": 399,
    "connections": 1054
  },
  "rollout_data": {
    "rewards": [
      -500.0,
      -500.0,
      -500.0,
      -500.0,
      -500.0,
      -500.0,
      -500.0,
      -500.0,
      -500.0,
      -500.0,
      -500.0,
      -500.0,
      -500.0,
      -500.0,
      -500.0,
      -500.0,
      -500.0,
      -500.0,
      -500.0,
      -500.0
    ],
    "lengths": [
      500,
      500,
      500,
      500,
      500,
      500,
      500,
      500,
      500,
      500,
      500,
      500,
      500,
      500,
      500,
      500,
      500,
      500,
      500,
      500
    ],
    "eval_seeds": [
      5014673,
      5014674,
      5014675,
      5014676,
      5014677,
      5014678,
      5014679,
      5014680,
      5014681,
      5014682,
      5014683,
      5014684,
      5014685,
      5014686,
      5014687,
      5014688,
      5014689,
      5014690,
      5014691,
      5014692
    ]
  }
}