{
  "network_id": 17616,
  "seed": 5017616,
  "valid": true,
  "baseline_reward": -500.0,
  "stratum": "weak",
  "genome": {
    "max_growth_steps": 200,
    "size_x": 20,
    "size_y": 20,
    "diffusion_rate": 0.09875818896900639,
    "num_morphogens": 3,
    "division_threshold": 0.48337043929955675,
    "cell_differentiation_threshold": 0.6397793039420672,
    "axon_growth_threshold": 0.24069198178065807,
    "max_axon_length": 9,
    "axon_connect_threshold": 0.8865817192441783,
    "self_connect_isolated_neurons_fraction": 0.17380079750324945,
    "weight_adjustment_target": 0.5448230228191858,
    "weight_adjustment_rate": 0.010291180907383304,
    "progenitor_secretion_rates": [
      0.3581062762167885,
      0.13584349061625384,
      0.49336065986327315
    ],
    "neuron_secretion_rates": [
      0.1431453053792418,
      0.10819050927544721,
      0.4624019306809112
    ],
    "inhibition_matrix": [
      [
        0.0,
        0.0,
        0.0
      ],
      [
        0.0,
        0.0,
        0.0
      ],
      [
        0.0,
        0.10604962349479541,
        0.0
      ]
    ],
    "diffusion_patterns": [
      [
        [
          0.09393610074229829,
          0.12751259901900763,
          0.11443595754133244
        ],
        [
          0.1435828916679636,
          0.20860622701926854,
          0.15831998753669446
        ],
        [
          0.03742082469948563,
          0.0546372077126914,
          0.061548204061257904
        ]
      ],
      [
        [
          0.19719535344881772,
          0.17651008413323066,
          0.11224320207650064
        ],
        [
          0.04341729733756148,
          0.12777695303397182,
          0.08510601150491641
        ],
        [
          0.0012771090552718605,
          0.20362110856913665,
          0.05285288084059278
        ]
      ],
      [
        [
          0.04292402719222895,
          0.1345325947256014,
          0.1298790916814589
        ],
        [
          0.031974472708544366,
          0.18773793523112686,
          0.06189816543666701
        ],
        [
          0.04157686967084283,
          0.17790975811374,
          0.19156708523978977
        ]
      ]
    ]
  },
  "network_stats": {
    "neurons": 400,
    "connections": 934
  },
  "rollout_data": {
    "rewards": [
      -500.0,
      -500.0,
      -500.0,
      -500.0,
      -500.0,
      -500.0,
      -500.0,
      -500.0,
      -500.0,
      -500.0,
      -500.0,
      -500.0,
      -500.0,
      -500.0,
      -500.0,
      -500.0,
      -500.0,
      -500.0,
      -500.0,
      -500.0
    ],
    "lengths": [
      500,
      500,
      500,
      500,
      500,
      500,
      500,
      500,
      500,
      500,
      500,
      500,
      500,
      500,
      500,
      500,
      500,
      500,
      500,
      500
    ],
    "eval_seeds": [
      5017616,
      5017617,
      5017618,
      5017619,
      5017620,
      5017621,
      5017622,
      5017623,
      5017624,
      5017625,
      5017626,
      5017627,
      5017628,
      5017629,
      5017630,
      5017631,
      5017632,
      5017633,
      5017634,
      5017635
    ]
  }
}