{
  "network_id": 16558,
  "seed": 5016558,
  "valid": true,
  "baseline_reward": -311.2,
  "stratum": "low_mid",
  "genome": {
    "max_growth_steps": 200,
    "size_x": 20,
    "size_y": 20,
    "diffusion_rate": 0.07618049076240087,
    "num_morphogens": 3,
    "division_threshold": 0.5246470614613666,
    "cell_differentiation_threshold": 0.556700855415338,
    "axon_growth_threshold": 0.38469041365874834,
    "max_axon_length": 3,
    "axon_connect_threshold": 0.5992049488471687,
    "self_connect_isolated_neurons_fraction": 0.22499586890599138,
    "weight_adjustment_target": 0.5996642428469677,
    "weight_adjustment_rate": 0.006263218993907131,
    "progenitor_secretion_rates": [
      0.47453271758108373,
      0.45119693691319945,
      0.07291109202643542
    ],
    "neuron_secretion_rates": [
      0.4894442254976948,
      0.48553645861044037,
      0.279231814403092
    ],
    "inhibition_matrix": [
      [
        0.0,
        0.0,
        0.0
      ],
      [
        0.0,
        0.0,
        0.221988618140267
      ],
      [
        0.0,
        0.0,
        0.0
      ]
    ],
    "diffusion_patterns": [
      [
        [
          0.07203423976603682,
          0.13205538974361367,
          0.0817767498293302
        ],
        [
          0.16035941036924445,
          0.12720949979965485,
          0.11406281524695311
        ],
        [
          0.11952429738558927,
          0.07466126670665858,
          0.11831633115291909
        ]
      ],
      [
        [
          0.1533703413743233,
          0.11532497979219443,
          0.08317355662321217
        ],
        [
          0.15817430120405648,
          0.16099425533373862,
          0.11180846275294568
        ],
        [
          0.03183956025018781,
          0.0007329757875029356,
          0.18458156688183855
        ]
      ],
      [
        [
          0.08257270591971515,
          0.09053748435073113,
          0.09404907664429434
        ],
        [
          0.16474832683027218,
          0.09938995059866294,
          0.16939585501539006
        ],
        [
          0.06530112396544645,
          0.1312782444602763,
          0.10272723221521146
        ]
      ]
    ]
  },
  "network_stats": {
    "neurons": 400,
    "connections": 1040
  },
  "rollout_data": {
    "rewards": [
      -405.0,
      -258.0,
      -328.0,
      -356.0,
      -315.0,
      -238.0,
      -342.0,
      -264.0,
      -324.0,
      -266.0,
      -322.0,
      -310.0,
      -316.0,
      -315.0,
      -404.0,
      -325.0,
      -326.0,
      -239.0,
      -290.0,
      -281.0
    ],
    "lengths": [
      406,
      259,
      329,
      357,
      316,
      239,
      343,
      265,
      325,
      267,
      323,
      311,
      317,
      316,
      405,
      326,
      327,
      240,
      291,
      282
    ],
    "eval_seeds": [
      5016558,
      5016559,
      5016560,
      5016561,
      5016562,
      5016563,
      5016564,
      5016565,
      5016566,
      5016567,
      5016568,
      5016569,
      5016570,
      5016571,
      5016572,
      5016573,
      5016574,
      5016575,
      5016576,
      5016577
    ]
  }
}