{
  "network_id": 17214,
  "seed": 5017214,
  "valid": true,
  "baseline_reward": -190.7,
  "stratum": "near_perfect",
  "genome": {
    "max_growth_steps": 200,
    "size_x": 20,
    "size_y": 20,
    "diffusion_rate": 0.07559052430512991,
    "num_morphogens": 3,
    "division_threshold": 0.6731311092847019,
    "cell_differentiation_threshold": 0.45074835277725556,
    "axon_growth_threshold": 0.2298339683991653,
    "max_axon_length": 8,
    "axon_connect_threshold": 0.4723372555952386,
    "self_connect_isolated_neurons_fraction": 0.21620021635535436,
    "weight_adjustment_target": 0.3868892387698904,
    "weight_adjustment_rate": 0.017556171907417137,
    "progenitor_secretion_rates": [
      0.11553174234689195,
      0.05617493693512443,
      0.14608253442691882
    ],
    "neuron_secretion_rates": [
      0.26739752441152737,
      0.32562528754436937,
      0.4242152128085764
    ],
    "inhibition_matrix": [
      [
        0.0,
        0.0,
        0.0
      ],
      [
        0.0,
        0.0,
        0.0
      ],
      [
        0.0,
        0.2422942587864545,
        0.0
      ]
    ],
    "diffusion_patterns": [
      [
        [
          0.15975971833812225,
          0.04801067691055263,
          0.17077007364569063
        ],
        [
          0.11368822840196235,
          0.1133687694932592,
          0.10396816657769349
        ],
        [
          0.10599375882295566,
          0.14664186988197297,
          0.037798737927790774
        ]
      ],
      [
        [
          0.0005041098563371799,
          0.15284397265554775,
          0.06925618106128702
        ],
        [
          0.16318574825288162,
          0.13351330927831725,
          0.1468201263089361
        ],
        [
          0.16079366574229134,
          0.043627020684140615,
          0.12945586616026117
        ]
      ],
      [
        [
          0.15452200556208007,
          0.11341273162561967,
          0.10334094803592002
        ],
        [
          0.0032075427411036466,
          0.20289713505370355,
          0.12209841482517798
        ],
        [
          0.17383977393816819,
          0.034976951656966994,
          0.09170449656125992
        ]
      ]
    ]
  },
  "network_stats": {
    "neurons": 400,
    "connections": 2031
  },
  "rollout_data": {
    "rewards": [
      -189.0,
      -206.0,
      -180.0,
      -170.0,
      -152.0,
      -223.0,
      -171.0,
      -253.0,
      -179.0,
      -189.0,
      -192.0,
      -173.0,
      -185.0,
      -205.0,
      -175.0,
      -171.0,
      -178.0,
      -190.0,
      -246.0,
      -187.0
    ],
    "lengths": [
      190,
      207,
      181,
      171,
      153,
      224,
      172,
      254,
      180,
      190,
      193,
      174,
      186,
      206,
      176,
      172,
      179,
      191,
      247,
      188
    ],
    "eval_seeds": [
      5017214,
      5017215,
      5017216,
      5017217,
      5017218,
      5017219,
      5017220,
      5017221,
      5017222,
      5017223,
      5017224,
      5017225,
      5017226,
      5017227,
      5017228,
      5017229,
      5017230,
      5017231,
      5017232,
      5017233
    ]
  }
}