{
  "network_id": 2334,
  "seed": 5002334,
  "valid": true,
  "baseline_reward": -500.0,
  "stratum": "weak",
  "genome": {
    "max_growth_steps": 200,
    "size_x": 20,
    "size_y": 20,
    "diffusion_rate": 0.15584139045519754,
    "num_morphogens": 3,
    "division_threshold": 0.38886439439275705,
    "cell_differentiation_threshold": 0.5347449188741602,
    "axon_growth_threshold": 0.43014568055883895,
    "max_axon_length": 9,
    "axon_connect_threshold": 0.7137603851613227,
    "self_connect_isolated_neurons_fraction": 0.06460859755244779,
    "weight_adjustment_target": 0.33952229696653125,
    "weight_adjustment_rate": 0.014001062841584255,
    "progenitor_secretion_rates": [
      0.3920052537893236,
      0.026316025904846663,
      0.48766973664882585
    ],
    "neuron_secretion_rates": [
      0.2713303942689943,
      0.3356542167738672,
      0.4693900431071611
    ],
    "inhibition_matrix": [
      [
        0.0,
        0.0,
        0.0
      ],
      [
        0.0,
        0.0,
        0.0
      ],
      [
        0.0,
        0.4638793899356193,
        0.0
      ]
    ],
    "diffusion_patterns": [
      [
        [
          0.03134128874545801,
          0.1688219119376728,
          0.08420107023796929
        ],
        [
          0.06056609740473721,
          0.2505618640124876,
          0.03756473290321165
        ],
        [
          0.15870588288287654,
          0.18484619692125293,
          0.023390954954333996
        ]
      ],
      [
        [
          0.11617366356419803,
          0.16182511619894913,
          0.12354804884458892
        ],
        [
          0.08782208884285986,
          0.1606242576969591,
          0.031007331553508106
        ],
        [
          0.04930743149991346,
          0.1888321654875263,
          0.08085989631149712
        ]
      ],
      [
        [
          0.1973620499319845,
          0.013061199816174929,
          0.1432740943619715
        ],
        [
          0.15958969178715207,
          0.16518941725477745,
          0.12444430868997355
        ],
        [
          0.1218805853760142,
          0.07425125888952652,
          0.0009473938924249762
        ]
      ]
    ]
  },
  "network_stats": {
    "neurons": 400,
    "connections": 386
  },
  "rollout_data": {
    "rewards": [
      -500.0,
      -500.0,
      -500.0,
      -500.0,
      -500.0,
      -500.0,
      -500.0,
      -500.0,
      -500.0,
      -500.0,
      -500.0,
      -500.0,
      -500.0,
      -500.0,
      -500.0,
      -500.0,
      -500.0,
      -500.0,
      -500.0,
      -500.0
    ],
    "lengths": [
      500,
      500,
      500,
      500,
      500,
      500,
      500,
      500,
      500,
      500,
      500,
      500,
      500,
      500,
      500,
      500,
      500,
      500,
      500,
      500
    ],
    "eval_seeds": [
      5002334,
      5002335,
      5002336,
      5002337,
      5002338,
      5002339,
      5002340,
      5002341,
      5002342,
      5002343,
      5002344,
      5002345,
      5002346,
      5002347,
      5002348,
      5002349,
      5002350,
      5002351,
      5002352,
      5002353
    ]
  }
}