{
  "network_id": 15189,
  "seed": 5015189,
  "valid": true,
  "baseline_reward": -500.0,
  "stratum": "weak",
  "genome": {
    "max_growth_steps": 200,
    "size_x": 20,
    "size_y": 20,
    "diffusion_rate": 0.09110103745724346,
    "num_morphogens": 3,
    "division_threshold": 0.3356597202218153,
    "cell_differentiation_threshold": 0.5151290616422691,
    "axon_growth_threshold": 0.3043622992073151,
    "max_axon_length": 10,
    "axon_connect_threshold": 0.48880893570314005,
    "self_connect_isolated_neurons_fraction": 0.029935778859914663,
    "weight_adjustment_target": 0.30713983300553865,
    "weight_adjustment_rate": 0.014082930807332932,
    "progenitor_secretion_rates": [
      0.23359531582630744,
      0.11194458429612425,
      0.41289658812884417
    ],
    "neuron_secretion_rates": [
      0.16414104603197333,
      0.10808486175335708,
      0.24801749547129687
    ],
    "inhibition_matrix": [
      [
        0.0,
        0.0956291050944667,
        0.0
      ],
      [
        0.0,
        0.0,
        0.14839093100786377
      ],
      [
        0.0,
        0.0,
        0.0
      ]
    ],
    "diffusion_patterns": [
      [
        [
          0.16271422853547304,
          0.14020547043377168,
          0.09041221937650741
        ],
        [
          0.08957599755750388,
          0.16291575299525815,
          0.028408215793860235
        ],
        [
          0.11847986499234475,
          0.12318885018146719,
          0.08409940013381371
        ]
      ],
      [
        [
          0.09808835769896392,
          0.004580915431009537,
          0.027698889029768463
        ],
        [
          0.08243799792536224,
          0.07541557597334785,
          0.06322789017050982
        ],
        [
          0.22432781916999606,
          0.19695263851433012,
          0.22726991608671204
        ]
      ],
      [
        [
          0.2424369259268968,
          0.11712074024974617,
          0.034781529335380215
        ],
        [
          0.1425514217229443,
          0.17309996898633673,
          0.014710109274082594
        ],
        [
          0.01642593458200067,
          0.1548941523070754,
          0.10397921761553719
        ]
      ]
    ]
  },
  "network_stats": {
    "neurons": 400,
    "connections": 479
  },
  "rollout_data": {
    "rewards": [
      -500.0,
      -500.0,
      -500.0,
      -500.0,
      -500.0,
      -500.0,
      -500.0,
      -500.0,
      -500.0,
      -500.0,
      -500.0,
      -500.0,
      -500.0,
      -500.0,
      -500.0,
      -500.0,
      -500.0,
      -500.0,
      -500.0,
      -500.0
    ],
    "lengths": [
      500,
      500,
      500,
      500,
      500,
      500,
      500,
      500,
      500,
      500,
      500,
      500,
      500,
      500,
      500,
      500,
      500,
      500,
      500,
      500
    ],
    "eval_seeds": [
      5015189,
      5015190,
      5015191,
      5015192,
      5015193,
      5015194,
      5015195,
      5015196,
      5015197,
      5015198,
      5015199,
      5015200,
      5015201,
      5015202,
      5015203,
      5015204,
      5015205,
      5015206,
      5015207,
      5015208
    ]
  }
}