{
  "network_id": 18191,
  "seed": 5018191,
  "valid": true,
  "baseline_reward": -395.8,
  "stratum": "low_mid",
  "genome": {
    "max_growth_steps": 200,
    "size_x": 20,
    "size_y": 20,
    "diffusion_rate": 0.12272619777940907,
    "num_morphogens": 3,
    "division_threshold": 0.5588785265976958,
    "cell_differentiation_threshold": 0.4055464273128154,
    "axon_growth_threshold": 0.34011594020331676,
    "max_axon_length": 6,
    "axon_connect_threshold": 0.8282365521988692,
    "self_connect_isolated_neurons_fraction": 0.1552764479077278,
    "weight_adjustment_target": 0.5168598658683939,
    "weight_adjustment_rate": 0.014815664328716383,
    "progenitor_secretion_rates": [
      0.46149830044794743,
      0.44654235979748563,
      0.49865903443847465
    ],
    "neuron_secretion_rates": [
      0.27909693240295785,
      0.08938259150003525,
      0.44036082007977306
    ],
    "inhibition_matrix": [
      [
        0.0,
        0.0,
        0.0
      ],
      [
        0.0,
        0.0,
        0.4238008616892358
      ],
      [
        0.0,
        0.36309915793871334,
        0.0
      ]
    ],
    "diffusion_patterns": [
      [
        [
          0.10482799020323451,
          0.1332849845242132,
          0.15146601850606034
        ],
        [
          0.0918701227979734,
          0.13282165804338128,
          0.07040402807590798
        ],
        [
          0.15161090370216912,
          0.0035378833330048202,
          0.1601764108140553
        ]
      ],
      [
        [
          0.012221819978848506,
          0.11549069056696239,
          0.0698388977316638
        ],
        [
          0.16294451956090758,
          0.044715340390167696,
          0.16788306682547754
        ],
        [
          0.05788183767458007,
          0.19194130838406512,
          0.17708251888732723
        ]
      ],
      [
        [
          0.03136551729849148,
          0.07012690527439244,
          0.050292294540930836
        ],
        [
          0.08415449504653531,
          0.2662517881737242,
          0.09430677143857201
        ],
        [
          0.18880705443054038,
          0.040593419313440085,
          0.17410175448337323
        ]
      ]
    ]
  },
  "network_stats": {
    "neurons": 400,
    "connections": 1190
  },
  "rollout_data": {
    "rewards": [
      -500.0,
      -298.0,
      -484.0,
      -470.0,
      -450.0,
      -500.0,
      -268.0,
      -438.0,
      -310.0,
      -500.0,
      -259.0,
      -500.0,
      -277.0,
      -315.0,
      -500.0,
      -360.0,
      -245.0,
      -242.0,
      -500.0,
      -500.0
    ],
    "lengths": [
      500,
      299,
      485,
      471,
      451,
      500,
      269,
      439,
      311,
      500,
      260,
      500,
      278,
      316,
      500,
      361,
      246,
      243,
      500,
      500
    ],
    "eval_seeds": [
      5018191,
      5018192,
      5018193,
      5018194,
      5018195,
      5018196,
      5018197,
      5018198,
      5018199,
      5018200,
      5018201,
      5018202,
      5018203,
      5018204,
      5018205,
      5018206,
      5018207,
      5018208,
      5018209,
      5018210
    ]
  }
}