{
  "network_id": 12660,
  "seed": 5012660,
  "valid": true,
  "baseline_reward": -500.0,
  "stratum": "weak",
  "genome": {
    "max_growth_steps": 200,
    "size_x": 20,
    "size_y": 20,
    "diffusion_rate": 0.11332750693759576,
    "num_morphogens": 3,
    "division_threshold": 0.3740262666287988,
    "cell_differentiation_threshold": 0.5874893630060062,
    "axon_growth_threshold": 0.24904099613348585,
    "max_axon_length": 3,
    "axon_connect_threshold": 0.8911761736930245,
    "self_connect_isolated_neurons_fraction": 0.18633066207146315,
    "weight_adjustment_target": 0.5975405540776413,
    "weight_adjustment_rate": 0.018929598333219593,
    "progenitor_secretion_rates": [
      0.09750543138364987,
      0.07239020483301145,
      0.47694174668703043
    ],
    "neuron_secretion_rates": [
      0.2034627398625382,
      0.4432852956483906,
      0.20739006439428292
    ],
    "inhibition_matrix": [
      [
        0.0,
        0.19725801565817092,
        0.0
      ],
      [
        0.0,
        0.0,
        0.0
      ],
      [
        0.0,
        0.0,
        0.0
      ]
    ],
    "diffusion_patterns": [
      [
        [
          0.01627147748760527,
          0.0975778085721244,
          0.10432222803717422
        ],
        [
          0.26270833696760093,
          0.0925676972803461,
          0.146967781667595
        ],
        [
          0.023339016075872042,
          0.11704509858486742,
          0.13920055532681463
        ]
      ],
      [
        [
          0.039491241572726064,
          0.05118432580715147,
          0.17856261476065494
        ],
        [
          0.0687938280974281,
          0.0614234136482112,
          0.1341132773414421
        ],
        [
          0.17109920044121707,
          0.13680317840078082,
          0.15852891993038826
        ]
      ],
      [
        [
          0.015239893692539454,
          0.025717540952195053,
          0.12807452616297046
        ],
        [
          0.11581152926308297,
          0.15175471402819055,
          0.00493151174563981
        ],
        [
          0.21877178366977534,
          0.14525953565837252,
          0.19443896482723394
        ]
      ]
    ]
  },
  "network_stats": {
    "neurons": 400,
    "connections": 608
  },
  "rollout_data": {
    "rewards": [
      -500.0,
      -500.0,
      -500.0,
      -500.0,
      -500.0,
      -500.0,
      -500.0,
      -500.0,
      -500.0,
      -500.0,
      -500.0,
      -500.0,
      -500.0,
      -500.0,
      -500.0,
      -500.0,
      -500.0,
      -500.0,
      -500.0,
      -500.0
    ],
    "lengths": [
      500,
      500,
      500,
      500,
      500,
      500,
      500,
      500,
      500,
      500,
      500,
      500,
      500,
      500,
      500,
      500,
      500,
      500,
      500,
      500
    ],
    "eval_seeds": [
      5012660,
      5012661,
      5012662,
      5012663,
      5012664,
      5012665,
      5012666,
      5012667,
      5012668,
      5012669,
      5012670,
      5012671,
      5012672,
      5012673,
      5012674,
      5012675,
      5012676,
      5012677,
      5012678,
      5012679
    ]
  }
}