{
  "network_id": 5168,
  "seed": 5005168,
  "valid": true,
  "baseline_reward": -244.6,
  "stratum": "high_mid",
  "genome": {
    "max_growth_steps": 200,
    "size_x": 20,
    "size_y": 20,
    "diffusion_rate": 0.09766719263372448,
    "num_morphogens": 3,
    "division_threshold": 0.5392830637982745,
    "cell_differentiation_threshold": 0.4289080662617271,
    "axon_growth_threshold": 0.3654740583339037,
    "max_axon_length": 10,
    "axon_connect_threshold": 0.5147532882429625,
    "self_connect_isolated_neurons_fraction": 0.015818086376704697,
    "weight_adjustment_target": 0.6792183538330359,
    "weight_adjustment_rate": 0.009491002446040658,
    "progenitor_secretion_rates": [
      0.48461570719238356,
      0.1695680335407284,
      0.41444983725684065
    ],
    "neuron_secretion_rates": [
      0.3108888885750555,
      0.023741987966508227,
      0.3582100865681872
    ],
    "inhibition_matrix": [
      [
        0.0,
        0.0,
        0.0
      ],
      [
        0.0,
        0.0,
        0.0
      ],
      [
        0.0,
        0.40649470438259616,
        0.0
      ]
    ],
    "diffusion_patterns": [
      [
        [
          0.13055495825111552,
          0.1293739891082134,
          0.21202923427876139
        ],
        [
          0.09453785654856761,
          0.03345224220419325,
          0.17420643542040815
        ],
        [
          0.011194284069760177,
          0.17187547496588448,
          0.0427755251530962
        ]
      ],
      [
        [
          0.1329413041288403,
          0.14883259752715833,
          0.09654304140868696
        ],
        [
          0.15023680317823224,
          0.014042254052657955,
          0.1828713252332361
        ],
        [
          0.1292080778668205,
          0.07023257841080563,
          0.07509201819356207
        ]
      ],
      [
        [
          0.12490217340602641,
          0.1661596399919482,
          0.09702090277318026
        ],
        [
          0.009722876788651818,
          0.2256051358072317,
          0.1567579138901288
        ],
        [
          0.019343684219785988,
          0.08231978223328232,
          0.11816789088976452
        ]
      ]
    ]
  },
  "network_stats": {
    "neurons": 400,
    "connections": 1572
  },
  "rollout_data": {
    "rewards": [
      -175.0,
      -166.0,
      -144.0,
      -165.0,
      -500.0,
      -215.0,
      -317.0,
      -500.0,
      -179.0,
      -216.0,
      -160.0,
      -190.0,
      -169.0,
      -500.0,
      -138.0,
      -155.0,
      -165.0,
      -162.0,
      -176.0,
      -500.0
    ],
    "lengths": [
      176,
      167,
      145,
      166,
      500,
      216,
      318,
      500,
      180,
      217,
      161,
      191,
      170,
      500,
      139,
      156,
      166,
      163,
      177,
      500
    ],
    "eval_seeds": [
      5005168,
      5005169,
      5005170,
      5005171,
      5005172,
      5005173,
      5005174,
      5005175,
      5005176,
      5005177,
      5005178,
      5005179,
      5005180,
      5005181,
      5005182,
      5005183,
      5005184,
      5005185,
      5005186,
      5005187
    ]
  }
}