{
  "network_id": 13988,
  "seed": 5013988,
  "valid": true,
  "baseline_reward": -500.0,
  "stratum": "weak",
  "genome": {
    "max_growth_steps": 200,
    "size_x": 20,
    "size_y": 20,
    "diffusion_rate": 0.17513724814496434,
    "num_morphogens": 3,
    "division_threshold": 0.665188195982421,
    "cell_differentiation_threshold": 0.5022973334411744,
    "axon_growth_threshold": 0.21356235317434893,
    "max_axon_length": 8,
    "axon_connect_threshold": 0.78833264954897,
    "self_connect_isolated_neurons_fraction": 0.29495837489582566,
    "weight_adjustment_target": 0.6846907611137991,
    "weight_adjustment_rate": 0.007178805178917291,
    "progenitor_secretion_rates": [
      0.24244550528278003,
      0.12360243665356041,
      0.327283357146227
    ],
    "neuron_secretion_rates": [
      0.3349789850051212,
      0.3310011757390109,
      0.24233475105713376
    ],
    "inhibition_matrix": [
      [
        0.0,
        0.16043268971741614,
        0.0
      ],
      [
        0.0,
        0.0,
        0.0
      ],
      [
        0.0,
        0.10904790810612514,
        0.0
      ]
    ],
    "diffusion_patterns": [
      [
        [
          0.11575683552533945,
          0.1256851230860186,
          0.08088527978411002
        ],
        [
          0.08743964884614348,
          0.07312542765399375,
          0.13763666279270956
        ],
        [
          0.07424504580857855,
          0.13030022253921014,
          0.17492575396389654
        ]
      ],
      [
        [
          0.0510314572373325,
          0.1854462410979138,
          0.02913776175195138
        ],
        [
          0.15964581419976343,
          0.17104594952457788,
          0.12858922878730566
        ],
        [
          0.10445187950932583,
          0.09569669743096042,
          0.07495497046086903
        ]
      ],
      [
        [
          0.1730297399747298,
          0.1717246149230178,
          0.002081107253063086
        ],
        [
          0.1571509066552861,
          0.09455564649298509,
          0.10952075308454987
        ],
        [
          0.17474365213995327,
          0.066015434283747,
          0.05117814519266795
        ]
      ]
    ]
  },
  "network_stats": {
    "neurons": 375,
    "connections": 1650
  },
  "rollout_data": {
    "rewards": [
      -500.0,
      -500.0,
      -500.0,
      -500.0,
      -500.0,
      -500.0,
      -500.0,
      -500.0,
      -500.0,
      -500.0,
      -500.0,
      -500.0,
      -500.0,
      -500.0,
      -500.0,
      -500.0,
      -500.0,
      -500.0,
      -500.0,
      -500.0
    ],
    "lengths": [
      500,
      500,
      500,
      500,
      500,
      500,
      500,
      500,
      500,
      500,
      500,
      500,
      500,
      500,
      500,
      500,
      500,
      500,
      500,
      500
    ],
    "eval_seeds": [
      5013988,
      5013989,
      5013990,
      5013991,
      5013992,
      5013993,
      5013994,
      5013995,
      5013996,
      5013997,
      5013998,
      5013999,
      5014000,
      5014001,
      5014002,
      5014003,
      5014004,
      5014005,
      5014006,
      5014007
    ]
  }
}