{
  "network_id": 8468,
  "seed": 5008468,
  "valid": true,
  "baseline_reward": -500.0,
  "stratum": "weak",
  "genome": {
    "max_growth_steps": 200,
    "size_x": 20,
    "size_y": 20,
    "diffusion_rate": 0.052436560148496146,
    "num_morphogens": 3,
    "division_threshold": 0.38425108397147706,
    "cell_differentiation_threshold": 0.4674964800554609,
    "axon_growth_threshold": 0.4944046391361904,
    "max_axon_length": 10,
    "axon_connect_threshold": 0.9717450267124542,
    "self_connect_isolated_neurons_fraction": 0.26654547361501274,
    "weight_adjustment_target": 0.39935636595885404,
    "weight_adjustment_rate": 0.012094034265072133,
    "progenitor_secretion_rates": [
      0.20761732272539568,
      0.2024080076269431,
      0.30193057128804196
    ],
    "neuron_secretion_rates": [
      0.43681561412055125,
      0.058587572091173934,
      0.19426421074353378
    ],
    "inhibition_matrix": [
      [
        0.0,
        0.0,
        0.02970660785886159
      ],
      [
        0.0,
        0.0,
        0.17356238362545018
      ],
      [
        0.0,
        0.0,
        0.0
      ]
    ],
    "diffusion_patterns": [
      [
        [
          0.3236680417727578,
          0.28479488546101006,
          0.02199269041315645
        ],
        [
          0.006783787896344918,
          0.11314475364505837,
          0.025255557391201958
        ],
        [
          0.1252339179896941,
          0.0038678902555661656,
          0.09525847517521012
        ]
      ],
      [
        [
          0.1754311987303882,
          0.10023376033367976,
          0.14799708929288213
        ],
        [
          0.04299293631820658,
          0.13260451377190313,
          0.054329267079467704
        ],
        [
          0.006671201101929495,
          0.18902036458773608,
          0.15071966878380694
        ]
      ],
      [
        [
          0.11861030518759991,
          0.0702614847741187,
          0.07234180608642383
        ],
        [
          0.16560908483167494,
          0.13148707253376488,
          0.1171553023047462
        ],
        [
          0.04937855496911173,
          0.15363373931681615,
          0.12152264999574373
        ]
      ]
    ]
  },
  "network_stats": {
    "neurons": 400,
    "connections": 1063
  },
  "rollout_data": {
    "rewards": [
      -500.0,
      -500.0,
      -500.0,
      -500.0,
      -500.0,
      -500.0,
      -500.0,
      -500.0,
      -500.0,
      -500.0,
      -500.0,
      -500.0,
      -500.0,
      -500.0,
      -500.0,
      -500.0,
      -500.0,
      -500.0,
      -500.0,
      -500.0
    ],
    "lengths": [
      500,
      500,
      500,
      500,
      500,
      500,
      500,
      500,
      500,
      500,
      500,
      500,
      500,
      500,
      500,
      500,
      500,
      500,
      500,
      500
    ],
    "eval_seeds": [
      5008468,
      5008469,
      5008470,
      5008471,
      5008472,
      5008473,
      5008474,
      5008475,
      5008476,
      5008477,
      5008478,
      5008479,
      5008480,
      5008481,
      5008482,
      5008483,
      5008484,
      5008485,
      5008486,
      5008487
    ]
  }
}