{
  "network_id": 5046,
  "seed": 5005046,
  "valid": true,
  "baseline_reward": -500.0,
  "stratum": "weak",
  "genome": {
    "max_growth_steps": 200,
    "size_x": 20,
    "size_y": 20,
    "diffusion_rate": 0.09150563182471173,
    "num_morphogens": 3,
    "division_threshold": 0.6111956523936912,
    "cell_differentiation_threshold": 0.5026132029000382,
    "axon_growth_threshold": 0.3820847910225637,
    "max_axon_length": 4,
    "axon_connect_threshold": 0.9562830743008595,
    "self_connect_isolated_neurons_fraction": 0.003429762475010245,
    "weight_adjustment_target": 0.300729168447075,
    "weight_adjustment_rate": 0.014138582996661753,
    "progenitor_secretion_rates": [
      0.48451016299431054,
      0.12898743642719734,
      0.16969198755435672
    ],
    "neuron_secretion_rates": [
      0.22524432680705575,
      0.186751910621355,
      0.2820849253448906
    ],
    "inhibition_matrix": [
      [
        0.0,
        0.0,
        0.0
      ],
      [
        0.0,
        0.0,
        0.0
      ],
      [
        0.0,
        0.0,
        0.0
      ]
    ],
    "diffusion_patterns": [
      [
        [
          0.09545727873709565,
          0.16294791849994966,
          0.13336365618879656
        ],
        [
          0.14626015920277222,
          0.18958140772800672,
          0.05372113345734473
        ],
        [
          0.12313816578598077,
          0.0405632001969731,
          0.05496708020308058
        ]
      ],
      [
        [
          0.1459987877326341,
          0.2064407435840657,
          0.1570079216646608
        ],
        [
          0.007883577691050555,
          0.04248006016138775,
          0.032882936285536096
        ],
        [
          0.13866139014721662,
          0.09875430251937882,
          0.1698902802140696
        ]
      ],
      [
        [
          0.16226094315497314,
          0.05688274337935948,
          0.059486244884274536
        ],
        [
          0.16243630931166975,
          0.06937382138274696,
          0.1616772619579642
        ],
        [
          0.15164909755443023,
          0.12387721679703925,
          0.052356361577542476
        ]
      ]
    ]
  },
  "network_stats": {
    "neurons": 400,
    "connections": 1052
  },
  "rollout_data": {
    "rewards": [
      -500.0,
      -500.0,
      -500.0,
      -500.0,
      -500.0,
      -500.0,
      -500.0,
      -500.0,
      -500.0,
      -500.0,
      -500.0,
      -500.0,
      -500.0,
      -500.0,
      -500.0,
      -500.0,
      -500.0,
      -500.0,
      -500.0,
      -500.0
    ],
    "lengths": [
      500,
      500,
      500,
      500,
      500,
      500,
      500,
      500,
      500,
      500,
      500,
      500,
      500,
      500,
      500,
      500,
      500,
      500,
      500,
      500
    ],
    "eval_seeds": [
      5005046,
      5005047,
      5005048,
      5005049,
      5005050,
      5005051,
      5005052,
      5005053,
      5005054,
      5005055,
      5005056,
      5005057,
      5005058,
      5005059,
      5005060,
      5005061,
      5005062,
      5005063,
      5005064,
      5005065
    ]
  }
}