{
  "network_id": 2231,
  "seed": 5002231,
  "valid": true,
  "baseline_reward": -500.0,
  "stratum": "weak",
  "genome": {
    "max_growth_steps": 200,
    "size_x": 20,
    "size_y": 20,
    "diffusion_rate": 0.16286516757842467,
    "num_morphogens": 3,
    "division_threshold": 0.592839665978094,
    "cell_differentiation_threshold": 0.3559810451885753,
    "axon_growth_threshold": 0.4791879582892455,
    "max_axon_length": 3,
    "axon_connect_threshold": 0.8988707617141306,
    "self_connect_isolated_neurons_fraction": 0.21862642085575926,
    "weight_adjustment_target": 0.36724648230325463,
    "weight_adjustment_rate": 0.009019575291644289,
    "progenitor_secretion_rates": [
      0.4756375917033849,
      0.23669877487430308,
      0.1771868421835871
    ],
    "neuron_secretion_rates": [
      0.17915467985492034,
      0.08846570227764727,
      0.27186157260092886
    ],
    "inhibition_matrix": [
      [
        0.0,
        0.0,
        0.0
      ],
      [
        0.1767242547446921,
        0.0,
        0.2869162527902898
      ],
      [
        0.0,
        0.0,
        0.0
      ]
    ],
    "diffusion_patterns": [
      [
        [
          0.026760619882156705,
          0.050903161987092556,
          0.11689369756295905
        ],
        [
          0.10752404962264021,
          0.19493633617365622,
          0.012527090362309614
        ],
        [
          0.152971596783203,
          0.24177149417213606,
          0.09571195345384668
        ]
      ],
      [
        [
          0.13744984512906172,
          0.17698833799712294,
          0.1649940768806802
        ],
        [
          0.05787549805363352,
          0.07484534804313041,
          0.09499640441811175
        ],
        [
          0.18780905242892515,
          0.09596997600216627,
          0.009071461047167972
        ]
      ],
      [
        [
          0.014340314988361089,
          0.1413339954309882,
          0.02422922242481744
        ],
        [
          0.03833569702539147,
          0.20569795400493,
          0.12266745162211606
        ],
        [
          0.14052886242760765,
          0.21658773662479663,
          0.09627876545099145
        ]
      ]
    ]
  },
  "network_stats": {
    "neurons": 355,
    "connections": 925
  },
  "rollout_data": {
    "rewards": [
      -500.0,
      -500.0,
      -500.0,
      -500.0,
      -500.0,
      -500.0,
      -500.0,
      -500.0,
      -500.0,
      -500.0,
      -500.0,
      -500.0,
      -500.0,
      -500.0,
      -500.0,
      -500.0,
      -500.0,
      -500.0,
      -500.0,
      -500.0
    ],
    "lengths": [
      500,
      500,
      500,
      500,
      500,
      500,
      500,
      500,
      500,
      500,
      500,
      500,
      500,
      500,
      500,
      500,
      500,
      500,
      500,
      500
    ],
    "eval_seeds": [
      5002231,
      5002232,
      5002233,
      5002234,
      5002235,
      5002236,
      5002237,
      5002238,
      5002239,
      5002240,
      5002241,
      5002242,
      5002243,
      5002244,
      5002245,
      5002246,
      5002247,
      5002248,
      5002249,
      5002250
    ]
  }
}