{
  "network_id": 7348,
  "seed": 5007348,
  "valid": true,
  "baseline_reward": -500.0,
  "stratum": "weak",
  "genome": {
    "max_growth_steps": 200,
    "size_x": 20,
    "size_y": 20,
    "diffusion_rate": 0.16277563742598172,
    "num_morphogens": 3,
    "division_threshold": 0.38292829456940275,
    "cell_differentiation_threshold": 0.3223595133078021,
    "axon_growth_threshold": 0.32794874919199957,
    "max_axon_length": 8,
    "axon_connect_threshold": 0.9934467106380704,
    "self_connect_isolated_neurons_fraction": 0.03440411326269529,
    "weight_adjustment_target": 0.4792280904539879,
    "weight_adjustment_rate": 0.01715410209646129,
    "progenitor_secretion_rates": [
      0.2561307836938936,
      0.012824550843903215,
      0.10371823688696463
    ],
    "neuron_secretion_rates": [
      0.1878855769858515,
      0.057775300617849745,
      0.1989227531764809
    ],
    "inhibition_matrix": [
      [
        0.0,
        0.0,
        0.0
      ],
      [
        0.0,
        0.0,
        0.0
      ],
      [
        0.0,
        0.0,
        0.0
      ]
    ],
    "diffusion_patterns": [
      [
        [
          0.20754394496347667,
          0.22503247808069649,
          0.06417610000979965
        ],
        [
          0.11267892121436217,
          0.1822301010823261,
          0.0009897964021476397
        ],
        [
          0.10730887298885203,
          0.06130656141905533,
          0.0387332238392839
        ]
      ],
      [
        [
          0.04186498019517955,
          0.17827827812835081,
          0.11727581256423976
        ],
        [
          0.19614322597125558,
          0.03701756238088835,
          0.08120741983402154
        ],
        [
          0.11447559322893319,
          0.0059537812672610865,
          0.22778334642987022
        ]
      ],
      [
        [
          0.1453978653425774,
          0.1537038438536937,
          0.12166644454959485
        ],
        [
          0.16697096049392582,
          0.11465856640987905,
          0.014503890964241643
        ],
        [
          0.16792992531906104,
          0.04232184252249213,
          0.07284666054453433
        ]
      ]
    ]
  },
  "network_stats": {
    "neurons": 400,
    "connections": 476
  },
  "rollout_data": {
    "rewards": [
      -500.0,
      -500.0,
      -500.0,
      -500.0,
      -500.0,
      -500.0,
      -500.0,
      -500.0,
      -500.0,
      -500.0,
      -500.0,
      -500.0,
      -500.0,
      -500.0,
      -500.0,
      -500.0,
      -500.0,
      -500.0,
      -500.0,
      -500.0
    ],
    "lengths": [
      500,
      500,
      500,
      500,
      500,
      500,
      500,
      500,
      500,
      500,
      500,
      500,
      500,
      500,
      500,
      500,
      500,
      500,
      500,
      500
    ],
    "eval_seeds": [
      5007348,
      5007349,
      5007350,
      5007351,
      5007352,
      5007353,
      5007354,
      5007355,
      5007356,
      5007357,
      5007358,
      5007359,
      5007360,
      5007361,
      5007362,
      5007363,
      5007364,
      5007365,
      5007366,
      5007367
    ]
  }
}