{
  "network_id": 2559,
  "seed": 5002559,
  "valid": true,
  "baseline_reward": -190.45,
  "stratum": "near_perfect",
  "genome": {
    "max_growth_steps": 200,
    "size_x": 20,
    "size_y": 20,
    "diffusion_rate": 0.1439330271220314,
    "num_morphogens": 3,
    "division_threshold": 0.319995338536452,
    "cell_differentiation_threshold": 0.3901755841761414,
    "axon_growth_threshold": 0.23111169743444265,
    "max_axon_length": 9,
    "axon_connect_threshold": 0.5955049579249334,
    "self_connect_isolated_neurons_fraction": 0.21501895345517402,
    "weight_adjustment_target": 0.5570752444689966,
    "weight_adjustment_rate": 0.00911612667652302,
    "progenitor_secretion_rates": [
      0.40717912172091664,
      0.3120168285478963,
      0.08976800538962593
    ],
    "neuron_secretion_rates": [
      0.12063511677546024,
      0.18925333233491237,
      0.08171254574772197
    ],
    "inhibition_matrix": [
      [
        0.0,
        0.0,
        0.446655881288234
      ],
      [
        0.0,
        0.0,
        0.0
      ],
      [
        0.23396693585151906,
        0.0,
        0.0
      ]
    ],
    "diffusion_patterns": [
      [
        [
          0.039527495503898974,
          0.17325145039123804,
          0.10464035686980337
        ],
        [
          0.08155671284704592,
          0.17961716527337465,
          0.044346907800024184
        ],
        [
          0.05693043564494942,
          0.12574791489634485,
          0.1943815607733205
        ]
      ],
      [
        [
          0.1194798947917594,
          0.21322007295967635,
          0.22786884184839984
        ],
        [
          0.059196806716538375,
          0.15406164118595095,
          0.1643089528946952
        ],
        [
          0.012155166471712862,
          0.039168422495716684,
          0.010540200635550487
        ]
      ],
      [
        [
          0.2069301540588008,
          0.04997539810974824,
          0.08095342088908446
        ],
        [
          0.21115851747517084,
          0.0935741407239113,
          0.13428929005978904
        ],
        [
          0.012213221226045505,
          0.040113150175275135,
          0.1707927072821746
        ]
      ]
    ]
  },
  "network_stats": {
    "neurons": 395,
    "connections": 2014
  },
  "rollout_data": {
    "rewards": [
      -500.0,
      -268.0,
      -174.0,
      -146.0,
      -199.0,
      -247.0,
      -142.0,
      -146.0,
      -166.0,
      -147.0,
      -155.0,
      -203.0,
      -214.0,
      -205.0,
      -156.0,
      -158.0,
      -133.0,
      -129.0,
      -163.0,
      -158.0
    ],
    "lengths": [
      500,
      269,
      175,
      147,
      200,
      248,
      143,
      147,
      167,
      148,
      156,
      204,
      215,
      206,
      157,
      159,
      134,
      130,
      164,
      159
    ],
    "eval_seeds": [
      5002559,
      5002560,
      5002561,
      5002562,
      5002563,
      5002564,
      5002565,
      5002566,
      5002567,
      5002568,
      5002569,
      5002570,
      5002571,
      5002572,
      5002573,
      5002574,
      5002575,
      5002576,
      5002577,
      5002578
    ]
  }
}