{
  "network_id": 10351,
  "seed": 5010351,
  "valid": true,
  "baseline_reward": -500.0,
  "stratum": "weak",
  "genome": {
    "max_growth_steps": 200,
    "size_x": 20,
    "size_y": 20,
    "diffusion_rate": 0.06731252680592215,
    "num_morphogens": 3,
    "division_threshold": 0.34496619874387197,
    "cell_differentiation_threshold": 0.40934945413872015,
    "axon_growth_threshold": 0.45495170887879904,
    "max_axon_length": 2,
    "axon_connect_threshold": 0.6236344318524714,
    "self_connect_isolated_neurons_fraction": 0.04716344352524688,
    "weight_adjustment_target": 0.40900541774282273,
    "weight_adjustment_rate": 0.01776065659942318,
    "progenitor_secretion_rates": [
      0.09282706991909362,
      0.03525877508243974,
      0.27201764422543656
    ],
    "neuron_secretion_rates": [
      0.48538146934389237,
      0.18602985583673615,
      0.21111198906304623
    ],
    "inhibition_matrix": [
      [
        0.0,
        0.0,
        0.0
      ],
      [
        0.0,
        0.0,
        0.0
      ],
      [
        0.1369547613202396,
        0.30727898268103243,
        0.0
      ]
    ],
    "diffusion_patterns": [
      [
        [
          0.07041287239289445,
          0.10457170504275658,
          0.2138233039656866
        ],
        [
          0.1824369579177021,
          0.1990888666202694,
          0.03445375300997934
        ],
        [
          0.18429454553447075,
          0.00895519476649098,
          0.001962800749749984
        ]
      ],
      [
        [
          0.27997638918829787,
          0.036756540244806665,
          0.11703270133108463
        ],
        [
          0.0561181450484161,
          0.056675003767128,
          0.02403425309819105
        ],
        [
          0.26640299532437983,
          0.014826499667961656,
          0.1481774723297343
        ]
      ],
      [
        [
          0.037462302067774775,
          0.16348148799578177,
          0.12773728736345652
        ],
        [
          0.12516200290998383,
          0.19905114823948286,
          0.056543941469364235
        ],
        [
          0.16783622866155032,
          0.09409242464003402,
          0.02863317665257169
        ]
      ]
    ]
  },
  "network_stats": {
    "neurons": 400,
    "connections": 404
  },
  "rollout_data": {
    "rewards": [
      -500.0,
      -500.0,
      -500.0,
      -500.0,
      -500.0,
      -500.0,
      -500.0,
      -500.0,
      -500.0,
      -500.0,
      -500.0,
      -500.0,
      -500.0,
      -500.0,
      -500.0,
      -500.0,
      -500.0,
      -500.0,
      -500.0,
      -500.0
    ],
    "lengths": [
      500,
      500,
      500,
      500,
      500,
      500,
      500,
      500,
      500,
      500,
      500,
      500,
      500,
      500,
      500,
      500,
      500,
      500,
      500,
      500
    ],
    "eval_seeds": [
      5010351,
      5010352,
      5010353,
      5010354,
      5010355,
      5010356,
      5010357,
      5010358,
      5010359,
      5010360,
      5010361,
      5010362,
      5010363,
      5010364,
      5010365,
      5010366,
      5010367,
      5010368,
      5010369,
      5010370
    ]
  }
}