{
  "network_id": 3979,
  "seed": 5003979,
  "valid": true,
  "baseline_reward": -500.0,
  "stratum": "weak",
  "genome": {
    "max_growth_steps": 200,
    "size_x": 20,
    "size_y": 20,
    "diffusion_rate": 0.10799712998555207,
    "num_morphogens": 3,
    "division_threshold": 0.31374550023799724,
    "cell_differentiation_threshold": 0.3020156273774373,
    "axon_growth_threshold": 0.41583818946024337,
    "max_axon_length": 4,
    "axon_connect_threshold": 0.446390427055979,
    "self_connect_isolated_neurons_fraction": 0.18371442142041258,
    "weight_adjustment_target": 0.4791785231015973,
    "weight_adjustment_rate": 0.019622904451146627,
    "progenitor_secretion_rates": [
      0.4445960493465486,
      0.27326001542223277,
      0.25608277660140416
    ],
    "neuron_secretion_rates": [
      0.13825553031675775,
      0.025191356015564104,
      0.240654367591082
    ],
    "inhibition_matrix": [
      [
        0.0,
        0.4844699598681756,
        0.28549283641596607
      ],
      [
        0.0,
        0.0,
        0.0
      ],
      [
        0.0,
        0.0,
        0.0
      ]
    ],
    "diffusion_patterns": [
      [
        [
          0.1096034766808244,
          0.012505972908831656,
          0.1029782228814891
        ],
        [
          0.03782417837687621,
          0.03213374329312729,
          0.1772662437912776
        ],
        [
          0.1417552659019119,
          0.2400959366219056,
          0.14583695954375642
        ]
      ],
      [
        [
          0.009520181123622861,
          0.05228515296928623,
          0.05377252937785877
        ],
        [
          0.13758483925169931,
          0.16742340196164548,
          0.12436651220372986
        ],
        [
          0.0786362064899137,
          0.18342171023168602,
          0.1929894663905576
        ]
      ],
      [
        [
          0.18435687643650833,
          0.12512414436828037,
          0.04367773229985028
        ],
        [
          0.10622041722267013,
          0.2204118609492194,
          0.0929911341683899
        ],
        [
          0.16549450513867878,
          0.002053389938195093,
          0.05966993947820775
        ]
      ]
    ]
  },
  "network_stats": {
    "neurons": 253,
    "connections": 515
  },
  "rollout_data": {
    "rewards": [
      -500.0,
      -500.0,
      -500.0,
      -500.0,
      -500.0,
      -500.0,
      -500.0,
      -500.0,
      -500.0,
      -500.0,
      -500.0,
      -500.0,
      -500.0,
      -500.0,
      -500.0,
      -500.0,
      -500.0,
      -500.0,
      -500.0,
      -500.0
    ],
    "lengths": [
      500,
      500,
      500,
      500,
      500,
      500,
      500,
      500,
      500,
      500,
      500,
      500,
      500,
      500,
      500,
      500,
      500,
      500,
      500,
      500
    ],
    "eval_seeds": [
      5003979,
      5003980,
      5003981,
      5003982,
      5003983,
      5003984,
      5003985,
      5003986,
      5003987,
      5003988,
      5003989,
      5003990,
      5003991,
      5003992,
      5003993,
      5003994,
      5003995,
      5003996,
      5003997,
      5003998
    ]
  }
}