{
  "network_id": 18586,
  "seed": 5018586,
  "valid": true,
  "baseline_reward": -500.0,
  "stratum": "weak",
  "genome": {
    "max_growth_steps": 200,
    "size_x": 20,
    "size_y": 20,
    "diffusion_rate": 0.13892438577917499,
    "num_morphogens": 3,
    "division_threshold": 0.6740045604211817,
    "cell_differentiation_threshold": 0.6451915823118075,
    "axon_growth_threshold": 0.49419453264447977,
    "max_axon_length": 9,
    "axon_connect_threshold": 0.7146688565154914,
    "self_connect_isolated_neurons_fraction": 0.12843995853161702,
    "weight_adjustment_target": 0.4321827764706791,
    "weight_adjustment_rate": 0.006087401802650595,
    "progenitor_secretion_rates": [
      0.2501708956376665,
      0.2652841482628148,
      0.08507912367415588
    ],
    "neuron_secretion_rates": [
      0.11187678850042848,
      0.09256904328439614,
      0.4416544504605366
    ],
    "inhibition_matrix": [
      [
        0.0,
        0.0,
        0.0
      ],
      [
        0.28529760270773136,
        0.0,
        0.0
      ],
      [
        0.0,
        0.0,
        0.0
      ]
    ],
    "diffusion_patterns": [
      [
        [
          0.041808653232739024,
          0.12940281317499402,
          0.04358080675905876
        ],
        [
          0.18038180785178567,
          0.21786317625999507,
          0.1568339180032639
        ],
        [
          0.15489832031807,
          0.07386721298513729,
          0.0013632914149563332
        ]
      ],
      [
        [
          0.014588503615570325,
          0.17589355007466678,
          0.21132232374144774
        ],
        [
          0.21553315362913902,
          0.09099518240282581,
          0.06728257083732424
        ],
        [
          0.07412181228090424,
          0.09422499108602814,
          0.05603791233209386
        ]
      ],
      [
        [
          0.1180826401406162,
          0.12419454206889106,
          0.07988843905018159
        ],
        [
          0.10626287831574073,
          0.11464065935595007,
          0.029140540426539283
        ],
        [
          0.14002013630416338,
          0.12564930431757587,
          0.16212086002034182
        ]
      ]
    ]
  },
  "network_stats": {
    "neurons": 192,
    "connections": 509
  },
  "rollout_data": {
    "rewards": [
      -500.0,
      -500.0,
      -500.0,
      -500.0,
      -500.0,
      -500.0,
      -500.0,
      -500.0,
      -500.0,
      -500.0,
      -500.0,
      -500.0,
      -500.0,
      -500.0,
      -500.0,
      -500.0,
      -500.0,
      -500.0,
      -500.0,
      -500.0
    ],
    "lengths": [
      500,
      500,
      500,
      500,
      500,
      500,
      500,
      500,
      500,
      500,
      500,
      500,
      500,
      500,
      500,
      500,
      500,
      500,
      500,
      500
    ],
    "eval_seeds": [
      5018586,
      5018587,
      5018588,
      5018589,
      5018590,
      5018591,
      5018592,
      5018593,
      5018594,
      5018595,
      5018596,
      5018597,
      5018598,
      5018599,
      5018600,
      5018601,
      5018602,
      5018603,
      5018604,
      5018605
    ]
  }
}