{
  "network_id": 14243,
  "seed": 5014243,
  "valid": true,
  "baseline_reward": -500.0,
  "stratum": "weak",
  "genome": {
    "max_growth_steps": 200,
    "size_x": 20,
    "size_y": 20,
    "diffusion_rate": 0.16862431928687696,
    "num_morphogens": 3,
    "division_threshold": 0.4201072981540863,
    "cell_differentiation_threshold": 0.6388655355646103,
    "axon_growth_threshold": 0.31496230812986253,
    "max_axon_length": 2,
    "axon_connect_threshold": 0.5271496958157036,
    "self_connect_isolated_neurons_fraction": 0.10229220776162917,
    "weight_adjustment_target": 0.6031076008094983,
    "weight_adjustment_rate": 0.01629449497088583,
    "progenitor_secretion_rates": [
      0.3137373741097179,
      0.2682346578239532,
      0.010966271453845544
    ],
    "neuron_secretion_rates": [
      0.44814663111798153,
      0.17274833857348515,
      0.11525395577815956
    ],
    "inhibition_matrix": [
      [
        0.0,
        0.0,
        0.2910160300645148
      ],
      [
        0.0,
        0.0,
        0.4362961900114174
      ],
      [
        0.0,
        0.0,
        0.0
      ]
    ],
    "diffusion_patterns": [
      [
        [
          0.017347046081312677,
          0.07714089172324619,
          0.14960040913174838
        ],
        [
          0.203531990422249,
          0.13784714640620913,
          0.12739123113949596
        ],
        [
          0.1418457822876036,
          0.11637474798064683,
          0.028920754827488133
        ]
      ],
      [
        [
          0.04358804404471165,
          0.19456525086064216,
          0.19405844036096856
        ],
        [
          0.02564548212005472,
          0.10215879145062892,
          0.11060993719309378
        ],
        [
          0.16359454495106096,
          0.088523964887959,
          0.07725554413088037
        ]
      ],
      [
        [
          0.15830669780618806,
          0.16490761847817467,
          0.14501871061705682
        ],
        [
          0.05974859739537439,
          0.07156092479404078,
          0.13443823526529025
        ],
        [
          0.10502776983858335,
          0.00011566871875828293,
          0.1608757770865334
        ]
      ]
    ]
  },
  "network_stats": {
    "neurons": 400,
    "connections": 998
  },
  "rollout_data": {
    "rewards": [
      -500.0,
      -500.0,
      -500.0,
      -500.0,
      -500.0,
      -500.0,
      -500.0,
      -500.0,
      -500.0,
      -500.0,
      -500.0,
      -500.0,
      -500.0,
      -500.0,
      -500.0,
      -500.0,
      -500.0,
      -500.0,
      -500.0,
      -500.0
    ],
    "lengths": [
      500,
      500,
      500,
      500,
      500,
      500,
      500,
      500,
      500,
      500,
      500,
      500,
      500,
      500,
      500,
      500,
      500,
      500,
      500,
      500
    ],
    "eval_seeds": [
      5014243,
      5014244,
      5014245,
      5014246,
      5014247,
      5014248,
      5014249,
      5014250,
      5014251,
      5014252,
      5014253,
      5014254,
      5014255,
      5014256,
      5014257,
      5014258,
      5014259,
      5014260,
      5014261,
      5014262
    ]
  }
}