{
  "network_id": 7773,
  "seed": 5007773,
  "valid": true,
  "baseline_reward": -500.0,
  "stratum": "weak",
  "genome": {
    "max_growth_steps": 200,
    "size_x": 20,
    "size_y": 20,
    "diffusion_rate": 0.10349736363873803,
    "num_morphogens": 3,
    "division_threshold": 0.539970454543874,
    "cell_differentiation_threshold": 0.5089929442973359,
    "axon_growth_threshold": 0.25259527479637506,
    "max_axon_length": 6,
    "axon_connect_threshold": 0.45404345305605903,
    "self_connect_isolated_neurons_fraction": 0.2302860224549147,
    "weight_adjustment_target": 0.6742894627379421,
    "weight_adjustment_rate": 0.009686742225250162,
    "progenitor_secretion_rates": [
      0.30306590961665025,
      0.22479015006789427,
      0.24146946424458915
    ],
    "neuron_secretion_rates": [
      0.42245761568422363,
      0.42347706009857194,
      0.4760215710632014
    ],
    "inhibition_matrix": [
      [
        0.0,
        0.0,
        0.0
      ],
      [
        0.024182043440171386,
        0.0,
        0.0465240728416213
      ],
      [
        0.0,
        0.3183201237075411,
        0.0
      ]
    ],
    "diffusion_patterns": [
      [
        [
          0.03504114748733059,
          0.16662641733852024,
          0.07543170766423433
        ],
        [
          0.025710025520037736,
          0.14726854587545626,
          0.1680819461901483
        ],
        [
          0.14891706620690398,
          0.11715495353196949,
          0.1157681901853989
        ]
      ],
      [
        [
          0.17616689410568306,
          0.08288779948956028,
          0.06856300151420644
        ],
        [
          0.18149618399598505,
          0.08324913096249116,
          0.047381200923371496
        ],
        [
          0.1464662569902208,
          0.17642966155552878,
          0.037359870462952846
        ]
      ],
      [
        [
          0.18246634439931403,
          0.014041658221687134,
          0.15823608079932822
        ],
        [
          0.19179273727591195,
          0.23666139424639698,
          0.004550884884501379
        ],
        [
          0.014303090710830762,
          0.1213651526702321,
          0.07658265679179735
        ]
      ]
    ]
  },
  "network_stats": {
    "neurons": 400,
    "connections": 1025
  },
  "rollout_data": {
    "rewards": [
      -500.0,
      -500.0,
      -500.0,
      -500.0,
      -500.0,
      -500.0,
      -500.0,
      -500.0,
      -500.0,
      -500.0,
      -500.0,
      -500.0,
      -500.0,
      -500.0,
      -500.0,
      -500.0,
      -500.0,
      -500.0,
      -500.0,
      -500.0
    ],
    "lengths": [
      500,
      500,
      500,
      500,
      500,
      500,
      500,
      500,
      500,
      500,
      500,
      500,
      500,
      500,
      500,
      500,
      500,
      500,
      500,
      500
    ],
    "eval_seeds": [
      5007773,
      5007774,
      5007775,
      5007776,
      5007777,
      5007778,
      5007779,
      5007780,
      5007781,
      5007782,
      5007783,
      5007784,
      5007785,
      5007786,
      5007787,
      5007788,
      5007789,
      5007790,
      5007791,
      5007792
    ]
  }
}