{
  "network_id": 8500,
  "seed": 5008500,
  "valid": true,
  "baseline_reward": -500.0,
  "stratum": "weak",
  "genome": {
    "max_growth_steps": 200,
    "size_x": 20,
    "size_y": 20,
    "diffusion_rate": 0.07402970979397483,
    "num_morphogens": 3,
    "division_threshold": 0.44152942822599384,
    "cell_differentiation_threshold": 0.6494677455463415,
    "axon_growth_threshold": 0.25045424891238066,
    "max_axon_length": 9,
    "axon_connect_threshold": 0.4324385065811504,
    "self_connect_isolated_neurons_fraction": 0.13964773254267676,
    "weight_adjustment_target": 0.42029261702608955,
    "weight_adjustment_rate": 0.011230603249764418,
    "progenitor_secretion_rates": [
      0.2012276269949695,
      0.15546890754495735,
      0.05125888250541699
    ],
    "neuron_secretion_rates": [
      0.1862133548067797,
      0.30618095119716043,
      0.45410536756005804
    ],
    "inhibition_matrix": [
      [
        0.0,
        0.0,
        0.30521352690474285
      ],
      [
        0.21307522432925924,
        0.0,
        0.0
      ],
      [
        0.045652764939356716,
        0.0,
        0.0
      ]
    ],
    "diffusion_patterns": [
      [
        [
          0.10848093344160119,
          0.2306635501752345,
          0.16657707096187488
        ],
        [
          0.11043121321667114,
          0.025493064253018633,
          0.02963980577325899
        ],
        [
          0.048520952812672054,
          0.08766443681626418,
          0.19252897254940438
        ]
      ],
      [
        [
          0.09651082414926357,
          0.019645591608142207,
          0.15346249838061135
        ],
        [
          0.15550851224461926,
          0.1581188014764452,
          0.12053956999447035
        ],
        [
          0.03701655481026684,
          0.13904287150761743,
          0.1201547758285638
        ]
      ],
      [
        [
          0.15779269487787081,
          0.041015890383974886,
          0.07773952037077904
        ],
        [
          0.13787910488000207,
          0.21786115713416326,
          0.16156144308949055
        ],
        [
          0.10486491556724918,
          0.009152265640403731,
          0.09213300805606649
        ]
      ]
    ]
  },
  "network_stats": {
    "neurons": 400,
    "connections": 1184
  },
  "rollout_data": {
    "rewards": [
      -500.0,
      -500.0,
      -500.0,
      -500.0,
      -500.0,
      -500.0,
      -500.0,
      -500.0,
      -500.0,
      -500.0,
      -500.0,
      -500.0,
      -500.0,
      -500.0,
      -500.0,
      -500.0,
      -500.0,
      -500.0,
      -500.0,
      -500.0
    ],
    "lengths": [
      500,
      500,
      500,
      500,
      500,
      500,
      500,
      500,
      500,
      500,
      500,
      500,
      500,
      500,
      500,
      500,
      500,
      500,
      500,
      500
    ],
    "eval_seeds": [
      5008500,
      5008501,
      5008502,
      5008503,
      5008504,
      5008505,
      5008506,
      5008507,
      5008508,
      5008509,
      5008510,
      5008511,
      5008512,
      5008513,
      5008514,
      5008515,
      5008516,
      5008517,
      5008518,
      5008519
    ]
  }
}