{
  "network_id": 10071,
  "seed": 5010071,
  "valid": true,
  "baseline_reward": -500.0,
  "stratum": "weak",
  "genome": {
    "max_growth_steps": 200,
    "size_x": 20,
    "size_y": 20,
    "diffusion_rate": 0.17041619710685274,
    "num_morphogens": 3,
    "division_threshold": 0.4747783461065679,
    "cell_differentiation_threshold": 0.5443448136831055,
    "axon_growth_threshold": 0.3780857620326292,
    "max_axon_length": 9,
    "axon_connect_threshold": 0.7045824998688758,
    "self_connect_isolated_neurons_fraction": 0.12888471745382626,
    "weight_adjustment_target": 0.6129986025940852,
    "weight_adjustment_rate": 0.012414657477069829,
    "progenitor_secretion_rates": [
      0.4768836003825296,
      0.040156344840022284,
      0.12049870878814367
    ],
    "neuron_secretion_rates": [
      0.33743776589096974,
      0.004114982587480331,
      0.06716511079935022
    ],
    "inhibition_matrix": [
      [
        0.0,
        0.0,
        0.0
      ],
      [
        0.0,
        0.0,
        0.020019355780248882
      ],
      [
        0.0,
        0.0,
        0.0
      ]
    ],
    "diffusion_patterns": [
      [
        [
          0.11736836447295733,
          0.06307466091818256,
          0.11703998884216771
        ],
        [
          0.024996540793220223,
          0.1245137800258443,
          0.16824790941874
        ],
        [
          0.1839491226654854,
          0.05385394800273749,
          0.14695568486066518
        ]
      ],
      [
        [
          0.11876258921890073,
          0.08366781499845251,
          0.0687464373009544
        ],
        [
          0.043944245902967444,
          0.17237149614848876,
          0.13811029196052974
        ],
        [
          0.154493723338028,
          0.12008616259010732,
          0.09981723854157112
        ]
      ],
      [
        [
          0.16197062814811986,
          0.13304415821246302,
          0.03137529292787551
        ],
        [
          0.16513841410184657,
          0.15702898171432259,
          0.11107268911816036
        ],
        [
          0.11724109286426192,
          0.02689617309103746,
          0.09623256982191283
        ]
      ]
    ]
  },
  "network_stats": {
    "neurons": 400,
    "connections": 458
  },
  "rollout_data": {
    "rewards": [
      -500.0,
      -500.0,
      -500.0,
      -500.0,
      -500.0,
      -500.0,
      -500.0,
      -500.0,
      -500.0,
      -500.0,
      -500.0,
      -500.0,
      -500.0,
      -500.0,
      -500.0,
      -500.0,
      -500.0,
      -500.0,
      -500.0,
      -500.0
    ],
    "lengths": [
      500,
      500,
      500,
      500,
      500,
      500,
      500,
      500,
      500,
      500,
      500,
      500,
      500,
      500,
      500,
      500,
      500,
      500,
      500,
      500
    ],
    "eval_seeds": [
      5010071,
      5010072,
      5010073,
      5010074,
      5010075,
      5010076,
      5010077,
      5010078,
      5010079,
      5010080,
      5010081,
      5010082,
      5010083,
      5010084,
      5010085,
      5010086,
      5010087,
      5010088,
      5010089,
      5010090
    ]
  }
}