{
  "network_id": 17878,
  "seed": 5017878,
  "valid": true,
  "baseline_reward": -500.0,
  "stratum": "weak",
  "genome": {
    "max_growth_steps": 200,
    "size_x": 20,
    "size_y": 20,
    "diffusion_rate": 0.07977251317315621,
    "num_morphogens": 3,
    "division_threshold": 0.37837787550321733,
    "cell_differentiation_threshold": 0.6371604192514679,
    "axon_growth_threshold": 0.46059854145822904,
    "max_axon_length": 10,
    "axon_connect_threshold": 0.8363232103667498,
    "self_connect_isolated_neurons_fraction": 0.0975482727201555,
    "weight_adjustment_target": 0.5863578352908655,
    "weight_adjustment_rate": 0.015588690659675846,
    "progenitor_secretion_rates": [
      0.30570654807328473,
      0.17831856183032863,
      0.18536182958504527
    ],
    "neuron_secretion_rates": [
      0.40383968078426835,
      0.20881879273068105,
      0.41193750464649026
    ],
    "inhibition_matrix": [
      [
        0.0,
        0.0,
        0.480321409345889
      ],
      [
        0.0,
        0.0,
        0.0
      ],
      [
        0.0,
        0.0,
        0.0
      ]
    ],
    "diffusion_patterns": [
      [
        [
          0.17951494026214612,
          0.1432839920871297,
          0.038658555537643115
        ],
        [
          0.00319994663989644,
          0.1839794612677897,
          0.1505346106654988
        ],
        [
          0.048521557721022984,
          0.07839843990229703,
          0.17390849591657614
        ]
      ],
      [
        [
          0.13961818608634313,
          0.1475379179638701,
          0.06893004562660042
        ],
        [
          0.17441725188291393,
          0.020180819069241844,
          0.1114380410838898
        ],
        [
          0.11830748786607272,
          0.20941787906159973,
          0.010152371359468415
        ]
      ],
      [
        [
          0.08860966657802186,
          0.10247904912486053,
          0.18513607813164526
        ],
        [
          0.011949369744799258,
          0.22722852048436284,
          0.05525757401177087
        ],
        [
          0.11065644905190748,
          0.05939948918422866,
          0.1592838036884033
        ]
      ]
    ]
  },
  "network_stats": {
    "neurons": 400,
    "connections": 1054
  },
  "rollout_data": {
    "rewards": [
      -500.0,
      -500.0,
      -500.0,
      -500.0,
      -500.0,
      -500.0,
      -500.0,
      -500.0,
      -500.0,
      -500.0,
      -500.0,
      -500.0,
      -500.0,
      -500.0,
      -500.0,
      -500.0,
      -500.0,
      -500.0,
      -500.0,
      -500.0
    ],
    "lengths": [
      500,
      500,
      500,
      500,
      500,
      500,
      500,
      500,
      500,
      500,
      500,
      500,
      500,
      500,
      500,
      500,
      500,
      500,
      500,
      500
    ],
    "eval_seeds": [
      5017878,
      5017879,
      5017880,
      5017881,
      5017882,
      5017883,
      5017884,
      5017885,
      5017886,
      5017887,
      5017888,
      5017889,
      5017890,
      5017891,
      5017892,
      5017893,
      5017894,
      5017895,
      5017896,
      5017897
    ]
  }
}