{
  "network_id": 5951,
  "seed": 5005951,
  "valid": true,
  "baseline_reward": -164.0,
  "stratum": "near_perfect",
  "genome": {
    "max_growth_steps": 200,
    "size_x": 20,
    "size_y": 20,
    "diffusion_rate": 0.18178240447384353,
    "num_morphogens": 3,
    "division_threshold": 0.377176130771152,
    "cell_differentiation_threshold": 0.4496939211634635,
    "axon_growth_threshold": 0.2046873481827352,
    "max_axon_length": 9,
    "axon_connect_threshold": 0.4152527982599602,
    "self_connect_isolated_neurons_fraction": 0.02620212168116034,
    "weight_adjustment_target": 0.6043130234588978,
    "weight_adjustment_rate": 0.006053840886060528,
    "progenitor_secretion_rates": [
      0.4337297198119768,
      0.48357849704372874,
      0.17967399128771178
    ],
    "neuron_secretion_rates": [
      0.31899275206883454,
      0.11277114194671778,
      0.43164045680191304
    ],
    "inhibition_matrix": [
      [
        0.0,
        0.0,
        0.0
      ],
      [
        0.0,
        0.0,
        0.2975901089023145
      ],
      [
        0.11339304021270319,
        0.0,
        0.0
      ]
    ],
    "diffusion_patterns": [
      [
        [
          0.09398762187228399,
          0.1064354374113652,
          0.1488075287759044
        ],
        [
          0.02325842673560607,
          0.09624953345907315,
          0.10092380495212099
        ],
        [
          0.1618089090333397,
          0.11486206036690115,
          0.15366667739340534
        ]
      ],
      [
        [
          0.015710594529779503,
          0.11808406443795608,
          0.0884319443104519
        ],
        [
          0.12479275809135533,
          0.13539943543307648,
          0.15094031131675895
        ],
        [
          0.08780189546056699,
          0.17256933725412715,
          0.10626965916592762
        ]
      ],
      [
        [
          0.19644798491600513,
          0.1612366820245815,
          0.09574307189863637
        ],
        [
          0.11961384685345602,
          0.07766955228428592,
          0.048228538110409655
        ],
        [
          0.03935102727593547,
          0.13112283223444032,
          0.1305864644022495
        ]
      ]
    ]
  },
  "network_stats": {
    "neurons": 400,
    "connections": 1125
  },
  "rollout_data": {
    "rewards": [
      -146.0,
      -117.0,
      -135.0,
      -155.0,
      -160.0,
      -130.0,
      -145.0,
      -234.0,
      -153.0,
      -175.0,
      -154.0,
      -266.0,
      -176.0,
      -131.0,
      -144.0,
      -132.0,
      -187.0,
      -139.0,
      -162.0,
      -239.0
    ],
    "lengths": [
      147,
      118,
      136,
      156,
      161,
      131,
      146,
      235,
      154,
      176,
      155,
      267,
      177,
      132,
      145,
      133,
      188,
      140,
      163,
      240
    ],
    "eval_seeds": [
      5005951,
      5005952,
      5005953,
      5005954,
      5005955,
      5005956,
      5005957,
      5005958,
      5005959,
      5005960,
      5005961,
      5005962,
      5005963,
      5005964,
      5005965,
      5005966,
      5005967,
      5005968,
      5005969,
      5005970
    ]
  }
}