{
  "network_id": 9143,
  "seed": 5009143,
  "valid": true,
  "baseline_reward": -500.0,
  "stratum": "weak",
  "genome": {
    "max_growth_steps": 200,
    "size_x": 20,
    "size_y": 20,
    "diffusion_rate": 0.1735136616763959,
    "num_morphogens": 3,
    "division_threshold": 0.3701441088921149,
    "cell_differentiation_threshold": 0.6929297694962828,
    "axon_growth_threshold": 0.38372751009191275,
    "max_axon_length": 4,
    "axon_connect_threshold": 0.5714216755005896,
    "self_connect_isolated_neurons_fraction": 0.07666550417778713,
    "weight_adjustment_target": 0.450793317872481,
    "weight_adjustment_rate": 0.017554521138975904,
    "progenitor_secretion_rates": [
      0.23271334872574861,
      0.3336292472891973,
      0.36519838684227135
    ],
    "neuron_secretion_rates": [
      0.019407305863284874,
      0.07069211288617078,
      0.04370681605302279
    ],
    "inhibition_matrix": [
      [
        0.0,
        0.0,
        0.0
      ],
      [
        0.08002211787077179,
        0.0,
        0.0
      ],
      [
        0.0,
        0.264549489128289,
        0.0
      ]
    ],
    "diffusion_patterns": [
      [
        [
          0.036533231513735755,
          0.14660282308284547,
          0.20158191565105826
        ],
        [
          0.08822258779495269,
          0.02576389358954892,
          0.21134744660518834
        ],
        [
          0.14008820061129504,
          0.09477812815400093,
          0.05508177299737459
        ]
      ],
      [
        [
          0.11775684158540671,
          0.1488053806843855,
          0.06038734256181047
        ],
        [
          0.1071488406829954,
          0.13639268126864473,
          0.020629378745173222
        ],
        [
          0.16290212502073362,
          0.02917574560324745,
          0.21680166384760288
        ]
      ],
      [
        [
          0.14689636837761796,
          0.13821148738379044,
          0.07691176971598485
        ],
        [
          0.16083574744317805,
          0.19562383046489845,
          0.047088070152971465
        ],
        [
          0.004508315622140513,
          0.06635051096777936,
          0.1635738998716391
        ]
      ]
    ]
  },
  "network_stats": {
    "neurons": 400,
    "connections": 202
  },
  "rollout_data": {
    "rewards": [
      -500.0,
      -500.0,
      -500.0,
      -500.0,
      -500.0,
      -500.0,
      -500.0,
      -500.0,
      -500.0,
      -500.0,
      -500.0,
      -500.0,
      -500.0,
      -500.0,
      -500.0,
      -500.0,
      -500.0,
      -500.0,
      -500.0,
      -500.0
    ],
    "lengths": [
      500,
      500,
      500,
      500,
      500,
      500,
      500,
      500,
      500,
      500,
      500,
      500,
      500,
      500,
      500,
      500,
      500,
      500,
      500,
      500
    ],
    "eval_seeds": [
      5009143,
      5009144,
      5009145,
      5009146,
      5009147,
      5009148,
      5009149,
      5009150,
      5009151,
      5009152,
      5009153,
      5009154,
      5009155,
      5009156,
      5009157,
      5009158,
      5009159,
      5009160,
      5009161,
      5009162
    ]
  }
}