{
  "network_id": 9883,
  "seed": 5009883,
  "valid": true,
  "baseline_reward": -500.0,
  "stratum": "weak",
  "genome": {
    "max_growth_steps": 200,
    "size_x": 20,
    "size_y": 20,
    "diffusion_rate": 0.15765596694061296,
    "num_morphogens": 3,
    "division_threshold": 0.3414296149740382,
    "cell_differentiation_threshold": 0.6936975076645684,
    "axon_growth_threshold": 0.41345031967112844,
    "max_axon_length": 9,
    "axon_connect_threshold": 0.4514645652600494,
    "self_connect_isolated_neurons_fraction": 0.2219265953864509,
    "weight_adjustment_target": 0.593094608553239,
    "weight_adjustment_rate": 0.009733263303427383,
    "progenitor_secretion_rates": [
      0.2770285488492776,
      0.4217530124289351,
      0.20847695802555466
    ],
    "neuron_secretion_rates": [
      0.48697165837563144,
      0.3655819094535922,
      0.2397649687995243
    ],
    "inhibition_matrix": [
      [
        0.0,
        0.0,
        0.0
      ],
      [
        0.0,
        0.0,
        0.0
      ],
      [
        0.0,
        0.0,
        0.0
      ]
    ],
    "diffusion_patterns": [
      [
        [
          0.10743817725602742,
          0.13856194695712917,
          0.13603372104378056
        ],
        [
          0.10680223210698526,
          0.0965193639440131,
          0.1204323593539647
        ],
        [
          0.1306957957305101,
          0.13744674668290774,
          0.026069656924682123
        ]
      ],
      [
        [
          0.08792952639491716,
          0.10605786865280241,
          0.20004372817631486
        ],
        [
          0.19628121515102753,
          0.07263356336931648,
          0.18236471648898006
        ],
        [
          0.021862683795060792,
          0.08681900595796788,
          0.046007692013612864
        ]
      ],
      [
        [
          0.07430860385755561,
          0.11124986259280788,
          0.16601939659440168
        ],
        [
          0.19463845909673355,
          0.08017777041398289,
          0.08807998865586658
        ],
        [
          0.07434603086735338,
          0.0642248379932708,
          0.1469550499280277
        ]
      ]
    ]
  },
  "network_stats": {
    "neurons": 400,
    "connections": 1046
  },
  "rollout_data": {
    "rewards": [
      -500.0,
      -500.0,
      -500.0,
      -500.0,
      -500.0,
      -500.0,
      -500.0,
      -500.0,
      -500.0,
      -500.0,
      -500.0,
      -500.0,
      -500.0,
      -500.0,
      -500.0,
      -500.0,
      -500.0,
      -500.0,
      -500.0,
      -500.0
    ],
    "lengths": [
      500,
      500,
      500,
      500,
      500,
      500,
      500,
      500,
      500,
      500,
      500,
      500,
      500,
      500,
      500,
      500,
      500,
      500,
      500,
      500
    ],
    "eval_seeds": [
      5009883,
      5009884,
      5009885,
      5009886,
      5009887,
      5009888,
      5009889,
      5009890,
      5009891,
      5009892,
      5009893,
      5009894,
      5009895,
      5009896,
      5009897,
      5009898,
      5009899,
      5009900,
      5009901,
      5009902
    ]
  }
}