{
  "network_id": 2236,
  "seed": 5002236,
  "valid": true,
  "baseline_reward": -500.0,
  "stratum": "weak",
  "genome": {
    "max_growth_steps": 200,
    "size_x": 20,
    "size_y": 20,
    "diffusion_rate": 0.05996317167152126,
    "num_morphogens": 3,
    "division_threshold": 0.4948628085576395,
    "cell_differentiation_threshold": 0.30960455063654685,
    "axon_growth_threshold": 0.26126629363862297,
    "max_axon_length": 5,
    "axon_connect_threshold": 0.4707298639387539,
    "self_connect_isolated_neurons_fraction": 0.13089125620353206,
    "weight_adjustment_target": 0.5307238485256928,
    "weight_adjustment_rate": 0.009152733027152854,
    "progenitor_secretion_rates": [
      0.4715939552036181,
      0.028749778642932766,
      0.41576582665415296
    ],
    "neuron_secretion_rates": [
      0.14577433212971824,
      0.438074063518376,
      0.39160729366476027
    ],
    "inhibition_matrix": [
      [
        0.0,
        0.0,
        0.13077049058542073
      ],
      [
        0.0,
        0.0,
        0.0
      ],
      [
        0.0,
        0.0,
        0.0
      ]
    ],
    "diffusion_patterns": [
      [
        [
          0.11711203731491858,
          0.17702483683047715,
          0.16183836764275053
        ],
        [
          0.176137020598693,
          0.04586032184650015,
          0.00772118846144483
        ],
        [
          0.1023066084291109,
          0.023087957385994933,
          0.18891166149010988
        ]
      ],
      [
        [
          0.21325020501305636,
          0.1145494016520406,
          0.07168052234045909
        ],
        [
          0.07882134943348347,
          0.1449271710890913,
          0.14870486623345883
        ],
        [
          0.10543160130129517,
          0.06507456916764125,
          0.05756031376947402
        ]
      ],
      [
        [
          0.13401477899200365,
          0.0390022877937642,
          0.1464224304088425
        ],
        [
          0.14951203561966758,
          0.009513160600278719,
          0.15226193072160624
        ],
        [
          0.15479986068944995,
          0.08691008604885975,
          0.12756342912552748
        ]
      ]
    ]
  },
  "network_stats": {
    "neurons": 400,
    "connections": 496
  },
  "rollout_data": {
    "rewards": [
      -500.0,
      -500.0,
      -500.0,
      -500.0,
      -500.0,
      -500.0,
      -500.0,
      -500.0,
      -500.0,
      -500.0,
      -500.0,
      -500.0,
      -500.0,
      -500.0,
      -500.0,
      -500.0,
      -500.0,
      -500.0,
      -500.0,
      -500.0
    ],
    "lengths": [
      500,
      500,
      500,
      500,
      500,
      500,
      500,
      500,
      500,
      500,
      500,
      500,
      500,
      500,
      500,
      500,
      500,
      500,
      500,
      500
    ],
    "eval_seeds": [
      5002236,
      5002237,
      5002238,
      5002239,
      5002240,
      5002241,
      5002242,
      5002243,
      5002244,
      5002245,
      5002246,
      5002247,
      5002248,
      5002249,
      5002250,
      5002251,
      5002252,
      5002253,
      5002254,
      5002255
    ]
  }
}