{
  "network_id": 5532,
  "seed": 5005532,
  "valid": true,
  "baseline_reward": -500.0,
  "stratum": "weak",
  "genome": {
    "max_growth_steps": 200,
    "size_x": 20,
    "size_y": 20,
    "diffusion_rate": 0.058408766726293554,
    "num_morphogens": 3,
    "division_threshold": 0.591299615572882,
    "cell_differentiation_threshold": 0.3690971130911721,
    "axon_growth_threshold": 0.2098413946781581,
    "max_axon_length": 10,
    "axon_connect_threshold": 0.7696188332348552,
    "self_connect_isolated_neurons_fraction": 0.2271539697668995,
    "weight_adjustment_target": 0.3975555134200105,
    "weight_adjustment_rate": 0.010197697191886611,
    "progenitor_secretion_rates": [
      0.3758750475265823,
      0.0021717504981751956,
      0.3596135094952798
    ],
    "neuron_secretion_rates": [
      0.13697938040261837,
      0.24770702127738942,
      0.4135248564783691
    ],
    "inhibition_matrix": [
      [
        0.0,
        0.0,
        0.0
      ],
      [
        0.0,
        0.0,
        0.0
      ],
      [
        0.018094849402617685,
        0.0,
        0.0
      ]
    ],
    "diffusion_patterns": [
      [
        [
          0.10121489546072904,
          0.18552668763380833,
          0.18791780437364333
        ],
        [
          0.10883920560221315,
          0.0910550288037644,
          0.015181438845984158
        ],
        [
          0.18795895848859973,
          0.04192941126345125,
          0.08037656952780674
        ]
      ],
      [
        [
          0.13258088928269632,
          0.14873499273185434,
          0.08613093358193738
        ],
        [
          0.12363714618507808,
          0.15669865498576868,
          0.0073140024329489
        ],
        [
          0.08676458471863523,
          0.14857424004065278,
          0.1095645560404282
        ]
      ],
      [
        [
          0.06176720249521657,
          0.16903168346320446,
          0.1600260093031592
        ],
        [
          0.0098006664027547,
          0.06222047901568364,
          0.0937175287390025
        ],
        [
          0.14638201420491131,
          0.15568373512716613,
          0.1413706812489015
        ]
      ]
    ]
  },
  "network_stats": {
    "neurons": 400,
    "connections": 409
  },
  "rollout_data": {
    "rewards": [
      -500.0,
      -500.0,
      -500.0,
      -500.0,
      -500.0,
      -500.0,
      -500.0,
      -500.0,
      -500.0,
      -500.0,
      -500.0,
      -500.0,
      -500.0,
      -500.0,
      -500.0,
      -500.0,
      -500.0,
      -500.0,
      -500.0,
      -500.0
    ],
    "lengths": [
      500,
      500,
      500,
      500,
      500,
      500,
      500,
      500,
      500,
      500,
      500,
      500,
      500,
      500,
      500,
      500,
      500,
      500,
      500,
      500
    ],
    "eval_seeds": [
      5005532,
      5005533,
      5005534,
      5005535,
      5005536,
      5005537,
      5005538,
      5005539,
      5005540,
      5005541,
      5005542,
      5005543,
      5005544,
      5005545,
      5005546,
      5005547,
      5005548,
      5005549,
      5005550,
      5005551
    ]
  }
}