{
  "network_id": 19336,
  "seed": 5019336,
  "valid": true,
  "baseline_reward": -500.0,
  "stratum": "weak",
  "genome": {
    "max_growth_steps": 200,
    "size_x": 20,
    "size_y": 20,
    "diffusion_rate": 0.13220754185628358,
    "num_morphogens": 3,
    "division_threshold": 0.6965992137433213,
    "cell_differentiation_threshold": 0.4125482193316628,
    "axon_growth_threshold": 0.29731353209834843,
    "max_axon_length": 5,
    "axon_connect_threshold": 0.6981846150358266,
    "self_connect_isolated_neurons_fraction": 0.05933622196434157,
    "weight_adjustment_target": 0.5472117611165686,
    "weight_adjustment_rate": 0.019155856728197196,
    "progenitor_secretion_rates": [
      0.26186792337566156,
      0.0901506572120015,
      0.10042708822142726
    ],
    "neuron_secretion_rates": [
      0.011756816930253489,
      0.16356322263972334,
      0.42698904956798006
    ],
    "inhibition_matrix": [
      [
        0.0,
        0.0,
        0.0
      ],
      [
        0.0,
        0.0,
        0.0
      ],
      [
        0.0,
        0.0,
        0.0
      ]
    ],
    "diffusion_patterns": [
      [
        [
          0.20385376563318633,
          0.1515301508826584,
          0.20910155483627701
        ],
        [
          0.14287949284942209,
          0.05207348094829664,
          0.17333101572029122
        ],
        [
          0.03132933374468501,
          0.020437168680812922,
          0.01546403670437032
        ]
      ],
      [
        [
          0.1401615361027908,
          0.04379589758810496,
          0.14880117831931183
        ],
        [
          0.17684163489041968,
          0.010246681309910159,
          0.07187207479665408
        ],
        [
          0.16104548614861902,
          0.02617062494653847,
          0.22106488589765103
        ]
      ],
      [
        [
          0.25056741965966145,
          0.07905253277856218,
          0.21689461908067428
        ],
        [
          0.027409518745023592,
          0.059161764375892205,
          0.0014117605985644642
        ],
        [
          0.024015985843115668,
          0.1893291671351567,
          0.15215723178334936
        ]
      ]
    ]
  },
  "network_stats": {
    "neurons": 395,
    "connections": 1053
  },
  "rollout_data": {
    "rewards": [
      -500.0,
      -500.0,
      -500.0,
      -500.0,
      -500.0,
      -500.0,
      -500.0,
      -500.0,
      -500.0,
      -500.0,
      -500.0,
      -500.0,
      -500.0,
      -500.0,
      -500.0,
      -500.0,
      -500.0,
      -500.0,
      -500.0,
      -500.0
    ],
    "lengths": [
      500,
      500,
      500,
      500,
      500,
      500,
      500,
      500,
      500,
      500,
      500,
      500,
      500,
      500,
      500,
      500,
      500,
      500,
      500,
      500
    ],
    "eval_seeds": [
      5019336,
      5019337,
      5019338,
      5019339,
      5019340,
      5019341,
      5019342,
      5019343,
      5019344,
      5019345,
      5019346,
      5019347,
      5019348,
      5019349,
      5019350,
      5019351,
      5019352,
      5019353,
      5019354,
      5019355
    ]
  }
}