{
  "network_id": 8853,
  "seed": 5008853,
  "valid": true,
  "baseline_reward": -500.0,
  "stratum": "weak",
  "genome": {
    "max_growth_steps": 200,
    "size_x": 20,
    "size_y": 20,
    "diffusion_rate": 0.09526665832208768,
    "num_morphogens": 3,
    "division_threshold": 0.45784706829389554,
    "cell_differentiation_threshold": 0.45627286881022394,
    "axon_growth_threshold": 0.3511211557368143,
    "max_axon_length": 7,
    "axon_connect_threshold": 0.6641938213810444,
    "self_connect_isolated_neurons_fraction": 0.17936237897621404,
    "weight_adjustment_target": 0.6649015016674239,
    "weight_adjustment_rate": 0.01466869583398476,
    "progenitor_secretion_rates": [
      0.426491221460897,
      0.034729817529994156,
      0.4340134796695097
    ],
    "neuron_secretion_rates": [
      0.02040300823574359,
      0.2894704201001549,
      0.3353229842554051
    ],
    "inhibition_matrix": [
      [
        0.0,
        0.0,
        0.0
      ],
      [
        0.0,
        0.0,
        0.0
      ],
      [
        0.0,
        0.0,
        0.0
      ]
    ],
    "diffusion_patterns": [
      [
        [
          0.13060367782611,
          0.21241322859286005,
          0.02409107863936515
        ],
        [
          0.011960068760002524,
          0.16526845714851512,
          0.029384187234152197
        ],
        [
          0.11059940823874877,
          0.106285837478877,
          0.2093940560813691
        ]
      ],
      [
        [
          0.04370530439365724,
          0.11886222707029862,
          0.06882909512827474
        ],
        [
          0.1532344094802136,
          0.14154561238349608,
          0.056602052887310225
        ],
        [
          0.13440375904930277,
          0.126854625274849,
          0.15596291433259782
        ]
      ],
      [
        [
          0.06540647683877934,
          0.1531382841722232,
          0.13539501884606825
        ],
        [
          0.06497655202907622,
          0.17307325941172355,
          0.1807333954156896
        ],
        [
          0.08211798437078793,
          0.11534208651554763,
          0.02981694240010413
        ]
      ]
    ]
  },
  "network_stats": {
    "neurons": 400,
    "connections": 451
  },
  "rollout_data": {
    "rewards": [
      -500.0,
      -500.0,
      -500.0,
      -500.0,
      -500.0,
      -500.0,
      -500.0,
      -500.0,
      -500.0,
      -500.0,
      -500.0,
      -500.0,
      -500.0,
      -500.0,
      -500.0,
      -500.0,
      -500.0,
      -500.0,
      -500.0,
      -500.0
    ],
    "lengths": [
      500,
      500,
      500,
      500,
      500,
      500,
      500,
      500,
      500,
      500,
      500,
      500,
      500,
      500,
      500,
      500,
      500,
      500,
      500,
      500
    ],
    "eval_seeds": [
      5008853,
      5008854,
      5008855,
      5008856,
      5008857,
      5008858,
      5008859,
      5008860,
      5008861,
      5008862,
      5008863,
      5008864,
      5008865,
      5008866,
      5008867,
      5008868,
      5008869,
      5008870,
      5008871,
      5008872
    ]
  }
}