{
  "network_id": 6605,
  "seed": 5006605,
  "valid": true,
  "baseline_reward": -500.0,
  "stratum": "weak",
  "genome": {
    "max_growth_steps": 200,
    "size_x": 20,
    "size_y": 20,
    "diffusion_rate": 0.1927482415393139,
    "num_morphogens": 3,
    "division_threshold": 0.3955573900323631,
    "cell_differentiation_threshold": 0.45111836349933,
    "axon_growth_threshold": 0.36787601327930614,
    "max_axon_length": 2,
    "axon_connect_threshold": 0.5536810514191151,
    "self_connect_isolated_neurons_fraction": 0.16545228118089675,
    "weight_adjustment_target": 0.6440474932911896,
    "weight_adjustment_rate": 0.007483096725023484,
    "progenitor_secretion_rates": [
      0.32224771724019774,
      0.43626320342626745,
      0.48704203611649377
    ],
    "neuron_secretion_rates": [
      0.4640252384820481,
      0.32720243378402386,
      0.351468592347432
    ],
    "inhibition_matrix": [
      [
        0.0,
        0.0,
        0.0
      ],
      [
        0.0,
        0.0,
        0.2082709281394991
      ],
      [
        0.0,
        0.3079370193885635,
        0.0
      ]
    ],
    "diffusion_patterns": [
      [
        [
          0.08461621048325148,
          0.07496755242480695,
          0.1661737780832879
        ],
        [
          0.15201209273626176,
          0.11131583891047467,
          0.06867092490654354
        ],
        [
          0.16183744000916772,
          0.1200289090268126,
          0.06037725341939339
        ]
      ],
      [
        [
          0.1605860804484398,
          0.01434456743332668,
          0.1145314350675059
        ],
        [
          0.03541827009362312,
          0.217010870850672,
          0.2927214283578076
        ],
        [
          0.018087927993871288,
          0.03046674247378538,
          0.11683267728096829
        ]
      ],
      [
        [
          0.09467388464947372,
          0.1466226789829486,
          0.11882565991201173
        ],
        [
          0.011370819765563225,
          0.13747510449937408,
          0.21325677654270153
        ],
        [
          0.023407811799432306,
          0.1268179788071376,
          0.1275492850413573
        ]
      ]
    ]
  },
  "network_stats": {
    "neurons": 400,
    "connections": 1573
  },
  "rollout_data": {
    "rewards": [
      -500.0,
      -500.0,
      -500.0,
      -500.0,
      -500.0,
      -500.0,
      -500.0,
      -500.0,
      -500.0,
      -500.0,
      -500.0,
      -500.0,
      -500.0,
      -500.0,
      -500.0,
      -500.0,
      -500.0,
      -500.0,
      -500.0,
      -500.0
    ],
    "lengths": [
      500,
      500,
      500,
      500,
      500,
      500,
      500,
      500,
      500,
      500,
      500,
      500,
      500,
      500,
      500,
      500,
      500,
      500,
      500,
      500
    ],
    "eval_seeds": [
      5006605,
      5006606,
      5006607,
      5006608,
      5006609,
      5006610,
      5006611,
      5006612,
      5006613,
      5006614,
      5006615,
      5006616,
      5006617,
      5006618,
      5006619,
      5006620,
      5006621,
      5006622,
      5006623,
      5006624
    ]
  }
}