{
  "network_id": 15882,
  "seed": 5015882,
  "valid": true,
  "baseline_reward": -166.5,
  "stratum": "near_perfect",
  "genome": {
    "max_growth_steps": 200,
    "size_x": 20,
    "size_y": 20,
    "diffusion_rate": 0.18726752572524094,
    "num_morphogens": 3,
    "division_threshold": 0.5227883202845732,
    "cell_differentiation_threshold": 0.6521137398175428,
    "axon_growth_threshold": 0.30998671322506205,
    "max_axon_length": 10,
    "axon_connect_threshold": 0.9935117322089316,
    "self_connect_isolated_neurons_fraction": 0.2559523787258402,
    "weight_adjustment_target": 0.37610040851799603,
    "weight_adjustment_rate": 0.014007361233035287,
    "progenitor_secretion_rates": [
      0.43704220152800766,
      0.21140951513553252,
      0.4590020503905733
    ],
    "neuron_secretion_rates": [
      0.00878929272679213,
      0.30707127364492554,
      0.10900193566579325
    ],
    "inhibition_matrix": [
      [
        0.0,
        0.0,
        0.29488326970159845
      ],
      [
        0.0,
        0.0,
        0.0
      ],
      [
        0.0,
        0.0,
        0.0
      ]
    ],
    "diffusion_patterns": [
      [
        [
          0.028018458278757766,
          0.25469058323156796,
          0.06891607262803458
        ],
        [
          0.15262181661731497,
          0.05285452769678745,
          0.03961731273466162
        ],
        [
          0.238666299007061,
          0.16304661579998667,
          0.0015683140058280777
        ]
      ],
      [
        [
          0.12497928186339652,
          0.11737326861311513,
          0.11933552901596407
        ],
        [
          0.12456849487176276,
          0.10084904664936582,
          0.04407261111305492
        ],
        [
          0.09402603579149238,
          0.1356727336840268,
          0.13912299839782158
        ]
      ],
      [
        [
          0.07411987604885784,
          0.20043536475543064,
          0.006604106725484683
        ],
        [
          0.008394786764794339,
          0.20348219181935556,
          0.1208058448193526
        ],
        [
          0.16076286088487313,
          0.05469147630997309,
          0.17070349187187805
        ]
      ]
    ]
  },
  "network_stats": {
    "neurons": 397,
    "connections": 915
  },
  "rollout_data": {
    "rewards": [
      -157.0,
      -150.0,
      -166.0,
      -162.0,
      -131.0,
      -170.0,
      -151.0,
      -180.0,
      -335.0,
      -142.0,
      -165.0,
      -140.0,
      -176.0,
      -171.0,
      -149.0,
      -136.0,
      -167.0,
      -174.0,
      -149.0,
      -159.0
    ],
    "lengths": [
      158,
      151,
      167,
      163,
      132,
      171,
      152,
      181,
      336,
      143,
      166,
      141,
      177,
      172,
      150,
      137,
      168,
      175,
      150,
      160
    ],
    "eval_seeds": [
      5015882,
      5015883,
      5015884,
      5015885,
      5015886,
      5015887,
      5015888,
      5015889,
      5015890,
      5015891,
      5015892,
      5015893,
      5015894,
      5015895,
      5015896,
      5015897,
      5015898,
      5015899,
      5015900,
      5015901
    ]
  }
}