{
  "network_id": 15771,
  "seed": 5015771,
  "valid": true,
  "baseline_reward": -500.0,
  "stratum": "weak",
  "genome": {
    "max_growth_steps": 200,
    "size_x": 20,
    "size_y": 20,
    "diffusion_rate": 0.10479229620853865,
    "num_morphogens": 3,
    "division_threshold": 0.445941279788262,
    "cell_differentiation_threshold": 0.6224410678049055,
    "axon_growth_threshold": 0.4563476950154136,
    "max_axon_length": 3,
    "axon_connect_threshold": 0.4426840415762069,
    "self_connect_isolated_neurons_fraction": 0.15873928559177225,
    "weight_adjustment_target": 0.36771314207418254,
    "weight_adjustment_rate": 0.009048408167857448,
    "progenitor_secretion_rates": [
      0.2774620637325665,
      0.11895630926365752,
      0.22536243169835224
    ],
    "neuron_secretion_rates": [
      0.22239164342277012,
      0.01921966410189141,
      0.17703142191574106
    ],
    "inhibition_matrix": [
      [
        0.0,
        0.0,
        0.0
      ],
      [
        0.0,
        0.0,
        0.0
      ],
      [
        0.0,
        0.0,
        0.0
      ]
    ],
    "diffusion_patterns": [
      [
        [
          0.07476260828294491,
          0.18312918046535911,
          0.014239367229644544
        ],
        [
          0.01868434238074708,
          0.22229599391704366,
          0.20678605367296296
        ],
        [
          0.06829206739724782,
          0.1395276606614232,
          0.07228272599262685
        ]
      ],
      [
        [
          0.19236495175519389,
          0.18759862864774554,
          0.007755869671500705
        ],
        [
          0.09948054690605625,
          0.17744718259004721,
          0.14581638974550776
        ],
        [
          0.04808014387385184,
          0.021195130225387514,
          0.12026115658470912
        ]
      ],
      [
        [
          0.22250197072936584,
          0.13533881189501715,
          0.02173108807677093
        ],
        [
          0.2030871220212233,
          0.16635012869777857,
          0.036690186451712854
        ],
        [
          0.07434722742611591,
          0.05559057098900322,
          0.08436289371301228
        ]
      ]
    ]
  },
  "network_stats": {
    "neurons": 400,
    "connections": 819
  },
  "rollout_data": {
    "rewards": [
      -500.0,
      -500.0,
      -500.0,
      -500.0,
      -500.0,
      -500.0,
      -500.0,
      -500.0,
      -500.0,
      -500.0,
      -500.0,
      -500.0,
      -500.0,
      -500.0,
      -500.0,
      -500.0,
      -500.0,
      -500.0,
      -500.0,
      -500.0
    ],
    "lengths": [
      500,
      500,
      500,
      500,
      500,
      500,
      500,
      500,
      500,
      500,
      500,
      500,
      500,
      500,
      500,
      500,
      500,
      500,
      500,
      500
    ],
    "eval_seeds": [
      5015771,
      5015772,
      5015773,
      5015774,
      5015775,
      5015776,
      5015777,
      5015778,
      5015779,
      5015780,
      5015781,
      5015782,
      5015783,
      5015784,
      5015785,
      5015786,
      5015787,
      5015788,
      5015789,
      5015790
    ]
  }
}