{
  "network_id": 15065,
  "seed": 5015065,
  "valid": true,
  "baseline_reward": -500.0,
  "stratum": "weak",
  "genome": {
    "max_growth_steps": 200,
    "size_x": 20,
    "size_y": 20,
    "diffusion_rate": 0.12609252870116247,
    "num_morphogens": 3,
    "division_threshold": 0.5637300008834043,
    "cell_differentiation_threshold": 0.6573577861895815,
    "axon_growth_threshold": 0.33289296267429996,
    "max_axon_length": 10,
    "axon_connect_threshold": 0.8786742476408708,
    "self_connect_isolated_neurons_fraction": 0.15242200994016597,
    "weight_adjustment_target": 0.41793305246589585,
    "weight_adjustment_rate": 0.005420552899629734,
    "progenitor_secretion_rates": [
      0.44312411266995627,
      0.03316350257713668,
      0.02717516121760233
    ],
    "neuron_secretion_rates": [
      0.4849330881916387,
      0.4258131991420847,
      0.09411537386819574
    ],
    "inhibition_matrix": [
      [
        0.0,
        0.3893188073670489,
        0.04926469801041711
      ],
      [
        0.0,
        0.0,
        0.0
      ],
      [
        0.0,
        0.0,
        0.0
      ]
    ],
    "diffusion_patterns": [
      [
        [
          0.12055879376724563,
          0.21046498681788375,
          0.17405281655129606
        ],
        [
          0.051197718865366164,
          0.12846277263072048,
          0.07758466361360872
        ],
        [
          0.013854101805193914,
          0.18792811730212852,
          0.035896028646556694
        ]
      ],
      [
        [
          0.14242817564782825,
          0.13700367001052088,
          0.0408169130901743
        ],
        [
          0.17958898673176096,
          0.008550309465046948,
          0.050112183410371026
        ],
        [
          0.1502075391486844,
          0.13451417575804347,
          0.15677804673756973
        ]
      ],
      [
        [
          0.016312171477327338,
          0.002111402683633646,
          0.2591413375447951
        ],
        [
          0.2189947567364485,
          0.12025364000386732,
          0.10561408667528825
        ],
        [
          0.24640057590780926,
          0.007348760735946569,
          0.023823268234883968
        ]
      ]
    ]
  },
  "network_stats": {
    "neurons": 400,
    "connections": 1252
  },
  "rollout_data": {
    "rewards": [
      -500.0,
      -500.0,
      -500.0,
      -500.0,
      -500.0,
      -500.0,
      -500.0,
      -500.0,
      -500.0,
      -500.0,
      -500.0,
      -500.0,
      -500.0,
      -500.0,
      -500.0,
      -500.0,
      -500.0,
      -500.0,
      -500.0,
      -500.0
    ],
    "lengths": [
      500,
      500,
      500,
      500,
      500,
      500,
      500,
      500,
      500,
      500,
      500,
      500,
      500,
      500,
      500,
      500,
      500,
      500,
      500,
      500
    ],
    "eval_seeds": [
      5015065,
      5015066,
      5015067,
      5015068,
      5015069,
      5015070,
      5015071,
      5015072,
      5015073,
      5015074,
      5015075,
      5015076,
      5015077,
      5015078,
      5015079,
      5015080,
      5015081,
      5015082,
      5015083,
      5015084
    ]
  }
}