{
  "network_id": 5511,
  "seed": 5005511,
  "valid": true,
  "baseline_reward": -161.55,
  "stratum": "near_perfect",
  "genome": {
    "max_growth_steps": 200,
    "size_x": 20,
    "size_y": 20,
    "diffusion_rate": 0.10422164449453951,
    "num_morphogens": 3,
    "division_threshold": 0.3120049112693693,
    "cell_differentiation_threshold": 0.5637200585210653,
    "axon_growth_threshold": 0.23843681157639796,
    "max_axon_length": 9,
    "axon_connect_threshold": 0.9591885313387473,
    "self_connect_isolated_neurons_fraction": 0.1497196054685331,
    "weight_adjustment_target": 0.6650742543872948,
    "weight_adjustment_rate": 0.01271466133787763,
    "progenitor_secretion_rates": [
      0.23950628356244352,
      0.19884718858216383,
      0.010410339378329747
    ],
    "neuron_secretion_rates": [
      0.007677123504709171,
      0.10135464618354217,
      0.012547547603848408
    ],
    "inhibition_matrix": [
      [
        0.0,
        0.0,
        0.0
      ],
      [
        0.0,
        0.0,
        0.0
      ],
      [
        0.0,
        0.0,
        0.0
      ]
    ],
    "diffusion_patterns": [
      [
        [
          0.16930890822827852,
          0.1473412973529041,
          0.16436838698162134
        ],
        [
          0.09460729421382577,
          0.14631967320656217,
          0.011742585671849898
        ],
        [
          0.14257196857778437,
          0.02616505874864836,
          0.09757482701852552
        ]
      ],
      [
        [
          0.06754212986008587,
          0.0235457096959618,
          0.1755542410455534
        ],
        [
          0.06556314586046577,
          0.1518466998926333,
          0.1695543420846195
        ],
        [
          0.11599758119674287,
          0.14923999697698354,
          0.08115615338695403
        ]
      ],
      [
        [
          0.13486002853653925,
          0.043337282094423245,
          0.07112357574345253
        ],
        [
          0.18076634987457146,
          0.12826089939751212,
          0.025046532817838953
        ],
        [
          0.11556685782081813,
          0.1630553258387285,
          0.13798314787611574
        ]
      ]
    ]
  },
  "network_stats": {
    "neurons": 400,
    "connections": 2194
  },
  "rollout_data": {
    "rewards": [
      -161.0,
      -191.0,
      -146.0,
      -153.0,
      -143.0,
      -143.0,
      -151.0,
      -241.0,
      -135.0,
      -162.0,
      -141.0,
      -149.0,
      -163.0,
      -169.0,
      -166.0,
      -137.0,
      -161.0,
      -199.0,
      -160.0,
      -160.0
    ],
    "lengths": [
      162,
      192,
      147,
      154,
      144,
      144,
      152,
      242,
      136,
      163,
      142,
      150,
      164,
      170,
      167,
      138,
      162,
      200,
      161,
      161
    ],
    "eval_seeds": [
      5005511,
      5005512,
      5005513,
      5005514,
      5005515,
      5005516,
      5005517,
      5005518,
      5005519,
      5005520,
      5005521,
      5005522,
      5005523,
      5005524,
      5005525,
      5005526,
      5005527,
      5005528,
      5005529,
      5005530
    ]
  }
}