{
  "network_id": 17128,
  "seed": 5017128,
  "valid": true,
  "baseline_reward": -500.0,
  "stratum": "weak",
  "genome": {
    "max_growth_steps": 200,
    "size_x": 20,
    "size_y": 20,
    "diffusion_rate": 0.05057174959073012,
    "num_morphogens": 3,
    "division_threshold": 0.3646013628851686,
    "cell_differentiation_threshold": 0.41184487565362915,
    "axon_growth_threshold": 0.2032196158049367,
    "max_axon_length": 6,
    "axon_connect_threshold": 0.4088192662711624,
    "self_connect_isolated_neurons_fraction": 0.24858926558592526,
    "weight_adjustment_target": 0.4318660863565478,
    "weight_adjustment_rate": 0.019909728802418755,
    "progenitor_secretion_rates": [
      0.49586936768573037,
      0.1336839426768145,
      0.06878153482675559
    ],
    "neuron_secretion_rates": [
      0.14186387321942312,
      0.16863723353913052,
      0.2952020747290574
    ],
    "inhibition_matrix": [
      [
        0.0,
        0.15189118322507178,
        0.24242317226674903
      ],
      [
        0.0,
        0.0,
        0.0
      ],
      [
        0.00885896228719707,
        0.0,
        0.0
      ]
    ],
    "diffusion_patterns": [
      [
        [
          0.21051757886328534,
          0.26363202041021044,
          0.04762630432879941
        ],
        [
          0.02383503543291569,
          0.029863991700995508,
          0.0054457364648208394
        ],
        [
          0.004072661385306685,
          0.1963739030510979,
          0.2186327683625681
        ]
      ],
      [
        [
          0.13904594694346986,
          0.11420773175096326,
          0.03898833298496392
        ],
        [
          0.08805883000480118,
          0.14775264824651765,
          0.05545581714458321
        ],
        [
          0.13855333170428713,
          0.04232070274284403,
          0.23561665847756982
        ]
      ],
      [
        [
          0.07351583063196078,
          0.12082608143179684,
          0.05498469718066222
        ],
        [
          0.1729088255332485,
          0.03349978880475454,
          0.1578956797962974
        ],
        [
          0.16813620977380117,
          0.13421381324474313,
          0.08401907360273533
        ]
      ]
    ]
  },
  "network_stats": {
    "neurons": 400,
    "connections": 1118
  },
  "rollout_data": {
    "rewards": [
      -500.0,
      -500.0,
      -500.0,
      -500.0,
      -500.0,
      -500.0,
      -500.0,
      -500.0,
      -500.0,
      -500.0,
      -500.0,
      -500.0,
      -500.0,
      -500.0,
      -500.0,
      -500.0,
      -500.0,
      -500.0,
      -500.0,
      -500.0
    ],
    "lengths": [
      500,
      500,
      500,
      500,
      500,
      500,
      500,
      500,
      500,
      500,
      500,
      500,
      500,
      500,
      500,
      500,
      500,
      500,
      500,
      500
    ],
    "eval_seeds": [
      5017128,
      5017129,
      5017130,
      5017131,
      5017132,
      5017133,
      5017134,
      5017135,
      5017136,
      5017137,
      5017138,
      5017139,
      5017140,
      5017141,
      5017142,
      5017143,
      5017144,
      5017145,
      5017146,
      5017147
    ]
  }
}