{
  "network_id": 796,
  "seed": 5000796,
  "valid": true,
  "baseline_reward": -180.55,
  "stratum": "near_perfect",
  "genome": {
    "max_growth_steps": 200,
    "size_x": 20,
    "size_y": 20,
    "diffusion_rate": 0.17039948698239843,
    "num_morphogens": 3,
    "division_threshold": 0.34408768255725053,
    "cell_differentiation_threshold": 0.36659065282791664,
    "axon_growth_threshold": 0.4873946389681785,
    "max_axon_length": 9,
    "axon_connect_threshold": 0.4050921198177324,
    "self_connect_isolated_neurons_fraction": 0.24538677602485715,
    "weight_adjustment_target": 0.6720203838543286,
    "weight_adjustment_rate": 0.016687136352953387,
    "progenitor_secretion_rates": [
      0.39035683707591506,
      0.1537916927017221,
      0.4156530596670671
    ],
    "neuron_secretion_rates": [
      0.23782986465880374,
      0.36976734543188317,
      0.035327085820153925
    ],
    "inhibition_matrix": [
      [
        0.0,
        0.4802201448506981,
        0.0
      ],
      [
        0.0,
        0.0,
        0.0
      ],
      [
        0.0,
        0.0,
        0.0
      ]
    ],
    "diffusion_patterns": [
      [
        [
          0.13289502614720763,
          0.18506757189360928,
          0.013610507557647075
        ],
        [
          0.06381109946238415,
          0.006172700946846806,
          0.1361043300071106
        ],
        [
          0.13504622474121947,
          0.16117637429584092,
          0.1661161649481341
        ]
      ],
      [
        [
          0.09618635258799939,
          0.17235882317485,
          0.01855501909643938
        ],
        [
          0.07031282058937464,
          0.11062066979504226,
          0.17301139972290613
        ],
        [
          0.1774594097874583,
          0.01116183849065223,
          0.17033366675527772
        ]
      ],
      [
        [
          0.045527387188894444,
          0.13092155454304996,
          0.08093979869096334
        ],
        [
          0.18070216913337564,
          0.12035784176017482,
          0.16943884251754487
        ],
        [
          0.06916104812878719,
          0.09233505479981081,
          0.11061630323739884
        ]
      ]
    ]
  },
  "network_stats": {
    "neurons": 400,
    "connections": 1065
  },
  "rollout_data": {
    "rewards": [
      -480.0,
      -189.0,
      -190.0,
      -147.0,
      -158.0,
      -146.0,
      -152.0,
      -135.0,
      -150.0,
      -184.0,
      -146.0,
      -203.0,
      -150.0,
      -164.0,
      -151.0,
      -156.0,
      -142.0,
      -139.0,
      -137.0,
      -292.0
    ],
    "lengths": [
      481,
      190,
      191,
      148,
      159,
      147,
      153,
      136,
      151,
      185,
      147,
      204,
      151,
      165,
      152,
      157,
      143,
      140,
      138,
      293
    ],
    "eval_seeds": [
      5000796,
      5000797,
      5000798,
      5000799,
      5000800,
      5000801,
      5000802,
      5000803,
      5000804,
      5000805,
      5000806,
      5000807,
      5000808,
      5000809,
      5000810,
      5000811,
      5000812,
      5000813,
      5000814,
      5000815
    ]
  }
}