{
  "network_id": 2422,
  "seed": 5002422,
  "valid": true,
  "baseline_reward": -500.0,
  "stratum": "weak",
  "genome": {
    "max_growth_steps": 200,
    "size_x": 20,
    "size_y": 20,
    "diffusion_rate": 0.05000546989576793,
    "num_morphogens": 3,
    "division_threshold": 0.6562841919889427,
    "cell_differentiation_threshold": 0.30767806311726986,
    "axon_growth_threshold": 0.43396492011345394,
    "max_axon_length": 10,
    "axon_connect_threshold": 0.7433829645225412,
    "self_connect_isolated_neurons_fraction": 0.08500164748576114,
    "weight_adjustment_target": 0.30288693008188555,
    "weight_adjustment_rate": 0.005954865150873288,
    "progenitor_secretion_rates": [
      0.272534124854494,
      0.0905511223089891,
      0.4446728367884768
    ],
    "neuron_secretion_rates": [
      0.3158945858762171,
      0.3641290625034819,
      0.21085501074757718
    ],
    "inhibition_matrix": [
      [
        0.0,
        0.0,
        0.0
      ],
      [
        0.0,
        0.0,
        0.0
      ],
      [
        0.24259955625765994,
        0.0,
        0.0
      ]
    ],
    "diffusion_patterns": [
      [
        [
          0.10633784747127527,
          0.125828551259571,
          0.08648450289321387
        ],
        [
          0.14793573219610134,
          0.1610541413591923,
          0.12741507049963532
        ],
        [
          0.011889695647800892,
          0.10224543659404227,
          0.13080902207916772
        ]
      ],
      [
        [
          0.05670041460072188,
          0.015312910139263182,
          0.15628453480994195
        ],
        [
          0.17396491124757013,
          0.11067214611551046,
          0.15777779961076055
        ],
        [
          0.16176863352115378,
          0.002164406297612093,
          0.1653542436574658
        ]
      ],
      [
        [
          0.14551575536008846,
          0.22029761132027215,
          0.011582167437378537
        ],
        [
          0.09718450774889736,
          0.11599867398691037,
          0.0339893516064558
        ],
        [
          0.02135960029308742,
          0.24221175427149502,
          0.11186057797541475
        ]
      ]
    ]
  },
  "network_stats": {
    "neurons": 400,
    "connections": 1826
  },
  "rollout_data": {
    "rewards": [
      -500.0,
      -500.0,
      -500.0,
      -500.0,
      -500.0,
      -500.0,
      -500.0,
      -500.0,
      -500.0,
      -500.0,
      -500.0,
      -500.0,
      -500.0,
      -500.0,
      -500.0,
      -500.0,
      -500.0,
      -500.0,
      -500.0,
      -500.0
    ],
    "lengths": [
      500,
      500,
      500,
      500,
      500,
      500,
      500,
      500,
      500,
      500,
      500,
      500,
      500,
      500,
      500,
      500,
      500,
      500,
      500,
      500
    ],
    "eval_seeds": [
      5002422,
      5002423,
      5002424,
      5002425,
      5002426,
      5002427,
      5002428,
      5002429,
      5002430,
      5002431,
      5002432,
      5002433,
      5002434,
      5002435,
      5002436,
      5002437,
      5002438,
      5002439,
      5002440,
      5002441
    ]
  }
}