{
  "network_id": 19598,
  "seed": 5019598,
  "valid": true,
  "baseline_reward": -500.0,
  "stratum": "weak",
  "genome": {
    "max_growth_steps": 200,
    "size_x": 20,
    "size_y": 20,
    "diffusion_rate": 0.1596338687958997,
    "num_morphogens": 3,
    "division_threshold": 0.6060731080999275,
    "cell_differentiation_threshold": 0.5582204707053557,
    "axon_growth_threshold": 0.20432221933505246,
    "max_axon_length": 6,
    "axon_connect_threshold": 0.710473129730818,
    "self_connect_isolated_neurons_fraction": 0.11953408227181445,
    "weight_adjustment_target": 0.4675283849960722,
    "weight_adjustment_rate": 0.01781066399115324,
    "progenitor_secretion_rates": [
      0.2322160186888224,
      0.07831042921120912,
      0.4586154617352535
    ],
    "neuron_secretion_rates": [
      0.09394911214233476,
      0.17545858200921854,
      0.03035993317132979
    ],
    "inhibition_matrix": [
      [
        0.0,
        0.0,
        0.0
      ],
      [
        0.0,
        0.0,
        0.0
      ],
      [
        0.08520101058220703,
        0.0,
        0.0
      ]
    ],
    "diffusion_patterns": [
      [
        [
          0.07707975249698998,
          0.08172855079827522,
          0.05119388459738998
        ],
        [
          0.06055113331723223,
          0.2143410220956413,
          0.1595150936805915
        ],
        [
          0.08539941373531404,
          0.20951331239151375,
          0.06067783688705202
        ]
      ],
      [
        [
          0.17907280066907197,
          0.11129454517606072,
          0.07896141622311141
        ],
        [
          0.21339899589324662,
          0.017280225613604976,
          0.1953344725714565
        ],
        [
          0.057750809721086246,
          0.14344266332275177,
          0.0034640708096097955
        ]
      ],
      [
        [
          0.06850555379543745,
          0.14060979618615146,
          0.18869391510180075
        ],
        [
          0.11642421503702277,
          0.0929420395233949,
          0.07251948303252587
        ],
        [
          0.05976471991372269,
          0.2241852338468839,
          0.03635504356306012
        ]
      ]
    ]
  },
  "network_stats": {
    "neurons": 400,
    "connections": 1320
  },
  "rollout_data": {
    "rewards": [
      -500.0,
      -500.0,
      -500.0,
      -500.0,
      -500.0,
      -500.0,
      -500.0,
      -500.0,
      -500.0,
      -500.0,
      -500.0,
      -500.0,
      -500.0,
      -500.0,
      -500.0,
      -500.0,
      -500.0,
      -500.0,
      -500.0,
      -500.0
    ],
    "lengths": [
      500,
      500,
      500,
      500,
      500,
      500,
      500,
      500,
      500,
      500,
      500,
      500,
      500,
      500,
      500,
      500,
      500,
      500,
      500,
      500
    ],
    "eval_seeds": [
      5019598,
      5019599,
      5019600,
      5019601,
      5019602,
      5019603,
      5019604,
      5019605,
      5019606,
      5019607,
      5019608,
      5019609,
      5019610,
      5019611,
      5019612,
      5019613,
      5019614,
      5019615,
      5019616,
      5019617
    ]
  }
}