{
  "network_id": 16151,
  "seed": 5016151,
  "valid": true,
  "baseline_reward": -500.0,
  "stratum": "weak",
  "genome": {
    "max_growth_steps": 200,
    "size_x": 20,
    "size_y": 20,
    "diffusion_rate": 0.12447551546126333,
    "num_morphogens": 3,
    "division_threshold": 0.4371574647303387,
    "cell_differentiation_threshold": 0.6528845660902941,
    "axon_growth_threshold": 0.4523629826035574,
    "max_axon_length": 6,
    "axon_connect_threshold": 0.8057136083885141,
    "self_connect_isolated_neurons_fraction": 0.15029781096013947,
    "weight_adjustment_target": 0.42562328419142553,
    "weight_adjustment_rate": 0.016906784452761673,
    "progenitor_secretion_rates": [
      0.41494684296495915,
      0.2905660611061512,
      0.4469081895611269
    ],
    "neuron_secretion_rates": [
      0.3856999968767552,
      0.22968033748816874,
      0.45042727924207787
    ],
    "inhibition_matrix": [
      [
        0.0,
        0.4750336716719304,
        0.08988772604377859
      ],
      [
        0.40801754145145375,
        0.0,
        0.0
      ],
      [
        0.30913109605568356,
        0.0,
        0.0
      ]
    ],
    "diffusion_patterns": [
      [
        [
          0.1602734094158668,
          0.020831184900639274,
          0.12907293540749035
        ],
        [
          0.0017208150857218863,
          0.12424599757120668,
          0.09352316709790394
        ],
        [
          0.1660940279190557,
          0.12982991685296033,
          0.17440854574915515
        ]
      ],
      [
        [
          0.01757832492205608,
          0.08151907307801838,
          0.04706220716069291
        ],
        [
          0.08446710447763797,
          0.20874001515146062,
          0.17714290166224722
        ],
        [
          0.22097381168892505,
          0.08170192695203059,
          0.08081463490693115
        ]
      ],
      [
        [
          0.14544634415946125,
          0.01329301038461045,
          0.07091148508483001
        ],
        [
          0.14852793516790921,
          0.08929074075209131,
          0.17881597428103438
        ],
        [
          0.2139772665730176,
          0.06830215609773527,
          0.07143508749931043
        ]
      ]
    ]
  },
  "network_stats": {
    "neurons": 400,
    "connections": 1098
  },
  "rollout_data": {
    "rewards": [
      -500.0,
      -500.0,
      -500.0,
      -500.0,
      -500.0,
      -500.0,
      -500.0,
      -500.0,
      -500.0,
      -500.0,
      -500.0,
      -500.0,
      -500.0,
      -500.0,
      -500.0,
      -500.0,
      -500.0,
      -500.0,
      -500.0,
      -500.0
    ],
    "lengths": [
      500,
      500,
      500,
      500,
      500,
      500,
      500,
      500,
      500,
      500,
      500,
      500,
      500,
      500,
      500,
      500,
      500,
      500,
      500,
      500
    ],
    "eval_seeds": [
      5016151,
      5016152,
      5016153,
      5016154,
      5016155,
      5016156,
      5016157,
      5016158,
      5016159,
      5016160,
      5016161,
      5016162,
      5016163,
      5016164,
      5016165,
      5016166,
      5016167,
      5016168,
      5016169,
      5016170
    ]
  }
}