{
  "network_id": 1831,
  "seed": 5001831,
  "valid": true,
  "baseline_reward": -500.0,
  "stratum": "weak",
  "genome": {
    "max_growth_steps": 200,
    "size_x": 20,
    "size_y": 20,
    "diffusion_rate": 0.10626455343230198,
    "num_morphogens": 3,
    "division_threshold": 0.6985522473553212,
    "cell_differentiation_threshold": 0.3963433488783138,
    "axon_growth_threshold": 0.37157986501887597,
    "max_axon_length": 3,
    "axon_connect_threshold": 0.9486466655100626,
    "self_connect_isolated_neurons_fraction": 0.12630285657043566,
    "weight_adjustment_target": 0.5881053483082679,
    "weight_adjustment_rate": 0.008900445858665057,
    "progenitor_secretion_rates": [
      0.48892447425692037,
      0.44364149493131005,
      0.26154591621932566
    ],
    "neuron_secretion_rates": [
      0.14845242064039155,
      0.4566741496239524,
      0.2868359201454465
    ],
    "inhibition_matrix": [
      [
        0.0,
        0.0,
        0.0
      ],
      [
        0.41492111351228717,
        0.0,
        0.0
      ],
      [
        0.0,
        0.0,
        0.0
      ]
    ],
    "diffusion_patterns": [
      [
        [
          0.09326755418700759,
          0.1489432956880928,
          0.11869998551504214
        ],
        [
          0.20393232995084143,
          0.037274363421267664,
          0.11418246961602634
        ],
        [
          0.0646520539461193,
          0.12459654911733932,
          0.09445139855826326
        ]
      ],
      [
        [
          0.05921193531270926,
          0.1551951026311939,
          0.11998972341358911
        ],
        [
          0.06930537380009404,
          0.1584312719144863,
          0.09944992872753505
        ],
        [
          0.009241958487572992,
          0.13400131291651063,
          0.19517339279630858
        ]
      ],
      [
        [
          0.1951853092562158,
          0.18994244832939522,
          0.0002275584357811719
        ],
        [
          0.17812879468584175,
          0.1312418872239788,
          0.021391122662747345
        ],
        [
          0.019075939180016814,
          0.08169317555807507,
          0.183113764667948
        ]
      ]
    ]
  },
  "network_stats": {
    "neurons": 400,
    "connections": 1120
  },
  "rollout_data": {
    "rewards": [
      -500.0,
      -500.0,
      -500.0,
      -500.0,
      -500.0,
      -500.0,
      -500.0,
      -500.0,
      -500.0,
      -500.0,
      -500.0,
      -500.0,
      -500.0,
      -500.0,
      -500.0,
      -500.0,
      -500.0,
      -500.0,
      -500.0,
      -500.0
    ],
    "lengths": [
      500,
      500,
      500,
      500,
      500,
      500,
      500,
      500,
      500,
      500,
      500,
      500,
      500,
      500,
      500,
      500,
      500,
      500,
      500,
      500
    ],
    "eval_seeds": [
      5001831,
      5001832,
      5001833,
      5001834,
      5001835,
      5001836,
      5001837,
      5001838,
      5001839,
      5001840,
      5001841,
      5001842,
      5001843,
      5001844,
      5001845,
      5001846,
      5001847,
      5001848,
      5001849,
      5001850
    ]
  }
}