{
  "network_id": 17336,
  "seed": 5017336,
  "valid": true,
  "baseline_reward": -500.0,
  "stratum": "weak",
  "genome": {
    "max_growth_steps": 200,
    "size_x": 20,
    "size_y": 20,
    "diffusion_rate": 0.15380886494165413,
    "num_morphogens": 3,
    "division_threshold": 0.6390439127701011,
    "cell_differentiation_threshold": 0.566827199444557,
    "axon_growth_threshold": 0.25471895578617954,
    "max_axon_length": 6,
    "axon_connect_threshold": 0.5268177002429499,
    "self_connect_isolated_neurons_fraction": 0.25271301455057976,
    "weight_adjustment_target": 0.46025846411272775,
    "weight_adjustment_rate": 0.01752760363300972,
    "progenitor_secretion_rates": [
      0.239923035203348,
      0.12394011208312566,
      0.0926235786113409
    ],
    "neuron_secretion_rates": [
      0.3014582381846648,
      0.3461952116044741,
      0.25517997250210184
    ],
    "inhibition_matrix": [
      [
        0.0,
        0.0,
        0.04787106304150912
      ],
      [
        0.0,
        0.0,
        0.0
      ],
      [
        0.31495377079249604,
        0.0,
        0.0
      ]
    ],
    "diffusion_patterns": [
      [
        [
          0.03296890643740371,
          0.13721834311039824,
          0.07282477681611207
        ],
        [
          0.12047162172007696,
          0.15546310706465125,
          0.05198020667539726
        ],
        [
          0.004766558182046774,
          0.21753975726018288,
          0.20676672273373078
        ]
      ],
      [
        [
          0.05721027533301666,
          0.040617293747986116,
          0.06000648866529699
        ],
        [
          0.06950876085479375,
          0.1061479597985984,
          0.23678601796145374
        ],
        [
          0.0718283966320508,
          0.1764268194952932,
          0.18146798751151033
        ]
      ],
      [
        [
          0.054038656915259116,
          0.15790275655525857,
          0.10100004413102286
        ],
        [
          0.17644428391697606,
          0.04006547067795541,
          0.1082944628227269
        ],
        [
          0.10671135403860141,
          0.19193663483238943,
          0.06360633610981029
        ]
      ]
    ]
  },
  "network_stats": {
    "neurons": 400,
    "connections": 1546
  },
  "rollout_data": {
    "rewards": [
      -500.0,
      -500.0,
      -500.0,
      -500.0,
      -500.0,
      -500.0,
      -500.0,
      -500.0,
      -500.0,
      -500.0,
      -500.0,
      -500.0,
      -500.0,
      -500.0,
      -500.0,
      -500.0,
      -500.0,
      -500.0,
      -500.0,
      -500.0
    ],
    "lengths": [
      500,
      500,
      500,
      500,
      500,
      500,
      500,
      500,
      500,
      500,
      500,
      500,
      500,
      500,
      500,
      500,
      500,
      500,
      500,
      500
    ],
    "eval_seeds": [
      5017336,
      5017337,
      5017338,
      5017339,
      5017340,
      5017341,
      5017342,
      5017343,
      5017344,
      5017345,
      5017346,
      5017347,
      5017348,
      5017349,
      5017350,
      5017351,
      5017352,
      5017353,
      5017354,
      5017355
    ]
  }
}