{
  "network_id": 7412,
  "seed": 5007412,
  "valid": true,
  "baseline_reward": -178.4,
  "stratum": "near_perfect",
  "genome": {
    "max_growth_steps": 200,
    "size_x": 20,
    "size_y": 20,
    "diffusion_rate": 0.16509799142723897,
    "num_morphogens": 3,
    "division_threshold": 0.598159380602263,
    "cell_differentiation_threshold": 0.5255942674880034,
    "axon_growth_threshold": 0.23335219496189696,
    "max_axon_length": 10,
    "axon_connect_threshold": 0.47664578630866417,
    "self_connect_isolated_neurons_fraction": 0.17952863888813278,
    "weight_adjustment_target": 0.37135224254644755,
    "weight_adjustment_rate": 0.01482249580889729,
    "progenitor_secretion_rates": [
      0.22553079274048826,
      0.06578122540387005,
      0.48725803301477116
    ],
    "neuron_secretion_rates": [
      0.41967610211425427,
      0.1218433398554879,
      0.33111355077833915
    ],
    "inhibition_matrix": [
      [
        0.0,
        0.0,
        0.0
      ],
      [
        0.0,
        0.0,
        0.0
      ],
      [
        0.0,
        0.011761134415149865,
        0.0
      ]
    ],
    "diffusion_patterns": [
      [
        [
          0.06924854458526002,
          0.1675815782583102,
          0.002846398081733146
        ],
        [
          0.1889228573153843,
          0.15313950959518055,
          0.08478034349316223
        ],
        [
          0.04960986247311195,
          0.15642561579513356,
          0.12744529040272418
        ]
      ],
      [
        [
          0.08308444835870521,
          0.048293573213662455,
          0.11618100053871229
        ],
        [
          0.14555512896110967,
          0.008477165290857187,
          0.2590939251309284
        ],
        [
          0.09505792561747094,
          0.055790572409860024,
          0.18846626047869386
        ]
      ],
      [
        [
          0.1069051139539181,
          0.2250133817681641,
          0.17107311746660978
        ],
        [
          0.0069846996302339445,
          0.06591691318287345,
          0.13225356705858024
        ],
        [
          0.01631308688119418,
          0.22355208131174537,
          0.05198803874668084
        ]
      ]
    ]
  },
  "network_stats": {
    "neurons": 400,
    "connections": 1100
  },
  "rollout_data": {
    "rewards": [
      -161.0,
      -132.0,
      -276.0,
      -225.0,
      -200.0,
      -131.0,
      -167.0,
      -150.0,
      -133.0,
      -145.0,
      -133.0,
      -156.0,
      -128.0,
      -151.0,
      -180.0,
      -500.0,
      -180.0,
      -130.0,
      -144.0,
      -146.0
    ],
    "lengths": [
      162,
      133,
      277,
      226,
      201,
      132,
      168,
      151,
      134,
      146,
      134,
      157,
      129,
      152,
      181,
      500,
      181,
      131,
      145,
      147
    ],
    "eval_seeds": [
      5007412,
      5007413,
      5007414,
      5007415,
      5007416,
      5007417,
      5007418,
      5007419,
      5007420,
      5007421,
      5007422,
      5007423,
      5007424,
      5007425,
      5007426,
      5007427,
      5007428,
      5007429,
      5007430,
      5007431
    ]
  }
}