{
  "network_id": 1278,
  "seed": 5001278,
  "valid": true,
  "baseline_reward": -500.0,
  "stratum": "weak",
  "genome": {
    "max_growth_steps": 200,
    "size_x": 20,
    "size_y": 20,
    "diffusion_rate": 0.1492033700039894,
    "num_morphogens": 3,
    "division_threshold": 0.487825087021545,
    "cell_differentiation_threshold": 0.4359668870181171,
    "axon_growth_threshold": 0.41690400299731306,
    "max_axon_length": 8,
    "axon_connect_threshold": 0.6126738031279758,
    "self_connect_isolated_neurons_fraction": 0.023810756128334852,
    "weight_adjustment_target": 0.6889596144790545,
    "weight_adjustment_rate": 0.015777886611329447,
    "progenitor_secretion_rates": [
      0.3616731696133259,
      0.20196026477966056,
      0.3729900823207213
    ],
    "neuron_secretion_rates": [
      0.42306560316663067,
      0.09102758892034518,
      0.006852768565651701
    ],
    "inhibition_matrix": [
      [
        0.0,
        0.19010673276365164,
        0.0
      ],
      [
        0.0,
        0.0,
        0.0
      ],
      [
        0.0,
        0.0,
        0.0
      ]
    ],
    "diffusion_patterns": [
      [
        [
          0.14190866698296922,
          0.08349687723508922,
          0.011557342773416185
        ],
        [
          0.09759116032653312,
          0.11432055105326948,
          0.11795770913309554
        ],
        [
          0.07883017258890647,
          0.2141502557847593,
          0.14018726412196147
        ]
      ],
      [
        [
          0.051289913717813135,
          0.016884123585348614,
          0.12359194644005325
        ],
        [
          0.06337216270912426,
          0.1936839604262727,
          0.06031625463371201
        ],
        [
          0.20746287824125897,
          0.1239799380553122,
          0.1594188221911048
        ]
      ],
      [
        [
          0.14041772122191606,
          0.010810637120856267,
          0.16659131643938635
        ],
        [
          0.013583256378863488,
          0.15741602239114247,
          0.13529431297628755
        ],
        [
          0.10607398806123268,
          0.17962408965339563,
          0.09018865575691953
        ]
      ]
    ]
  },
  "network_stats": {
    "neurons": 400,
    "connections": 1615
  },
  "rollout_data": {
    "rewards": [
      -500.0,
      -500.0,
      -500.0,
      -500.0,
      -500.0,
      -500.0,
      -500.0,
      -500.0,
      -500.0,
      -500.0,
      -500.0,
      -500.0,
      -500.0,
      -500.0,
      -500.0,
      -500.0,
      -500.0,
      -500.0,
      -500.0,
      -500.0
    ],
    "lengths": [
      500,
      500,
      500,
      500,
      500,
      500,
      500,
      500,
      500,
      500,
      500,
      500,
      500,
      500,
      500,
      500,
      500,
      500,
      500,
      500
    ],
    "eval_seeds": [
      5001278,
      5001279,
      5001280,
      5001281,
      5001282,
      5001283,
      5001284,
      5001285,
      5001286,
      5001287,
      5001288,
      5001289,
      5001290,
      5001291,
      5001292,
      5001293,
      5001294,
      5001295,
      5001296,
      5001297
    ]
  }
}