{
  "network_id": 1101,
  "seed": 5001101,
  "valid": true,
  "baseline_reward": -500.0,
  "stratum": "weak",
  "genome": {
    "max_growth_steps": 200,
    "size_x": 20,
    "size_y": 20,
    "diffusion_rate": 0.18829918091801245,
    "num_morphogens": 3,
    "division_threshold": 0.3190631958799472,
    "cell_differentiation_threshold": 0.5676946103629357,
    "axon_growth_threshold": 0.4657179067128847,
    "max_axon_length": 4,
    "axon_connect_threshold": 0.811868449479354,
    "self_connect_isolated_neurons_fraction": 0.04925502126423804,
    "weight_adjustment_target": 0.5421269829794674,
    "weight_adjustment_rate": 0.008017287716321498,
    "progenitor_secretion_rates": [
      0.47273080106607956,
      0.13022157152938346,
      0.045071343209187154
    ],
    "neuron_secretion_rates": [
      0.49194655421889044,
      0.28438427064288463,
      0.297492341383865
    ],
    "inhibition_matrix": [
      [
        0.0,
        0.0,
        0.40166017184701747
      ],
      [
        0.0,
        0.0,
        0.0
      ],
      [
        0.0,
        0.0,
        0.0
      ]
    ],
    "diffusion_patterns": [
      [
        [
          0.15394188700051145,
          0.004115706607016997,
          0.19689367665432897
        ],
        [
          0.07600628346767609,
          0.058895204563903805,
          0.0025968214159733573
        ],
        [
          0.150190801214549,
          0.1784421533702239,
          0.17891746570581646
        ]
      ],
      [
        [
          0.13753224150018448,
          0.10812997183200752,
          0.20734137791045212
        ],
        [
          0.0477769900290426,
          0.21843978840188255,
          0.035635890622561825
        ],
        [
          0.07197622636887813,
          0.048471931110482674,
          0.12469558222450822
        ]
      ],
      [
        [
          0.1366051454810121,
          0.15719988280471886,
          0.16076212781769542
        ],
        [
          0.07862127780564121,
          0.01010513859555647,
          0.12798247432036036
        ],
        [
          0.10193678292011252,
          0.11522334436546665,
          0.11156382588943639
        ]
      ]
    ]
  },
  "network_stats": {
    "neurons": 400,
    "connections": 1066
  },
  "rollout_data": {
    "rewards": [
      -500.0,
      -500.0,
      -500.0,
      -500.0,
      -500.0,
      -500.0,
      -500.0,
      -500.0,
      -500.0,
      -500.0,
      -500.0,
      -500.0,
      -500.0,
      -500.0,
      -500.0,
      -500.0,
      -500.0,
      -500.0,
      -500.0,
      -500.0
    ],
    "lengths": [
      500,
      500,
      500,
      500,
      500,
      500,
      500,
      500,
      500,
      500,
      500,
      500,
      500,
      500,
      500,
      500,
      500,
      500,
      500,
      500
    ],
    "eval_seeds": [
      5001101,
      5001102,
      5001103,
      5001104,
      5001105,
      5001106,
      5001107,
      5001108,
      5001109,
      5001110,
      5001111,
      5001112,
      5001113,
      5001114,
      5001115,
      5001116,
      5001117,
      5001118,
      5001119,
      5001120
    ]
  }
}