{
  "network_id": 16873,
  "seed": 5016873,
  "valid": true,
  "baseline_reward": -225.4,
  "stratum": "high_mid",
  "genome": {
    "max_growth_steps": 200,
    "size_x": 20,
    "size_y": 20,
    "diffusion_rate": 0.12072738582148314,
    "num_morphogens": 3,
    "division_threshold": 0.3669446604036027,
    "cell_differentiation_threshold": 0.6635746185569437,
    "axon_growth_threshold": 0.4415032719974788,
    "max_axon_length": 9,
    "axon_connect_threshold": 0.5469952982837321,
    "self_connect_isolated_neurons_fraction": 0.24041096888901295,
    "weight_adjustment_target": 0.41903494252380724,
    "weight_adjustment_rate": 0.01482903706352136,
    "progenitor_secretion_rates": [
      0.11400008291066666,
      0.19903197008786733,
      0.17139888276568888
    ],
    "neuron_secretion_rates": [
      0.3323456320794951,
      0.17756920118619368,
      0.32435449272037253
    ],
    "inhibition_matrix": [
      [
        0.0,
        0.0,
        0.0
      ],
      [
        0.0,
        0.0,
        0.0
      ],
      [
        0.0,
        0.36047538321280514,
        0.0
      ]
    ],
    "diffusion_patterns": [
      [
        [
          0.03687639248502733,
          0.09347971729427586,
          0.06779610492465256
        ],
        [
          0.2011566040032105,
          0.06453239653968447,
          0.14227649401659723
        ],
        [
          0.1502878299607799,
          0.15192486080992781,
          0.09166959996584417
        ]
      ],
      [
        [
          0.05572004416840319,
          0.10252216488556884,
          0.21045300048644044
        ],
        [
          0.10318743970626096,
          0.09872855432737411,
          0.007898420463514664
        ],
        [
          0.2492437500086471,
          0.12508764956020707,
          0.04715897639358364
        ]
      ],
      [
        [
          0.010839178698064063,
          0.0697280487450843,
          0.17503940972087986
        ],
        [
          0.2202125081718756,
          0.05013643645300635,
          0.09051687124167489
        ],
        [
          0.1485868412518321,
          0.17881778339541074,
          0.056122922322172045
        ]
      ]
    ]
  },
  "network_stats": {
    "neurons": 400,
    "connections": 1321
  },
  "rollout_data": {
    "rewards": [
      -206.0,
      -500.0,
      -256.0,
      -131.0,
      -226.0,
      -205.0,
      -185.0,
      -238.0,
      -186.0,
      -181.0,
      -203.0,
      -156.0,
      -220.0,
      -249.0,
      -287.0,
      -221.0,
      -357.0,
      -183.0,
      -134.0,
      -184.0
    ],
    "lengths": [
      207,
      500,
      257,
      132,
      227,
      206,
      186,
      239,
      187,
      182,
      204,
      157,
      221,
      250,
      288,
      222,
      358,
      184,
      135,
      185
    ],
    "eval_seeds": [
      5016873,
      5016874,
      5016875,
      5016876,
      5016877,
      5016878,
      5016879,
      5016880,
      5016881,
      5016882,
      5016883,
      5016884,
      5016885,
      5016886,
      5016887,
      5016888,
      5016889,
      5016890,
      5016891,
      5016892
    ]
  }
}