{
  "network_id": 9915,
  "seed": 5009915,
  "valid": true,
  "baseline_reward": -500.0,
  "stratum": "weak",
  "genome": {
    "max_growth_steps": 200,
    "size_x": 20,
    "size_y": 20,
    "diffusion_rate": 0.13635584388773384,
    "num_morphogens": 3,
    "division_threshold": 0.5414555995741342,
    "cell_differentiation_threshold": 0.6506224260535415,
    "axon_growth_threshold": 0.2415716620898993,
    "max_axon_length": 6,
    "axon_connect_threshold": 0.9846356373119286,
    "self_connect_isolated_neurons_fraction": 0.162275124018588,
    "weight_adjustment_target": 0.34725008498606047,
    "weight_adjustment_rate": 0.005449154777409906,
    "progenitor_secretion_rates": [
      0.31826266209931336,
      0.4354738608361033,
      0.25058771652322226
    ],
    "neuron_secretion_rates": [
      0.23255564711014592,
      0.20862481148267614,
      0.35023338217297567
    ],
    "inhibition_matrix": [
      [
        0.0,
        0.0,
        0.0
      ],
      [
        0.0,
        0.0,
        0.3030737542932572
      ],
      [
        0.0,
        0.0,
        0.0
      ]
    ],
    "diffusion_patterns": [
      [
        [
          0.04839789911944663,
          0.16528134323696547,
          0.17725930095204107
        ],
        [
          0.029596361059944714,
          0.04042607754416189,
          0.06707863519486958
        ],
        [
          0.15133490864026936,
          0.14182334888334208,
          0.17880212536895906
        ]
      ],
      [
        [
          0.07478912417918658,
          0.08085650052371988,
          0.05220346492804337
        ],
        [
          0.1154846254027668,
          0.17008064019642902,
          0.16630077869490653
        ],
        [
          0.11960264779736293,
          0.18624383574710596,
          0.034438382530478824
        ]
      ],
      [
        [
          0.15836629144446032,
          0.17531137769203145,
          0.04631374008729103
        ],
        [
          0.06470153579561401,
          0.16597742969558646,
          0.1824201759828273
        ],
        [
          0.041432242088311165,
          0.038019470902533506,
          0.12745773631134474
        ]
      ]
    ]
  },
  "network_stats": {
    "neurons": 400,
    "connections": 1159
  },
  "rollout_data": {
    "rewards": [
      -500.0,
      -500.0,
      -500.0,
      -500.0,
      -500.0,
      -500.0,
      -500.0,
      -500.0,
      -500.0,
      -500.0,
      -500.0,
      -500.0,
      -500.0,
      -500.0,
      -500.0,
      -500.0,
      -500.0,
      -500.0,
      -500.0,
      -500.0
    ],
    "lengths": [
      500,
      500,
      500,
      500,
      500,
      500,
      500,
      500,
      500,
      500,
      500,
      500,
      500,
      500,
      500,
      500,
      500,
      500,
      500,
      500
    ],
    "eval_seeds": [
      5009915,
      5009916,
      5009917,
      5009918,
      5009919,
      5009920,
      5009921,
      5009922,
      5009923,
      5009924,
      5009925,
      5009926,
      5009927,
      5009928,
      5009929,
      5009930,
      5009931,
      5009932,
      5009933,
      5009934
    ]
  }
}