{
  "network_id": 17064,
  "seed": 5017064,
  "valid": true,
  "baseline_reward": -500.0,
  "stratum": "weak",
  "genome": {
    "max_growth_steps": 200,
    "size_x": 20,
    "size_y": 20,
    "diffusion_rate": 0.17620994955770727,
    "num_morphogens": 3,
    "division_threshold": 0.363710860157637,
    "cell_differentiation_threshold": 0.4411262030298636,
    "axon_growth_threshold": 0.3147770791216249,
    "max_axon_length": 10,
    "axon_connect_threshold": 0.5375842026494186,
    "self_connect_isolated_neurons_fraction": 0.056852427574121685,
    "weight_adjustment_target": 0.647025332257695,
    "weight_adjustment_rate": 0.01890530310932333,
    "progenitor_secretion_rates": [
      0.14748396081741955,
      0.06590802234993742,
      0.13050952044266245
    ],
    "neuron_secretion_rates": [
      0.3667267024040113,
      0.38352639146815853,
      0.301165535385954
    ],
    "inhibition_matrix": [
      [
        0.0,
        0.0,
        0.25103178947086624
      ],
      [
        0.0,
        0.0,
        0.0
      ],
      [
        0.0,
        0.0,
        0.0
      ]
    ],
    "diffusion_patterns": [
      [
        [
          0.03396243348927577,
          0.13811945176968982,
          0.19779554486450865
        ],
        [
          0.16051235541937658,
          0.20763144254910224,
          0.021584038443619846
        ],
        [
          0.04948885446123514,
          0.16735684705559503,
          0.023549031947597037
        ]
      ],
      [
        [
          0.0283646535537963,
          0.1094018487252995,
          0.19414939121744623
        ],
        [
          0.17154219303409768,
          0.12476273070935406,
          0.16265185498963838
        ],
        [
          0.15618275688258362,
          0.0295169334915055,
          0.02342763739627872
        ]
      ],
      [
        [
          0.1457988236666273,
          0.11541502690961743,
          0.153380842385424
        ],
        [
          0.12740066029808242,
          0.09714555161803337,
          0.13296159137407418
        ],
        [
          0.1286993585376756,
          0.03860505973191636,
          0.06059308547854934
        ]
      ]
    ]
  },
  "network_stats": {
    "neurons": 400,
    "connections": 1045
  },
  "rollout_data": {
    "rewards": [
      -500.0,
      -500.0,
      -500.0,
      -500.0,
      -500.0,
      -500.0,
      -500.0,
      -500.0,
      -500.0,
      -500.0,
      -500.0,
      -500.0,
      -500.0,
      -500.0,
      -500.0,
      -500.0,
      -500.0,
      -500.0,
      -500.0,
      -500.0
    ],
    "lengths": [
      500,
      500,
      500,
      500,
      500,
      500,
      500,
      500,
      500,
      500,
      500,
      500,
      500,
      500,
      500,
      500,
      500,
      500,
      500,
      500
    ],
    "eval_seeds": [
      5017064,
      5017065,
      5017066,
      5017067,
      5017068,
      5017069,
      5017070,
      5017071,
      5017072,
      5017073,
      5017074,
      5017075,
      5017076,
      5017077,
      5017078,
      5017079,
      5017080,
      5017081,
      5017082,
      5017083
    ]
  }
}