{
  "network_id": 16848,
  "seed": 5016848,
  "valid": true,
  "baseline_reward": -500.0,
  "stratum": "weak",
  "genome": {
    "max_growth_steps": 200,
    "size_x": 20,
    "size_y": 20,
    "diffusion_rate": 0.16471783223130082,
    "num_morphogens": 3,
    "division_threshold": 0.48936685965744936,
    "cell_differentiation_threshold": 0.48949534968252806,
    "axon_growth_threshold": 0.48998396533573435,
    "max_axon_length": 3,
    "axon_connect_threshold": 0.7125416252587584,
    "self_connect_isolated_neurons_fraction": 0.2929980841032173,
    "weight_adjustment_target": 0.3455343458644247,
    "weight_adjustment_rate": 0.013571634995193196,
    "progenitor_secretion_rates": [
      0.41533599754642414,
      0.22965165221829553,
      0.47800100043552907
    ],
    "neuron_secretion_rates": [
      0.46622862175176505,
      0.17760109307536504,
      0.12542520301373467
    ],
    "inhibition_matrix": [
      [
        0.0,
        0.0,
        0.0
      ],
      [
        0.0,
        0.0,
        0.2820253410908169
      ],
      [
        0.0,
        0.0,
        0.0
      ]
    ],
    "diffusion_patterns": [
      [
        [
          0.09008740129667599,
          0.037100922162213536,
          0.12079868802682477
        ],
        [
          0.1809848643514079,
          0.17116680296338185,
          0.03954399273045773
        ],
        [
          0.16215897001706422,
          0.03863490060688791,
          0.15952345784508629
        ]
      ],
      [
        [
          0.21448721993921163,
          0.025962539125858084,
          0.06041497806650819
        ],
        [
          0.1502425493526329,
          0.07187115982416162,
          0.20068553595990563
        ],
        [
          0.06286397627227387,
          0.017235205961968966,
          0.19623683549747914
        ]
      ],
      [
        [
          0.12898948696957419,
          0.16924081832974425,
          0.12580103464972545
        ],
        [
          0.17324994815090664,
          0.1128413790200011,
          0.005661587756244045
        ],
        [
          0.024269812015392155,
          0.13500490892400577,
          0.12494102418440658
        ]
      ]
    ]
  },
  "network_stats": {
    "neurons": 400,
    "connections": 502
  },
  "rollout_data": {
    "rewards": [
      -500.0,
      -500.0,
      -500.0,
      -500.0,
      -500.0,
      -500.0,
      -500.0,
      -500.0,
      -500.0,
      -500.0,
      -500.0,
      -500.0,
      -500.0,
      -500.0,
      -500.0,
      -500.0,
      -500.0,
      -500.0,
      -500.0,
      -500.0
    ],
    "lengths": [
      500,
      500,
      500,
      500,
      500,
      500,
      500,
      500,
      500,
      500,
      500,
      500,
      500,
      500,
      500,
      500,
      500,
      500,
      500,
      500
    ],
    "eval_seeds": [
      5016848,
      5016849,
      5016850,
      5016851,
      5016852,
      5016853,
      5016854,
      5016855,
      5016856,
      5016857,
      5016858,
      5016859,
      5016860,
      5016861,
      5016862,
      5016863,
      5016864,
      5016865,
      5016866,
      5016867
    ]
  }
}