{
  "network_id": 8040,
  "seed": 5008040,
  "valid": true,
  "baseline_reward": -285.6,
  "stratum": "high_mid",
  "genome": {
    "max_growth_steps": 200,
    "size_x": 20,
    "size_y": 20,
    "diffusion_rate": 0.14663257775832048,
    "num_morphogens": 3,
    "division_threshold": 0.3000587553950889,
    "cell_differentiation_threshold": 0.5224298837763035,
    "axon_growth_threshold": 0.4288353043938104,
    "max_axon_length": 2,
    "axon_connect_threshold": 0.4298147242316093,
    "self_connect_isolated_neurons_fraction": 0.05871699338907263,
    "weight_adjustment_target": 0.6484620864343096,
    "weight_adjustment_rate": 0.011548628331215175,
    "progenitor_secretion_rates": [
      0.36864820362060474,
      0.30713916486282994,
      0.24553022226105475
    ],
    "neuron_secretion_rates": [
      0.11131369854545581,
      0.1425564814799533,
      0.09472040542220811
    ],
    "inhibition_matrix": [
      [
        0.0,
        0.0,
        0.0
      ],
      [
        0.010879136492767782,
        0.0,
        0.02964825383995917
      ],
      [
        0.0,
        0.0,
        0.0
      ]
    ],
    "diffusion_patterns": [
      [
        [
          0.005138395021174653,
          0.13645404853301546,
          0.1822950896983585
        ],
        [
          0.19616282131381074,
          0.10283241191488306,
          0.10752145148074924
        ],
        [
          0.058705769238169274,
          0.029194686637559166,
          0.18169532616227993
        ]
      ],
      [
        [
          0.022069621573656308,
          0.05722849148581387,
          0.1869192227578667
        ],
        [
          0.07447309231906969,
          0.11888774039524347,
          0.16518545236716783
        ],
        [
          0.11756232874180787,
          0.03121873905949991,
          0.22645531129987426
        ]
      ],
      [
        [
          0.056480882343467036,
          0.18190902056177072,
          0.13796127742893635
        ],
        [
          0.1134122915613975,
          0.07136633817923771,
          0.14719172666159536
        ],
        [
          0.12291031123050192,
          0.12914908267408162,
          0.03961906935901172
        ]
      ]
    ]
  },
  "network_stats": {
    "neurons": 400,
    "connections": 1075
  },
  "rollout_data": {
    "rewards": [
      -315.0,
      -272.0,
      -222.0,
      -278.0,
      -318.0,
      -250.0,
      -340.0,
      -283.0,
      -245.0,
      -286.0,
      -317.0,
      -390.0,
      -269.0,
      -212.0,
      -243.0,
      -343.0,
      -327.0,
      -248.0,
      -278.0,
      -276.0
    ],
    "lengths": [
      316,
      273,
      223,
      279,
      319,
      251,
      341,
      284,
      246,
      287,
      318,
      391,
      270,
      213,
      244,
      344,
      328,
      249,
      279,
      277
    ],
    "eval_seeds": [
      5008040,
      5008041,
      5008042,
      5008043,
      5008044,
      5008045,
      5008046,
      5008047,
      5008048,
      5008049,
      5008050,
      5008051,
      5008052,
      5008053,
      5008054,
      5008055,
      5008056,
      5008057,
      5008058,
      5008059
    ]
  }
}