{
  "network_id": 13719,
  "seed": 5013719,
  "valid": true,
  "baseline_reward": -500.0,
  "stratum": "weak",
  "genome": {
    "max_growth_steps": 200,
    "size_x": 20,
    "size_y": 20,
    "diffusion_rate": 0.19374046799864647,
    "num_morphogens": 3,
    "division_threshold": 0.583536240164758,
    "cell_differentiation_threshold": 0.5401218045138761,
    "axon_growth_threshold": 0.4674651416912144,
    "max_axon_length": 6,
    "axon_connect_threshold": 0.43628882379466977,
    "self_connect_isolated_neurons_fraction": 0.20492387943195636,
    "weight_adjustment_target": 0.40045018327716425,
    "weight_adjustment_rate": 0.011777081774587694,
    "progenitor_secretion_rates": [
      0.40612924336913475,
      0.26033940365496744,
      0.4192516964961298
    ],
    "neuron_secretion_rates": [
      0.26990520474072577,
      0.3855477546627904,
      0.2852364615975098
    ],
    "inhibition_matrix": [
      [
        0.0,
        0.14971844784860194,
        0.0
      ],
      [
        0.26674114158265555,
        0.0,
        0.0
      ],
      [
        0.0,
        0.1506514866174089,
        0.0
      ]
    ],
    "diffusion_patterns": [
      [
        [
          0.0834134294236422,
          0.015246449472722919,
          0.039478096535800866
        ],
        [
          0.17256836893650918,
          0.1158109358467167,
          0.24108523548915695
        ],
        [
          0.03530003868062205,
          0.22965341503582756,
          0.06744403057900149
        ]
      ],
      [
        [
          0.17272060308355003,
          0.10220119855404007,
          0.16281156748331185
        ],
        [
          0.0745535837995022,
          0.1406325322998795,
          0.012640049275027638
        ],
        [
          0.08103168617406754,
          0.06613408428880774,
          0.18727469504181338
        ]
      ],
      [
        [
          0.14258575691031816,
          0.12778111937532308,
          0.14680210644425348
        ],
        [
          0.11227147851535324,
          0.03228389978533071,
          0.07233756225026
        ],
        [
          0.04721735237004879,
          0.17015175747157626,
          0.1485689668775362
        ]
      ]
    ]
  },
  "network_stats": {
    "neurons": 400,
    "connections": 1395
  },
  "rollout_data": {
    "rewards": [
      -500.0,
      -500.0,
      -500.0,
      -500.0,
      -500.0,
      -500.0,
      -500.0,
      -500.0,
      -500.0,
      -500.0,
      -500.0,
      -500.0,
      -500.0,
      -500.0,
      -500.0,
      -500.0,
      -500.0,
      -500.0,
      -500.0,
      -500.0
    ],
    "lengths": [
      500,
      500,
      500,
      500,
      500,
      500,
      500,
      500,
      500,
      500,
      500,
      500,
      500,
      500,
      500,
      500,
      500,
      500,
      500,
      500
    ],
    "eval_seeds": [
      5013719,
      5013720,
      5013721,
      5013722,
      5013723,
      5013724,
      5013725,
      5013726,
      5013727,
      5013728,
      5013729,
      5013730,
      5013731,
      5013732,
      5013733,
      5013734,
      5013735,
      5013736,
      5013737,
      5013738
    ]
  }
}