{
  "network_id": 14977,
  "seed": 5014977,
  "valid": true,
  "baseline_reward": -500.0,
  "stratum": "weak",
  "genome": {
    "max_growth_steps": 200,
    "size_x": 20,
    "size_y": 20,
    "diffusion_rate": 0.1778827117908972,
    "num_morphogens": 3,
    "division_threshold": 0.3927233299333578,
    "cell_differentiation_threshold": 0.5934880398479185,
    "axon_growth_threshold": 0.2777600422688842,
    "max_axon_length": 7,
    "axon_connect_threshold": 0.7660357440291246,
    "self_connect_isolated_neurons_fraction": 0.04382655644465979,
    "weight_adjustment_target": 0.4862516366146294,
    "weight_adjustment_rate": 0.00522066960879295,
    "progenitor_secretion_rates": [
      0.4238731689995551,
      0.4258710691329116,
      0.19020034249745899
    ],
    "neuron_secretion_rates": [
      0.413893623940316,
      0.03480440294862519,
      0.046240345105847624
    ],
    "inhibition_matrix": [
      [
        0.0,
        0.0,
        0.24511746893732045
      ],
      [
        0.0,
        0.0,
        0.4774038442673702
      ],
      [
        0.0,
        0.0,
        0.0
      ]
    ],
    "diffusion_patterns": [
      [
        [
          0.10017767169520118,
          0.15692023569402264,
          0.11777161826830151
        ],
        [
          0.08083342099145914,
          0.10515398035544378,
          0.0004544400174775248
        ],
        [
          0.12752295186139145,
          0.17129455218931028,
          0.1398711289273924
        ]
      ],
      [
        [
          0.17309468002251696,
          0.15555148710388422,
          0.026619613399871313
        ],
        [
          0.018691825475011466,
          0.03276559258279436,
          0.13289431123349432
        ],
        [
          0.20796931481347214,
          0.1065271531546853,
          0.14588602221427
        ]
      ],
      [
        [
          0.04471343829401282,
          0.1205538325931444,
          0.02992403730673724
        ],
        [
          0.14667919579133748,
          0.1336088068063014,
          0.05009164149760751
        ],
        [
          0.13311816777693378,
          0.13837987240297933,
          0.20293100753094603
        ]
      ]
    ]
  },
  "network_stats": {
    "neurons": 400,
    "connections": 1634
  },
  "rollout_data": {
    "rewards": [
      -500.0,
      -500.0,
      -500.0,
      -500.0,
      -500.0,
      -500.0,
      -500.0,
      -500.0,
      -500.0,
      -500.0,
      -500.0,
      -500.0,
      -500.0,
      -500.0,
      -500.0,
      -500.0,
      -500.0,
      -500.0,
      -500.0,
      -500.0
    ],
    "lengths": [
      500,
      500,
      500,
      500,
      500,
      500,
      500,
      500,
      500,
      500,
      500,
      500,
      500,
      500,
      500,
      500,
      500,
      500,
      500,
      500
    ],
    "eval_seeds": [
      5014977,
      5014978,
      5014979,
      5014980,
      5014981,
      5014982,
      5014983,
      5014984,
      5014985,
      5014986,
      5014987,
      5014988,
      5014989,
      5014990,
      5014991,
      5014992,
      5014993,
      5014994,
      5014995,
      5014996
    ]
  }
}