{
  "network_id": 4608,
  "seed": 5004608,
  "valid": true,
  "baseline_reward": -500.0,
  "stratum": "weak",
  "genome": {
    "max_growth_steps": 200,
    "size_x": 20,
    "size_y": 20,
    "diffusion_rate": 0.08000555179533915,
    "num_morphogens": 3,
    "division_threshold": 0.406091964378002,
    "cell_differentiation_threshold": 0.45279126660010727,
    "axon_growth_threshold": 0.208796848911457,
    "max_axon_length": 6,
    "axon_connect_threshold": 0.9262994676564311,
    "self_connect_isolated_neurons_fraction": 0.060203608113272356,
    "weight_adjustment_target": 0.4965876058730065,
    "weight_adjustment_rate": 0.011654839307605523,
    "progenitor_secretion_rates": [
      0.3129792159119795,
      0.34601633630115564,
      0.20806050288992478
    ],
    "neuron_secretion_rates": [
      0.20650385053236786,
      0.01133104767391191,
      0.22769629939809605
    ],
    "inhibition_matrix": [
      [
        0.0,
        0.0,
        0.0
      ],
      [
        0.0,
        0.0,
        0.0
      ],
      [
        0.0,
        0.0,
        0.0
      ]
    ],
    "diffusion_patterns": [
      [
        [
          0.011775789043314163,
          0.0003109617341377604,
          0.19385032456463966
        ],
        [
          0.13756079652988285,
          0.10926880017457868,
          0.057872640985067995
        ],
        [
          0.21986842727895792,
          0.19387205871409693,
          0.07562020097532408
        ]
      ],
      [
        [
          0.14723859065073389,
          0.09200193496921791,
          0.04100176112660441
        ],
        [
          0.09987296163302072,
          0.10546601472338324,
          0.1800810558906297
        ],
        [
          0.09209147361477629,
          0.06161294364933124,
          0.18063326374230265
        ]
      ],
      [
        [
          0.14608080347252778,
          0.02409166087333551,
          0.06598035434122505
        ],
        [
          0.19437721291427318,
          0.08868967436953414,
          0.08639313010266568
        ],
        [
          0.09408049035834445,
          0.14044836793350918,
          0.15985830563458514
        ]
      ]
    ]
  },
  "network_stats": {
    "neurons": 385,
    "connections": 968
  },
  "rollout_data": {
    "rewards": [
      -500.0,
      -500.0,
      -500.0,
      -500.0,
      -500.0,
      -500.0,
      -500.0,
      -500.0,
      -500.0,
      -500.0,
      -500.0,
      -500.0,
      -500.0,
      -500.0,
      -500.0,
      -500.0,
      -500.0,
      -500.0,
      -500.0,
      -500.0
    ],
    "lengths": [
      500,
      500,
      500,
      500,
      500,
      500,
      500,
      500,
      500,
      500,
      500,
      500,
      500,
      500,
      500,
      500,
      500,
      500,
      500,
      500
    ],
    "eval_seeds": [
      5004608,
      5004609,
      5004610,
      5004611,
      5004612,
      5004613,
      5004614,
      5004615,
      5004616,
      5004617,
      5004618,
      5004619,
      5004620,
      5004621,
      5004622,
      5004623,
      5004624,
      5004625,
      5004626,
      5004627
    ]
  }
}