{
  "network_id": 8992,
  "seed": 5008992,
  "valid": true,
  "baseline_reward": -500.0,
  "stratum": "weak",
  "genome": {
    "max_growth_steps": 200,
    "size_x": 20,
    "size_y": 20,
    "diffusion_rate": 0.14147913068272594,
    "num_morphogens": 3,
    "division_threshold": 0.43591881232846186,
    "cell_differentiation_threshold": 0.40866028747584315,
    "axon_growth_threshold": 0.23437469601912922,
    "max_axon_length": 6,
    "axon_connect_threshold": 0.8884046044818642,
    "self_connect_isolated_neurons_fraction": 0.19983840838951988,
    "weight_adjustment_target": 0.3251797156987829,
    "weight_adjustment_rate": 0.008654571954520882,
    "progenitor_secretion_rates": [
      0.4604288577088823,
      0.1483499045176564,
      0.04980538812802887
    ],
    "neuron_secretion_rates": [
      0.4860327603761239,
      0.13795896389186163,
      0.4898442249727574
    ],
    "inhibition_matrix": [
      [
        0.0,
        0.2644077777253448,
        0.0
      ],
      [
        0.0,
        0.0,
        0.0
      ],
      [
        0.0,
        0.0,
        0.0
      ]
    ],
    "diffusion_patterns": [
      [
        [
          0.022961257783524647,
          0.047624442829635974,
          0.2237647139124599
        ],
        [
          0.15247213685430938,
          0.0348176410142907,
          0.1697292361637974
        ],
        [
          0.17307253927432156,
          0.08072570320623973,
          0.09483232896142063
        ]
      ],
      [
        [
          0.15585725304203205,
          0.09240181815294557,
          0.14811718383665676
        ],
        [
          0.03620073480925657,
          0.03948797680585388,
          0.22157010541992306
        ],
        [
          0.012841369234815532,
          0.07911098397363088,
          0.2144125747248858
        ]
      ],
      [
        [
          0.10620431302173852,
          0.00872802522733684,
          0.15716223424128808
        ],
        [
          0.19310540583202868,
          0.1469337080836859,
          0.08223349549600849
        ],
        [
          0.1699141886916057,
          0.12129768069813265,
          0.014420948708174975
        ]
      ]
    ]
  },
  "network_stats": {
    "neurons": 400,
    "connections": 994
  },
  "rollout_data": {
    "rewards": [
      -500.0,
      -500.0,
      -500.0,
      -500.0,
      -500.0,
      -500.0,
      -500.0,
      -500.0,
      -500.0,
      -500.0,
      -500.0,
      -500.0,
      -500.0,
      -500.0,
      -500.0,
      -500.0,
      -500.0,
      -500.0,
      -500.0,
      -500.0
    ],
    "lengths": [
      500,
      500,
      500,
      500,
      500,
      500,
      500,
      500,
      500,
      500,
      500,
      500,
      500,
      500,
      500,
      500,
      500,
      500,
      500,
      500
    ],
    "eval_seeds": [
      5008992,
      5008993,
      5008994,
      5008995,
      5008996,
      5008997,
      5008998,
      5008999,
      5009000,
      5009001,
      5009002,
      5009003,
      5009004,
      5009005,
      5009006,
      5009007,
      5009008,
      5009009,
      5009010,
      5009011
    ]
  }
}