{
  "network_id": 7236,
  "seed": 5007236,
  "valid": true,
  "baseline_reward": -500.0,
  "stratum": "weak",
  "genome": {
    "max_growth_steps": 200,
    "size_x": 20,
    "size_y": 20,
    "diffusion_rate": 0.1713238720705519,
    "num_morphogens": 3,
    "division_threshold": 0.301335932987608,
    "cell_differentiation_threshold": 0.4343064416159162,
    "axon_growth_threshold": 0.3303591277624464,
    "max_axon_length": 7,
    "axon_connect_threshold": 0.44056613888704194,
    "self_connect_isolated_neurons_fraction": 0.2235751637876088,
    "weight_adjustment_target": 0.35382173747148554,
    "weight_adjustment_rate": 0.011028526197536307,
    "progenitor_secretion_rates": [
      0.06068755426154343,
      0.1628113469380787,
      0.3326725800917309
    ],
    "neuron_secretion_rates": [
      0.2672654970068034,
      0.32984740398898793,
      0.21353157351454127
    ],
    "inhibition_matrix": [
      [
        0.0,
        0.0,
        0.0
      ],
      [
        0.0,
        0.0,
        0.151425628938944
      ],
      [
        0.0,
        0.0,
        0.0
      ]
    ],
    "diffusion_patterns": [
      [
        [
          0.004795962103917924,
          0.1102349831675391,
          0.015495038979335303
        ],
        [
          0.08259598579345151,
          0.18368569131050935,
          0.16245835941663206
        ],
        [
          0.10487754186077068,
          0.14935807218277666,
          0.1864983651850673
        ]
      ],
      [
        [
          0.14942712338754846,
          0.06197017581852322,
          0.18630159994577092
        ],
        [
          0.2677171676179427,
          0.07237734117495513,
          0.02935718632986695
        ],
        [
          0.02142991704305579,
          0.012646282567864816,
          0.19877320611447205
        ]
      ],
      [
        [
          0.06221073597637747,
          0.05837684018689099,
          0.09561071693913394
        ],
        [
          0.008983646258658185,
          0.05754228652096763,
          0.1817162561655244
        ],
        [
          0.21832520848080647,
          0.123273146664235,
          0.19396116280740605
        ]
      ]
    ]
  },
  "network_stats": {
    "neurons": 393,
    "connections": 725
  },
  "rollout_data": {
    "rewards": [
      -500.0,
      -500.0,
      -500.0,
      -500.0,
      -500.0,
      -500.0,
      -500.0,
      -500.0,
      -500.0,
      -500.0,
      -500.0,
      -500.0,
      -500.0,
      -500.0,
      -500.0,
      -500.0,
      -500.0,
      -500.0,
      -500.0,
      -500.0
    ],
    "lengths": [
      500,
      500,
      500,
      500,
      500,
      500,
      500,
      500,
      500,
      500,
      500,
      500,
      500,
      500,
      500,
      500,
      500,
      500,
      500,
      500
    ],
    "eval_seeds": [
      5007236,
      5007237,
      5007238,
      5007239,
      5007240,
      5007241,
      5007242,
      5007243,
      5007244,
      5007245,
      5007246,
      5007247,
      5007248,
      5007249,
      5007250,
      5007251,
      5007252,
      5007253,
      5007254,
      5007255
    ]
  }
}