{
  "network_id": 12115,
  "seed": 5012115,
  "valid": true,
  "baseline_reward": -479.35,
  "stratum": "weak",
  "genome": {
    "max_growth_steps": 200,
    "size_x": 20,
    "size_y": 20,
    "diffusion_rate": 0.12036139032702034,
    "num_morphogens": 3,
    "division_threshold": 0.41569112327907565,
    "cell_differentiation_threshold": 0.6115212624599755,
    "axon_growth_threshold": 0.3473691329317881,
    "max_axon_length": 4,
    "axon_connect_threshold": 0.7587398362711978,
    "self_connect_isolated_neurons_fraction": 0.049909335235396965,
    "weight_adjustment_target": 0.41048448531760307,
    "weight_adjustment_rate": 0.01172267477019754,
    "progenitor_secretion_rates": [
      0.4648915335302474,
      0.08922528329595203,
      0.11965690805635698
    ],
    "neuron_secretion_rates": [
      0.06699153554633258,
      0.4669614788030238,
      0.12262431944876623
    ],
    "inhibition_matrix": [
      [
        0.0,
        0.0,
        0.4045595881869493
      ],
      [
        0.0,
        0.0,
        0.0
      ],
      [
        0.0,
        0.0,
        0.0
      ]
    ],
    "diffusion_patterns": [
      [
        [
          0.21377550415795146,
          0.10904618169489283,
          0.20587798300506568
        ],
        [
          0.07929928437289353,
          0.07692368879617834,
          0.12465321312471359
        ],
        [
          0.1052392124781896,
          0.031297773494772904,
          0.05388715887534208
        ]
      ],
      [
        [
          0.12592832607803756,
          0.13309173115535358,
          0.1418973996802116
        ],
        [
          0.14708667104024936,
          0.1153547191744461,
          0.15274692731765788
        ],
        [
          0.05740490617158003,
          0.0835652929413987,
          0.04292402644106518
        ]
      ],
      [
        [
          0.2527758739433903,
          0.061264022883575055,
          0.06987649172678558
        ],
        [
          0.04791915471677857,
          0.052214405782651824,
          0.026367867292656524
        ],
        [
          0.07849703036380785,
          0.22335583383627042,
          0.18772931945408386
        ]
      ]
    ]
  },
  "network_stats": {
    "neurons": 400,
    "connections": 995
  },
  "rollout_data": {
    "rewards": [
      -464.0,
      -500.0,
      -500.0,
      -487.0,
      -497.0,
      -464.0,
      -500.0,
      -482.0,
      -500.0,
      -445.0,
      -462.0,
      -500.0,
      -491.0,
      -454.0,
      -500.0,
      -500.0,
      -468.0,
      -416.0,
      -500.0,
      -457.0
    ],
    "lengths": [
      465,
      500,
      500,
      488,
      498,
      465,
      500,
      483,
      500,
      446,
      463,
      500,
      492,
      455,
      500,
      500,
      469,
      417,
      500,
      458
    ],
    "eval_seeds": [
      5012115,
      5012116,
      5012117,
      5012118,
      5012119,
      5012120,
      5012121,
      5012122,
      5012123,
      5012124,
      5012125,
      5012126,
      5012127,
      5012128,
      5012129,
      5012130,
      5012131,
      5012132,
      5012133,
      5012134
    ]
  }
}