{
  "network_id": 11278,
  "seed": 5011278,
  "valid": true,
  "baseline_reward": -500.0,
  "stratum": "weak",
  "genome": {
    "max_growth_steps": 200,
    "size_x": 20,
    "size_y": 20,
    "diffusion_rate": 0.18548573689538544,
    "num_morphogens": 3,
    "division_threshold": 0.35226592105480004,
    "cell_differentiation_threshold": 0.5277986749675417,
    "axon_growth_threshold": 0.39401226750747637,
    "max_axon_length": 10,
    "axon_connect_threshold": 0.4595776305021358,
    "self_connect_isolated_neurons_fraction": 0.24102589355383405,
    "weight_adjustment_target": 0.6885894969155649,
    "weight_adjustment_rate": 0.01693786677056807,
    "progenitor_secretion_rates": [
      0.38074985853300447,
      0.02439886525329521,
      0.27388013605498557
    ],
    "neuron_secretion_rates": [
      0.17433620913518533,
      0.28893705351327814,
      0.4169729758741886
    ],
    "inhibition_matrix": [
      [
        0.0,
        0.2390479097568871,
        0.0
      ],
      [
        0.0,
        0.0,
        0.0
      ],
      [
        0.0,
        0.0,
        0.0
      ]
    ],
    "diffusion_patterns": [
      [
        [
          0.042894143594987014,
          0.01260177009572008,
          0.03130833488878413
        ],
        [
          0.09931002298889097,
          0.09961745243570119,
          0.2643544833478704
        ],
        [
          0.10145747909863345,
          0.06368803421938568,
          0.284768279330027
        ]
      ],
      [
        [
          0.20990366392858892,
          0.0790390954883552,
          0.035192251650223806
        ],
        [
          0.2081905452025649,
          0.15325677697694737,
          0.05111741236419526
        ],
        [
          0.17337609420413383,
          0.04295288779136816,
          0.04697127239362257
        ]
      ],
      [
        [
          0.026761591893596077,
          0.09088336726760883,
          0.023768341010181115
        ],
        [
          0.17878960053905013,
          0.18016426579366734,
          0.1157217052972914
        ],
        [
          0.13580704489934514,
          0.0904366673936053,
          0.15766741590565475
        ]
      ]
    ]
  },
  "network_stats": {
    "neurons": 400,
    "connections": 491
  },
  "rollout_data": {
    "rewards": [
      -500.0,
      -500.0,
      -500.0,
      -500.0,
      -500.0,
      -500.0,
      -500.0,
      -500.0,
      -500.0,
      -500.0,
      -500.0,
      -500.0,
      -500.0,
      -500.0,
      -500.0,
      -500.0,
      -500.0,
      -500.0,
      -500.0,
      -500.0
    ],
    "lengths": [
      500,
      500,
      500,
      500,
      500,
      500,
      500,
      500,
      500,
      500,
      500,
      500,
      500,
      500,
      500,
      500,
      500,
      500,
      500,
      500
    ],
    "eval_seeds": [
      5011278,
      5011279,
      5011280,
      5011281,
      5011282,
      5011283,
      5011284,
      5011285,
      5011286,
      5011287,
      5011288,
      5011289,
      5011290,
      5011291,
      5011292,
      5011293,
      5011294,
      5011295,
      5011296,
      5011297
    ]
  }
}