{
  "network_id": 14281,
  "seed": 5014281,
  "valid": true,
  "baseline_reward": -500.0,
  "stratum": "weak",
  "genome": {
    "max_growth_steps": 200,
    "size_x": 20,
    "size_y": 20,
    "diffusion_rate": 0.1138867705318119,
    "num_morphogens": 3,
    "division_threshold": 0.5273665262216988,
    "cell_differentiation_threshold": 0.5427559921275164,
    "axon_growth_threshold": 0.3195327166323793,
    "max_axon_length": 7,
    "axon_connect_threshold": 0.9698701398941734,
    "self_connect_isolated_neurons_fraction": 0.25491331994410804,
    "weight_adjustment_target": 0.5522316291079906,
    "weight_adjustment_rate": 0.00552312611113732,
    "progenitor_secretion_rates": [
      0.2114923661052679,
      0.3144314169512626,
      0.17504997264090888
    ],
    "neuron_secretion_rates": [
      0.05849441075030681,
      0.05678933652191509,
      0.09942035643487374
    ],
    "inhibition_matrix": [
      [
        0.0,
        0.0,
        0.0
      ],
      [
        0.4536065546982466,
        0.0,
        0.0
      ],
      [
        0.0,
        0.11839214027955358,
        0.0
      ]
    ],
    "diffusion_patterns": [
      [
        [
          0.22118153593128637,
          0.08635051874874647,
          0.0562011617053127
        ],
        [
          0.0229281153999022,
          0.1484365871472293,
          0.2504682019064466
        ],
        [
          0.022999636741179403,
          0.14649965620087113,
          0.044934586219025935
        ]
      ],
      [
        [
          0.1730120215079906,
          0.01125363362162252,
          0.14946374482003116
        ],
        [
          0.028685876638569283,
          0.1535241846342979,
          0.11779233673399647
        ],
        [
          0.21901356689025075,
          0.009551929870355884,
          0.13770270528288536
        ]
      ],
      [
        [
          0.20023070903205248,
          0.1981793031652213,
          0.08317287850496811
        ],
        [
          0.2014091800324725,
          0.17377277949677786,
          0.06491152996950257
        ],
        [
          0.03023382368285499,
          0.030114097804024197,
          0.017975698312126007
        ]
      ]
    ]
  },
  "network_stats": {
    "neurons": 21,
    "connections": 44
  },
  "rollout_data": {
    "rewards": [
      -500.0,
      -500.0,
      -500.0,
      -500.0,
      -500.0,
      -500.0,
      -500.0,
      -500.0,
      -500.0,
      -500.0,
      -500.0,
      -500.0,
      -500.0,
      -500.0,
      -500.0,
      -500.0,
      -500.0,
      -500.0,
      -500.0,
      -500.0
    ],
    "lengths": [
      500,
      500,
      500,
      500,
      500,
      500,
      500,
      500,
      500,
      500,
      500,
      500,
      500,
      500,
      500,
      500,
      500,
      500,
      500,
      500
    ],
    "eval_seeds": [
      5014281,
      5014282,
      5014283,
      5014284,
      5014285,
      5014286,
      5014287,
      5014288,
      5014289,
      5014290,
      5014291,
      5014292,
      5014293,
      5014294,
      5014295,
      5014296,
      5014297,
      5014298,
      5014299,
      5014300
    ]
  }
}