{
  "network_id": 14509,
  "seed": 5014509,
  "valid": true,
  "baseline_reward": -500.0,
  "stratum": "weak",
  "genome": {
    "max_growth_steps": 200,
    "size_x": 20,
    "size_y": 20,
    "diffusion_rate": 0.16645628676088253,
    "num_morphogens": 3,
    "division_threshold": 0.40562793411527714,
    "cell_differentiation_threshold": 0.5180596814325434,
    "axon_growth_threshold": 0.2967792940029465,
    "max_axon_length": 6,
    "axon_connect_threshold": 0.5595399009421389,
    "self_connect_isolated_neurons_fraction": 0.13977751595679297,
    "weight_adjustment_target": 0.5636867557148645,
    "weight_adjustment_rate": 0.006003055968151949,
    "progenitor_secretion_rates": [
      0.4816573320983299,
      0.32517294695978577,
      0.4486851462711522
    ],
    "neuron_secretion_rates": [
      0.4283439532207008,
      0.09434271548934614,
      0.21237078651808983
    ],
    "inhibition_matrix": [
      [
        0.0,
        0.0,
        0.026472516152437786
      ],
      [
        0.0,
        0.0,
        0.0
      ],
      [
        0.0,
        0.0,
        0.0
      ]
    ],
    "diffusion_patterns": [
      [
        [
          0.060582008957095076,
          0.19089483315657954,
          0.07065354928853018
        ],
        [
          0.037463844210634645,
          0.08030008392773627,
          0.20574932087320696
        ],
        [
          0.061436079789804414,
          0.14512134640706462,
          0.14779893338934827
        ]
      ],
      [
        [
          0.14894579128135543,
          0.15126146771407448,
          0.06343738746141424
        ],
        [
          0.2372011781539047,
          0.05965182913888596,
          0.18419864658174778
        ],
        [
          0.10370158088978555,
          0.01064700031052043,
          0.04095511846831139
        ]
      ],
      [
        [
          0.1674238419392267,
          0.11691525007930827,
          0.1691569511663378
        ],
        [
          0.07765652950818652,
          0.15941201571550617,
          0.14220938495327787
        ],
        [
          0.0456851306252754,
          0.05318489813948218,
          0.06835599787339919
        ]
      ]
    ]
  },
  "network_stats": {
    "neurons": 400,
    "connections": 1031
  },
  "rollout_data": {
    "rewards": [
      -500.0,
      -500.0,
      -500.0,
      -500.0,
      -500.0,
      -500.0,
      -500.0,
      -500.0,
      -500.0,
      -500.0,
      -500.0,
      -500.0,
      -500.0,
      -500.0,
      -500.0,
      -500.0,
      -500.0,
      -500.0,
      -500.0,
      -500.0
    ],
    "lengths": [
      500,
      500,
      500,
      500,
      500,
      500,
      500,
      500,
      500,
      500,
      500,
      500,
      500,
      500,
      500,
      500,
      500,
      500,
      500,
      500
    ],
    "eval_seeds": [
      5014509,
      5014510,
      5014511,
      5014512,
      5014513,
      5014514,
      5014515,
      5014516,
      5014517,
      5014518,
      5014519,
      5014520,
      5014521,
      5014522,
      5014523,
      5014524,
      5014525,
      5014526,
      5014527,
      5014528
    ]
  }
}