{
  "network_id": 934,
  "seed": 5000934,
  "valid": true,
  "baseline_reward": -500.0,
  "stratum": "weak",
  "genome": {
    "max_growth_steps": 200,
    "size_x": 20,
    "size_y": 20,
    "diffusion_rate": 0.07390216928206,
    "num_morphogens": 3,
    "division_threshold": 0.6405967965911125,
    "cell_differentiation_threshold": 0.49978269330333625,
    "axon_growth_threshold": 0.3917457345336779,
    "max_axon_length": 4,
    "axon_connect_threshold": 0.7034758046075518,
    "self_connect_isolated_neurons_fraction": 0.015821902197873938,
    "weight_adjustment_target": 0.6871877457038198,
    "weight_adjustment_rate": 0.006293704591041628,
    "progenitor_secretion_rates": [
      0.337041783683878,
      0.19193254116755937,
      0.4850357684629839
    ],
    "neuron_secretion_rates": [
      0.33200276797683903,
      0.2608537279747879,
      0.30545576497875243
    ],
    "inhibition_matrix": [
      [
        0.0,
        0.4422583958588983,
        0.0
      ],
      [
        0.10264155241087564,
        0.0,
        0.14565510386833574
      ],
      [
        0.21583354352740358,
        0.0,
        0.0
      ]
    ],
    "diffusion_patterns": [
      [
        [
          0.2500344418177409,
          0.004230506723702604,
          0.08447035907688304
        ],
        [
          0.03386600150621018,
          0.10944022031781381,
          0.16121629942897714
        ],
        [
          0.15956431360723342,
          0.08938983520341189,
          0.10778802231802698
        ]
      ],
      [
        [
          0.03473908152014853,
          0.12878859720579378,
          0.03712091446142487
        ],
        [
          0.20532121844854936,
          0.053317918405241874,
          0.18251013229456906
        ],
        [
          0.011271854894760921,
          0.23119538413784807,
          0.1157348986316635
        ]
      ],
      [
        [
          0.067598709554968,
          0.06450601894848314,
          0.09459914690354672
        ],
        [
          0.05021951117651465,
          0.12843195033513044,
          0.1473563270588014
        ],
        [
          0.14021454640965333,
          0.12521871943049634,
          0.18185507018240601
        ]
      ]
    ]
  },
  "network_stats": {
    "neurons": 400,
    "connections": 1078
  },
  "rollout_data": {
    "rewards": [
      -500.0,
      -500.0,
      -500.0,
      -500.0,
      -500.0,
      -500.0,
      -500.0,
      -500.0,
      -500.0,
      -500.0,
      -500.0,
      -500.0,
      -500.0,
      -500.0,
      -500.0,
      -500.0,
      -500.0,
      -500.0,
      -500.0,
      -500.0
    ],
    "lengths": [
      500,
      500,
      500,
      500,
      500,
      500,
      500,
      500,
      500,
      500,
      500,
      500,
      500,
      500,
      500,
      500,
      500,
      500,
      500,
      500
    ],
    "eval_seeds": [
      5000934,
      5000935,
      5000936,
      5000937,
      5000938,
      5000939,
      5000940,
      5000941,
      5000942,
      5000943,
      5000944,
      5000945,
      5000946,
      5000947,
      5000948,
      5000949,
      5000950,
      5000951,
      5000952,
      5000953
    ]
  }
}