{
  "network_id": 2778,
  "seed": 5002778,
  "valid": true,
  "baseline_reward": -500.0,
  "stratum": "weak",
  "genome": {
    "max_growth_steps": 200,
    "size_x": 20,
    "size_y": 20,
    "diffusion_rate": 0.05618917757257003,
    "num_morphogens": 3,
    "division_threshold": 0.5767357467741877,
    "cell_differentiation_threshold": 0.35115043742718216,
    "axon_growth_threshold": 0.474739721754852,
    "max_axon_length": 5,
    "axon_connect_threshold": 0.7794146806707446,
    "self_connect_isolated_neurons_fraction": 0.07327372870943344,
    "weight_adjustment_target": 0.33126407626969223,
    "weight_adjustment_rate": 0.01227628665056914,
    "progenitor_secretion_rates": [
      0.13187177764789298,
      0.07443493527176792,
      0.49255662348918233
    ],
    "neuron_secretion_rates": [
      0.18642976172029807,
      0.4884547529104188,
      0.40988530725228794
    ],
    "inhibition_matrix": [
      [
        0.0,
        0.0,
        0.0
      ],
      [
        0.12426054569593531,
        0.0,
        0.0
      ],
      [
        0.0,
        0.0,
        0.0
      ]
    ],
    "diffusion_patterns": [
      [
        [
          0.1397784941991914,
          0.1278889104214513,
          0.1937799853836573
        ],
        [
          0.06520696502978233,
          0.15861651772300459,
          0.054594584463402665
        ],
        [
          0.14296578999593243,
          0.021513888516428277,
          0.0956548642671498
        ]
      ],
      [
        [
          0.13222260714695377,
          0.09194579637355885,
          0.10017257095887756
        ],
        [
          0.17559468440208728,
          0.10344339491289065,
          0.18732840197263942
        ],
        [
          0.055953427891159015,
          0.09275891100150084,
          0.06058020534033254
        ]
      ],
      [
        [
          0.024330158252434213,
          0.039043821087025136,
          0.07910129883906174
        ],
        [
          0.20175968723453436,
          0.17263911353956823,
          0.22067710439033972
        ],
        [
          0.01148758473312793,
          0.21484504320476455,
          0.03611618871914424
        ]
      ]
    ]
  },
  "network_stats": {
    "neurons": 400,
    "connections": 724
  },
  "rollout_data": {
    "rewards": [
      -500.0,
      -500.0,
      -500.0,
      -500.0,
      -500.0,
      -500.0,
      -500.0,
      -500.0,
      -500.0,
      -500.0,
      -500.0,
      -500.0,
      -500.0,
      -500.0,
      -500.0,
      -500.0,
      -500.0,
      -500.0,
      -500.0,
      -500.0
    ],
    "lengths": [
      500,
      500,
      500,
      500,
      500,
      500,
      500,
      500,
      500,
      500,
      500,
      500,
      500,
      500,
      500,
      500,
      500,
      500,
      500,
      500
    ],
    "eval_seeds": [
      5002778,
      5002779,
      5002780,
      5002781,
      5002782,
      5002783,
      5002784,
      5002785,
      5002786,
      5002787,
      5002788,
      5002789,
      5002790,
      5002791,
      5002792,
      5002793,
      5002794,
      5002795,
      5002796,
      5002797
    ]
  }
}