{
  "network_id": 8806,
  "seed": 5008806,
  "valid": true,
  "baseline_reward": -157.75,
  "stratum": "near_perfect",
  "genome": {
    "max_growth_steps": 200,
    "size_x": 20,
    "size_y": 20,
    "diffusion_rate": 0.08883600130145812,
    "num_morphogens": 3,
    "division_threshold": 0.45422106577787646,
    "cell_differentiation_threshold": 0.46534487585219275,
    "axon_growth_threshold": 0.4917714247936342,
    "max_axon_length": 8,
    "axon_connect_threshold": 0.5982827713229953,
    "self_connect_isolated_neurons_fraction": 0.14667752233751205,
    "weight_adjustment_target": 0.6933710168643037,
    "weight_adjustment_rate": 0.010187011447984376,
    "progenitor_secretion_rates": [
      0.4592218578217082,
      0.47081835545856304,
      0.4347222832955872
    ],
    "neuron_secretion_rates": [
      0.08512210743565984,
      0.42197201821785607,
      0.45780152231352655
    ],
    "inhibition_matrix": [
      [
        0.0,
        0.0,
        0.0
      ],
      [
        0.0901449694433703,
        0.0,
        0.0
      ],
      [
        0.0,
        0.0,
        0.0
      ]
    ],
    "diffusion_patterns": [
      [
        [
          0.08819156485260544,
          0.13915568438007894,
          0.14831192633185508
        ],
        [
          0.1439037500389781,
          0.12175946402702843,
          0.0928392397888589
        ],
        [
          0.1401730321441776,
          0.06259179361984506,
          0.06307354481657244
        ]
      ],
      [
        [
          0.13925251885663248,
          0.14075924582830507,
          0.15695527978124638
        ],
        [
          0.05457268299614012,
          0.1214846293814895,
          0.08820566653185748
        ],
        [
          0.019070256195272355,
          0.11285905550166606,
          0.16684066492739047
        ]
      ],
      [
        [
          0.07923100128669422,
          0.04961797063995018,
          0.15806126579964971
        ],
        [
          0.06221600159629794,
          0.14677169469406035,
          0.1496723057550605
        ],
        [
          0.16869865653702484,
          0.10104920950771429,
          0.08468189418354784
        ]
      ]
    ]
  },
  "network_stats": {
    "neurons": 398,
    "connections": 1003
  },
  "rollout_data": {
    "rewards": [
      -142.0,
      -141.0,
      -152.0,
      -149.0,
      -152.0,
      -236.0,
      -193.0,
      -135.0,
      -138.0,
      -149.0,
      -134.0,
      -163.0,
      -223.0,
      -151.0,
      -158.0,
      -144.0,
      -138.0,
      -139.0,
      -167.0,
      -151.0
    ],
    "lengths": [
      143,
      142,
      153,
      150,
      153,
      237,
      194,
      136,
      139,
      150,
      135,
      164,
      224,
      152,
      159,
      145,
      139,
      140,
      168,
      152
    ],
    "eval_seeds": [
      5008806,
      5008807,
      5008808,
      5008809,
      5008810,
      5008811,
      5008812,
      5008813,
      5008814,
      5008815,
      5008816,
      5008817,
      5008818,
      5008819,
      5008820,
      5008821,
      5008822,
      5008823,
      5008824,
      5008825
    ]
  }
}