{
  "network_id": 18565,
  "seed": 5018565,
  "valid": true,
  "baseline_reward": -500.0,
  "stratum": "weak",
  "genome": {
    "max_growth_steps": 200,
    "size_x": 20,
    "size_y": 20,
    "diffusion_rate": 0.19981440013363277,
    "num_morphogens": 3,
    "division_threshold": 0.4098333700899883,
    "cell_differentiation_threshold": 0.5177058244239635,
    "axon_growth_threshold": 0.3592738691297268,
    "max_axon_length": 2,
    "axon_connect_threshold": 0.7725047728292094,
    "self_connect_isolated_neurons_fraction": 0.16191889939260545,
    "weight_adjustment_target": 0.6932088585724209,
    "weight_adjustment_rate": 0.01808074214561472,
    "progenitor_secretion_rates": [
      0.1898826797215869,
      0.3555634044577416,
      0.26054492416284986
    ],
    "neuron_secretion_rates": [
      0.2161177190796475,
      0.4521411199135242,
      0.22637140173106074
    ],
    "inhibition_matrix": [
      [
        0.0,
        0.0,
        0.0
      ],
      [
        0.0,
        0.0,
        0.40742521177125396
      ],
      [
        0.0,
        0.0,
        0.0
      ]
    ],
    "diffusion_patterns": [
      [
        [
          0.1498683749453204,
          0.030853949923134907,
          0.11429219880457558
        ],
        [
          0.13291241538226728,
          0.06097205663560033,
          0.15723900109599037
        ],
        [
          0.1544538290886485,
          0.06052053199035887,
          0.13888764213410376
        ]
      ],
      [
        [
          0.039604885505234576,
          0.2519825763766051,
          0.012024308470858626
        ],
        [
          0.2668981134348974,
          0.049918727665633426,
          0.003031731472023364
        ],
        [
          0.03562409441924777,
          0.09088447999498574,
          0.2500310826605141
        ]
      ],
      [
        [
          0.05505276265264186,
          0.19554110995621496,
          0.1602357224562577
        ],
        [
          0.07848954622966015,
          0.10370604327414061,
          0.13140480272187735
        ],
        [
          0.1441139139270002,
          0.0017735965135063602,
          0.12968250226870087
        ]
      ]
    ]
  },
  "network_stats": {
    "neurons": 400,
    "connections": 846
  },
  "rollout_data": {
    "rewards": [
      -500.0,
      -500.0,
      -500.0,
      -500.0,
      -500.0,
      -500.0,
      -500.0,
      -500.0,
      -500.0,
      -500.0,
      -500.0,
      -500.0,
      -500.0,
      -500.0,
      -500.0,
      -500.0,
      -500.0,
      -500.0,
      -500.0,
      -500.0
    ],
    "lengths": [
      500,
      500,
      500,
      500,
      500,
      500,
      500,
      500,
      500,
      500,
      500,
      500,
      500,
      500,
      500,
      500,
      500,
      500,
      500,
      500
    ],
    "eval_seeds": [
      5018565,
      5018566,
      5018567,
      5018568,
      5018569,
      5018570,
      5018571,
      5018572,
      5018573,
      5018574,
      5018575,
      5018576,
      5018577,
      5018578,
      5018579,
      5018580,
      5018581,
      5018582,
      5018583,
      5018584
    ]
  }
}