{
  "network_id": 17706,
  "seed": 5017706,
  "valid": true,
  "baseline_reward": -500.0,
  "stratum": "weak",
  "genome": {
    "max_growth_steps": 200,
    "size_x": 20,
    "size_y": 20,
    "diffusion_rate": 0.1330587874928716,
    "num_morphogens": 3,
    "division_threshold": 0.4429968640160531,
    "cell_differentiation_threshold": 0.5692136345300958,
    "axon_growth_threshold": 0.26403698912844265,
    "max_axon_length": 8,
    "axon_connect_threshold": 0.5259396071609336,
    "self_connect_isolated_neurons_fraction": 0.17447368799187604,
    "weight_adjustment_target": 0.4552029310283308,
    "weight_adjustment_rate": 0.015237095568706581,
    "progenitor_secretion_rates": [
      0.39129368581428187,
      0.23950124174097542,
      0.25483829839864297
    ],
    "neuron_secretion_rates": [
      0.36229350455207004,
      0.23519895315622363,
      0.034535456920326446
    ],
    "inhibition_matrix": [
      [
        0.0,
        0.0,
        0.08448983329075077
      ],
      [
        0.0,
        0.0,
        0.0
      ],
      [
        0.0,
        0.0,
        0.0
      ]
    ],
    "diffusion_patterns": [
      [
        [
          0.0719044295783047,
          0.16368325334411496,
          0.07503148395615941
        ],
        [
          0.07392547012385663,
          0.14775645408039423,
          0.028325699132968975
        ],
        [
          0.1282818037683501,
          0.17843162012950833,
          0.13265978588634264
        ]
      ],
      [
        [
          0.0241030771522384,
          0.17417317019354497,
          0.21034324928116097
        ],
        [
          0.10976573875659669,
          0.010047164221585641,
          0.19246296544266903
        ],
        [
          0.18572797500695026,
          0.06815670133131327,
          0.0252199586139408
        ]
      ],
      [
        [
          0.16035476313089894,
          0.1000037363506879,
          0.20146879307513113
        ],
        [
          0.021010914275941962,
          0.12250227776150645,
          0.04574820319445878
        ],
        [
          0.07328002669964545,
          0.09104999797951227,
          0.1845812875322171
        ]
      ]
    ]
  },
  "network_stats": {
    "neurons": 400,
    "connections": 1134
  },
  "rollout_data": {
    "rewards": [
      -500.0,
      -500.0,
      -500.0,
      -500.0,
      -500.0,
      -500.0,
      -500.0,
      -500.0,
      -500.0,
      -500.0,
      -500.0,
      -500.0,
      -500.0,
      -500.0,
      -500.0,
      -500.0,
      -500.0,
      -500.0,
      -500.0,
      -500.0
    ],
    "lengths": [
      500,
      500,
      500,
      500,
      500,
      500,
      500,
      500,
      500,
      500,
      500,
      500,
      500,
      500,
      500,
      500,
      500,
      500,
      500,
      500
    ],
    "eval_seeds": [
      5017706,
      5017707,
      5017708,
      5017709,
      5017710,
      5017711,
      5017712,
      5017713,
      5017714,
      5017715,
      5017716,
      5017717,
      5017718,
      5017719,
      5017720,
      5017721,
      5017722,
      5017723,
      5017724,
      5017725
    ]
  }
}