{
  "network_id": 13857,
  "seed": 5013857,
  "valid": true,
  "baseline_reward": -500.0,
  "stratum": "weak",
  "genome": {
    "max_growth_steps": 200,
    "size_x": 20,
    "size_y": 20,
    "diffusion_rate": 0.05393102312921244,
    "num_morphogens": 3,
    "division_threshold": 0.3070771431123842,
    "cell_differentiation_threshold": 0.42485288786800834,
    "axon_growth_threshold": 0.3912070166158888,
    "max_axon_length": 7,
    "axon_connect_threshold": 0.4811926925240873,
    "self_connect_isolated_neurons_fraction": 0.006609141702861643,
    "weight_adjustment_target": 0.43151124910297,
    "weight_adjustment_rate": 0.01048725128719382,
    "progenitor_secretion_rates": [
      0.31836222734851966,
      0.45468550205260716,
      0.4873012085045425
    ],
    "neuron_secretion_rates": [
      0.38193412946758554,
      0.10124115272779827,
      0.15978460757490903
    ],
    "inhibition_matrix": [
      [
        0.0,
        0.0,
        0.08853474498506625
      ],
      [
        0.0,
        0.0,
        0.1512666984898372
      ],
      [
        0.0,
        0.0,
        0.0
      ]
    ],
    "diffusion_patterns": [
      [
        [
          0.06207411419735983,
          0.06948757429590488,
          0.19194642216719748
        ],
        [
          0.18074395951163927,
          0.0344867333970974,
          0.09019636894710682
        ],
        [
          0.09870640428258527,
          0.1766521904183792,
          0.09570623278272959
        ]
      ],
      [
        [
          0.09418217581780863,
          0.11422130778223423,
          0.16522169664126393
        ],
        [
          0.14431311079985887,
          0.004494489018985396,
          0.014721426374879368
        ],
        [
          0.10883787620039867,
          0.20991571113238933,
          0.1440922062321815
        ]
      ],
      [
        [
          0.15394630931654063,
          0.07759617641305593,
          0.1330530771176685
        ],
        [
          0.09288697480768789,
          0.007125870564963581,
          0.1607256931169172
        ],
        [
          0.1488285946193098,
          0.06236007477889792,
          0.16347722926495867
        ]
      ]
    ]
  },
  "network_stats": {
    "neurons": 391,
    "connections": 1001
  },
  "rollout_data": {
    "rewards": [
      -500.0,
      -500.0,
      -500.0,
      -500.0,
      -500.0,
      -500.0,
      -500.0,
      -500.0,
      -500.0,
      -500.0,
      -500.0,
      -500.0,
      -500.0,
      -500.0,
      -500.0,
      -500.0,
      -500.0,
      -500.0,
      -500.0,
      -500.0
    ],
    "lengths": [
      500,
      500,
      500,
      500,
      500,
      500,
      500,
      500,
      500,
      500,
      500,
      500,
      500,
      500,
      500,
      500,
      500,
      500,
      500,
      500
    ],
    "eval_seeds": [
      5013857,
      5013858,
      5013859,
      5013860,
      5013861,
      5013862,
      5013863,
      5013864,
      5013865,
      5013866,
      5013867,
      5013868,
      5013869,
      5013870,
      5013871,
      5013872,
      5013873,
      5013874,
      5013875,
      5013876
    ]
  }
}