{
  "network_id": 7665,
  "seed": 5007665,
  "valid": true,
  "baseline_reward": -500.0,
  "stratum": "weak",
  "genome": {
    "max_growth_steps": 200,
    "size_x": 20,
    "size_y": 20,
    "diffusion_rate": 0.17412813298749236,
    "num_morphogens": 3,
    "division_threshold": 0.34410566368843226,
    "cell_differentiation_threshold": 0.43253970185878665,
    "axon_growth_threshold": 0.21404816843126484,
    "max_axon_length": 9,
    "axon_connect_threshold": 0.7585849594010073,
    "self_connect_isolated_neurons_fraction": 0.17887849209130832,
    "weight_adjustment_target": 0.5263001052333418,
    "weight_adjustment_rate": 0.01757039795893644,
    "progenitor_secretion_rates": [
      0.4176656560049371,
      0.3640730287846246,
      0.11085879242410901
    ],
    "neuron_secretion_rates": [
      0.24956088371671603,
      0.231544743761895,
      0.3248333696264935
    ],
    "inhibition_matrix": [
      [
        0.0,
        0.0,
        0.0
      ],
      [
        0.2581415016672231,
        0.0,
        0.0
      ],
      [
        0.1895906344293145,
        0.0,
        0.0
      ]
    ],
    "diffusion_patterns": [
      [
        [
          0.18599373183133405,
          0.22997565183790236,
          0.2041432956311343
        ],
        [
          0.06295007799473906,
          0.12996164755076572,
          0.011845260548948093
        ],
        [
          0.09467452701590964,
          0.060567208223016415,
          0.01988859936625028
        ]
      ],
      [
        [
          0.19096513804754583,
          0.20280988633773503,
          0.08054605588755522
        ],
        [
          0.011168836391072825,
          0.068227750594631,
          0.10068589056540478
        ],
        [
          0.026704780609629986,
          0.1360090934392947,
          0.1828825681271306
        ]
      ],
      [
        [
          0.025020257017375324,
          0.0513412779996958,
          0.07508655617650159
        ],
        [
          0.1569791312323122,
          0.08297197947608986,
          0.18580236893448984
        ],
        [
          0.20261955619729602,
          0.19439191959716012,
          0.02578695336907931
        ]
      ]
    ]
  },
  "network_stats": {
    "neurons": 400,
    "connections": 1083
  },
  "rollout_data": {
    "rewards": [
      -500.0,
      -500.0,
      -500.0,
      -500.0,
      -500.0,
      -500.0,
      -500.0,
      -500.0,
      -500.0,
      -500.0,
      -500.0,
      -500.0,
      -500.0,
      -500.0,
      -500.0,
      -500.0,
      -500.0,
      -500.0,
      -500.0,
      -500.0
    ],
    "lengths": [
      500,
      500,
      500,
      500,
      500,
      500,
      500,
      500,
      500,
      500,
      500,
      500,
      500,
      500,
      500,
      500,
      500,
      500,
      500,
      500
    ],
    "eval_seeds": [
      5007665,
      5007666,
      5007667,
      5007668,
      5007669,
      5007670,
      5007671,
      5007672,
      5007673,
      5007674,
      5007675,
      5007676,
      5007677,
      5007678,
      5007679,
      5007680,
      5007681,
      5007682,
      5007683,
      5007684
    ]
  }
}