{
  "network_id": 11616,
  "seed": 5011616,
  "valid": true,
  "baseline_reward": -431.6,
  "stratum": "low_mid",
  "genome": {
    "max_growth_steps": 200,
    "size_x": 20,
    "size_y": 20,
    "diffusion_rate": 0.10484288039576747,
    "num_morphogens": 3,
    "division_threshold": 0.37815062202455046,
    "cell_differentiation_threshold": 0.4541437598443912,
    "axon_growth_threshold": 0.34744079632641356,
    "max_axon_length": 4,
    "axon_connect_threshold": 0.889076297514785,
    "self_connect_isolated_neurons_fraction": 0.28800800132373694,
    "weight_adjustment_target": 0.4478874559534165,
    "weight_adjustment_rate": 0.005830461113171811,
    "progenitor_secretion_rates": [
      0.39900601611874326,
      0.3583201862967429,
      0.31007793867413175
    ],
    "neuron_secretion_rates": [
      0.15679712693690412,
      0.41257341440605116,
      0.4144106495191432
    ],
    "inhibition_matrix": [
      [
        0.0,
        0.0,
        0.0
      ],
      [
        0.038009905475687944,
        0.0,
        0.0
      ],
      [
        0.0,
        0.0,
        0.0
      ]
    ],
    "diffusion_patterns": [
      [
        [
          0.2209247675222283,
          0.07294454106761913,
          0.08808712836252675
        ],
        [
          0.1582450308924308,
          0.05871842533521955,
          0.12517795370245086
        ],
        [
          0.21470028504531066,
          0.019060947420676346,
          0.04214092065153754
        ]
      ],
      [
        [
          0.054244136857799025,
          0.09721653335911488,
          0.18941983451073252
        ],
        [
          0.1893672209330697,
          0.17057030996379804,
          0.03169894019076857
        ],
        [
          0.11325589528563576,
          0.13366171967731866,
          0.020565409221762816
        ]
      ],
      [
        [
          0.16980585491085964,
          0.05086100365871324,
          0.16350765360307126
        ],
        [
          0.19095558453762831,
          0.07136322407834131,
          0.12689472162302814
        ],
        [
          0.04722366291219922,
          0.021213855154863438,
          0.1581744395212954
        ]
      ]
    ]
  },
  "network_stats": {
    "neurons": 400,
    "connections": 1035
  },
  "rollout_data": {
    "rewards": [
      -141.0,
      -500.0,
      -500.0,
      -500.0,
      -207.0,
      -500.0,
      -500.0,
      -500.0,
      -500.0,
      -500.0,
      -141.0,
      -500.0,
      -500.0,
      -500.0,
      -143.0,
      -500.0,
      -500.0,
      -500.0,
      -500.0,
      -500.0
    ],
    "lengths": [
      142,
      500,
      500,
      500,
      208,
      500,
      500,
      500,
      500,
      500,
      142,
      500,
      500,
      500,
      144,
      500,
      500,
      500,
      500,
      500
    ],
    "eval_seeds": [
      5011616,
      5011617,
      5011618,
      5011619,
      5011620,
      5011621,
      5011622,
      5011623,
      5011624,
      5011625,
      5011626,
      5011627,
      5011628,
      5011629,
      5011630,
      5011631,
      5011632,
      5011633,
      5011634,
      5011635
    ]
  }
}