{
  "network_id": 3580,
  "seed": 5003580,
  "valid": true,
  "baseline_reward": -500.0,
  "stratum": "weak",
  "genome": {
    "max_growth_steps": 200,
    "size_x": 20,
    "size_y": 20,
    "diffusion_rate": 0.1534251977310894,
    "num_morphogens": 3,
    "division_threshold": 0.5906807266930946,
    "cell_differentiation_threshold": 0.6602382919271763,
    "axon_growth_threshold": 0.24355463466164895,
    "max_axon_length": 8,
    "axon_connect_threshold": 0.9128614086873252,
    "self_connect_isolated_neurons_fraction": 0.1578937406345555,
    "weight_adjustment_target": 0.454778781745266,
    "weight_adjustment_rate": 0.007512632186764193,
    "progenitor_secretion_rates": [
      0.29024253543537487,
      0.10252579035761522,
      0.24652000800364254
    ],
    "neuron_secretion_rates": [
      0.3891351203718298,
      0.2609190986908292,
      0.142451379903701
    ],
    "inhibition_matrix": [
      [
        0.0,
        0.0,
        0.06021596689244757
      ],
      [
        0.0,
        0.0,
        0.0
      ],
      [
        0.0,
        0.0,
        0.0
      ]
    ],
    "diffusion_patterns": [
      [
        [
          0.2233309516079199,
          0.15660899196720635,
          0.033164487801739084
        ],
        [
          0.023067040325445997,
          0.07183001349609386,
          0.22321047510349143
        ],
        [
          0.051916732735095485,
          0.21495540363367016,
          0.0019159033293376611
        ]
      ],
      [
        [
          0.009940934195315084,
          0.17859981214884624,
          0.17253830711783588
        ],
        [
          0.13751098829286573,
          0.14793866298795716,
          0.04979551572290547
        ],
        [
          0.020801356810179663,
          0.16444885022971722,
          0.11842557249437746
        ]
      ],
      [
        [
          0.04388395684529515,
          0.19236231099826417,
          0.21556260265261046
        ],
        [
          0.2219615373327873,
          0.06751068702090007,
          0.011851741662499105
        ],
        [
          0.06612749917460263,
          0.14732773752643769,
          0.03341192678660326
        ]
      ]
    ]
  },
  "network_stats": {
    "neurons": 400,
    "connections": 626
  },
  "rollout_data": {
    "rewards": [
      -500.0,
      -500.0,
      -500.0,
      -500.0,
      -500.0,
      -500.0,
      -500.0,
      -500.0,
      -500.0,
      -500.0,
      -500.0,
      -500.0,
      -500.0,
      -500.0,
      -500.0,
      -500.0,
      -500.0,
      -500.0,
      -500.0,
      -500.0
    ],
    "lengths": [
      500,
      500,
      500,
      500,
      500,
      500,
      500,
      500,
      500,
      500,
      500,
      500,
      500,
      500,
      500,
      500,
      500,
      500,
      500,
      500
    ],
    "eval_seeds": [
      5003580,
      5003581,
      5003582,
      5003583,
      5003584,
      5003585,
      5003586,
      5003587,
      5003588,
      5003589,
      5003590,
      5003591,
      5003592,
      5003593,
      5003594,
      5003595,
      5003596,
      5003597,
      5003598,
      5003599
    ]
  }
}