{
  "network_id": 328,
  "seed": 5000328,
  "valid": true,
  "baseline_reward": -500.0,
  "stratum": "weak",
  "genome": {
    "max_growth_steps": 200,
    "size_x": 20,
    "size_y": 20,
    "diffusion_rate": 0.14981799466908033,
    "num_morphogens": 3,
    "division_threshold": 0.679133831701444,
    "cell_differentiation_threshold": 0.4932326151376403,
    "axon_growth_threshold": 0.410915867728148,
    "max_axon_length": 4,
    "axon_connect_threshold": 0.4901561502145113,
    "self_connect_isolated_neurons_fraction": 0.05564762167701448,
    "weight_adjustment_target": 0.3020848454311476,
    "weight_adjustment_rate": 0.012586144487728603,
    "progenitor_secretion_rates": [
      0.36367942847565804,
      0.1569569006816678,
      0.03111119340355073
    ],
    "neuron_secretion_rates": [
      0.3868833749607553,
      0.21066956027377431,
      0.1792727018550429
    ],
    "inhibition_matrix": [
      [
        0.0,
        0.32188384126807185,
        0.0
      ],
      [
        0.0,
        0.0,
        0.41706388464820676
      ],
      [
        0.0,
        0.0,
        0.0
      ]
    ],
    "diffusion_patterns": [
      [
        [
          0.1438329148847957,
          0.18026072525629494,
          0.1783250309199454
        ],
        [
          0.04801789533251321,
          0.03696615589771106,
          0.045436125277851715
        ],
        [
          0.06997389982518289,
          0.13865306391550009,
          0.15853418869020494
        ]
      ],
      [
        [
          0.07862975380610039,
          0.1275836543941285,
          0.08913142519692117
        ],
        [
          0.15455739132301666,
          0.010145095135766112,
          0.1364216541289952
        ],
        [
          0.18348371783625766,
          0.09839025658782534,
          0.12165705159098912
        ]
      ],
      [
        [
          0.0008101444242222368,
          0.011683613676719105,
          0.20348968997265604
        ],
        [
          0.13205134337189786,
          0.01872682266749819,
          0.16733605476585572
        ],
        [
          0.36733375357092407,
          0.014401947976045453,
          0.08416662957418136
        ]
      ]
    ]
  },
  "network_stats": {
    "neurons": 397,
    "connections": 1117
  },
  "rollout_data": {
    "rewards": [
      -500.0,
      -500.0,
      -500.0,
      -500.0,
      -500.0,
      -500.0,
      -500.0,
      -500.0,
      -500.0,
      -500.0,
      -500.0,
      -500.0,
      -500.0,
      -500.0,
      -500.0,
      -500.0,
      -500.0,
      -500.0,
      -500.0,
      -500.0
    ],
    "lengths": [
      500,
      500,
      500,
      500,
      500,
      500,
      500,
      500,
      500,
      500,
      500,
      500,
      500,
      500,
      500,
      500,
      500,
      500,
      500,
      500
    ],
    "eval_seeds": [
      5000328,
      5000329,
      5000330,
      5000331,
      5000332,
      5000333,
      5000334,
      5000335,
      5000336,
      5000337,
      5000338,
      5000339,
      5000340,
      5000341,
      5000342,
      5000343,
      5000344,
      5000345,
      5000346,
      5000347
    ]
  }
}