{
  "network_id": 6628,
  "seed": 5006628,
  "valid": true,
  "baseline_reward": -500.0,
  "stratum": "weak",
  "genome": {
    "max_growth_steps": 200,
    "size_x": 20,
    "size_y": 20,
    "diffusion_rate": 0.08957213548718167,
    "num_morphogens": 3,
    "division_threshold": 0.6518199380109517,
    "cell_differentiation_threshold": 0.5925439212001853,
    "axon_growth_threshold": 0.4958465542163909,
    "max_axon_length": 4,
    "axon_connect_threshold": 0.4807508582612747,
    "self_connect_isolated_neurons_fraction": 0.22430015346514373,
    "weight_adjustment_target": 0.4292971190001229,
    "weight_adjustment_rate": 0.015324895105477656,
    "progenitor_secretion_rates": [
      0.23575218286327387,
      0.11700899294665623,
      0.36415054263921365
    ],
    "neuron_secretion_rates": [
      0.08068569642522816,
      0.3780820809481582,
      0.2846489454172771
    ],
    "inhibition_matrix": [
      [
        0.0,
        0.0,
        0.15156224002545327
      ],
      [
        0.0,
        0.0,
        0.0
      ],
      [
        0.0,
        0.0,
        0.0
      ]
    ],
    "diffusion_patterns": [
      [
        [
          0.08683923919484454,
          0.0980233508924337,
          0.13864796125109746
        ],
        [
          0.14696427291471473,
          0.0311671940588539,
          0.1341761287824011
        ],
        [
          0.1467405233536727,
          0.13128384660384837,
          0.08615748294813348
        ]
      ],
      [
        [
          0.03021022087883966,
          0.03728054532200006,
          0.017131782111620173
        ],
        [
          0.22119325761156,
          0.18806515296918214,
          0.06808372123117136
        ],
        [
          0.059346068798121016,
          0.15275958220281355,
          0.22592966887469196
        ]
      ],
      [
        [
          0.07098426353138633,
          0.18417047139501816,
          0.08756682701534269
        ],
        [
          0.059418898073772944,
          0.1264436426018791,
          0.13304734980856522
        ],
        [
          0.16720519742901457,
          0.04518020165778437,
          0.1259831484872366
        ]
      ]
    ]
  },
  "network_stats": {
    "neurons": 352,
    "connections": 738
  },
  "rollout_data": {
    "rewards": [
      -500.0,
      -500.0,
      -500.0,
      -500.0,
      -500.0,
      -500.0,
      -500.0,
      -500.0,
      -500.0,
      -500.0,
      -500.0,
      -500.0,
      -500.0,
      -500.0,
      -500.0,
      -500.0,
      -500.0,
      -500.0,
      -500.0,
      -500.0
    ],
    "lengths": [
      500,
      500,
      500,
      500,
      500,
      500,
      500,
      500,
      500,
      500,
      500,
      500,
      500,
      500,
      500,
      500,
      500,
      500,
      500,
      500
    ],
    "eval_seeds": [
      5006628,
      5006629,
      5006630,
      5006631,
      5006632,
      5006633,
      5006634,
      5006635,
      5006636,
      5006637,
      5006638,
      5006639,
      5006640,
      5006641,
      5006642,
      5006643,
      5006644,
      5006645,
      5006646,
      5006647
    ]
  }
}