{
  "network_id": 11343,
  "seed": 5011343,
  "valid": true,
  "baseline_reward": -500.0,
  "stratum": "weak",
  "genome": {
    "max_growth_steps": 200,
    "size_x": 20,
    "size_y": 20,
    "diffusion_rate": 0.15196138835035214,
    "num_morphogens": 3,
    "division_threshold": 0.4877929666733126,
    "cell_differentiation_threshold": 0.6055640559266559,
    "axon_growth_threshold": 0.30189758521628346,
    "max_axon_length": 2,
    "axon_connect_threshold": 0.6663568121608426,
    "self_connect_isolated_neurons_fraction": 0.24103953281986473,
    "weight_adjustment_target": 0.6795118032320258,
    "weight_adjustment_rate": 0.015836615539654156,
    "progenitor_secretion_rates": [
      0.4555324363690257,
      0.09309670346095533,
      0.06036776683186851
    ],
    "neuron_secretion_rates": [
      0.25001096451694027,
      0.14302714852575876,
      0.4487677349416773
    ],
    "inhibition_matrix": [
      [
        0.0,
        0.4966142922547692,
        0.0
      ],
      [
        0.0,
        0.0,
        0.0
      ],
      [
        0.0,
        0.0,
        0.0
      ]
    ],
    "diffusion_patterns": [
      [
        [
          0.2266303562961976,
          0.04108605500847799,
          0.17444614751338347
        ],
        [
          0.18437991453541466,
          0.01640636171695833,
          0.1322056726012829
        ],
        [
          0.13673837771198344,
          0.021867387961477164,
          0.06623972665482454
        ]
      ],
      [
        [
          0.12155570174550695,
          0.16612780606010563,
          0.14001285656972337
        ],
        [
          0.054712928296891936,
          0.025653295606017857,
          0.04255532863362407
        ],
        [
          0.1433492246424968,
          0.18958047554719598,
          0.11645238289843741
        ]
      ],
      [
        [
          0.12608374298591546,
          0.12528584714676141,
          0.14300986999318557
        ],
        [
          0.019134183316804537,
          0.1623963079501076,
          0.026724426238509087
        ],
        [
          0.03871258473852408,
          0.17732928850177046,
          0.1813237491284218
        ]
      ]
    ]
  },
  "network_stats": {
    "neurons": 400,
    "connections": 1005
  },
  "rollout_data": {
    "rewards": [
      -500.0,
      -500.0,
      -500.0,
      -500.0,
      -500.0,
      -500.0,
      -500.0,
      -500.0,
      -500.0,
      -500.0,
      -500.0,
      -500.0,
      -500.0,
      -500.0,
      -500.0,
      -500.0,
      -500.0,
      -500.0,
      -500.0,
      -500.0
    ],
    "lengths": [
      500,
      500,
      500,
      500,
      500,
      500,
      500,
      500,
      500,
      500,
      500,
      500,
      500,
      500,
      500,
      500,
      500,
      500,
      500,
      500
    ],
    "eval_seeds": [
      5011343,
      5011344,
      5011345,
      5011346,
      5011347,
      5011348,
      5011349,
      5011350,
      5011351,
      5011352,
      5011353,
      5011354,
      5011355,
      5011356,
      5011357,
      5011358,
      5011359,
      5011360,
      5011361,
      5011362
    ]
  }
}