{
  "network_id": 2049,
  "seed": 5002049,
  "valid": true,
  "baseline_reward": -500.0,
  "stratum": "weak",
  "genome": {
    "max_growth_steps": 200,
    "size_x": 20,
    "size_y": 20,
    "diffusion_rate": 0.08466913602705466,
    "num_morphogens": 3,
    "division_threshold": 0.40524799548332463,
    "cell_differentiation_threshold": 0.4178818238698572,
    "axon_growth_threshold": 0.2517277159522306,
    "max_axon_length": 7,
    "axon_connect_threshold": 0.42873627895205224,
    "self_connect_isolated_neurons_fraction": 0.16502208815817235,
    "weight_adjustment_target": 0.5356787850594565,
    "weight_adjustment_rate": 0.009481378964913365,
    "progenitor_secretion_rates": [
      0.4587153712170046,
      0.3321188498822539,
      0.4111541299475009
    ],
    "neuron_secretion_rates": [
      0.14231751764502493,
      0.2197719305448968,
      0.10341136300041115
    ],
    "inhibition_matrix": [
      [
        0.0,
        0.10781088048757104,
        0.0
      ],
      [
        0.3839135713941172,
        0.0,
        0.0
      ],
      [
        0.3824965743712155,
        0.21224507078688765,
        0.0
      ]
    ],
    "diffusion_patterns": [
      [
        [
          0.009287339127728014,
          0.16938890778522253,
          0.2014542786489529
        ],
        [
          0.0888145608648669,
          0.1689323322570887,
          0.16773692113268832
        ],
        [
          0.049928002692943285,
          0.10723724900285415,
          0.03722040848765539
        ]
      ],
      [
        [
          0.16693880220188226,
          0.15350821129800282,
          0.019015270367945893
        ],
        [
          0.11020539706032181,
          0.0672615777981715,
          0.07019041657226693
        ],
        [
          0.13079377126362998,
          0.16207833130674418,
          0.12000822213103456
        ]
      ],
      [
        [
          0.08147625779013808,
          0.033457206409110825,
          0.02405924236364504
        ],
        [
          0.10817693066029652,
          0.20735334474280376,
          0.1332123961475339
        ],
        [
          0.026882433987759552,
          0.19111698037435995,
          0.19426520752435225
        ]
      ]
    ]
  },
  "network_stats": {
    "neurons": 400,
    "connections": 179
  },
  "rollout_data": {
    "rewards": [
      -500.0,
      -500.0,
      -500.0,
      -500.0,
      -500.0,
      -500.0,
      -500.0,
      -500.0,
      -500.0,
      -500.0,
      -500.0,
      -500.0,
      -500.0,
      -500.0,
      -500.0,
      -500.0,
      -500.0,
      -500.0,
      -500.0,
      -500.0
    ],
    "lengths": [
      500,
      500,
      500,
      500,
      500,
      500,
      500,
      500,
      500,
      500,
      500,
      500,
      500,
      500,
      500,
      500,
      500,
      500,
      500,
      500
    ],
    "eval_seeds": [
      5002049,
      5002050,
      5002051,
      5002052,
      5002053,
      5002054,
      5002055,
      5002056,
      5002057,
      5002058,
      5002059,
      5002060,
      5002061,
      5002062,
      5002063,
      5002064,
      5002065,
      5002066,
      5002067,
      5002068
    ]
  }
}