{
  "network_id": 5858,
  "seed": 5005858,
  "valid": true,
  "baseline_reward": -500.0,
  "stratum": "weak",
  "genome": {
    "max_growth_steps": 200,
    "size_x": 20,
    "size_y": 20,
    "diffusion_rate": 0.19920787035577145,
    "num_morphogens": 3,
    "division_threshold": 0.3690888190430061,
    "cell_differentiation_threshold": 0.5119730218522747,
    "axon_growth_threshold": 0.20191767262332436,
    "max_axon_length": 3,
    "axon_connect_threshold": 0.5836465926483597,
    "self_connect_isolated_neurons_fraction": 0.20729927026120623,
    "weight_adjustment_target": 0.5131146589050435,
    "weight_adjustment_rate": 0.015206921953068662,
    "progenitor_secretion_rates": [
      0.25321353617817494,
      0.35255028133802213,
      0.0830939856682914
    ],
    "neuron_secretion_rates": [
      0.025056850079722637,
      0.21697229786945577,
      0.46967928277302423
    ],
    "inhibition_matrix": [
      [
        0.0,
        0.0,
        0.0
      ],
      [
        0.0,
        0.0,
        0.36326089294670594
      ],
      [
        0.0,
        0.3048767899094305,
        0.0
      ]
    ],
    "diffusion_patterns": [
      [
        [
          0.261574297449207,
          0.0014362062285614733,
          0.12492907402444405
        ],
        [
          0.0313858044613541,
          0.10531426512807063,
          0.08728632064548658
        ],
        [
          0.06113166169343203,
          0.0651462445703439,
          0.2617961257991001
        ]
      ],
      [
        [
          0.04160023978395581,
          0.0809758519068586,
          0.1803316539936415
        ],
        [
          0.18429805987192802,
          0.0732455649401375,
          0.10167894605957424
        ],
        [
          0.0074293615761523565,
          0.2632512069869943,
          0.06718911488075786
        ]
      ],
      [
        [
          0.146496759232452,
          0.19865935195885062,
          0.06382736017830856
        ],
        [
          0.15171518447059973,
          0.030745955033804628,
          0.11397714282315838
        ],
        [
          0.09072922002396429,
          0.06149191956809208,
          0.14235710671076968
        ]
      ]
    ]
  },
  "network_stats": {
    "neurons": 400,
    "connections": 1288
  },
  "rollout_data": {
    "rewards": [
      -500.0,
      -500.0,
      -500.0,
      -500.0,
      -500.0,
      -500.0,
      -500.0,
      -500.0,
      -500.0,
      -500.0,
      -500.0,
      -500.0,
      -500.0,
      -500.0,
      -500.0,
      -500.0,
      -500.0,
      -500.0,
      -500.0,
      -500.0
    ],
    "lengths": [
      500,
      500,
      500,
      500,
      500,
      500,
      500,
      500,
      500,
      500,
      500,
      500,
      500,
      500,
      500,
      500,
      500,
      500,
      500,
      500
    ],
    "eval_seeds": [
      5005858,
      5005859,
      5005860,
      5005861,
      5005862,
      5005863,
      5005864,
      5005865,
      5005866,
      5005867,
      5005868,
      5005869,
      5005870,
      5005871,
      5005872,
      5005873,
      5005874,
      5005875,
      5005876,
      5005877
    ]
  }
}