{
  "network_id": 272,
  "seed": 5000272,
  "valid": true,
  "baseline_reward": -500.0,
  "stratum": "weak",
  "genome": {
    "max_growth_steps": 200,
    "size_x": 20,
    "size_y": 20,
    "diffusion_rate": 0.05446177207767346,
    "num_morphogens": 3,
    "division_threshold": 0.35248562172206716,
    "cell_differentiation_threshold": 0.4757684643357285,
    "axon_growth_threshold": 0.3277271917662401,
    "max_axon_length": 4,
    "axon_connect_threshold": 0.6483046216072397,
    "self_connect_isolated_neurons_fraction": 0.14618156028891507,
    "weight_adjustment_target": 0.5418381511336089,
    "weight_adjustment_rate": 0.009439792593910815,
    "progenitor_secretion_rates": [
      0.11545038074117242,
      0.049695903224219184,
      0.4995793162717001
    ],
    "neuron_secretion_rates": [
      0.3864305310293703,
      0.2307969901573752,
      0.45338670555100213
    ],
    "inhibition_matrix": [
      [
        0.0,
        0.0,
        0.0
      ],
      [
        0.0,
        0.0,
        0.0
      ],
      [
        0.05195053440695302,
        0.1643450386078802,
        0.0
      ]
    ],
    "diffusion_patterns": [
      [
        [
          0.1484701490327178,
          0.1182168711016328,
          0.06883162440531713
        ],
        [
          0.12454740517917165,
          0.11084513351834006,
          0.0919037248933719
        ],
        [
          0.11818421568956526,
          0.07003157033762766,
          0.14896930584225557
        ]
      ],
      [
        [
          0.07569638375664808,
          0.17668559903162062,
          0.19747456186462062
        ],
        [
          0.18975393709611893,
          0.02359926575928961,
          0.04918860812417295
        ],
        [
          0.09641611454791864,
          0.06451094494578237,
          0.12667458487382816
        ]
      ],
      [
        [
          0.1030808678299477,
          0.09050203089991088,
          0.1338962943368982
        ],
        [
          0.03898310826858176,
          0.08474496823057427,
          0.1873314210110388
        ],
        [
          0.044818298857758884,
          0.15321207123099828,
          0.16343093933429126
        ]
      ]
    ]
  },
  "network_stats": {
    "neurons": 400,
    "connections": 1067
  },
  "rollout_data": {
    "rewards": [
      -500.0,
      -500.0,
      -500.0,
      -500.0,
      -500.0,
      -500.0,
      -500.0,
      -500.0,
      -500.0,
      -500.0,
      -500.0,
      -500.0,
      -500.0,
      -500.0,
      -500.0,
      -500.0,
      -500.0,
      -500.0,
      -500.0,
      -500.0
    ],
    "lengths": [
      500,
      500,
      500,
      500,
      500,
      500,
      500,
      500,
      500,
      500,
      500,
      500,
      500,
      500,
      500,
      500,
      500,
      500,
      500,
      500
    ],
    "eval_seeds": [
      5000272,
      5000273,
      5000274,
      5000275,
      5000276,
      5000277,
      5000278,
      5000279,
      5000280,
      5000281,
      5000282,
      5000283,
      5000284,
      5000285,
      5000286,
      5000287,
      5000288,
      5000289,
      5000290,
      5000291
    ]
  }
}