{
  "network_id": 288,
  "seed": 5000288,
  "valid": true,
  "baseline_reward": -500.0,
  "stratum": "weak",
  "genome": {
    "max_growth_steps": 200,
    "size_x": 20,
    "size_y": 20,
    "diffusion_rate": 0.1847433923014677,
    "num_morphogens": 3,
    "division_threshold": 0.6392615006987717,
    "cell_differentiation_threshold": 0.5131504802436867,
    "axon_growth_threshold": 0.343536506638527,
    "max_axon_length": 4,
    "axon_connect_threshold": 0.4178597364655418,
    "self_connect_isolated_neurons_fraction": 0.27033091178651486,
    "weight_adjustment_target": 0.6336983215962895,
    "weight_adjustment_rate": 0.007673785310233138,
    "progenitor_secretion_rates": [
      0.4454505014383842,
      0.29828755701306253,
      0.13262790554275689
    ],
    "neuron_secretion_rates": [
      0.040238672954600097,
      0.17624083746561114,
      0.2716487666257803
    ],
    "inhibition_matrix": [
      [
        0.0,
        0.23267677172444656,
        0.0
      ],
      [
        0.0,
        0.0,
        0.4258874799570114
      ],
      [
        0.09993251650178425,
        0.34474283460960387,
        0.0
      ]
    ],
    "diffusion_patterns": [
      [
        [
          0.07394069998139143,
          0.07729824635535405,
          0.1891587114129157
        ],
        [
          0.12248508070809416,
          0.04013870305509252,
          0.14604817122600583
        ],
        [
          0.09839436999546886,
          0.10364950080431624,
          0.14888651646136128
        ]
      ],
      [
        [
          0.003887083004953986,
          0.06871901045243478,
          0.12649741908665413
        ],
        [
          0.14688824397150937,
          0.1272822065181354,
          0.0928076369050656
        ],
        [
          0.13846591412449594,
          0.14859045740105134,
          0.14686202853569946
        ]
      ],
      [
        [
          0.12112803381901034,
          0.21578675843755984,
          0.11795194281664054
        ],
        [
          0.13521397276155572,
          0.124796142999301,
          0.156072033619413
        ],
        [
          0.0019276675261910624,
          0.02396448496859979,
          0.10315896305172893
        ]
      ]
    ]
  },
  "network_stats": {
    "neurons": 400,
    "connections": 1013
  },
  "rollout_data": {
    "rewards": [
      -500.0,
      -500.0,
      -500.0,
      -500.0,
      -500.0,
      -500.0,
      -500.0,
      -500.0,
      -500.0,
      -500.0,
      -500.0,
      -500.0,
      -500.0,
      -500.0,
      -500.0,
      -500.0,
      -500.0,
      -500.0,
      -500.0,
      -500.0
    ],
    "lengths": [
      500,
      500,
      500,
      500,
      500,
      500,
      500,
      500,
      500,
      500,
      500,
      500,
      500,
      500,
      500,
      500,
      500,
      500,
      500,
      500
    ],
    "eval_seeds": [
      5000288,
      5000289,
      5000290,
      5000291,
      5000292,
      5000293,
      5000294,
      5000295,
      5000296,
      5000297,
      5000298,
      5000299,
      5000300,
      5000301,
      5000302,
      5000303,
      5000304,
      5000305,
      5000306,
      5000307
    ]
  }
}