{
  "network_id": 17517,
  "seed": 5017517,
  "valid": true,
  "baseline_reward": -500.0,
  "stratum": "weak",
  "genome": {
    "max_growth_steps": 200,
    "size_x": 20,
    "size_y": 20,
    "diffusion_rate": 0.17788461746519282,
    "num_morphogens": 3,
    "division_threshold": 0.6713933105675872,
    "cell_differentiation_threshold": 0.6668440763970527,
    "axon_growth_threshold": 0.42696011793431005,
    "max_axon_length": 6,
    "axon_connect_threshold": 0.6013301825640344,
    "self_connect_isolated_neurons_fraction": 0.03636421252385806,
    "weight_adjustment_target": 0.5709295738503884,
    "weight_adjustment_rate": 0.00698525929658827,
    "progenitor_secretion_rates": [
      0.3994755936236614,
      0.31056040509639754,
      0.0857758905794192
    ],
    "neuron_secretion_rates": [
      0.4852733081403661,
      0.280303762278303,
      0.22915587045516955
    ],
    "inhibition_matrix": [
      [
        0.0,
        0.0,
        0.0
      ],
      [
        0.0,
        0.0,
        0.0
      ],
      [
        0.0,
        0.0,
        0.0
      ]
    ],
    "diffusion_patterns": [
      [
        [
          0.09451366588661221,
          0.062221504096947655,
          0.14931734076595196
        ],
        [
          0.01772161304603876,
          0.1640876456148803,
          0.03644311276725463
        ],
        [
          0.12569291461826745,
          0.1139644271916916,
          0.23603777601235534
        ]
      ],
      [
        [
          0.15409694672943597,
          0.11312475850596387,
          0.013812844319756835
        ],
        [
          0.08953814992497658,
          0.1033282512881767,
          0.12278669217311614
        ],
        [
          0.12907131313533649,
          0.13236284175208676,
          0.14187820217115069
        ]
      ],
      [
        [
          0.0853588039452192,
          0.032517563008561824,
          0.008551029547166852
        ],
        [
          0.1010706769301466,
          0.2021591821810817,
          0.20584464931915472
        ],
        [
          0.10365119771514497,
          0.015003707755204928,
          0.24584318959831916
        ]
      ]
    ]
  },
  "network_stats": {
    "neurons": 393,
    "connections": 1110
  },
  "rollout_data": {
    "rewards": [
      -500.0,
      -500.0,
      -500.0,
      -500.0,
      -500.0,
      -500.0,
      -500.0,
      -500.0,
      -500.0,
      -500.0,
      -500.0,
      -500.0,
      -500.0,
      -500.0,
      -500.0,
      -500.0,
      -500.0,
      -500.0,
      -500.0,
      -500.0
    ],
    "lengths": [
      500,
      500,
      500,
      500,
      500,
      500,
      500,
      500,
      500,
      500,
      500,
      500,
      500,
      500,
      500,
      500,
      500,
      500,
      500,
      500
    ],
    "eval_seeds": [
      5017517,
      5017518,
      5017519,
      5017520,
      5017521,
      5017522,
      5017523,
      5017524,
      5017525,
      5017526,
      5017527,
      5017528,
      5017529,
      5017530,
      5017531,
      5017532,
      5017533,
      5017534,
      5017535,
      5017536
    ]
  }
}