{
  "network_id": 7049,
  "seed": 5007049,
  "valid": true,
  "baseline_reward": -500.0,
  "stratum": "weak",
  "genome": {
    "max_growth_steps": 200,
    "size_x": 20,
    "size_y": 20,
    "diffusion_rate": 0.05000627358977373,
    "num_morphogens": 3,
    "division_threshold": 0.3773035458802637,
    "cell_differentiation_threshold": 0.5128018412324674,
    "axon_growth_threshold": 0.32385025131556927,
    "max_axon_length": 3,
    "axon_connect_threshold": 0.6636186679194371,
    "self_connect_isolated_neurons_fraction": 0.21120141058200026,
    "weight_adjustment_target": 0.6177866579550257,
    "weight_adjustment_rate": 0.012743556630983699,
    "progenitor_secretion_rates": [
      0.35779732065351644,
      0.06713659276687889,
      0.16577829012947431
    ],
    "neuron_secretion_rates": [
      0.003334175358610858,
      0.020131980289446016,
      0.4891900427558314
    ],
    "inhibition_matrix": [
      [
        0.0,
        0.0,
        0.0
      ],
      [
        0.0,
        0.0,
        0.07797558294573975
      ],
      [
        0.246751515873134,
        0.33606940457465573,
        0.0
      ]
    ],
    "diffusion_patterns": [
      [
        [
          0.1379814284582646,
          0.0511168462634447,
          0.01736397571269243
        ],
        [
          0.10068434063241924,
          0.14961383954518967,
          0.14844586334297163
        ],
        [
          0.10332581247472687,
          0.13551289426937452,
          0.15595499930091639
        ]
      ],
      [
        [
          0.2147189172531782,
          0.21003602040508623,
          0.06337385049395
        ],
        [
          0.0892701478047134,
          0.02262535796693394,
          0.0700113218123657
        ],
        [
          0.2055364935484407,
          0.018061714723106834,
          0.10636617599222502
        ]
      ],
      [
        [
          0.13911766951970228,
          0.11262376277617549,
          0.2840218679178549
        ],
        [
          0.007202430214243306,
          0.29403536755836623,
          0.01179944679595975
        ],
        [
          0.08838069104000862,
          0.02349106673872205,
          0.03932769743896748
        ]
      ]
    ]
  },
  "network_stats": {
    "neurons": 400,
    "connections": 987
  },
  "rollout_data": {
    "rewards": [
      -500.0,
      -500.0,
      -500.0,
      -500.0,
      -500.0,
      -500.0,
      -500.0,
      -500.0,
      -500.0,
      -500.0,
      -500.0,
      -500.0,
      -500.0,
      -500.0,
      -500.0,
      -500.0,
      -500.0,
      -500.0,
      -500.0,
      -500.0
    ],
    "lengths": [
      500,
      500,
      500,
      500,
      500,
      500,
      500,
      500,
      500,
      500,
      500,
      500,
      500,
      500,
      500,
      500,
      500,
      500,
      500,
      500
    ],
    "eval_seeds": [
      5007049,
      5007050,
      5007051,
      5007052,
      5007053,
      5007054,
      5007055,
      5007056,
      5007057,
      5007058,
      5007059,
      5007060,
      5007061,
      5007062,
      5007063,
      5007064,
      5007065,
      5007066,
      5007067,
      5007068
    ]
  }
}