{
  "network_id": 2863,
  "seed": 5002863,
  "valid": true,
  "baseline_reward": -500.0,
  "stratum": "weak",
  "genome": {
    "max_growth_steps": 200,
    "size_x": 20,
    "size_y": 20,
    "diffusion_rate": 0.08022734097638402,
    "num_morphogens": 3,
    "division_threshold": 0.4055676706124327,
    "cell_differentiation_threshold": 0.4561303082416036,
    "axon_growth_threshold": 0.41060754200563926,
    "max_axon_length": 7,
    "axon_connect_threshold": 0.8070706798258441,
    "self_connect_isolated_neurons_fraction": 0.28237332714020863,
    "weight_adjustment_target": 0.6299545421564957,
    "weight_adjustment_rate": 0.006360885671135829,
    "progenitor_secretion_rates": [
      0.35389103984082343,
      0.09182634744269336,
      0.041202706145749
    ],
    "neuron_secretion_rates": [
      0.3987825191918187,
      0.15136558260125693,
      0.3583060125391549
    ],
    "inhibition_matrix": [
      [
        0.0,
        0.0,
        0.0
      ],
      [
        0.0,
        0.0,
        0.0
      ],
      [
        0.0,
        0.0,
        0.0
      ]
    ],
    "diffusion_patterns": [
      [
        [
          0.13263859157383698,
          0.15953737179027672,
          0.06493854072429552
        ],
        [
          0.170566933232774,
          0.05239133003405931,
          0.17829401688086444
        ],
        [
          0.13115582132559883,
          0.07627055556044669,
          0.03420683887784759
        ]
      ],
      [
        [
          0.19609057311457867,
          0.10543229453006735,
          0.15351130062134105
        ],
        [
          0.015671360359695307,
          0.08014285517370778,
          0.06398525407464273
        ],
        [
          0.16714637191490242,
          0.08781093701161259,
          0.13020905319945206
        ]
      ],
      [
        [
          0.059332891195487306,
          0.13714922685094091,
          0.033892515748228026
        ],
        [
          0.28836350036129765,
          0.07276063859446447,
          0.13951378702276726
        ],
        [
          0.0514700502081611,
          0.2133634911747296,
          0.004153898843923715
        ]
      ]
    ]
  },
  "network_stats": {
    "neurons": 400,
    "connections": 1107
  },
  "rollout_data": {
    "rewards": [
      -500.0,
      -500.0,
      -500.0,
      -500.0,
      -500.0,
      -500.0,
      -500.0,
      -500.0,
      -500.0,
      -500.0,
      -500.0,
      -500.0,
      -500.0,
      -500.0,
      -500.0,
      -500.0,
      -500.0,
      -500.0,
      -500.0,
      -500.0
    ],
    "lengths": [
      500,
      500,
      500,
      500,
      500,
      500,
      500,
      500,
      500,
      500,
      500,
      500,
      500,
      500,
      500,
      500,
      500,
      500,
      500,
      500
    ],
    "eval_seeds": [
      5002863,
      5002864,
      5002865,
      5002866,
      5002867,
      5002868,
      5002869,
      5002870,
      5002871,
      5002872,
      5002873,
      5002874,
      5002875,
      5002876,
      5002877,
      5002878,
      5002879,
      5002880,
      5002881,
      5002882
    ]
  }
}