{
  "network_id": 10426,
  "seed": 5010426,
  "valid": true,
  "baseline_reward": -500.0,
  "stratum": "weak",
  "genome": {
    "max_growth_steps": 200,
    "size_x": 20,
    "size_y": 20,
    "diffusion_rate": 0.07223704819351964,
    "num_morphogens": 3,
    "division_threshold": 0.3431057631354577,
    "cell_differentiation_threshold": 0.42278087047478285,
    "axon_growth_threshold": 0.29648008219842675,
    "max_axon_length": 4,
    "axon_connect_threshold": 0.4637570736443525,
    "self_connect_isolated_neurons_fraction": 0.2709052230280602,
    "weight_adjustment_target": 0.6054289921292934,
    "weight_adjustment_rate": 0.015317539100492834,
    "progenitor_secretion_rates": [
      0.31401382849861986,
      0.10729470140572867,
      0.3220117840976842
    ],
    "neuron_secretion_rates": [
      0.32317629847293017,
      0.4664276604299244,
      0.1389882357011939
    ],
    "inhibition_matrix": [
      [
        0.0,
        0.0,
        0.10993450080588424
      ],
      [
        0.0,
        0.0,
        0.0
      ],
      [
        0.0,
        0.0,
        0.0
      ]
    ],
    "diffusion_patterns": [
      [
        [
          0.15488457202878195,
          0.04929185695347859,
          0.16093804878667872
        ],
        [
          0.1469736018175914,
          0.09288578085942453,
          0.07609085919688031
        ],
        [
          0.1295585662597749,
          0.11633425080418647,
          0.0730424632932031
        ]
      ],
      [
        [
          0.20830982793678757,
          0.1631436971712967,
          0.11742913636474747
        ],
        [
          0.13071921403672349,
          0.11716109376455866,
          0.07615663324594422
        ],
        [
          0.09559221637659976,
          0.02268718958967994,
          0.06880099151366212
        ]
      ],
      [
        [
          0.05443142567836626,
          0.005032590229632836,
          0.11686607095876342
        ],
        [
          0.16160659300857075,
          0.1578576000334206,
          0.07192846248795559
        ],
        [
          0.0901669872063726,
          0.14815431664207426,
          0.1939559537548436
        ]
      ]
    ]
  },
  "network_stats": {
    "neurons": 400,
    "connections": 827
  },
  "rollout_data": {
    "rewards": [
      -500.0,
      -500.0,
      -500.0,
      -500.0,
      -500.0,
      -500.0,
      -500.0,
      -500.0,
      -500.0,
      -500.0,
      -500.0,
      -500.0,
      -500.0,
      -500.0,
      -500.0,
      -500.0,
      -500.0,
      -500.0,
      -500.0,
      -500.0
    ],
    "lengths": [
      500,
      500,
      500,
      500,
      500,
      500,
      500,
      500,
      500,
      500,
      500,
      500,
      500,
      500,
      500,
      500,
      500,
      500,
      500,
      500
    ],
    "eval_seeds": [
      5010426,
      5010427,
      5010428,
      5010429,
      5010430,
      5010431,
      5010432,
      5010433,
      5010434,
      5010435,
      5010436,
      5010437,
      5010438,
      5010439,
      5010440,
      5010441,
      5010442,
      5010443,
      5010444,
      5010445
    ]
  }
}