{
  "network_id": 15835,
  "seed": 5015835,
  "valid": true,
  "baseline_reward": -500.0,
  "stratum": "weak",
  "genome": {
    "max_growth_steps": 200,
    "size_x": 20,
    "size_y": 20,
    "diffusion_rate": 0.1381511621165623,
    "num_morphogens": 3,
    "division_threshold": 0.44064612333984693,
    "cell_differentiation_threshold": 0.3202881100007797,
    "axon_growth_threshold": 0.22678406039902776,
    "max_axon_length": 2,
    "axon_connect_threshold": 0.7191496646174522,
    "self_connect_isolated_neurons_fraction": 0.04467308059447312,
    "weight_adjustment_target": 0.33057833926205255,
    "weight_adjustment_rate": 0.017385344152357745,
    "progenitor_secretion_rates": [
      0.20310202094173668,
      0.20888608163317707,
      0.056241061886796395
    ],
    "neuron_secretion_rates": [
      0.32857689147065783,
      0.2760319165984942,
      0.3901821102432464
    ],
    "inhibition_matrix": [
      [
        0.0,
        0.22832241044618928,
        0.1365028658501265
      ],
      [
        0.4307480231181977,
        0.0,
        0.4786564826510414
      ],
      [
        0.2836914601780368,
        0.40619775502354205,
        0.0
      ]
    ],
    "diffusion_patterns": [
      [
        [
          0.182183513412677,
          0.07454837220327343,
          0.2634478876672575
        ],
        [
          0.01699001716608162,
          0.20469988740454495,
          0.1179292284477383
        ],
        [
          0.04337650359398071,
          0.0590532926700484,
          0.03777129743439806
        ]
      ],
      [
        [
          0.15961522901074543,
          0.16035395800946683,
          0.051832874020919094
        ],
        [
          0.1352301493781953,
          0.04135259998254624,
          0.1699065575579118
        ],
        [
          0.2088732629826191,
          0.059517849544640206,
          0.013317519512955966
        ]
      ],
      [
        [
          0.013188650684474518,
          0.0955410615319159,
          0.06909373243977603
        ],
        [
          0.0057177859853978046,
          0.03031677840174555,
          0.1686226878317356
        ],
        [
          0.17541367202568142,
          0.219759269836388,
          0.22234636126288523
        ]
      ]
    ]
  },
  "network_stats": {
    "neurons": 337,
    "connections": 661
  },
  "rollout_data": {
    "rewards": [
      -500.0,
      -500.0,
      -500.0,
      -500.0,
      -500.0,
      -500.0,
      -500.0,
      -500.0,
      -500.0,
      -500.0,
      -500.0,
      -500.0,
      -500.0,
      -500.0,
      -500.0,
      -500.0,
      -500.0,
      -500.0,
      -500.0,
      -500.0
    ],
    "lengths": [
      500,
      500,
      500,
      500,
      500,
      500,
      500,
      500,
      500,
      500,
      500,
      500,
      500,
      500,
      500,
      500,
      500,
      500,
      500,
      500
    ],
    "eval_seeds": [
      5015835,
      5015836,
      5015837,
      5015838,
      5015839,
      5015840,
      5015841,
      5015842,
      5015843,
      5015844,
      5015845,
      5015846,
      5015847,
      5015848,
      5015849,
      5015850,
      5015851,
      5015852,
      5015853,
      5015854
    ]
  }
}