{
  "network_id": 12760,
  "seed": 5012760,
  "valid": true,
  "baseline_reward": -500.0,
  "stratum": "weak",
  "genome": {
    "max_growth_steps": 200,
    "size_x": 20,
    "size_y": 20,
    "diffusion_rate": 0.05002199997666646,
    "num_morphogens": 3,
    "division_threshold": 0.5328523689770215,
    "cell_differentiation_threshold": 0.6460605191426934,
    "axon_growth_threshold": 0.493646920230995,
    "max_axon_length": 5,
    "axon_connect_threshold": 0.9766759235297058,
    "self_connect_isolated_neurons_fraction": 0.21585451152719778,
    "weight_adjustment_target": 0.38269331526505274,
    "weight_adjustment_rate": 0.017077226449917413,
    "progenitor_secretion_rates": [
      0.45939212716602756,
      0.11603237932608457,
      0.047163488764671635
    ],
    "neuron_secretion_rates": [
      0.480107650055308,
      0.20244128176965964,
      0.37777568502116543
    ],
    "inhibition_matrix": [
      [
        0.0,
        0.0,
        0.0
      ],
      [
        0.0,
        0.0,
        0.002246855603705078
      ],
      [
        0.0,
        0.0,
        0.0
      ]
    ],
    "diffusion_patterns": [
      [
        [
          0.03852906755115591,
          0.08379577309769237,
          0.16962854649898465
        ],
        [
          0.047730920413011226,
          0.0302421701658399,
          0.13044008007572228
        ],
        [
          0.20346746902533425,
          0.09309756904523536,
          0.20306840412702393
        ]
      ],
      [
        [
          0.01343535610263375,
          0.061341371113522045,
          0.2539809764571454
        ],
        [
          0.08921945060971596,
          0.027751847608465448,
          0.24669406858161363
        ],
        [
          0.20080443041399043,
          0.08025892376190359,
          0.026513575351009632
        ]
      ],
      [
        [
          0.151201578815189,
          0.07722891144770955,
          0.0373020443152926
        ],
        [
          0.10621347876683288,
          0.1242888291738845,
          0.016585252714472844
        ],
        [
          0.1657510239270071,
          0.17122983809596007,
          0.15019904274365153
        ]
      ]
    ]
  },
  "network_stats": {
    "neurons": 400,
    "connections": 1038
  },
  "rollout_data": {
    "rewards": [
      -500.0,
      -500.0,
      -500.0,
      -500.0,
      -500.0,
      -500.0,
      -500.0,
      -500.0,
      -500.0,
      -500.0,
      -500.0,
      -500.0,
      -500.0,
      -500.0,
      -500.0,
      -500.0,
      -500.0,
      -500.0,
      -500.0,
      -500.0
    ],
    "lengths": [
      500,
      500,
      500,
      500,
      500,
      500,
      500,
      500,
      500,
      500,
      500,
      500,
      500,
      500,
      500,
      500,
      500,
      500,
      500,
      500
    ],
    "eval_seeds": [
      5012760,
      5012761,
      5012762,
      5012763,
      5012764,
      5012765,
      5012766,
      5012767,
      5012768,
      5012769,
      5012770,
      5012771,
      5012772,
      5012773,
      5012774,
      5012775,
      5012776,
      5012777,
      5012778,
      5012779
    ]
  }
}