{
  "network_id": 14005,
  "seed": 5014005,
  "valid": true,
  "baseline_reward": -500.0,
  "stratum": "weak",
  "genome": {
    "max_growth_steps": 200,
    "size_x": 20,
    "size_y": 20,
    "diffusion_rate": 0.18709521921597863,
    "num_morphogens": 3,
    "division_threshold": 0.3892275197255484,
    "cell_differentiation_threshold": 0.5215136789526373,
    "axon_growth_threshold": 0.24402142743999736,
    "max_axon_length": 5,
    "axon_connect_threshold": 0.6805187400389372,
    "self_connect_isolated_neurons_fraction": 0.20631294113081805,
    "weight_adjustment_target": 0.4116816753657755,
    "weight_adjustment_rate": 0.005072438758855618,
    "progenitor_secretion_rates": [
      0.487469520201484,
      0.28538066079216584,
      0.41952847981139035
    ],
    "neuron_secretion_rates": [
      0.3628468706259825,
      0.05035576236162154,
      0.05757279468726484
    ],
    "inhibition_matrix": [
      [
        0.0,
        0.0,
        0.34093298333279015
      ],
      [
        0.33483968874438735,
        0.0,
        0.0
      ],
      [
        0.0,
        0.0,
        0.0
      ]
    ],
    "diffusion_patterns": [
      [
        [
          0.061062100415717385,
          0.0010237263870515594,
          0.07630372099716018
        ],
        [
          0.22003584042212754,
          0.11810365373036895,
          0.14985458958086836
        ],
        [
          0.1167200371303167,
          0.1862378212373456,
          0.07065851009904377
        ]
      ],
      [
        [
          0.06476470715670041,
          0.08532377916495137,
          0.16742539077204593
        ],
        [
          0.12776607371396514,
          0.11607698090425092,
          0.015184953398975158
        ],
        [
          0.18097012431676,
          0.1360657831297876,
          0.10642220744256344
        ]
      ],
      [
        [
          0.1206460481945031,
          0.0879380731735568,
          0.08222077031575552
        ],
        [
          0.10851757939251,
          0.15662725242554013,
          0.13280039980615205
        ],
        [
          0.02255786838019478,
          0.14261296421112551,
          0.14607904410066222
        ]
      ]
    ]
  },
  "network_stats": {
    "neurons": 400,
    "connections": 839
  },
  "rollout_data": {
    "rewards": [
      -500.0,
      -500.0,
      -500.0,
      -500.0,
      -500.0,
      -500.0,
      -500.0,
      -500.0,
      -500.0,
      -500.0,
      -500.0,
      -500.0,
      -500.0,
      -500.0,
      -500.0,
      -500.0,
      -500.0,
      -500.0,
      -500.0,
      -500.0
    ],
    "lengths": [
      500,
      500,
      500,
      500,
      500,
      500,
      500,
      500,
      500,
      500,
      500,
      500,
      500,
      500,
      500,
      500,
      500,
      500,
      500,
      500
    ],
    "eval_seeds": [
      5014005,
      5014006,
      5014007,
      5014008,
      5014009,
      5014010,
      5014011,
      5014012,
      5014013,
      5014014,
      5014015,
      5014016,
      5014017,
      5014018,
      5014019,
      5014020,
      5014021,
      5014022,
      5014023,
      5014024
    ]
  }
}