{
  "network_id": 3350,
  "seed": 5003350,
  "valid": true,
  "baseline_reward": -500.0,
  "stratum": "weak",
  "genome": {
    "max_growth_steps": 200,
    "size_x": 20,
    "size_y": 20,
    "diffusion_rate": 0.06102938908626924,
    "num_morphogens": 3,
    "division_threshold": 0.5259767031721233,
    "cell_differentiation_threshold": 0.3815226310950303,
    "axon_growth_threshold": 0.23928388221676233,
    "max_axon_length": 8,
    "axon_connect_threshold": 0.7574295512110386,
    "self_connect_isolated_neurons_fraction": 0.11304907558893623,
    "weight_adjustment_target": 0.49050240856543004,
    "weight_adjustment_rate": 0.016919041330046354,
    "progenitor_secretion_rates": [
      0.4440316859239845,
      0.2473914664353813,
      0.03751876145810662
    ],
    "neuron_secretion_rates": [
      0.3895947924376421,
      0.1404211850660545,
      0.4728145982392384
    ],
    "inhibition_matrix": [
      [
        0.0,
        0.0,
        0.0
      ],
      [
        0.0,
        0.0,
        0.0
      ],
      [
        0.0,
        0.0,
        0.0
      ]
    ],
    "diffusion_patterns": [
      [
        [
          0.05265886536009471,
          0.15116351918924964,
          0.16218963442262885
        ],
        [
          0.102485167354217,
          0.11154700451781703,
          0.11867877090982809
        ],
        [
          0.07117732636116275,
          0.09409911812433401,
          0.13600059376066792
        ]
      ],
      [
        [
          0.11449186445938284,
          0.07348852073467921,
          0.03461221362921921
        ],
        [
          0.1291738687905297,
          0.1639108400733383,
          0.05267086641537532
        ],
        [
          0.1319894984531579,
          0.14074460507214706,
          0.15891772237217042
        ]
      ],
      [
        [
          0.18101530644846117,
          0.007370407737997657,
          0.03706821733669748
        ],
        [
          0.18268827189987027,
          0.08270156897755519,
          0.194085796314521
        ],
        [
          0.15781474097556378,
          0.08164402042867211,
          0.0756116698806613
        ]
      ]
    ]
  },
  "network_stats": {
    "neurons": 400,
    "connections": 1120
  },
  "rollout_data": {
    "rewards": [
      -500.0,
      -500.0,
      -500.0,
      -500.0,
      -500.0,
      -500.0,
      -500.0,
      -500.0,
      -500.0,
      -500.0,
      -500.0,
      -500.0,
      -500.0,
      -500.0,
      -500.0,
      -500.0,
      -500.0,
      -500.0,
      -500.0,
      -500.0
    ],
    "lengths": [
      500,
      500,
      500,
      500,
      500,
      500,
      500,
      500,
      500,
      500,
      500,
      500,
      500,
      500,
      500,
      500,
      500,
      500,
      500,
      500
    ],
    "eval_seeds": [
      5003350,
      5003351,
      5003352,
      5003353,
      5003354,
      5003355,
      5003356,
      5003357,
      5003358,
      5003359,
      5003360,
      5003361,
      5003362,
      5003363,
      5003364,
      5003365,
      5003366,
      5003367,
      5003368,
      5003369
    ]
  }
}