{
  "network_id": 9057,
  "seed": 5009057,
  "valid": true,
  "baseline_reward": -175.85,
  "stratum": "near_perfect",
  "genome": {
    "max_growth_steps": 200,
    "size_x": 20,
    "size_y": 20,
    "diffusion_rate": 0.121569500922013,
    "num_morphogens": 3,
    "division_threshold": 0.3873956307222298,
    "cell_differentiation_threshold": 0.5122165980964116,
    "axon_growth_threshold": 0.2200233994789138,
    "max_axon_length": 2,
    "axon_connect_threshold": 0.6551587235590277,
    "self_connect_isolated_neurons_fraction": 0.17459327432529215,
    "weight_adjustment_target": 0.562547641019634,
    "weight_adjustment_rate": 0.017530007943419707,
    "progenitor_secretion_rates": [
      0.17346519297764845,
      0.20299421932915584,
      0.38757760385648515
    ],
    "neuron_secretion_rates": [
      0.12498685639863721,
      0.1920910407055304,
      0.46469411443988945
    ],
    "inhibition_matrix": [
      [
        0.0,
        0.0,
        0.0
      ],
      [
        0.0,
        0.0,
        0.0
      ],
      [
        0.0,
        0.0,
        0.0
      ]
    ],
    "diffusion_patterns": [
      [
        [
          0.21426918914848167,
          0.13453318441833673,
          0.09678270917790392
        ],
        [
          0.05439921106680451,
          0.1551127130243788,
          0.11050436518477605
        ],
        [
          0.05799483373760289,
          0.11590727537343458,
          0.06049651886828081
        ]
      ],
      [
        [
          0.10410422382535563,
          0.11147541366229627,
          0.0627415834444401
        ],
        [
          0.157026781570857,
          0.1339582030118251,
          0.06977418996226649
        ],
        [
          0.17408362158818996,
          0.015968706323100004,
          0.17086727661166945
        ]
      ],
      [
        [
          0.03309226631132685,
          0.30939855918025005,
          0.022550094315869827
        ],
        [
          0.017636905051139896,
          0.020308581879999333,
          0.24246562735761823
        ],
        [
          0.2626930636076079,
          0.05179051021013822,
          0.04006439208604964
        ]
      ]
    ]
  },
  "network_stats": {
    "neurons": 400,
    "connections": 1062
  },
  "rollout_data": {
    "rewards": [
      -142.0,
      -142.0,
      -177.0,
      -211.0,
      -171.0,
      -168.0,
      -254.0,
      -157.0,
      -162.0,
      -172.0,
      -140.0,
      -189.0,
      -171.0,
      -161.0,
      -239.0,
      -172.0,
      -193.0,
      -152.0,
      -163.0,
      -181.0
    ],
    "lengths": [
      143,
      143,
      178,
      212,
      172,
      169,
      255,
      158,
      163,
      173,
      141,
      190,
      172,
      162,
      240,
      173,
      194,
      153,
      164,
      182
    ],
    "eval_seeds": [
      5009057,
      5009058,
      5009059,
      5009060,
      5009061,
      5009062,
      5009063,
      5009064,
      5009065,
      5009066,
      5009067,
      5009068,
      5009069,
      5009070,
      5009071,
      5009072,
      5009073,
      5009074,
      5009075,
      5009076
    ]
  }
}