{
  "network_id": 18534,
  "seed": 5018534,
  "valid": true,
  "baseline_reward": -500.0,
  "stratum": "weak",
  "genome": {
    "max_growth_steps": 200,
    "size_x": 20,
    "size_y": 20,
    "diffusion_rate": 0.056043616665257166,
    "num_morphogens": 3,
    "division_threshold": 0.4217330289363646,
    "cell_differentiation_threshold": 0.3933707388013934,
    "axon_growth_threshold": 0.3383752874156022,
    "max_axon_length": 8,
    "axon_connect_threshold": 0.6465559273636751,
    "self_connect_isolated_neurons_fraction": 0.13060956272063204,
    "weight_adjustment_target": 0.3197727209420694,
    "weight_adjustment_rate": 0.01340426055148386,
    "progenitor_secretion_rates": [
      0.24525183125467115,
      0.12223617406148629,
      0.12336317608456493
    ],
    "neuron_secretion_rates": [
      0.4056176843957352,
      0.16487906376041805,
      0.3491298484499068
    ],
    "inhibition_matrix": [
      [
        0.0,
        0.0,
        0.0
      ],
      [
        0.0,
        0.0,
        0.0
      ],
      [
        0.03694480279209822,
        0.19578923420314343,
        0.0
      ]
    ],
    "diffusion_patterns": [
      [
        [
          0.05502157025176636,
          0.2196130626161097,
          0.05826734332930242
        ],
        [
          0.23607727413167368,
          0.04009058957188987,
          0.21217992687182186
        ],
        [
          0.0686393898868971,
          0.06217532057936844,
          0.04793552276117048
        ]
      ],
      [
        [
          0.07107909890447732,
          0.011647966849542809,
          0.07798213332794579
        ],
        [
          0.15924518142863225,
          0.14511136040254694,
          0.16038374609473052
        ],
        [
          0.14310637742183385,
          0.17517048011914726,
          0.0562736554511431
        ]
      ],
      [
        [
          0.2104334332552605,
          0.03027936590330582,
          0.002264108927918442
        ],
        [
          0.22211425144374422,
          0.035957249267240296,
          0.008491155777982075
        ],
        [
          0.15702424602125573,
          0.25948317072348825,
          0.07395301867980467
        ]
      ]
    ]
  },
  "network_stats": {
    "neurons": 400,
    "connections": 1745
  },
  "rollout_data": {
    "rewards": [
      -500.0,
      -500.0,
      -500.0,
      -500.0,
      -500.0,
      -500.0,
      -500.0,
      -500.0,
      -500.0,
      -500.0,
      -500.0,
      -500.0,
      -500.0,
      -500.0,
      -500.0,
      -500.0,
      -500.0,
      -500.0,
      -500.0,
      -500.0
    ],
    "lengths": [
      500,
      500,
      500,
      500,
      500,
      500,
      500,
      500,
      500,
      500,
      500,
      500,
      500,
      500,
      500,
      500,
      500,
      500,
      500,
      500
    ],
    "eval_seeds": [
      5018534,
      5018535,
      5018536,
      5018537,
      5018538,
      5018539,
      5018540,
      5018541,
      5018542,
      5018543,
      5018544,
      5018545,
      5018546,
      5018547,
      5018548,
      5018549,
      5018550,
      5018551,
      5018552,
      5018553
    ]
  }
}