{
  "network_id": 10235,
  "seed": 5010235,
  "valid": true,
  "baseline_reward": -500.0,
  "stratum": "weak",
  "genome": {
    "max_growth_steps": 200,
    "size_x": 20,
    "size_y": 20,
    "diffusion_rate": 0.1352261767873192,
    "num_morphogens": 3,
    "division_threshold": 0.3395044345517477,
    "cell_differentiation_threshold": 0.43722506634202407,
    "axon_growth_threshold": 0.4271930191010845,
    "max_axon_length": 4,
    "axon_connect_threshold": 0.4234237567851904,
    "self_connect_isolated_neurons_fraction": 0.04797940682490077,
    "weight_adjustment_target": 0.4596176954866535,
    "weight_adjustment_rate": 0.007594552346635031,
    "progenitor_secretion_rates": [
      0.09810763280855522,
      0.1329585769446645,
      0.10295193491518645
    ],
    "neuron_secretion_rates": [
      0.33041497919199125,
      0.27120434106050484,
      0.2008343679487729
    ],
    "inhibition_matrix": [
      [
        0.0,
        0.0,
        0.0
      ],
      [
        0.0,
        0.0,
        0.04678267466037228
      ],
      [
        0.2650924361296696,
        0.0,
        0.0
      ]
    ],
    "diffusion_patterns": [
      [
        [
          0.2376644771569747,
          0.09649675208395915,
          0.04474429952200026
        ],
        [
          0.17348823823116377,
          0.06643451556335789,
          0.16277011189507862
        ],
        [
          0.16739829117951488,
          0.023563487126790725,
          0.02743982724116011
        ]
      ],
      [
        [
          0.18141090717642258,
          0.018742236323593505,
          0.1476475593935493
        ],
        [
          0.1793170171684259,
          0.020025636450640816,
          0.06411305679459892
        ],
        [
          0.07868058615566427,
          0.17550770024667828,
          0.1345553002904265
        ]
      ],
      [
        [
          0.1302393160920098,
          0.15537315837480475,
          0.06849606940225661
        ],
        [
          0.0984419845732131,
          0.1026280054449563,
          0.0973486639187342
        ],
        [
          0.08582350891048122,
          0.042309966404711075,
          0.21933932687883298
        ]
      ]
    ]
  },
  "network_stats": {
    "neurons": 394,
    "connections": 1031
  },
  "rollout_data": {
    "rewards": [
      -500.0,
      -500.0,
      -500.0,
      -500.0,
      -500.0,
      -500.0,
      -500.0,
      -500.0,
      -500.0,
      -500.0,
      -500.0,
      -500.0,
      -500.0,
      -500.0,
      -500.0,
      -500.0,
      -500.0,
      -500.0,
      -500.0,
      -500.0
    ],
    "lengths": [
      500,
      500,
      500,
      500,
      500,
      500,
      500,
      500,
      500,
      500,
      500,
      500,
      500,
      500,
      500,
      500,
      500,
      500,
      500,
      500
    ],
    "eval_seeds": [
      5010235,
      5010236,
      5010237,
      5010238,
      5010239,
      5010240,
      5010241,
      5010242,
      5010243,
      5010244,
      5010245,
      5010246,
      5010247,
      5010248,
      5010249,
      5010250,
      5010251,
      5010252,
      5010253,
      5010254
    ]
  }
}