{
  "network_id": 13024,
  "seed": 5013024,
  "valid": true,
  "baseline_reward": -500.0,
  "stratum": "weak",
  "genome": {
    "max_growth_steps": 200,
    "size_x": 20,
    "size_y": 20,
    "diffusion_rate": 0.16094901937352865,
    "num_morphogens": 3,
    "division_threshold": 0.38811205837078244,
    "cell_differentiation_threshold": 0.534618255087747,
    "axon_growth_threshold": 0.2669460975319475,
    "max_axon_length": 4,
    "axon_connect_threshold": 0.48623747180073446,
    "self_connect_isolated_neurons_fraction": 0.22910737356885058,
    "weight_adjustment_target": 0.6126069022734597,
    "weight_adjustment_rate": 0.00855519530827213,
    "progenitor_secretion_rates": [
      0.4950755358922276,
      0.32346428849050224,
      0.17934846920469644
    ],
    "neuron_secretion_rates": [
      0.13431827145120073,
      0.17231012161891018,
      0.11635870411767968
    ],
    "inhibition_matrix": [
      [
        0.0,
        0.0,
        0.3220693035540309
      ],
      [
        0.0,
        0.0,
        0.0
      ],
      [
        0.27009200898184366,
        0.0,
        0.0
      ]
    ],
    "diffusion_patterns": [
      [
        [
          0.08753460565904604,
          0.09300029857520237,
          0.17680596849814764
        ],
        [
          0.04441366916888448,
          0.22470302756663652,
          0.07921338435056398
        ],
        [
          0.009465854850924833,
          0.11500661789063335,
          0.16985657343996075
        ]
      ],
      [
        [
          0.05849141072246589,
          0.01209527672006256,
          0.16055571159879453
        ],
        [
          0.17483883992852783,
          0.11905443137416959,
          0.17097943226870807
        ],
        [
          0.0942098976962143,
          0.038075446943260156,
          0.17169955274779725
        ]
      ],
      [
        [
          0.1592722242493936,
          0.10524332369443815,
          0.06493706202208889
        ],
        [
          0.1395262228557859,
          0.12250381135088205,
          0.07408711228759807
        ],
        [
          0.17637755488374618,
          0.07652152474564924,
          0.0815311639104179
        ]
      ]
    ]
  },
  "network_stats": {
    "neurons": 400,
    "connections": 2086
  },
  "rollout_data": {
    "rewards": [
      -500.0,
      -500.0,
      -500.0,
      -500.0,
      -500.0,
      -500.0,
      -500.0,
      -500.0,
      -500.0,
      -500.0,
      -500.0,
      -500.0,
      -500.0,
      -500.0,
      -500.0,
      -500.0,
      -500.0,
      -500.0,
      -500.0,
      -500.0
    ],
    "lengths": [
      500,
      500,
      500,
      500,
      500,
      500,
      500,
      500,
      500,
      500,
      500,
      500,
      500,
      500,
      500,
      500,
      500,
      500,
      500,
      500
    ],
    "eval_seeds": [
      5013024,
      5013025,
      5013026,
      5013027,
      5013028,
      5013029,
      5013030,
      5013031,
      5013032,
      5013033,
      5013034,
      5013035,
      5013036,
      5013037,
      5013038,
      5013039,
      5013040,
      5013041,
      5013042,
      5013043
    ]
  }
}