{
  "network_id": 3995,
  "seed": 5003995,
  "valid": true,
  "baseline_reward": -500.0,
  "stratum": "weak",
  "genome": {
    "max_growth_steps": 200,
    "size_x": 20,
    "size_y": 20,
    "diffusion_rate": 0.16279477966866998,
    "num_morphogens": 3,
    "division_threshold": 0.5235399144926945,
    "cell_differentiation_threshold": 0.3357299954432414,
    "axon_growth_threshold": 0.3109241850674119,
    "max_axon_length": 5,
    "axon_connect_threshold": 0.5703635346876813,
    "self_connect_isolated_neurons_fraction": 0.28788763718931487,
    "weight_adjustment_target": 0.4966313597387924,
    "weight_adjustment_rate": 0.01995846743279875,
    "progenitor_secretion_rates": [
      0.400843237496619,
      0.235019621199198,
      0.10891310307657598
    ],
    "neuron_secretion_rates": [
      0.20918575774541365,
      0.014263855860537744,
      0.24988538428982882
    ],
    "inhibition_matrix": [
      [
        0.0,
        0.0,
        0.4185167506063757
      ],
      [
        0.0,
        0.0,
        0.24968426804234573
      ],
      [
        0.0,
        0.24769752300208886,
        0.0
      ]
    ],
    "diffusion_patterns": [
      [
        [
          0.14056347226108246,
          0.1498406504668671,
          0.2282016132943299
        ],
        [
          0.07249967825636264,
          0.031025468611930705,
          0.04097479685092385
        ],
        [
          0.15534558635641169,
          0.1434593381287543,
          0.03808939577333744
        ]
      ],
      [
        [
          0.0921705529213721,
          0.09091654717926777,
          0.2561870262106953
        ],
        [
          0.009205955140026442,
          0.12969682653382913,
          0.05914871167637041
        ],
        [
          0.13584125784920906,
          0.18985876057030218,
          0.036974361918927556
        ]
      ],
      [
        [
          0.16634431007505535,
          0.15891234441954874,
          0.025363739700546128
        ],
        [
          0.09409504161770181,
          0.0480132711340721,
          0.19724335069231178
        ],
        [
          0.005517910032409323,
          0.12688156915505006,
          0.17762846317330486
        ]
      ]
    ]
  },
  "network_stats": {
    "neurons": 71,
    "connections": 155
  },
  "rollout_data": {
    "rewards": [
      -500.0,
      -500.0,
      -500.0,
      -500.0,
      -500.0,
      -500.0,
      -500.0,
      -500.0,
      -500.0,
      -500.0,
      -500.0,
      -500.0,
      -500.0,
      -500.0,
      -500.0,
      -500.0,
      -500.0,
      -500.0,
      -500.0,
      -500.0
    ],
    "lengths": [
      500,
      500,
      500,
      500,
      500,
      500,
      500,
      500,
      500,
      500,
      500,
      500,
      500,
      500,
      500,
      500,
      500,
      500,
      500,
      500
    ],
    "eval_seeds": [
      5003995,
      5003996,
      5003997,
      5003998,
      5003999,
      5004000,
      5004001,
      5004002,
      5004003,
      5004004,
      5004005,
      5004006,
      5004007,
      5004008,
      5004009,
      5004010,
      5004011,
      5004012,
      5004013,
      5004014
    ]
  }
}