{
  "network_id": 2088,
  "seed": 5002088,
  "valid": true,
  "baseline_reward": -500.0,
  "stratum": "weak",
  "genome": {
    "max_growth_steps": 200,
    "size_x": 20,
    "size_y": 20,
    "diffusion_rate": 0.1904361522477248,
    "num_morphogens": 3,
    "division_threshold": 0.5635801945187159,
    "cell_differentiation_threshold": 0.521432804134393,
    "axon_growth_threshold": 0.3117825395957086,
    "max_axon_length": 3,
    "axon_connect_threshold": 0.5460681731432953,
    "self_connect_isolated_neurons_fraction": 0.275211280335487,
    "weight_adjustment_target": 0.3238489789894852,
    "weight_adjustment_rate": 0.013797605190252554,
    "progenitor_secretion_rates": [
      0.3153417438192067,
      0.3027377703091028,
      0.4511716551316409
    ],
    "neuron_secretion_rates": [
      0.34512847528398133,
      0.023820095836294075,
      0.4346811878809261
    ],
    "inhibition_matrix": [
      [
        0.0,
        0.0,
        0.0
      ],
      [
        0.0,
        0.0,
        0.0
      ],
      [
        0.0,
        0.12788411509632197,
        0.0
      ]
    ],
    "diffusion_patterns": [
      [
        [
          0.16667825183035562,
          0.10928443265719334,
          0.09378520668851191
        ],
        [
          0.19402746645480773,
          0.17027251409762914,
          0.03697783376903892
        ],
        [
          0.08255103355318796,
          0.015306822228737114,
          0.13111643872053824
        ]
      ],
      [
        [
          0.11111199378318846,
          0.07284434898755479,
          0.1314290364079017
        ],
        [
          0.1965304642810541,
          0.08132622929269873,
          0.027598159885277206
        ],
        [
          0.11523851938473531,
          0.07164416285827173,
          0.1922770851193179
        ]
      ],
      [
        [
          0.1501067729363243,
          0.05950160094173922,
          0.08105301644627996
        ],
        [
          0.16575512402655948,
          0.06634421270758613,
          0.04816437432222531
        ],
        [
          0.11373276480352441,
          0.14568074518045207,
          0.1696613886353092
        ]
      ]
    ]
  },
  "network_stats": {
    "neurons": 398,
    "connections": 2130
  },
  "rollout_data": {
    "rewards": [
      -500.0,
      -500.0,
      -500.0,
      -500.0,
      -500.0,
      -500.0,
      -500.0,
      -500.0,
      -500.0,
      -500.0,
      -500.0,
      -500.0,
      -500.0,
      -500.0,
      -500.0,
      -500.0,
      -500.0,
      -500.0,
      -500.0,
      -500.0
    ],
    "lengths": [
      500,
      500,
      500,
      500,
      500,
      500,
      500,
      500,
      500,
      500,
      500,
      500,
      500,
      500,
      500,
      500,
      500,
      500,
      500,
      500
    ],
    "eval_seeds": [
      5002088,
      5002089,
      5002090,
      5002091,
      5002092,
      5002093,
      5002094,
      5002095,
      5002096,
      5002097,
      5002098,
      5002099,
      5002100,
      5002101,
      5002102,
      5002103,
      5002104,
      5002105,
      5002106,
      5002107
    ]
  }
}