{
  "network_id": 18354,
  "seed": 5018354,
  "valid": true,
  "baseline_reward": -500.0,
  "stratum": "weak",
  "genome": {
    "max_growth_steps": 200,
    "size_x": 20,
    "size_y": 20,
    "diffusion_rate": 0.05036855714134669,
    "num_morphogens": 3,
    "division_threshold": 0.6986472697469102,
    "cell_differentiation_threshold": 0.6879381766576625,
    "axon_growth_threshold": 0.28852721326096653,
    "max_axon_length": 5,
    "axon_connect_threshold": 0.7869026708883563,
    "self_connect_isolated_neurons_fraction": 0.26729026765592756,
    "weight_adjustment_target": 0.5996811195148927,
    "weight_adjustment_rate": 0.007799042014963026,
    "progenitor_secretion_rates": [
      0.1549749322947363,
      0.31637302091501407,
      0.0725223748518587
    ],
    "neuron_secretion_rates": [
      0.17399782164875421,
      0.4439389980396847,
      0.18439233340736344
    ],
    "inhibition_matrix": [
      [
        0.0,
        0.0,
        0.06706614063565142
      ],
      [
        0.435119753986227,
        0.0,
        0.0
      ],
      [
        0.0,
        0.07205558293948239,
        0.0
      ]
    ],
    "diffusion_patterns": [
      [
        [
          0.08606439257012197,
          0.15356537037196766,
          0.17921373364143642
        ],
        [
          0.17084154051774997,
          0.045743802862896504,
          0.026933185585831704
        ],
        [
          0.07515320715558356,
          0.0950780546296936,
          0.16740671266471863
        ]
      ],
      [
        [
          0.00190030573751703,
          0.2310473372717302,
          0.09098829222813523
        ],
        [
          0.17555839617082955,
          0.10822090128247962,
          0.14498015469779146
        ],
        [
          0.09103572635804093,
          0.0584870797127047,
          0.09778180654077122
        ]
      ],
      [
        [
          0.1715801101187149,
          0.05599889446139253,
          0.17477975514126282
        ],
        [
          0.13741960402436418,
          0.08625910915871278,
          0.09975391628558032
        ],
        [
          0.017165765980399227,
          0.11676480623370661,
          0.14027803859586654
        ]
      ]
    ]
  },
  "network_stats": {
    "neurons": 85,
    "connections": 93
  },
  "rollout_data": {
    "rewards": [
      -500.0,
      -500.0,
      -500.0,
      -500.0,
      -500.0,
      -500.0,
      -500.0,
      -500.0,
      -500.0,
      -500.0,
      -500.0,
      -500.0,
      -500.0,
      -500.0,
      -500.0,
      -500.0,
      -500.0,
      -500.0,
      -500.0,
      -500.0
    ],
    "lengths": [
      500,
      500,
      500,
      500,
      500,
      500,
      500,
      500,
      500,
      500,
      500,
      500,
      500,
      500,
      500,
      500,
      500,
      500,
      500,
      500
    ],
    "eval_seeds": [
      5018354,
      5018355,
      5018356,
      5018357,
      5018358,
      5018359,
      5018360,
      5018361,
      5018362,
      5018363,
      5018364,
      5018365,
      5018366,
      5018367,
      5018368,
      5018369,
      5018370,
      5018371,
      5018372,
      5018373
    ]
  }
}