{
  "network_id": 6986,
  "seed": 5006986,
  "valid": true,
  "baseline_reward": -500.0,
  "stratum": "weak",
  "genome": {
    "max_growth_steps": 200,
    "size_x": 20,
    "size_y": 20,
    "diffusion_rate": 0.14427406885136732,
    "num_morphogens": 3,
    "division_threshold": 0.6360657699925226,
    "cell_differentiation_threshold": 0.5923329224172109,
    "axon_growth_threshold": 0.20956076995588585,
    "max_axon_length": 4,
    "axon_connect_threshold": 0.5577850034505439,
    "self_connect_isolated_neurons_fraction": 0.23060617705666142,
    "weight_adjustment_target": 0.3686381806566441,
    "weight_adjustment_rate": 0.010448312559640018,
    "progenitor_secretion_rates": [
      0.3588006892172966,
      0.20254252557207042,
      0.34096329613560683
    ],
    "neuron_secretion_rates": [
      0.096730867697368,
      0.24264413008001495,
      0.4344819253317339
    ],
    "inhibition_matrix": [
      [
        0.0,
        0.0,
        0.0
      ],
      [
        0.0,
        0.0,
        0.0
      ],
      [
        0.0,
        0.0,
        0.0
      ]
    ],
    "diffusion_patterns": [
      [
        [
          0.1402029479319382,
          0.1766511106333465,
          0.046063507117822346
        ],
        [
          0.17197156345365427,
          0.028485860265417277,
          0.18018206344788978
        ],
        [
          0.13652671431922891,
          0.02401335672698342,
          0.09590287610371924
        ]
      ],
      [
        [
          0.10507340618813796,
          0.06653391806530266,
          0.07664485090729033
        ],
        [
          0.07261764835115118,
          0.13650943639800603,
          0.19924351956822337
        ],
        [
          0.028764344761445834,
          0.23261342884081596,
          0.08199944691962666
        ]
      ],
      [
        [
          0.2202813866319602,
          0.0009392453621605535,
          0.19189813609021944
        ],
        [
          0.0033580750056955255,
          0.16393947073517173,
          0.09150173939236246
        ],
        [
          0.17219913768638911,
          0.06470122402248198,
          0.09118158507355917
        ]
      ]
    ]
  },
  "network_stats": {
    "neurons": 400,
    "connections": 973
  },
  "rollout_data": {
    "rewards": [
      -500.0,
      -500.0,
      -500.0,
      -500.0,
      -500.0,
      -500.0,
      -500.0,
      -500.0,
      -500.0,
      -500.0,
      -500.0,
      -500.0,
      -500.0,
      -500.0,
      -500.0,
      -500.0,
      -500.0,
      -500.0,
      -500.0,
      -500.0
    ],
    "lengths": [
      500,
      500,
      500,
      500,
      500,
      500,
      500,
      500,
      500,
      500,
      500,
      500,
      500,
      500,
      500,
      500,
      500,
      500,
      500,
      500
    ],
    "eval_seeds": [
      5006986,
      5006987,
      5006988,
      5006989,
      5006990,
      5006991,
      5006992,
      5006993,
      5006994,
      5006995,
      5006996,
      5006997,
      5006998,
      5006999,
      5007000,
      5007001,
      5007002,
      5007003,
      5007004,
      5007005
    ]
  }
}