{
  "network_id": 1146,
  "seed": 5001146,
  "valid": true,
  "baseline_reward": -500.0,
  "stratum": "weak",
  "genome": {
    "max_growth_steps": 200,
    "size_x": 20,
    "size_y": 20,
    "diffusion_rate": 0.1963868538441764,
    "num_morphogens": 3,
    "division_threshold": 0.5918971786879288,
    "cell_differentiation_threshold": 0.6890097811935169,
    "axon_growth_threshold": 0.27821979303582295,
    "max_axon_length": 10,
    "axon_connect_threshold": 0.5849292389084633,
    "self_connect_isolated_neurons_fraction": 0.04602414512743532,
    "weight_adjustment_target": 0.3819017028382125,
    "weight_adjustment_rate": 0.016925086297362883,
    "progenitor_secretion_rates": [
      0.32511577592382623,
      0.02740568970826235,
      0.2998734284690683
    ],
    "neuron_secretion_rates": [
      0.2432833277356859,
      0.3729549386325704,
      0.16326074384769546
    ],
    "inhibition_matrix": [
      [
        0.0,
        0.0,
        0.0
      ],
      [
        0.0,
        0.0,
        0.0
      ],
      [
        0.0,
        0.0,
        0.0
      ]
    ],
    "diffusion_patterns": [
      [
        [
          0.014996197239726018,
          0.18139956052419812,
          0.11816736221933395
        ],
        [
          0.1359620759428198,
          0.10603170396119563,
          0.15669179986874623
        ],
        [
          0.1268079687248885,
          0.11990447214497485,
          0.040038859374116796
        ]
      ],
      [
        [
          0.05843132693220591,
          0.07337274088353737,
          0.2336721647490965
        ],
        [
          0.028337465911410044,
          0.07916056345202196,
          0.0014479306111814104
        ],
        [
          0.2723010721384129,
          0.11861644507074091,
          0.134660290251393
        ]
      ],
      [
        [
          0.08766328107826035,
          0.07554284412457016,
          0.2344465902453055
        ],
        [
          0.0830342169806666,
          0.09856258417862507,
          0.06663509839200814
        ],
        [
          0.0037587514723001173,
          0.12175856936196872,
          0.22859806416629536
        ]
      ]
    ]
  },
  "network_stats": {
    "neurons": 400,
    "connections": 446
  },
  "rollout_data": {
    "rewards": [
      -500.0,
      -500.0,
      -500.0,
      -500.0,
      -500.0,
      -500.0,
      -500.0,
      -500.0,
      -500.0,
      -500.0,
      -500.0,
      -500.0,
      -500.0,
      -500.0,
      -500.0,
      -500.0,
      -500.0,
      -500.0,
      -500.0,
      -500.0
    ],
    "lengths": [
      500,
      500,
      500,
      500,
      500,
      500,
      500,
      500,
      500,
      500,
      500,
      500,
      500,
      500,
      500,
      500,
      500,
      500,
      500,
      500
    ],
    "eval_seeds": [
      5001146,
      5001147,
      5001148,
      5001149,
      5001150,
      5001151,
      5001152,
      5001153,
      5001154,
      5001155,
      5001156,
      5001157,
      5001158,
      5001159,
      5001160,
      5001161,
      5001162,
      5001163,
      5001164,
      5001165
    ]
  }
}