{
  "network_id": 16263,
  "seed": 5016263,
  "valid": true,
  "baseline_reward": -500.0,
  "stratum": "weak",
  "genome": {
    "max_growth_steps": 200,
    "size_x": 20,
    "size_y": 20,
    "diffusion_rate": 0.11948458738737479,
    "num_morphogens": 3,
    "division_threshold": 0.3260832274554771,
    "cell_differentiation_threshold": 0.6132780502770726,
    "axon_growth_threshold": 0.45378868608201484,
    "max_axon_length": 2,
    "axon_connect_threshold": 0.9119322956944812,
    "self_connect_isolated_neurons_fraction": 0.1515305576712729,
    "weight_adjustment_target": 0.6247010435511449,
    "weight_adjustment_rate": 0.011375626023038295,
    "progenitor_secretion_rates": [
      0.24856160456851184,
      0.17097527293220882,
      0.24341809555749339
    ],
    "neuron_secretion_rates": [
      0.18759850259655564,
      0.4624449130260531,
      0.394326440261126
    ],
    "inhibition_matrix": [
      [
        0.0,
        0.0,
        0.3665370396235948
      ],
      [
        0.0,
        0.0,
        0.0
      ],
      [
        0.0,
        0.0,
        0.0
      ]
    ],
    "diffusion_patterns": [
      [
        [
          0.10600379396985689,
          0.07645038738609179,
          0.12741319024423334
        ],
        [
          0.17496198399987728,
          0.09607668569387752,
          0.09404762287946895
        ],
        [
          0.030651081743301504,
          0.18721410184107098,
          0.10718115224222172
        ]
      ],
      [
        [
          0.1384171923368928,
          0.07287656069203423,
          0.07965455660391496
        ],
        [
          0.17779375389507726,
          0.1508483910545321,
          0.006185429302818693
        ],
        [
          0.1621447350053505,
          0.10665209893385469,
          0.10542728217552474
        ]
      ],
      [
        [
          0.19903820164454925,
          0.19735828672469025,
          0.16190118466432615
        ],
        [
          0.005636531641234929,
          0.08866368048991502,
          0.06687144531211389
        ],
        [
          0.1517183048717034,
          0.07560043826060778,
          0.053211926390859365
        ]
      ]
    ]
  },
  "network_stats": {
    "neurons": 400,
    "connections": 1001
  },
  "rollout_data": {
    "rewards": [
      -500.0,
      -500.0,
      -500.0,
      -500.0,
      -500.0,
      -500.0,
      -500.0,
      -500.0,
      -500.0,
      -500.0,
      -500.0,
      -500.0,
      -500.0,
      -500.0,
      -500.0,
      -500.0,
      -500.0,
      -500.0,
      -500.0,
      -500.0
    ],
    "lengths": [
      500,
      500,
      500,
      500,
      500,
      500,
      500,
      500,
      500,
      500,
      500,
      500,
      500,
      500,
      500,
      500,
      500,
      500,
      500,
      500
    ],
    "eval_seeds": [
      5016263,
      5016264,
      5016265,
      5016266,
      5016267,
      5016268,
      5016269,
      5016270,
      5016271,
      5016272,
      5016273,
      5016274,
      5016275,
      5016276,
      5016277,
      5016278,
      5016279,
      5016280,
      5016281,
      5016282
    ]
  }
}