{
  "network_id": 18805,
  "seed": 5018805,
  "valid": true,
  "baseline_reward": -500.0,
  "stratum": "weak",
  "genome": {
    "max_growth_steps": 200,
    "size_x": 20,
    "size_y": 20,
    "diffusion_rate": 0.1241468362675613,
    "num_morphogens": 3,
    "division_threshold": 0.3662695386354296,
    "cell_differentiation_threshold": 0.3586365501610731,
    "axon_growth_threshold": 0.3553248983337926,
    "max_axon_length": 3,
    "axon_connect_threshold": 0.8316124946008417,
    "self_connect_isolated_neurons_fraction": 0.1766991769108019,
    "weight_adjustment_target": 0.621931486226798,
    "weight_adjustment_rate": 0.005909295203954556,
    "progenitor_secretion_rates": [
      0.25228167524895334,
      0.027333034803486478,
      0.22011506701107858
    ],
    "neuron_secretion_rates": [
      0.028175037493197053,
      0.4826459929323588,
      0.11311822585548631
    ],
    "inhibition_matrix": [
      [
        0.0,
        0.0,
        0.0
      ],
      [
        0.0,
        0.0,
        0.0
      ],
      [
        0.0,
        0.0,
        0.0
      ]
    ],
    "diffusion_patterns": [
      [
        [
          0.19564922003113613,
          0.012940835757387597,
          0.10588305266808934
        ],
        [
          0.020180297156456105,
          0.15585367623988985,
          0.0874985555982085
        ],
        [
          0.2070230712635608,
          0.060232031635787005,
          0.15473925964948468
        ]
      ],
      [
        [
          0.07644037567114065,
          0.09893448299616246,
          0.17555318166813444
        ],
        [
          0.22275278787877836,
          0.05567621268041652,
          0.04551875325989409
        ],
        [
          0.10377032406123736,
          0.2133109078186346,
          0.008042973965601337
        ]
      ],
      [
        [
          0.07859169010747523,
          0.05010674193619465,
          0.03918373617587363
        ],
        [
          0.2541091475341469,
          0.17111210996440154,
          0.03151779039553327
        ],
        [
          0.11475282730303042,
          0.23252847084951553,
          0.028097485733828885
        ]
      ]
    ]
  },
  "network_stats": {
    "neurons": 400,
    "connections": 488
  },
  "rollout_data": {
    "rewards": [
      -500.0,
      -500.0,
      -500.0,
      -500.0,
      -500.0,
      -500.0,
      -500.0,
      -500.0,
      -500.0,
      -500.0,
      -500.0,
      -500.0,
      -500.0,
      -500.0,
      -500.0,
      -500.0,
      -500.0,
      -500.0,
      -500.0,
      -500.0
    ],
    "lengths": [
      500,
      500,
      500,
      500,
      500,
      500,
      500,
      500,
      500,
      500,
      500,
      500,
      500,
      500,
      500,
      500,
      500,
      500,
      500,
      500
    ],
    "eval_seeds": [
      5018805,
      5018806,
      5018807,
      5018808,
      5018809,
      5018810,
      5018811,
      5018812,
      5018813,
      5018814,
      5018815,
      5018816,
      5018817,
      5018818,
      5018819,
      5018820,
      5018821,
      5018822,
      5018823,
      5018824
    ]
  }
}