{
  "network_id": 4092,
  "seed": 5004092,
  "valid": true,
  "baseline_reward": -500.0,
  "stratum": "weak",
  "genome": {
    "max_growth_steps": 200,
    "size_x": 20,
    "size_y": 20,
    "diffusion_rate": 0.135412900845411,
    "num_morphogens": 3,
    "division_threshold": 0.3226799762543764,
    "cell_differentiation_threshold": 0.5095808138237682,
    "axon_growth_threshold": 0.41076908287707464,
    "max_axon_length": 3,
    "axon_connect_threshold": 0.48713505830872195,
    "self_connect_isolated_neurons_fraction": 0.13061624420507656,
    "weight_adjustment_target": 0.5896817283655928,
    "weight_adjustment_rate": 0.016504327508568884,
    "progenitor_secretion_rates": [
      0.25811391274495865,
      0.0403637472291446,
      0.27456404085586666
    ],
    "neuron_secretion_rates": [
      0.03435565940265056,
      0.11163416954599309,
      0.15071600059339635
    ],
    "inhibition_matrix": [
      [
        0.0,
        0.0,
        0.3450057543884075
      ],
      [
        0.0,
        0.0,
        0.0
      ],
      [
        0.0,
        0.0819840917932142,
        0.0
      ]
    ],
    "diffusion_patterns": [
      [
        [
          0.025778052309367597,
          0.18050089031916436,
          0.14545885724726215
        ],
        [
          0.15672461145824332,
          0.060388402433740135,
          0.08666279573398412
        ],
        [
          0.13843443848696546,
          0.15180547036294012,
          0.05424648164833267
        ]
      ],
      [
        [
          0.004928332338415481,
          0.22229479863621743,
          0.22726103655899457
        ],
        [
          0.28077826844713055,
          0.022599902988374866,
          0.18797031629117913
        ],
        [
          0.028472007761053846,
          0.02285301633632854,
          0.0028423206423054334
        ]
      ],
      [
        [
          0.14094439636036385,
          0.15425769971245085,
          0.009079098373330919
        ],
        [
          0.18676990218636388,
          0.08159224621940737,
          0.062078840269900105
        ],
        [
          0.14263318092873079,
          0.1640900800215298,
          0.05855455592792242
        ]
      ]
    ]
  },
  "network_stats": {
    "neurons": 400,
    "connections": 1148
  },
  "rollout_data": {
    "rewards": [
      -500.0,
      -500.0,
      -500.0,
      -500.0,
      -500.0,
      -500.0,
      -500.0,
      -500.0,
      -500.0,
      -500.0,
      -500.0,
      -500.0,
      -500.0,
      -500.0,
      -500.0,
      -500.0,
      -500.0,
      -500.0,
      -500.0,
      -500.0
    ],
    "lengths": [
      500,
      500,
      500,
      500,
      500,
      500,
      500,
      500,
      500,
      500,
      500,
      500,
      500,
      500,
      500,
      500,
      500,
      500,
      500,
      500
    ],
    "eval_seeds": [
      5004092,
      5004093,
      5004094,
      5004095,
      5004096,
      5004097,
      5004098,
      5004099,
      5004100,
      5004101,
      5004102,
      5004103,
      5004104,
      5004105,
      5004106,
      5004107,
      5004108,
      5004109,
      5004110,
      5004111
    ]
  }
}