{
  "network_id": 4483,
  "seed": 5004483,
  "valid": true,
  "baseline_reward": -500.0,
  "stratum": "weak",
  "genome": {
    "max_growth_steps": 200,
    "size_x": 20,
    "size_y": 20,
    "diffusion_rate": 0.09865178544003018,
    "num_morphogens": 3,
    "division_threshold": 0.5329451799335009,
    "cell_differentiation_threshold": 0.376668123644273,
    "axon_growth_threshold": 0.2636537134027651,
    "max_axon_length": 4,
    "axon_connect_threshold": 0.9736093160370052,
    "self_connect_isolated_neurons_fraction": 0.1478162292789581,
    "weight_adjustment_target": 0.6784473097302862,
    "weight_adjustment_rate": 0.008763968639233058,
    "progenitor_secretion_rates": [
      0.3834758381390386,
      0.05709324172692826,
      0.4781007304726389
    ],
    "neuron_secretion_rates": [
      0.27290073099014683,
      0.24819730427211473,
      0.276204246719166
    ],
    "inhibition_matrix": [
      [
        0.0,
        0.0,
        0.0
      ],
      [
        0.0,
        0.0,
        0.0
      ],
      [
        0.0,
        0.0,
        0.0
      ]
    ],
    "diffusion_patterns": [
      [
        [
          0.1868528703811153,
          0.09801523132971898,
          0.054685959755530644
        ],
        [
          0.007224564667895147,
          0.04210375062793028,
          0.17416746207822995
        ],
        [
          0.2213761767039655,
          0.1222091582934299,
          0.09336482616218413
        ]
      ],
      [
        [
          0.08925069332855572,
          0.05365783356623293,
          0.114563550212846
        ],
        [
          0.0582399472252414,
          0.04697691294255213,
          0.24577484670038577
        ],
        [
          0.1716924800557578,
          0.08641360938216329,
          0.13343012658626502
        ]
      ],
      [
        [
          0.0706087249692077,
          0.014992120083259742,
          0.15325560332694868
        ],
        [
          0.1723639399749244,
          0.1737872775269856,
          0.12116354117259942
        ],
        [
          0.005873098857682222,
          0.18267068429945213,
          0.10528500978894005
        ]
      ]
    ]
  },
  "network_stats": {
    "neurons": 400,
    "connections": 508
  },
  "rollout_data": {
    "rewards": [
      -500.0,
      -500.0,
      -500.0,
      -500.0,
      -500.0,
      -500.0,
      -500.0,
      -500.0,
      -500.0,
      -500.0,
      -500.0,
      -500.0,
      -500.0,
      -500.0,
      -500.0,
      -500.0,
      -500.0,
      -500.0,
      -500.0,
      -500.0
    ],
    "lengths": [
      500,
      500,
      500,
      500,
      500,
      500,
      500,
      500,
      500,
      500,
      500,
      500,
      500,
      500,
      500,
      500,
      500,
      500,
      500,
      500
    ],
    "eval_seeds": [
      5004483,
      5004484,
      5004485,
      5004486,
      5004487,
      5004488,
      5004489,
      5004490,
      5004491,
      5004492,
      5004493,
      5004494,
      5004495,
      5004496,
      5004497,
      5004498,
      5004499,
      5004500,
      5004501,
      5004502
    ]
  }
}