{
  "network_id": 7028,
  "seed": 5007028,
  "valid": true,
  "baseline_reward": -500.0,
  "stratum": "weak",
  "genome": {
    "max_growth_steps": 200,
    "size_x": 20,
    "size_y": 20,
    "diffusion_rate": 0.1868280067951021,
    "num_morphogens": 3,
    "division_threshold": 0.41698712639924596,
    "cell_differentiation_threshold": 0.6915868702217667,
    "axon_growth_threshold": 0.4310349754528916,
    "max_axon_length": 6,
    "axon_connect_threshold": 0.7373275017082478,
    "self_connect_isolated_neurons_fraction": 0.22135157082575993,
    "weight_adjustment_target": 0.5329590403853663,
    "weight_adjustment_rate": 0.01060551829588594,
    "progenitor_secretion_rates": [
      0.4359228301121195,
      0.1535196163118091,
      0.3991497717448332
    ],
    "neuron_secretion_rates": [
      0.4206687580255319,
      0.24548797896956953,
      0.2200106693374384
    ],
    "inhibition_matrix": [
      [
        0.0,
        0.037200386639840266,
        0.0
      ],
      [
        0.0,
        0.0,
        0.0
      ],
      [
        0.0,
        0.20524509529042712,
        0.0
      ]
    ],
    "diffusion_patterns": [
      [
        [
          0.09411728485670982,
          0.18340169684052318,
          0.01971203780686544
        ],
        [
          0.042571163096146926,
          0.08368930361378435,
          0.1683617648891927
        ],
        [
          0.19544163627235245,
          0.057671742569017165,
          0.15503337005540788
        ]
      ],
      [
        [
          0.028008447787102392,
          0.23172457419562345,
          0.23640646250443603
        ],
        [
          0.0884247652146013,
          0.040129965185600185,
          0.009086220939133355
        ],
        [
          0.25533292601163154,
          0.021492359766341784,
          0.08939427839552996
        ]
      ],
      [
        [
          0.19393868845867013,
          0.07744696850321928,
          0.11774201242576592
        ],
        [
          0.12550070215095377,
          0.03657411324969955,
          0.09789377537935667
        ],
        [
          0.17512980048877194,
          0.08420738690538918,
          0.09156655243817367
        ]
      ]
    ]
  },
  "network_stats": {
    "neurons": 400,
    "connections": 1076
  },
  "rollout_data": {
    "rewards": [
      -500.0,
      -500.0,
      -500.0,
      -500.0,
      -500.0,
      -500.0,
      -500.0,
      -500.0,
      -500.0,
      -500.0,
      -500.0,
      -500.0,
      -500.0,
      -500.0,
      -500.0,
      -500.0,
      -500.0,
      -500.0,
      -500.0,
      -500.0
    ],
    "lengths": [
      500,
      500,
      500,
      500,
      500,
      500,
      500,
      500,
      500,
      500,
      500,
      500,
      500,
      500,
      500,
      500,
      500,
      500,
      500,
      500
    ],
    "eval_seeds": [
      5007028,
      5007029,
      5007030,
      5007031,
      5007032,
      5007033,
      5007034,
      5007035,
      5007036,
      5007037,
      5007038,
      5007039,
      5007040,
      5007041,
      5007042,
      5007043,
      5007044,
      5007045,
      5007046,
      5007047
    ]
  }
}