{
  "genome": {
    "max_growth_steps": 228,
    "size_x": 20,
    "size_y": 20,
    "diffusion_rate": 0.10598700189156852,
    "num_morphogens": 3,
    "division_threshold": 0.5263518711041316,
    "cell_differentiation_threshold": 0.5467875109828757,
    "axon_growth_threshold": 0.6341339692164455,
    "max_axon_length": 5,
    "axon_connect_threshold": 0.5227261369050875,
    "self_connect_isolated_neurons_fraction": 0.872550422007637,
    "weight_adjustment_target": 0.8759595410743793,
    "weight_adjustment_rate": 0.005726770358518449,
    "progenitor_secretion_rates": [
      0.42484649065222746,
      0.12165628079213214,
      0.15392288427328782
    ],
    "neuron_secretion_rates": [
      0.38622310801104937,
      0.2694146464099318,
      0.21555783257816935
    ],
    "inhibition_matrix": [
      [
        0.241272938880349,
        0.3031300637505294,
        0.0
      ],
      [
        0.0,
        0.0,
        0.0
      ],
      [
        0.0,
        0.12424533415280098,
        0.0
      ]
    ],
    "diffusion_patterns": [
      [
        [
          0.007903056989419814,
          0.04852180195990928,
          0.16394214355039938
        ],
        [
          0.21212872905280686,
          0.028796982214252035,
          0.043038323398985646
        ],
        [
          0.13752015647962026,
          0.2632819769128561,
          0.0948668294417506
        ]
      ],
      [
        [
          0.08368374927202477,
          0.08863597979449914,
          0.1654627001713575
        ],
        [
          0.18508166377798999,
          0.025903429367810628,
          0.25025692507080066
        ],
        [
          0.060779974043228685,
          0.036382719684901345,
          0.10381285881738735
        ]
      ],
      [
        [
          0.12987603837080844,
          0.132537559357196,
          0.2002655021785552
        ],
        [
          0.0579050460496927,
          0.0018049069116798154,
          0.050314755443336044
        ],
        [
          0.2267422334463129,
          0.10696856641780338,
          0.0935853918246156
        ]
      ]
    ]
  },
  "eta": -0.001,
  "decay": 0.05,
  "fitness": 0.8461,
  "reward": -76.95000000000002,
  "stratum": "high_mid",
  "condition": "B",
  "run_seed": 1025,
  "env": "Acrobot-v1"
}