{
  "genome": {
    "max_growth_steps": 236,
    "size_x": 20,
    "size_y": 20,
    "diffusion_rate": 0.07797075738321133,
    "num_morphogens": 3,
    "division_threshold": 0.24864821467811146,
    "cell_differentiation_threshold": 0.636564198417665,
    "axon_growth_threshold": 0.5269333543222302,
    "max_axon_length": 10,
    "axon_connect_threshold": 0.30705336227196645,
    "self_connect_isolated_neurons_fraction": 0.6495724581147043,
    "weight_adjustment_target": 0.9817151998383096,
    "weight_adjustment_rate": 0.014208751715182148,
    "progenitor_secretion_rates": [
      0.3589991307095644,
      0.48537953388606014,
      0.09135664388636272
    ],
    "neuron_secretion_rates": [
      0.16721196143262979,
      0.11595266669102217,
      0.3511057210919784
    ],
    "inhibition_matrix": [
      [
        0.0,
        0.0,
        0.0
      ],
      [
        0.0,
        0.29381349486895764,
        0.0
      ],
      [
        0.0,
        0.316171712155754,
        0.4684125884209221
      ]
    ],
    "diffusion_patterns": [
      [
        [
          0.07893969288546634,
          0.1541979185045003,
          0.05860452851640214
        ],
        [
          0.04976301610250343,
          0.06012616627008239,
          0.2236130819142307
        ],
        [
          0.28710637523608074,
          0.06821936289503838,
          0.019429857675695366
        ]
      ],
      [
        [
          0.1071342694389505,
          0.23272193522628037,
          0.1759434000018083
        ],
        [
          0.015533305801938136,
          0.006734453706213604,
          0.21096058786253452
        ],
        [
          0.20085124680992295,
          0.04021440846639528,
          0.009906392685956342
        ]
      ],
      [
        [
          0.11674005707663768,
          0.12263807932742798,
          0.12422972348058915
        ],
        [
          0.14280419493374177,
          0.079578259021624,
          0.09560507034170897
        ],
        [
          0.06784926886827486,
          0.10735823991765504,
          0.14319710703234056
        ]
      ]
    ]
  },
  "eta": -0.0023459301998493016,
  "decay": 0.004179485484066278,
  "fitness": 0.8385,
  "reward": -80.74999999999999,
  "stratum": "high_mid",
  "condition": "C",
  "run_seed": 1012,
  "env": "Acrobot-v1"
}