{
  "genome": {
    "max_growth_steps": 281,
    "size_x": 19,
    "size_y": 20,
    "diffusion_rate": 0.1445688841468173,
    "num_morphogens": 3,
    "division_threshold": 0.42730597130047,
    "cell_differentiation_threshold": 0.4658670038265735,
    "axon_growth_threshold": 0.44663702585075354,
    "max_axon_length": 6,
    "axon_connect_threshold": 0.7562328572569208,
    "self_connect_isolated_neurons_fraction": 0.12025450400936563,
    "weight_adjustment_target": 1.0,
    "weight_adjustment_rate": 0.011726397961193052,
    "progenitor_secretion_rates": [
      0.25621342929220364,
      0.1742457926240702,
      0.11196125891282033
    ],
    "neuron_secretion_rates": [
      0.339637087701404,
      0.165358143617377,
      0.2795216098570263
    ],
    "inhibition_matrix": [
      [
        0.41859785014287076,
        0.0,
        0.2295385517043681
      ],
      [
        0.0,
        0.0,
        0.4004353887208426
      ],
      [
        0.08877479142745298,
        0.458355985294999,
        0.06269694601524617
      ]
    ],
    "diffusion_patterns": [
      [
        [
          0.13622632716953673,
          0.013897714574383718,
          0.03037978730859871
        ],
        [
          0.12364637419486676,
          0.17647317922497113,
          0.08800066086709847
        ],
        [
          0.22866690723431626,
          0.067053994573974,
          0.13565505485225413
        ]
      ],
      [
        [
          0.20928874062737823,
          0.07787857239204848,
          0.1738279911211602
        ],
        [
          0.21518178925202028,
          0.020421860831339376,
          0.08926516524328106
        ],
        [
          0.05854149084211039,
          0.02507008871538896,
          0.130524300975273
        ]
      ],
      [
        [
          0.07665689832703922,
          0.19038604452342162,
          0.1342870651222975
        ],
        [
          0.028713339539629068,
          0.04778344927860564,
          0.05858919865125611
        ],
        [
          0.18944471565217477,
          0.09041143034414713,
          0.1837278585614289
        ]
      ]
    ]
  },
  "eta": -0.001,
  "decay": 0.05,
  "fitness": 0.7807,
  "reward": -109.65000000000002,
  "stratum": "high_mid",
  "condition": "B",
  "run_seed": 1023,
  "env": "Acrobot-v1"
}