{
  "genome": {
    "max_growth_steps": 223,
    "size_x": 20,
    "size_y": 20,
    "diffusion_rate": 0.12084099276824141,
    "num_morphogens": 3,
    "division_threshold": 0.44615563533923264,
    "cell_differentiation_threshold": 0.535636234710876,
    "axon_growth_threshold": 0.9326788152129748,
    "max_axon_length": 3,
    "axon_connect_threshold": 0.8192199877406113,
    "self_connect_isolated_neurons_fraction": 0.21637503128736316,
    "weight_adjustment_target": 1.0,
    "weight_adjustment_rate": 0.055002426818723055,
    "progenitor_secretion_rates": [
      0.27733777197924114,
      0.26013297340906344,
      0.11682094647503605
    ],
    "neuron_secretion_rates": [
      0.4685765329689164,
      0.010441949414846441,
      0.37798395292430914
    ],
    "inhibition_matrix": [
      [
        0.48244090863806394,
        0.05562275969277908,
        0.0
      ],
      [
        0.24153036279536183,
        0.36154499792925726,
        0.0
      ],
      [
        0.0,
        0.1614264369970559,
        0.1363121911091582
      ]
    ],
    "diffusion_patterns": [
      [
        [
          0.07045904612851066,
          0.14609123078668357,
          0.26063999189231335
        ],
        [
          0.012310121267008346,
          0.21441335212765983,
          0.011612782404918818
        ],
        [
          0.17568736846452382,
          0.05926626396191045,
          0.04951984296647111
        ]
      ],
      [
        [
          0.22992800514109046,
          0.015839438767280743,
          0.08775088308484501
        ],
        [
          0.16575856947394063,
          0.017071304154188564,
          0.014654474490880308
        ],
        [
          0.15347830478120583,
          0.10592495966500398,
          0.20959406044156434
        ]
      ],
      [
        [
          0.0879238227028408,
          0.1910054394945315,
          0.07701653877693139
        ],
        [
          0.18865104622922252,
          0.08129158115990374,
          0.05972643321555957
        ],
        [
          0.07581751993032178,
          0.06560644788558172,
          0.17296117060510705
        ]
      ]
    ]
  },
  "eta": -0.001,
  "decay": 0.05,
  "fitness": 0.8453,
  "reward": -77.34999999999998,
  "stratum": "high_mid",
  "condition": "B",
  "run_seed": 1026,
  "env": "Acrobot-v1"
}