{
  "genome": {
    "max_growth_steps": 171,
    "size_x": 20,
    "size_y": 20,
    "diffusion_rate": 0.10710404522700648,
    "num_morphogens": 3,
    "division_threshold": 0.32045957377091616,
    "cell_differentiation_threshold": 0.5345048573271315,
    "axon_growth_threshold": 0.5044724630348242,
    "max_axon_length": 8,
    "axon_connect_threshold": 0.5382051986343719,
    "self_connect_isolated_neurons_fraction": 0.22772883936383215,
    "weight_adjustment_target": 0.4921064208318271,
    "weight_adjustment_rate": 0.02481835109216983,
    "progenitor_secretion_rates": [
      0.40954639791848707,
      0.22710332155001467,
      0.14207596740044837
    ],
    "neuron_secretion_rates": [
      0.002437765265198677,
      0.3694655027834772,
      0.3318067361965333
    ],
    "inhibition_matrix": [
      [
        0.2360316492824318,
        0.16760717591680913,
        0.1851240348252738
      ],
      [
        0.0,
        0.09944075705715455,
        0.20168613023156012
      ],
      [
        0.34514447107810736,
        0.0,
        0.0
      ]
    ],
    "diffusion_patterns": [
      [
        [
          0.044274166368112995,
          0.05904325840516671,
          0.2029773825938184
        ],
        [
          0.08387596387270778,
          0.13673698662003514,
          0.11893530138090205
        ],
        [
          0.05782195528045783,
          0.09549946267092892,
          0.20083552280787023
        ]
      ],
      [
        [
          0.15364599349102556,
          0.17400750800297193,
          0.12304919601903104
        ],
        [
          0.10117701717194423,
          0.16626127746030994,
          0.10710146287250201
        ],
        [
          0.021674881056433497,
          0.13848739876821073,
          0.014595265157571091
        ]
      ],
      [
        [
          0.13189581400862613,
          0.08072875797602153,
          0.0901261015571512
        ],
        [
          0.14611913615835173,
          0.061195712280482165,
          0.1731610184784766
        ],
        [
          0.12134808105525129,
          0.07141884725914649,
          0.12400653122649286
        ]
      ]
    ]
  },
  "eta": -0.009802327181360674,
  "decay": 0.08486772370384889,
  "fitness": 0.7712,
  "reward": -114.4,
  "stratum": "high_mid",
  "condition": "C",
  "run_seed": 1029,
  "env": "Acrobot-v1"
}