{
  "genome": {
    "max_growth_steps": 151,
    "size_x": 10,
    "size_y": 10,
    "diffusion_rate": 0.18272556505519788,
    "num_morphogens": 3,
    "division_threshold": 0.3199427470597311,
    "cell_differentiation_threshold": 0.49942867117829914,
    "axon_growth_threshold": 0.1575297413491603,
    "max_axon_length": 7,
    "axon_connect_threshold": 0.9893428711686343,
    "self_connect_isolated_neurons_fraction": 0.9952373352696731,
    "weight_adjustment_target": 0.41417416699247356,
    "weight_adjustment_rate": 0.035155287389738894,
    "progenitor_secretion_rates": [
      0.45440099754364277,
      0.37267018925860274,
      0.32846572681466096
    ],
    "neuron_secretion_rates": [
      0.07124268442005133,
      0.03614480058259861,
      0.061815144123586185
    ],
    "inhibition_matrix": [
      [
        0.0,
        0.0,
        0.0
      ],
      [
        0.0,
        0.0,
        0.0
      ],
      [
        0.0,
        0.0,
        0.47491491775874356
      ]
    ],
    "diffusion_patterns": [
      [
        [
          0.012643140977941498,
          0.03726074016236418,
          0.13683267686633227
        ],
        [
          0.05327513984794258,
          0.1796225496077722,
          0.21764094843939086
        ],
        [
          0.2040299906747905,
          0.10790246944110923,
          0.0507923439823567
        ]
      ],
      [
        [
          0.03402404263524557,
          0.06873962811321357,
          0.0030369870860179884
        ],
        [
          0.124116159877108,
          0.11308924985780662,
          0.19020439771616787
        ],
        [
          0.1771655204372769,
          0.07888573423349574,
          0.21073828004366787
        ]
      ],
      [
        [
          0.1657058490031192,
          0.046590667850898465,
          0.09841064173189301
        ],
        [
          0.17277546410725983,
          0.10456146091673825,
          0.09400141750893745
        ],
        [
          0.14370482184266598,
          0.03503468638184265,
          0.13921499065664514
        ]
      ]
    ]
  },
  "eta": -0.01,
  "decay": 0.01,
  "fitness": 1.0,
  "reward": 500.0,
  "stratum": "perfect",
  "condition": "B",
  "run_seed": 1028
}