{
  "genome": {
    "max_growth_steps": 185,
    "size_x": 10,
    "size_y": 10,
    "diffusion_rate": 0.09697439502355644,
    "num_morphogens": 3,
    "division_threshold": 0.32226673078636,
    "cell_differentiation_threshold": 0.6224376765375921,
    "axon_growth_threshold": 0.2861791208111611,
    "max_axon_length": 3,
    "axon_connect_threshold": 0.6867769572381714,
    "self_connect_isolated_neurons_fraction": 0.10955843172679645,
    "weight_adjustment_target": 1.0,
    "weight_adjustment_rate": 0.023491760117341012,
    "progenitor_secretion_rates": [
      0.32544489463028586,
      0.18988005962333043,
      0.02471778574017447
    ],
    "neuron_secretion_rates": [
      0.22678624605303555,
      0.07840675404087344,
      0.4027811318687491
    ],
    "inhibition_matrix": [
      [
        0.0,
        0.0,
        0.0
      ],
      [
        0.0,
        0.0,
        0.0
      ],
      [
        0.0,
        0.0,
        0.0
      ]
    ],
    "diffusion_patterns": [
      [
        [
          0.10698458346809113,
          0.24698388864950443,
          0.15243472411036604
        ],
        [
          0.03546835945148721,
          0.025861475632086666,
          0.12495767197620304
        ],
        [
          0.25670339917059753,
          0.04047243173567153,
          0.010133465805992399
        ]
      ],
      [
        [
          0.04504018373306995,
          0.2292310477809993,
          0.11212182337384365
        ],
        [
          0.14810001860593103,
          0.09451152655894296,
          0.1547611035229094
        ],
        [
          0.06810712690543383,
          0.14554747643243648,
          0.0025796930864333332
        ]
      ],
      [
        [
          0.056083975277464976,
          0.07639353069527309,
          0.12815730202585748
        ],
        [
          0.09091012165131193,
          0.11288222962558349,
          0.12536001474750713
        ],
        [
          0.24133894956261015,
          0.09798231731403083,
          0.07089155910036098
        ]
      ]
    ]
  },
  "eta": 0.0,
  "decay": 0.0,
  "fitness": 1.0,
  "reward": 500.0,
  "stratum": "perfect",
  "condition": "A",
  "run_seed": 1027
}