{
  "genome": {
    "max_growth_steps": 209,
    "size_x": 20,
    "size_y": 20,
    "diffusion_rate": 0.19397659529466366,
    "num_morphogens": 3,
    "division_threshold": 0.3024615696292018,
    "cell_differentiation_threshold": 0.36845743580192425,
    "axon_growth_threshold": 0.556407806661308,
    "max_axon_length": 8,
    "axon_connect_threshold": 0.6067388873953359,
    "self_connect_isolated_neurons_fraction": 0.09439249272281588,
    "weight_adjustment_target": 0.6021069581600943,
    "weight_adjustment_rate": 0.007837875419664084,
    "progenitor_secretion_rates": [
      0.1951266823407528,
      0.06110655173823448,
      0.07159563318188189
    ],
    "neuron_secretion_rates": [
      0.2769315758756944,
      0.06573955098991485,
      0.43869155191004344
    ],
    "inhibition_matrix": [
      [
        0.20735182740903063,
        0.0,
        0.0
      ],
      [
        0.0,
        0.0,
        0.0
      ],
      [
        0.0,
        0.0,
        0.0
      ]
    ],
    "diffusion_patterns": [
      [
        [
          0.14661138378528712,
          0.14589818670402854,
          0.03985760975487822
        ],
        [
          0.13245687652281413,
          0.1579920188696326,
          0.08106596927717968
        ],
        [
          0.05188433479106988,
          0.1538805371314242,
          0.09035308316368566
        ]
      ],
      [
        [
          0.05290625070813826,
          0.18862578612621445,
          0.1105808902665311
        ],
        [
          0.011241256609367773,
          0.06072374854880293,
          0.08266252829495674
        ],
        [
          0.19557409913632448,
          0.18827423729737588,
          0.1094112030122882
        ]
      ],
      [
        [
          0.10967537179076171,
          0.1507334495189074,
          0.07959826633960324
        ],
        [
          0.17394102637500505,
          0.04630411648581241,
          0.13067603972908964
        ],
        [
          0.17000078291380397,
          0.02591915370253092,
          0.11315179314448567
        ]
      ]
    ]
  },
  "eta": 0.007873076929602086,
  "decay": 0.0964219949171034,
  "fitness": 0.8035,
  "reward": -98.25,
  "stratum": "high_mid",
  "condition": "C",
  "run_seed": 1006,
  "env": "Acrobot-v1"
}