{
  "genome": {
    "max_growth_steps": 221,
    "size_x": 11,
    "size_y": 8,
    "diffusion_rate": 0.1736625951170149,
    "num_morphogens": 3,
    "division_threshold": 0.6225222897090107,
    "cell_differentiation_threshold": 0.6276743780661885,
    "axon_growth_threshold": 0.3910316446018777,
    "max_axon_length": 16,
    "axon_connect_threshold": 0.40207020132231236,
    "self_connect_isolated_neurons_fraction": 0.2975086657888705,
    "weight_adjustment_target": 1.0,
    "weight_adjustment_rate": 0.006498199177106148,
    "progenitor_secretion_rates": [
      0.4619616017784977,
      0.26713287194315366,
      0.21486896891196738
    ],
    "neuron_secretion_rates": [
      0.37441260853107766,
      0.2659719803502079,
      0.420922463514377
    ],
    "inhibition_matrix": [
      [
        0.0,
        0.08103387122425398,
        0.0
      ],
      [
        0.0,
        0.17238691238156428,
        0.0
      ],
      [
        0.10333000191683878,
        0.015319358211777101,
        0.0
      ]
    ],
    "diffusion_patterns": [
      [
        [
          0.04067497436830565,
          0.016983784620300188,
          0.21539262293755038
        ],
        [
          0.2140027723408329,
          0.05675517870635188,
          0.20359401411750777
        ],
        [
          0.1028453783167856,
          0.046618928306040634,
          0.10313234628632502
        ]
      ],
      [
        [
          0.12321735572931891,
          0.042182625743706494,
          0.15714485267147998
        ],
        [
          0.18851566125438654,
          0.017201562937227927,
          0.09711269887139432
        ],
        [
          0.12776107650261942,
          0.10666845109693907,
          0.1401957151929273
        ]
      ],
      [
        [
          0.056123524318872735,
          0.09057438131600054,
          0.15673257110747152
        ],
        [
          0.15234282157680246,
          0.15218640847182172,
          0.1371113720518986
        ],
        [
          0.15009957710242336,
          0.1000679567201642,
          0.004761387334544896
        ]
      ]
    ]
  },
  "eta": 0.0,
  "decay": 0.0,
  "fitness": 1.0,
  "reward": 500.0,
  "stratum": "perfect",
  "condition": "A",
  "run_seed": 1012
}