{
  "network_id": 87702,
  "seed": 3087702,
  "valid": true,
  "baseline_reward": 210.35,
  "baseline_fitness": 0.42069999999999996,
  "stratum": "low_mid",
  "genome": {
    "max_growth_steps": 200,
    "size_x": 10,
    "size_y": 10,
    "diffusion_rate": 0.17703730749625934,
    "num_morphogens": 3,
    "division_threshold": 0.6243340836839737,
    "cell_differentiation_threshold": 0.6250149229582245,
    "axon_growth_threshold": 0.39666342230438945,
    "max_axon_length": 9,
    "axon_connect_threshold": 0.8836450158592004,
    "self_connect_isolated_neurons_fraction": 0.0570855936402482,
    "weight_adjustment_target": 0.56410422991553,
    "weight_adjustment_rate": 0.01057689608158862,
    "progenitor_secretion_rates": [
      0.14589265278921326,
      0.09874229201213502,
      0.024900328848007414
    ],
    "neuron_secretion_rates": [
      0.49617203810974064,
      0.3039451040709348,
      0.30726021115584284
    ],
    "inhibition_matrix": [
      [
        0.0,
        0.0,
        0.0
      ],
      [
        0.0,
        0.0,
        0.0
      ],
      [
        0.0,
        0.0,
        0.0
      ]
    ],
    "diffusion_patterns": [
      [
        [
          0.16230038808250988,
          0.09944250425322816,
          0.0639321750525047
        ],
        [
          0.1768456431456537,
          0.18524672970649622,
          0.02355902030709472
        ],
        [
          0.11865473556739656,
          0.03369960997097441,
          0.13631919391414166
        ]
      ],
      [
        [
          0.04360779890334688,
          0.04047311760545328,
          0.19019983072226376
        ],
        [
          0.11486680396586794,
          0.17712495721495003,
          0.051374720282904365
        ],
        [
          0.15071576473822892,
          0.13079153729008872,
          0.10084546927689612
        ]
      ],
      [
        [
          0.015433605502723886,
          0.14154174793231852,
          0.15884824393407074
        ],
        [
          0.009815057893991416,
          0.1358866370040975,
          0.094851582849284
        ],
        [
          0.17773767366660623,
          0.1690429835844782,
          0.09684246763242962
        ]
      ]
    ]
  },
  "network_stats": {
    "neurons": 100,
    "connections": 271
  },
  "rollout_data": {
    "rewards": [
      161.0,
      263.0,
      139.0,
      239.0,
      186.0,
      225.0,
      249.0,
      167.0,
      223.0,
      181.0,
      150.0,
      215.0,
      133.0,
      233.0,
      271.0,
      225.0,
      224.0,
      265.0,
      264.0,
      194.0
    ],
    "lengths": [
      161,
      263,
      139,
      239,
      186,
      225,
      249,
      167,
      223,
      181,
      150,
      215,
      133,
      233,
      271,
      225,
      224,
      265,
      264,
      194
    ],
    "eval_seeds": [
      3087702,
      3087703,
      3087704,
      3087705,
      3087706,
      3087707,
      3087708,
      3087709,
      3087710,
      3087711,
      3087712,
      3087713,
      3087714,
      3087715,
      3087716,
      3087717,
      3087718,
      3087719,
      3087720,
      3087721
    ]
  }
}