{
  "network_id": 36740,
  "seed": 3036740,
  "valid": true,
  "baseline_reward": 314.7,
  "baseline_fitness": 0.6294,
  "stratum": "low_mid",
  "genome": {
    "max_growth_steps": 200,
    "size_x": 10,
    "size_y": 10,
    "diffusion_rate": 0.1417261886509888,
    "num_morphogens": 3,
    "division_threshold": 0.535187783252702,
    "cell_differentiation_threshold": 0.39182352914294627,
    "axon_growth_threshold": 0.486887019202054,
    "max_axon_length": 5,
    "axon_connect_threshold": 0.7950266910625912,
    "self_connect_isolated_neurons_fraction": 0.16941337447483445,
    "weight_adjustment_target": 0.6090997951859951,
    "weight_adjustment_rate": 0.019709574044983552,
    "progenitor_secretion_rates": [
      0.4564961060935855,
      0.14473456672127172,
      0.11415686992225005
    ],
    "neuron_secretion_rates": [
      0.4778185991349531,
      0.29672672595720573,
      0.41056322834624365
    ],
    "inhibition_matrix": [
      [
        0.0,
        0.0,
        0.0
      ],
      [
        0.0,
        0.0,
        0.0
      ],
      [
        0.0,
        0.11738222123498493,
        0.0
      ]
    ],
    "diffusion_patterns": [
      [
        [
          0.17269939397625259,
          0.14550921328073943,
          0.11236597014048658
        ],
        [
          0.172700894853793,
          0.06596575424997123,
          0.12112594377243774
        ],
        [
          0.03236121904963721,
          0.1620578117619272,
          0.015213798914755026
        ]
      ],
      [
        [
          0.17518369280879367,
          0.06293661724755675,
          0.07323701576525042
        ],
        [
          0.16217568594541318,
          0.1529147972254138,
          0.0003498480981549379
        ],
        [
          0.10577177019046011,
          0.12282711834933402,
          0.1446034543696232
        ]
      ],
      [
        [
          0.1005259107573819,
          0.05182195756457816,
          0.019937356296897062
        ],
        [
          0.13357409161373796,
          0.02739258331993873,
          0.11211216668680342
        ],
        [
          0.0656465280797583,
          0.27624596597452294,
          0.21274343970638143
        ]
      ]
    ]
  },
  "network_stats": {
    "neurons": 100,
    "connections": 265
  },
  "rollout_data": {
    "rewards": [
      500.0,
      26.0,
      23.0,
      32.0,
      500.0,
      500.0,
      500.0,
      44.0,
      41.0,
      500.0,
      500.0,
      500.0,
      55.0,
      500.0,
      500.0,
      500.0,
      500.0,
      23.0,
      500.0,
      50.0
    ],
    "lengths": [
      500,
      26,
      23,
      32,
      500,
      500,
      500,
      44,
      41,
      500,
      500,
      500,
      55,
      500,
      500,
      500,
      500,
      23,
      500,
      50
    ],
    "eval_seeds": [
      3036740,
      3036741,
      3036742,
      3036743,
      3036744,
      3036745,
      3036746,
      3036747,
      3036748,
      3036749,
      3036750,
      3036751,
      3036752,
      3036753,
      3036754,
      3036755,
      3036756,
      3036757,
      3036758,
      3036759
    ]
  }
}