{
  "network_id": 72527,
  "seed": 3072527,
  "valid": true,
  "baseline_reward": 213.0,
  "baseline_fitness": 0.426,
  "stratum": "low_mid",
  "genome": {
    "max_growth_steps": 200,
    "size_x": 10,
    "size_y": 10,
    "diffusion_rate": 0.07048403481267315,
    "num_morphogens": 3,
    "division_threshold": 0.46093486612814805,
    "cell_differentiation_threshold": 0.6181721033615726,
    "axon_growth_threshold": 0.48407815640959284,
    "max_axon_length": 8,
    "axon_connect_threshold": 0.6578815218746519,
    "self_connect_isolated_neurons_fraction": 0.24474174159945694,
    "weight_adjustment_target": 0.36990228313934204,
    "weight_adjustment_rate": 0.019913595275519825,
    "progenitor_secretion_rates": [
      0.3236123942413357,
      0.4234437167909443,
      0.3269882764308969
    ],
    "neuron_secretion_rates": [
      0.3474660144753815,
      0.041164465554790974,
      0.10943324210227429
    ],
    "inhibition_matrix": [
      [
        0.0,
        0.0,
        0.0
      ],
      [
        0.32438798869839974,
        0.0,
        0.0
      ],
      [
        0.0,
        0.0,
        0.0
      ]
    ],
    "diffusion_patterns": [
      [
        [
          0.22962246971630967,
          0.12054139087606179,
          0.14441692760811672
        ],
        [
          0.11347150877477741,
          0.04370225759778116,
          0.1411407179228241
        ],
        [
          0.14492050727200817,
          0.021845649467135,
          0.040338570764986106
        ]
      ],
      [
        [
          0.18666898818172295,
          0.07576388315321422,
          0.1265129361856203
        ],
        [
          0.014616473937059955,
          0.20541276372846332,
          0.10234373950211696
        ],
        [
          0.16019089590080912,
          0.004055576860383443,
          0.12443474255060984
        ]
      ],
      [
        [
          0.08745312636706794,
          0.12417533190453296,
          0.1551172513613228
        ],
        [
          0.06933412857895717,
          0.087769702783595,
          0.16060798292880452
        ],
        [
          0.16015909447773957,
          0.10722779967082033,
          0.04815558192715979
        ]
      ]
    ]
  },
  "network_stats": {
    "neurons": 100,
    "connections": 267
  },
  "rollout_data": {
    "rewards": [
      196.0,
      228.0,
      221.0,
      301.0,
      263.0,
      225.0,
      160.0,
      147.0,
      152.0,
      209.0,
      211.0,
      217.0,
      244.0,
      278.0,
      226.0,
      242.0,
      223.0,
      155.0,
      212.0,
      150.0
    ],
    "lengths": [
      196,
      228,
      221,
      301,
      263,
      225,
      160,
      147,
      152,
      209,
      211,
      217,
      244,
      278,
      226,
      242,
      223,
      155,
      212,
      150
    ],
    "eval_seeds": [
      3072527,
      3072528,
      3072529,
      3072530,
      3072531,
      3072532,
      3072533,
      3072534,
      3072535,
      3072536,
      3072537,
      3072538,
      3072539,
      3072540,
      3072541,
      3072542,
      3072543,
      3072544,
      3072545,
      3072546
    ]
  }
}