{
  "network_id": 121325,
  "seed": 3121325,
  "valid": true,
  "baseline_reward": 361.35,
  "baseline_fitness": 0.7227,
  "stratum": "high_mid",
  "genome": {
    "max_growth_steps": 200,
    "size_x": 10,
    "size_y": 10,
    "diffusion_rate": 0.16539593590701407,
    "num_morphogens": 3,
    "division_threshold": 0.6664209244955177,
    "cell_differentiation_threshold": 0.577647168086378,
    "axon_growth_threshold": 0.2171322826077985,
    "max_axon_length": 7,
    "axon_connect_threshold": 0.7164596817995013,
    "self_connect_isolated_neurons_fraction": 0.2992403235462297,
    "weight_adjustment_target": 0.3432101016669433,
    "weight_adjustment_rate": 0.011610036448170501,
    "progenitor_secretion_rates": [
      0.44689550262948835,
      0.4356508911350918,
      0.16967811828791107
    ],
    "neuron_secretion_rates": [
      0.40339286205669045,
      0.251242804920919,
      0.01597248496302378
    ],
    "inhibition_matrix": [
      [
        0.0,
        0.0,
        0.0
      ],
      [
        0.3695342992763214,
        0.0,
        0.0
      ],
      [
        0.0,
        0.0,
        0.0
      ]
    ],
    "diffusion_patterns": [
      [
        [
          0.0795321252891137,
          0.0834076008879145,
          0.17191203341554792
        ],
        [
          0.019219308222990863,
          0.07817224629021659,
          0.15063721743800337
        ],
        [
          0.17278433272810126,
          0.1651126224488009,
          0.07922251327931094
        ]
      ],
      [
        [
          0.02932716454345558,
          0.02376092937813941,
          0.15064786489669052
        ],
        [
          0.11916167112738363,
          0.19112589811770614,
          0.1559954687631319
        ],
        [
          0.09394286848130537,
          0.060504128630117775,
          0.17553400606206962
        ]
      ],
      [
        [
          0.00010573278050204609,
          0.14281725858807898,
          0.20331408441674334
        ],
        [
          0.027146051720080746,
          0.12827979419148938,
          0.123014324884786
        ],
        [
          0.04427225522726068,
          0.20470428266324575,
          0.126346215527813
        ]
      ]
    ]
  },
  "network_stats": {
    "neurons": 100,
    "connections": 369
  },
  "rollout_data": {
    "rewards": [
      311.0,
      230.0,
      341.0,
      262.0,
      231.0,
      266.0,
      309.0,
      500.0,
      284.0,
      500.0,
      500.0,
      252.0,
      500.0,
      500.0,
      273.0,
      232.0,
      500.0,
      500.0,
      370.0,
      366.0
    ],
    "lengths": [
      311,
      230,
      341,
      262,
      231,
      266,
      309,
      500,
      284,
      500,
      500,
      252,
      500,
      500,
      273,
      232,
      500,
      500,
      370,
      366
    ],
    "eval_seeds": [
      3121325,
      3121326,
      3121327,
      3121328,
      3121329,
      3121330,
      3121331,
      3121332,
      3121333,
      3121334,
      3121335,
      3121336,
      3121337,
      3121338,
      3121339,
      3121340,
      3121341,
      3121342,
      3121343,
      3121344
    ]
  }
}