{
  "network_id": 162430,
  "seed": 3162430,
  "valid": true,
  "baseline_reward": 200.15,
  "baseline_fitness": 0.4003,
  "stratum": "low_mid",
  "genome": {
    "max_growth_steps": 200,
    "size_x": 10,
    "size_y": 10,
    "diffusion_rate": 0.19288392869692222,
    "num_morphogens": 3,
    "division_threshold": 0.40380730299470435,
    "cell_differentiation_threshold": 0.3660812168781795,
    "axon_growth_threshold": 0.3908223549990282,
    "max_axon_length": 7,
    "axon_connect_threshold": 0.9131344372997859,
    "self_connect_isolated_neurons_fraction": 0.2844310271047044,
    "weight_adjustment_target": 0.5179435665417935,
    "weight_adjustment_rate": 0.006419206743614583,
    "progenitor_secretion_rates": [
      0.44491344717298875,
      0.06525543755328478,
      0.012530919950404895
    ],
    "neuron_secretion_rates": [
      0.44383786913494605,
      0.21711453431324063,
      0.39615825535420895
    ],
    "inhibition_matrix": [
      [
        0.0,
        0.09539261118901832,
        0.16459251357508486
      ],
      [
        0.0,
        0.0,
        0.0
      ],
      [
        0.0,
        0.0,
        0.0
      ]
    ],
    "diffusion_patterns": [
      [
        [
          0.14955572479423,
          0.010455176904924281,
          0.14414853016642284
        ],
        [
          0.07712537398143891,
          0.14577043412716537,
          0.05132456312045365
        ],
        [
          0.19983319779703054,
          0.0072557001008290165,
          0.21453129900750542
        ]
      ],
      [
        [
          0.05896069690627311,
          0.06115580186459121,
          0.17598776438973657
        ],
        [
          0.06274054420002687,
          0.005622748696649518,
          0.13640419784358587
        ],
        [
          0.16077841564252185,
          0.18858934574127686,
          0.14976048471533812
        ]
      ],
      [
        [
          0.21327185565239745,
          0.26295382850176063,
          0.09817006891863747
        ],
        [
          0.14215649544161907,
          0.1661547305619025,
          0.0026565855902593565
        ],
        [
          0.046586816435064966,
          0.04492448255644589,
          0.02312513634191275
        ]
      ]
    ]
  },
  "network_stats": {
    "neurons": 100,
    "connections": 259
  },
  "rollout_data": {
    "rewards": [
      151.0,
      231.0,
      194.0,
      221.0,
      252.0,
      154.0,
      158.0,
      142.0,
      269.0,
      151.0,
      184.0,
      150.0,
      212.0,
      210.0,
      179.0,
      243.0,
      248.0,
      159.0,
      232.0,
      263.0
    ],
    "lengths": [
      151,
      231,
      194,
      221,
      252,
      154,
      158,
      142,
      269,
      151,
      184,
      150,
      212,
      210,
      179,
      243,
      248,
      159,
      232,
      263
    ],
    "eval_seeds": [
      3162430,
      3162431,
      3162432,
      3162433,
      3162434,
      3162435,
      3162436,
      3162437,
      3162438,
      3162439,
      3162440,
      3162441,
      3162442,
      3162443,
      3162444,
      3162445,
      3162446,
      3162447,
      3162448,
      3162449
    ]
  }
}