{
  "network_id": 192414,
  "seed": 3192414,
  "valid": true,
  "baseline_reward": 214.3,
  "baseline_fitness": 0.42860000000000004,
  "stratum": "low_mid",
  "genome": {
    "max_growth_steps": 200,
    "size_x": 10,
    "size_y": 10,
    "diffusion_rate": 0.14692655680683253,
    "num_morphogens": 3,
    "division_threshold": 0.43418575288679795,
    "cell_differentiation_threshold": 0.5589134657903264,
    "axon_growth_threshold": 0.2509258060225163,
    "max_axon_length": 4,
    "axon_connect_threshold": 0.5615097970236221,
    "self_connect_isolated_neurons_fraction": 0.10012247216158711,
    "weight_adjustment_target": 0.6984381747159731,
    "weight_adjustment_rate": 0.012419373498856153,
    "progenitor_secretion_rates": [
      0.08934148025812477,
      0.03982018971178697,
      0.147317581388488
    ],
    "neuron_secretion_rates": [
      0.1830854882888432,
      0.04890854555656071,
      0.1353447372322582
    ],
    "inhibition_matrix": [
      [
        0.0,
        0.0,
        0.0
      ],
      [
        0.0,
        0.0,
        0.0
      ],
      [
        0.0,
        0.1439701935230167,
        0.0
      ]
    ],
    "diffusion_patterns": [
      [
        [
          0.20894155615912333,
          0.035078823988933396,
          0.042774494773941976
        ],
        [
          0.11143496926313962,
          0.01739189463314326,
          0.1812446247186261
        ],
        [
          0.2003085458182112,
          0.10424276292344085,
          0.09858232772144035
        ]
      ],
      [
        [
          0.062131629972886765,
          0.11245016666742272,
          0.02572358251046684
        ],
        [
          0.1696873821719514,
          0.21569076335275822,
          0.008325142718421651
        ],
        [
          0.15606464500231595,
          0.1743405169617899,
          0.07558617064198656
        ]
      ],
      [
        [
          0.03764566143103056,
          0.10336335521687018,
          0.07018794158310589
        ],
        [
          0.1765245628525632,
          0.018099306614152936,
          0.21677420356302093
        ],
        [
          0.11401353033795755,
          0.10266288986533749,
          0.16072854853596108
        ]
      ]
    ]
  },
  "network_stats": {
    "neurons": 100,
    "connections": 349
  },
  "rollout_data": {
    "rewards": [
      206.0,
      155.0,
      290.0,
      291.0,
      152.0,
      155.0,
      234.0,
      160.0,
      207.0,
      161.0,
      193.0,
      226.0,
      304.0,
      260.0,
      204.0,
      188.0,
      303.0,
      224.0,
      181.0,
      192.0
    ],
    "lengths": [
      206,
      155,
      290,
      291,
      152,
      155,
      234,
      160,
      207,
      161,
      193,
      226,
      304,
      260,
      204,
      188,
      303,
      224,
      181,
      192
    ],
    "eval_seeds": [
      3192414,
      3192415,
      3192416,
      3192417,
      3192418,
      3192419,
      3192420,
      3192421,
      3192422,
      3192423,
      3192424,
      3192425,
      3192426,
      3192427,
      3192428,
      3192429,
      3192430,
      3192431,
      3192432,
      3192433
    ]
  }
}