{
  "network_id": 140380,
  "seed": 3140380,
  "valid": true,
  "baseline_reward": 206.8,
  "baseline_fitness": 0.4136,
  "stratum": "low_mid",
  "genome": {
    "max_growth_steps": 200,
    "size_x": 10,
    "size_y": 10,
    "diffusion_rate": 0.15158593041666973,
    "num_morphogens": 3,
    "division_threshold": 0.6943566100701613,
    "cell_differentiation_threshold": 0.30557679507283486,
    "axon_growth_threshold": 0.3131086987398761,
    "max_axon_length": 4,
    "axon_connect_threshold": 0.7220885707060474,
    "self_connect_isolated_neurons_fraction": 0.10328319503492188,
    "weight_adjustment_target": 0.4341708312275303,
    "weight_adjustment_rate": 0.011344906868483058,
    "progenitor_secretion_rates": [
      0.49471105974168444,
      0.3773590339330784,
      0.3609116601692161
    ],
    "neuron_secretion_rates": [
      0.38728632244005007,
      0.15309955941539022,
      0.23572649016611902
    ],
    "inhibition_matrix": [
      [
        0.0,
        0.163158126033368,
        0.0
      ],
      [
        0.4476308489589385,
        0.0,
        0.0
      ],
      [
        0.0,
        0.4795507905077207,
        0.0
      ]
    ],
    "diffusion_patterns": [
      [
        [
          0.021639196300204493,
          0.05225680918744566,
          0.1183455857827747
        ],
        [
          0.1726607106084052,
          0.15480685083909576,
          0.15096314104947053
        ],
        [
          0.14204120520034574,
          0.13917469508593927,
          0.04811180594631867
        ]
      ],
      [
        [
          0.12332650135580765,
          0.14910567673192188,
          0.20691083759540024
        ],
        [
          0.039658541041104466,
          0.12387854511979776,
          0.11343493942453592
        ],
        [
          0.17295765835016064,
          0.0007989603828653564,
          0.06992833999840602
        ]
      ],
      [
        [
          0.08458185056104098,
          0.08810909545098025,
          0.03253874747511229
        ],
        [
          0.1264086151246612,
          0.021670644586987687,
          0.18488237770001767
        ],
        [
          0.12059272563284361,
          0.17540109464113893,
          0.16581484882721745
        ]
      ]
    ]
  },
  "network_stats": {
    "neurons": 100,
    "connections": 390
  },
  "rollout_data": {
    "rewards": [
      164.0,
      195.0,
      315.0,
      107.0,
      500.0,
      196.0,
      209.0,
      111.0,
      133.0,
      255.0,
      109.0,
      100.0,
      214.0,
      251.0,
      26.0,
      279.0,
      500.0,
      312.0,
      25.0,
      135.0
    ],
    "lengths": [
      164,
      195,
      315,
      107,
      500,
      196,
      209,
      111,
      133,
      255,
      109,
      100,
      214,
      251,
      26,
      279,
      500,
      312,
      25,
      135
    ],
    "eval_seeds": [
      3140380,
      3140381,
      3140382,
      3140383,
      3140384,
      3140385,
      3140386,
      3140387,
      3140388,
      3140389,
      3140390,
      3140391,
      3140392,
      3140393,
      3140394,
      3140395,
      3140396,
      3140397,
      3140398,
      3140399
    ]
  }
}