{
  "network_id": 173655,
  "seed": 3173655,
  "valid": true,
  "baseline_reward": 9.35,
  "baseline_fitness": 0.018699999999999998,
  "stratum": "weak",
  "genome": {
    "max_growth_steps": 200,
    "size_x": 10,
    "size_y": 10,
    "diffusion_rate": 0.1703536787908131,
    "num_morphogens": 3,
    "division_threshold": 0.41160073353587123,
    "cell_differentiation_threshold": 0.635960877441683,
    "axon_growth_threshold": 0.49866396670003577,
    "max_axon_length": 3,
    "axon_connect_threshold": 0.8449957901276546,
    "self_connect_isolated_neurons_fraction": 0.11076707656083613,
    "weight_adjustment_target": 0.6738339155898817,
    "weight_adjustment_rate": 0.01806080596167595,
    "progenitor_secretion_rates": [
      0.41116660352019957,
      0.15329286884689552,
      0.4634739958626011
    ],
    "neuron_secretion_rates": [
      0.1259270708285561,
      0.3858854573511156,
      0.18193852567865998
    ],
    "inhibition_matrix": [
      [
        0.0,
        0.0,
        0.0
      ],
      [
        0.0,
        0.0,
        0.0
      ],
      [
        0.0,
        0.0,
        0.0
      ]
    ],
    "diffusion_patterns": [
      [
        [
          0.10213758344532399,
          0.13930188143852237,
          0.07054626549836959
        ],
        [
          0.1279803920371367,
          0.1722496273409085,
          0.04216826284061456
        ],
        [
          0.1617394243609336,
          0.03552441523554111,
          0.14835214780264958
        ]
      ],
      [
        [
          0.1329308929587113,
          0.009326248017436579,
          0.16253835661982924
        ],
        [
          0.09719800108336596,
          0.1576753818824621,
          0.13822217662023814
        ],
        [
          0.09709158090828052,
          0.020901528850983606,
          0.18411583305869242
        ]
      ],
      [
        [
          0.013873561136614544,
          0.16413925005280702,
          0.09495491700110244
        ],
        [
          0.014303220958482393,
          0.14634655066325117,
          0.16831016027156576
        ],
        [
          0.09243533437797309,
          0.161554313137676,
          0.1440826924005276
        ]
      ]
    ]
  },
  "network_stats": {
    "neurons": 100,
    "connections": 152
  },
  "rollout_data": {
    "rewards": [
      9.0,
      10.0,
      9.0,
      9.0,
      10.0,
      9.0,
      9.0,
      10.0,
      10.0,
      10.0,
      8.0,
      10.0,
      9.0,
      10.0,
      8.0,
      8.0,
      10.0,
      10.0,
      10.0,
      9.0
    ],
    "lengths": [
      9,
      10,
      9,
      9,
      10,
      9,
      9,
      10,
      10,
      10,
      8,
      10,
      9,
      10,
      8,
      8,
      10,
      10,
      10,
      9
    ],
    "eval_seeds": [
      3173655,
      3173656,
      3173657,
      3173658,
      3173659,
      3173660,
      3173661,
      3173662,
      3173663,
      3173664,
      3173665,
      3173666,
      3173667,
      3173668,
      3173669,
      3173670,
      3173671,
      3173672,
      3173673,
      3173674
    ]
  }
}