{
  "network_id": 139221,
  "seed": 3139221,
  "valid": true,
  "baseline_reward": 9.35,
  "baseline_fitness": 0.018699999999999998,
  "stratum": "weak",
  "genome": {
    "max_growth_steps": 200,
    "size_x": 10,
    "size_y": 10,
    "diffusion_rate": 0.055058970610305874,
    "num_morphogens": 3,
    "division_threshold": 0.4445757751646176,
    "cell_differentiation_threshold": 0.6475465075997149,
    "axon_growth_threshold": 0.2880093046201128,
    "max_axon_length": 7,
    "axon_connect_threshold": 0.5501323306452807,
    "self_connect_isolated_neurons_fraction": 0.10134144142321481,
    "weight_adjustment_target": 0.3019704184349153,
    "weight_adjustment_rate": 0.013846625992189273,
    "progenitor_secretion_rates": [
      0.4376611842284301,
      0.27334076451450295,
      0.2927753973430451
    ],
    "neuron_secretion_rates": [
      0.19621996331688024,
      0.38154829143432784,
      0.41535820006943136
    ],
    "inhibition_matrix": [
      [
        0.0,
        0.03284567414637152,
        0.009660499922528265
      ],
      [
        0.21596588994083887,
        0.0,
        0.0
      ],
      [
        0.22730648984860186,
        0.0,
        0.0
      ]
    ],
    "diffusion_patterns": [
      [
        [
          0.004516566416162248,
          0.06962084855130642,
          0.005507910750935826
        ],
        [
          0.20985067504338184,
          0.20297184249165082,
          0.141358287373793
        ],
        [
          0.16507620794056962,
          0.19884103441376033,
          0.0022566270184399707
        ]
      ],
      [
        [
          0.07470282248472868,
          0.18960187165540562,
          0.029712625548210195
        ],
        [
          0.15096652243427455,
          0.18592794012991687,
          0.030306048026944355
        ],
        [
          0.17636560975144946,
          0.06814942706780547,
          0.0942671329012649
        ]
      ],
      [
        [
          0.2216464339721526,
          0.09977447996617535,
          0.06379973807931791
        ],
        [
          0.16520961968081624,
          0.039133905081984444,
          0.15746879866056893
        ],
        [
          0.1089073351369799,
          0.07940423116926293,
          0.06465545825274174
        ]
      ]
    ]
  },
  "network_stats": {
    "neurons": 100,
    "connections": 240
  },
  "rollout_data": {
    "rewards": [
      11.0,
      10.0,
      9.0,
      10.0,
      10.0,
      9.0,
      9.0,
      10.0,
      8.0,
      9.0,
      8.0,
      10.0,
      10.0,
      10.0,
      9.0,
      8.0,
      9.0,
      9.0,
      10.0,
      9.0
    ],
    "lengths": [
      11,
      10,
      9,
      10,
      10,
      9,
      9,
      10,
      8,
      9,
      8,
      10,
      10,
      10,
      9,
      8,
      9,
      9,
      10,
      9
    ],
    "eval_seeds": [
      3139221,
      3139222,
      3139223,
      3139224,
      3139225,
      3139226,
      3139227,
      3139228,
      3139229,
      3139230,
      3139231,
      3139232,
      3139233,
      3139234,
      3139235,
      3139236,
      3139237,
      3139238,
      3139239,
      3139240
    ]
  }
}