{
  "network_id": 78670,
  "seed": 3078670,
  "valid": true,
  "baseline_reward": 476.3,
  "baseline_fitness": 0.9526,
  "stratum": "perfect",
  "genome": {
    "max_growth_steps": 200,
    "size_x": 10,
    "size_y": 10,
    "diffusion_rate": 0.13504801470908978,
    "num_morphogens": 3,
    "division_threshold": 0.4109635698265757,
    "cell_differentiation_threshold": 0.532589045306449,
    "axon_growth_threshold": 0.4838546927499407,
    "max_axon_length": 9,
    "axon_connect_threshold": 0.5302102595245124,
    "self_connect_isolated_neurons_fraction": 0.0873633601176851,
    "weight_adjustment_target": 0.616856096845824,
    "weight_adjustment_rate": 0.016085147967691955,
    "progenitor_secretion_rates": [
      0.30845401513314,
      0.21766040956547233,
      0.43384414879094635
    ],
    "neuron_secretion_rates": [
      0.32143350561877226,
      0.06189842666884687,
      0.15558877667235543
    ],
    "inhibition_matrix": [
      [
        0.0,
        0.0,
        0.16210861700726464
      ],
      [
        0.0,
        0.0,
        0.0
      ],
      [
        0.0,
        0.0,
        0.0
      ]
    ],
    "diffusion_patterns": [
      [
        [
          0.23177721813421998,
          0.1968063976386802,
          0.06738894375228378
        ],
        [
          0.06088367835808474,
          0.1548407362220106,
          0.10171023653628043
        ],
        [
          0.0339597124079375,
          0.036421615214884975,
          0.11621146173561783
        ]
      ],
      [
        [
          0.04663231911605116,
          0.06586256129838843,
          0.15576817377878954
        ],
        [
          0.19552811798113584,
          0.04007126940795683,
          0.14889650132382592
        ],
        [
          0.14465497125561674,
          0.011613255912773414,
          0.19097282992546202
        ]
      ],
      [
        [
          0.08025871973291547,
          0.0034891233481157205,
          0.048131560011736796
        ],
        [
          0.18006433738774225,
          0.07246462085981013,
          0.10366956528015218
        ],
        [
          0.22414581794086483,
          0.13407048192691046,
          0.15370577351175208
        ]
      ]
    ]
  },
  "network_stats": {
    "neurons": 100,
    "connections": 236
  },
  "rollout_data": {
    "rewards": [
      500.0,
      500.0,
      500.0,
      500.0,
      500.0,
      26.0,
      500.0,
      500.0,
      500.0,
      500.0,
      500.0,
      500.0,
      500.0,
      500.0,
      500.0,
      500.0,
      500.0,
      500.0,
      500.0,
      500.0
    ],
    "lengths": [
      500,
      500,
      500,
      500,
      500,
      26,
      500,
      500,
      500,
      500,
      500,
      500,
      500,
      500,
      500,
      500,
      500,
      500,
      500,
      500
    ],
    "eval_seeds": [
      3078670,
      3078671,
      3078672,
      3078673,
      3078674,
      3078675,
      3078676,
      3078677,
      3078678,
      3078679,
      3078680,
      3078681,
      3078682,
      3078683,
      3078684,
      3078685,
      3078686,
      3078687,
      3078688,
      3078689
    ]
  }
}