{
  "network_id": 107888,
  "seed": 3107888,
  "valid": true,
  "baseline_reward": 9.4,
  "baseline_fitness": 0.0188,
  "stratum": "weak",
  "genome": {
    "max_growth_steps": 200,
    "size_x": 10,
    "size_y": 10,
    "diffusion_rate": 0.15091535036260176,
    "num_morphogens": 3,
    "division_threshold": 0.33431133840223404,
    "cell_differentiation_threshold": 0.455579771085145,
    "axon_growth_threshold": 0.43833778329353645,
    "max_axon_length": 5,
    "axon_connect_threshold": 0.9894171630390906,
    "self_connect_isolated_neurons_fraction": 0.1322922189949875,
    "weight_adjustment_target": 0.31113493040705126,
    "weight_adjustment_rate": 0.018615370493210902,
    "progenitor_secretion_rates": [
      0.0902398079501523,
      0.04389093633604879,
      0.19001129513329496
    ],
    "neuron_secretion_rates": [
      0.08943769513828498,
      0.06825400527779274,
      0.17483076960112498
    ],
    "inhibition_matrix": [
      [
        0.0,
        0.0,
        0.0
      ],
      [
        0.0,
        0.0,
        0.0
      ],
      [
        0.0,
        0.0,
        0.0
      ]
    ],
    "diffusion_patterns": [
      [
        [
          0.2279861507437713,
          0.051954806202100884,
          0.09819742190772017
        ],
        [
          0.10519380714677187,
          0.1297056004064116,
          0.057744863309268195
        ],
        [
          0.1626629475358022,
          0.08125958227518072,
          0.08529482047297321
        ]
      ],
      [
        [
          0.09654850099172509,
          0.10590126542790737,
          0.18620472673229627
        ],
        [
          0.09066109371813517,
          0.0929332731962633,
          0.019516617088255743
        ],
        [
          0.1400696071895762,
          0.10619424997839912,
          0.16197066567744173
        ]
      ],
      [
        [
          0.16941501483321436,
          0.09146051042532229,
          0.01812940484419254
        ],
        [
          0.18867466139270295,
          0.059374706560731856,
          0.09369694883940213
        ],
        [
          0.07597743257726366,
          0.18671416945977945,
          0.11655715106739073
        ]
      ]
    ]
  },
  "network_stats": {
    "neurons": 100,
    "connections": 127
  },
  "rollout_data": {
    "rewards": [
      9.0,
      11.0,
      9.0,
      10.0,
      9.0,
      10.0,
      9.0,
      8.0,
      9.0,
      10.0,
      11.0,
      10.0,
      8.0,
      8.0,
      10.0,
      8.0,
      9.0,
      10.0,
      9.0,
      11.0
    ],
    "lengths": [
      9,
      11,
      9,
      10,
      9,
      10,
      9,
      8,
      9,
      10,
      11,
      10,
      8,
      8,
      10,
      8,
      9,
      10,
      9,
      11
    ],
    "eval_seeds": [
      3107888,
      3107889,
      3107890,
      3107891,
      3107892,
      3107893,
      3107894,
      3107895,
      3107896,
      3107897,
      3107898,
      3107899,
      3107900,
      3107901,
      3107902,
      3107903,
      3107904,
      3107905,
      3107906,
      3107907
    ]
  }
}