{
  "network_id": 169477,
  "seed": 3169477,
  "valid": true,
  "baseline_reward": 27.25,
  "baseline_fitness": 0.0545,
  "stratum": "weak",
  "genome": {
    "max_growth_steps": 200,
    "size_x": 10,
    "size_y": 10,
    "diffusion_rate": 0.18944874444317944,
    "num_morphogens": 3,
    "division_threshold": 0.41784931795350244,
    "cell_differentiation_threshold": 0.3616896549113621,
    "axon_growth_threshold": 0.22969121118548774,
    "max_axon_length": 4,
    "axon_connect_threshold": 0.5334452373850664,
    "self_connect_isolated_neurons_fraction": 0.2756314493674108,
    "weight_adjustment_target": 0.5208165716791451,
    "weight_adjustment_rate": 0.014416007017518512,
    "progenitor_secretion_rates": [
      0.15970888322804372,
      0.02946361212035148,
      0.1255176989257364
    ],
    "neuron_secretion_rates": [
      0.28843958221588134,
      0.3971021341712289,
      0.36584593089994716
    ],
    "inhibition_matrix": [
      [
        0.0,
        0.0,
        0.0
      ],
      [
        0.0,
        0.0,
        0.0
      ],
      [
        0.16179040580346465,
        0.0,
        0.0
      ]
    ],
    "diffusion_patterns": [
      [
        [
          0.15260981600465265,
          0.024093985649359603,
          0.09422950717209011
        ],
        [
          0.1982675565820332,
          0.08107518066993345,
          0.13226358889530015
        ],
        [
          0.1503596551848922,
          0.03393872242000834,
          0.1331619874217303
        ]
      ],
      [
        [
          0.0016732311290322563,
          0.18983807481138273,
          0.08353016555466605
        ],
        [
          0.13503542424605372,
          0.18579629111923682,
          0.17924077412678546
        ],
        [
          0.0857273179675826,
          0.04803996004545892,
          0.0911187609998016
        ]
      ],
      [
        [
          0.14760672045180223,
          0.18580302940234358,
          0.13894080691422514
        ],
        [
          0.12590807078413935,
          0.0909245267074064,
          0.056753467738019384
        ],
        [
          0.18042562616856106,
          0.04351281939369119,
          0.030124932439811725
        ]
      ]
    ]
  },
  "network_stats": {
    "neurons": 100,
    "connections": 240
  },
  "rollout_data": {
    "rewards": [
      25.0,
      33.0,
      26.0,
      28.0,
      27.0,
      16.0,
      23.0,
      44.0,
      21.0,
      41.0,
      22.0,
      37.0,
      33.0,
      19.0,
      23.0,
      23.0,
      35.0,
      19.0,
      27.0,
      23.0
    ],
    "lengths": [
      25,
      33,
      26,
      28,
      27,
      16,
      23,
      44,
      21,
      41,
      22,
      37,
      33,
      19,
      23,
      23,
      35,
      19,
      27,
      23
    ],
    "eval_seeds": [
      3169477,
      3169478,
      3169479,
      3169480,
      3169481,
      3169482,
      3169483,
      3169484,
      3169485,
      3169486,
      3169487,
      3169488,
      3169489,
      3169490,
      3169491,
      3169492,
      3169493,
      3169494,
      3169495,
      3169496
    ]
  }
}