{
  "network_id": 65084,
  "seed": 3065084,
  "valid": true,
  "baseline_reward": 256.6,
  "baseline_fitness": 0.5132000000000001,
  "stratum": "low_mid",
  "genome": {
    "max_growth_steps": 200,
    "size_x": 10,
    "size_y": 10,
    "diffusion_rate": 0.16092249499400058,
    "num_morphogens": 3,
    "division_threshold": 0.4149946743905092,
    "cell_differentiation_threshold": 0.6774936413592892,
    "axon_growth_threshold": 0.3660420592855754,
    "max_axon_length": 8,
    "axon_connect_threshold": 0.4939674159535912,
    "self_connect_isolated_neurons_fraction": 0.2381623822227882,
    "weight_adjustment_target": 0.4085285075234401,
    "weight_adjustment_rate": 0.009864878461247294,
    "progenitor_secretion_rates": [
      0.40337547786813654,
      0.04792265670932383,
      0.3978875609258388
    ],
    "neuron_secretion_rates": [
      0.3654953556851343,
      0.4551122976052536,
      0.266162263408605
    ],
    "inhibition_matrix": [
      [
        0.0,
        0.24143948922347758,
        0.0
      ],
      [
        0.0,
        0.0,
        0.0
      ],
      [
        0.43594145823333613,
        0.0,
        0.0
      ]
    ],
    "diffusion_patterns": [
      [
        [
          0.09484513141779122,
          0.04769682906151893,
          0.11985411183838889
        ],
        [
          0.08346477431276972,
          0.027554127059700294,
          0.19821333544684655
        ],
        [
          0.02735470556349523,
          0.22624288853529842,
          0.17477409676419078
        ]
      ],
      [
        [
          0.026253703821562627,
          0.0875325809438844,
          0.051598525375893926
        ],
        [
          0.16931721352598336,
          0.12034235267546144,
          0.09191985116606177
        ],
        [
          0.03252152658355912,
          0.15202654151144152,
          0.26848770439615177
        ]
      ],
      [
        [
          0.11687809022841195,
          0.1274194546605296,
          0.06572849644552965
        ],
        [
          0.08610511325058577,
          0.162315339650573,
          0.18601051035863853
        ],
        [
          0.17337330351486321,
          0.07220071659561836,
          0.00996897529525002
        ]
      ]
    ]
  },
  "network_stats": {
    "neurons": 100,
    "connections": 360
  },
  "rollout_data": {
    "rewards": [
      256.0,
      186.0,
      267.0,
      261.0,
      293.0,
      248.0,
      208.0,
      267.0,
      252.0,
      277.0,
      294.0,
      284.0,
      268.0,
      262.0,
      259.0,
      227.0,
      232.0,
      288.0,
      268.0,
      235.0
    ],
    "lengths": [
      256,
      186,
      267,
      261,
      293,
      248,
      208,
      267,
      252,
      277,
      294,
      284,
      268,
      262,
      259,
      227,
      232,
      288,
      268,
      235
    ],
    "eval_seeds": [
      3065084,
      3065085,
      3065086,
      3065087,
      3065088,
      3065089,
      3065090,
      3065091,
      3065092,
      3065093,
      3065094,
      3065095,
      3065096,
      3065097,
      3065098,
      3065099,
      3065100,
      3065101,
      3065102,
      3065103
    ]
  }
}