{
  "network_id": 44078,
  "seed": 3044078,
  "valid": true,
  "baseline_reward": 197.2,
  "baseline_fitness": 0.3944,
  "stratum": "weak",
  "genome": {
    "max_growth_steps": 200,
    "size_x": 10,
    "size_y": 10,
    "diffusion_rate": 0.12769885113139745,
    "num_morphogens": 3,
    "division_threshold": 0.3788977052880337,
    "cell_differentiation_threshold": 0.5518137253538469,
    "axon_growth_threshold": 0.3043743469581932,
    "max_axon_length": 10,
    "axon_connect_threshold": 0.9675892520896516,
    "self_connect_isolated_neurons_fraction": 0.05885784850909724,
    "weight_adjustment_target": 0.3519905919517725,
    "weight_adjustment_rate": 0.01592250532209535,
    "progenitor_secretion_rates": [
      0.4921452733219364,
      0.466241497785366,
      0.2472950434459284
    ],
    "neuron_secretion_rates": [
      0.22470382264238514,
      0.42173479537156255,
      0.0834354368002368
    ],
    "inhibition_matrix": [
      [
        0.0,
        0.0,
        0.0
      ],
      [
        0.3812203021144456,
        0.0,
        0.0
      ],
      [
        0.0,
        0.0,
        0.0
      ]
    ],
    "diffusion_patterns": [
      [
        [
          0.0543010046905804,
          0.12131958943317714,
          0.04393635078446067
        ],
        [
          0.11568269779292936,
          0.16185728977392033,
          0.11704576113038953
        ],
        [
          0.11833110897639625,
          0.11671651239746784,
          0.15080968502067846
        ]
      ],
      [
        [
          0.05790908436250037,
          0.18355102258737238,
          0.12968329118588762
        ],
        [
          0.19485426474131043,
          0.05096127932008454,
          0.12009269263908388
        ],
        [
          0.08111755436204997,
          0.131516681409906,
          0.050314129391804685
        ]
      ],
      [
        [
          0.22653850792668825,
          0.09035932243642619,
          0.05779133813134171
        ],
        [
          0.08067576051234152,
          0.16706790456163687,
          0.03422589575021768
        ],
        [
          0.15513317301140372,
          0.04865430799768611,
          0.1395537896722581
        ]
      ]
    ]
  },
  "network_stats": {
    "neurons": 100,
    "connections": 274
  },
  "rollout_data": {
    "rewards": [
      247.0,
      165.0,
      163.0,
      149.0,
      218.0,
      237.0,
      145.0,
      236.0,
      181.0,
      138.0,
      175.0,
      222.0,
      199.0,
      245.0,
      159.0,
      230.0,
      137.0,
      209.0,
      271.0,
      218.0
    ],
    "lengths": [
      247,
      165,
      163,
      149,
      218,
      237,
      145,
      236,
      181,
      138,
      175,
      222,
      199,
      245,
      159,
      230,
      137,
      209,
      271,
      218
    ],
    "eval_seeds": [
      3044078,
      3044079,
      3044080,
      3044081,
      3044082,
      3044083,
      3044084,
      3044085,
      3044086,
      3044087,
      3044088,
      3044089,
      3044090,
      3044091,
      3044092,
      3044093,
      3044094,
      3044095,
      3044096,
      3044097
    ]
  }
}