{
  "network_id": 133386,
  "seed": 3133386,
  "valid": true,
  "baseline_reward": 243.15,
  "baseline_fitness": 0.4863,
  "stratum": "low_mid",
  "genome": {
    "max_growth_steps": 200,
    "size_x": 10,
    "size_y": 10,
    "diffusion_rate": 0.19164017615001078,
    "num_morphogens": 3,
    "division_threshold": 0.6055574548167337,
    "cell_differentiation_threshold": 0.5906567990366247,
    "axon_growth_threshold": 0.4449062965686512,
    "max_axon_length": 3,
    "axon_connect_threshold": 0.7869128232601412,
    "self_connect_isolated_neurons_fraction": 0.2024277806084445,
    "weight_adjustment_target": 0.41588781272038483,
    "weight_adjustment_rate": 0.013028220030913668,
    "progenitor_secretion_rates": [
      0.22692293822590354,
      0.3241703154228621,
      0.39567610196210756
    ],
    "neuron_secretion_rates": [
      0.002571790168271082,
      0.3202898605793561,
      0.13464107675438403
    ],
    "inhibition_matrix": [
      [
        0.0,
        0.06420126591110414,
        0.0
      ],
      [
        0.0,
        0.0,
        0.20894181207011642
      ],
      [
        0.43365258799906264,
        0.0,
        0.0
      ]
    ],
    "diffusion_patterns": [
      [
        [
          0.15960726716914875,
          0.0028600589509640397,
          0.23623042624656568
        ],
        [
          0.13581495636437835,
          0.1330241001910412,
          0.06791013419760113
        ],
        [
          0.00677999961030029,
          0.038243606469646016,
          0.21952945080035463
        ]
      ],
      [
        [
          0.08630698642159745,
          0.10985508730024383,
          0.13592573159242913
        ],
        [
          0.1251608274467814,
          0.10125731825058008,
          0.10916125683477616
        ],
        [
          0.16738597680515946,
          0.14872071199965956,
          0.016226103348773
        ]
      ],
      [
        [
          0.0851255149831392,
          0.1200832199751911,
          0.12271154273243691
        ],
        [
          0.03807017074352356,
          0.14863998868341702,
          0.16334036948734992
        ],
        [
          0.010439115972206281,
          0.2658968084503459,
          0.04569326897239004
        ]
      ]
    ]
  },
  "network_stats": {
    "neurons": 6,
    "connections": 14
  },
  "rollout_data": {
    "rewards": [
      190.0,
      171.0,
      52.0,
      165.0,
      148.0,
      344.0,
      190.0,
      297.0,
      204.0,
      304.0,
      168.0,
      196.0,
      228.0,
      187.0,
      176.0,
      315.0,
      353.0,
      500.0,
      379.0,
      296.0
    ],
    "lengths": [
      190,
      171,
      52,
      165,
      148,
      344,
      190,
      297,
      204,
      304,
      168,
      196,
      228,
      187,
      176,
      315,
      353,
      500,
      379,
      296
    ],
    "eval_seeds": [
      3133386,
      3133387,
      3133388,
      3133389,
      3133390,
      3133391,
      3133392,
      3133393,
      3133394,
      3133395,
      3133396,
      3133397,
      3133398,
      3133399,
      3133400,
      3133401,
      3133402,
      3133403,
      3133404,
      3133405
    ]
  }
}