{
  "network_id": 56036,
  "seed": 3056036,
  "valid": true,
  "baseline_reward": 117.55,
  "baseline_fitness": 0.2351,
  "stratum": "weak",
  "genome": {
    "max_growth_steps": 200,
    "size_x": 10,
    "size_y": 10,
    "diffusion_rate": 0.12655326477951506,
    "num_morphogens": 3,
    "division_threshold": 0.3237496026042081,
    "cell_differentiation_threshold": 0.5753240224699334,
    "axon_growth_threshold": 0.48392195209234123,
    "max_axon_length": 9,
    "axon_connect_threshold": 0.6326362774424614,
    "self_connect_isolated_neurons_fraction": 0.26609480971836635,
    "weight_adjustment_target": 0.6468910728412557,
    "weight_adjustment_rate": 0.006708031856222264,
    "progenitor_secretion_rates": [
      0.29617460766010645,
      0.05650183439634321,
      0.40499168539923536
    ],
    "neuron_secretion_rates": [
      0.003612348826807832,
      0.3543117855807429,
      0.32025909956652426
    ],
    "inhibition_matrix": [
      [
        0.0,
        0.0,
        0.24337692735578065
      ],
      [
        0.0,
        0.0,
        0.0
      ],
      [
        0.2333437292406778,
        0.0,
        0.0
      ]
    ],
    "diffusion_patterns": [
      [
        [
          0.04862688718262801,
          0.08740749293072649,
          0.13998884738595968
        ],
        [
          0.04468888896077953,
          0.09079964130671171,
          0.18664018900759405
        ],
        [
          0.08442969865616266,
          0.19111429495629778,
          0.12630405961314026
        ]
      ],
      [
        [
          0.1565747369692856,
          0.08447532880522934,
          0.23200857502633573
        ],
        [
          0.1260536675293712,
          0.022642131163267996,
          0.10498543956888524
        ],
        [
          0.010533728548013956,
          0.21478607899105223,
          0.04794031339855879
        ]
      ],
      [
        [
          0.14031854542295452,
          0.047035169143946745,
          0.16836940195728142
        ],
        [
          0.1454454362217433,
          0.19508071234113727,
          0.13886310617995556
        ],
        [
          0.022265641608965638,
          0.05756493299662667,
          0.0850570541273888
        ]
      ]
    ]
  },
  "network_stats": {
    "neurons": 100,
    "connections": 393
  },
  "rollout_data": {
    "rewards": [
      139.0,
      136.0,
      105.0,
      143.0,
      85.0,
      90.0,
      89.0,
      130.0,
      124.0,
      108.0,
      87.0,
      101.0,
      150.0,
      92.0,
      126.0,
      138.0,
      111.0,
      129.0,
      125.0,
      143.0
    ],
    "lengths": [
      139,
      136,
      105,
      143,
      85,
      90,
      89,
      130,
      124,
      108,
      87,
      101,
      150,
      92,
      126,
      138,
      111,
      129,
      125,
      143
    ],
    "eval_seeds": [
      3056036,
      3056037,
      3056038,
      3056039,
      3056040,
      3056041,
      3056042,
      3056043,
      3056044,
      3056045,
      3056046,
      3056047,
      3056048,
      3056049,
      3056050,
      3056051,
      3056052,
      3056053,
      3056054,
      3056055
    ]
  }
}