{
  "network_id": 136808,
  "seed": 3136808,
  "valid": true,
  "baseline_reward": 500.0,
  "baseline_fitness": 1.0,
  "stratum": "perfect",
  "genome": {
    "max_growth_steps": 200,
    "size_x": 10,
    "size_y": 10,
    "diffusion_rate": 0.1775166475573306,
    "num_morphogens": 3,
    "division_threshold": 0.3856315340681622,
    "cell_differentiation_threshold": 0.5348765054853866,
    "axon_growth_threshold": 0.46676167305612565,
    "max_axon_length": 7,
    "axon_connect_threshold": 0.8290771783093935,
    "self_connect_isolated_neurons_fraction": 0.20293450350871575,
    "weight_adjustment_target": 0.534583681150595,
    "weight_adjustment_rate": 0.014197514148754135,
    "progenitor_secretion_rates": [
      0.2346315759834111,
      0.32575670941832147,
      0.10811038670753109
    ],
    "neuron_secretion_rates": [
      0.23768566980036948,
      0.4818394682053027,
      0.15178581553515347
    ],
    "inhibition_matrix": [
      [
        0.0,
        0.0,
        0.4026770556240741
      ],
      [
        0.0,
        0.0,
        0.0
      ],
      [
        0.09852006474877884,
        0.0,
        0.0
      ]
    ],
    "diffusion_patterns": [
      [
        [
          0.025533192654782655,
          0.19327312969249144,
          0.1451423864976705
        ],
        [
          0.00321575911799815,
          0.08539834863420971,
          0.08770949744158814
        ],
        [
          0.13040604387178367,
          0.16694208916543768,
          0.16237955292403802
        ]
      ],
      [
        [
          0.14361191586801464,
          0.02617353055176833,
          0.10693820767660295
        ],
        [
          0.0031346144729277486,
          0.09032422210123113,
          0.23640397165915927
        ],
        [
          0.19930869676138924,
          0.009172111269728058,
          0.1849327296391786
        ]
      ],
      [
        [
          0.17727282233931582,
          0.04327400083569278,
          0.14168007844683117
        ],
        [
          0.0015332078289962809,
          0.1953077351833086,
          0.0040322868200594044
        ],
        [
          0.2215166054107142,
          0.11714077819583378,
          0.09824248493924777
        ]
      ]
    ]
  },
  "network_stats": {
    "neurons": 6,
    "connections": 13
  },
  "rollout_data": {
    "rewards": [
      500.0,
      500.0,
      500.0,
      500.0,
      500.0,
      500.0,
      500.0,
      500.0,
      500.0,
      500.0,
      500.0,
      500.0,
      500.0,
      500.0,
      500.0,
      500.0,
      500.0,
      500.0,
      500.0,
      500.0
    ],
    "lengths": [
      500,
      500,
      500,
      500,
      500,
      500,
      500,
      500,
      500,
      500,
      500,
      500,
      500,
      500,
      500,
      500,
      500,
      500,
      500,
      500
    ],
    "eval_seeds": [
      3136808,
      3136809,
      3136810,
      3136811,
      3136812,
      3136813,
      3136814,
      3136815,
      3136816,
      3136817,
      3136818,
      3136819,
      3136820,
      3136821,
      3136822,
      3136823,
      3136824,
      3136825,
      3136826,
      3136827
    ]
  }
}