{
  "network_id": 19476,
  "seed": 3019476,
  "valid": true,
  "baseline_reward": 500.0,
  "baseline_fitness": 1.0,
  "stratum": "perfect",
  "genome": {
    "max_growth_steps": 200,
    "size_x": 10,
    "size_y": 10,
    "diffusion_rate": 0.08066447600886116,
    "num_morphogens": 3,
    "division_threshold": 0.5541650162439697,
    "cell_differentiation_threshold": 0.6478981170422923,
    "axon_growth_threshold": 0.39320714430306225,
    "max_axon_length": 10,
    "axon_connect_threshold": 0.6547216207622166,
    "self_connect_isolated_neurons_fraction": 0.23265159068356095,
    "weight_adjustment_target": 0.5648804342981943,
    "weight_adjustment_rate": 0.007930423425128938,
    "progenitor_secretion_rates": [
      0.14966597710727775,
      0.015389280919069381,
      0.2645373228945203
    ],
    "neuron_secretion_rates": [
      0.20845703841610502,
      0.27615766883679277,
      0.4787621920228411
    ],
    "inhibition_matrix": [
      [
        0.0,
        0.0,
        0.0
      ],
      [
        0.0,
        0.0,
        0.0
      ],
      [
        0.0,
        0.2891711391060711,
        0.0
      ]
    ],
    "diffusion_patterns": [
      [
        [
          0.0883049535353229,
          0.08582110266980746,
          0.07234709997352352
        ],
        [
          0.17318642145203783,
          0.11092098098947278,
          0.1836610151530858
        ],
        [
          0.08030189198316554,
          0.12921603389836364,
          0.07624050034522051
        ]
      ],
      [
        [
          0.16069640112862654,
          0.13239363143958957,
          0.04344400065878375
        ],
        [
          0.1775572541356894,
          0.1848450889236082,
          0.0905029797415674
        ],
        [
          0.12204504795679366,
          0.08211442211722361,
          0.006401173898117915
        ]
      ],
      [
        [
          0.02675044401934104,
          0.14003035401635092,
          0.01723636845408602
        ],
        [
          0.15198345686337966,
          0.0005631721860285098,
          0.09003390026541276
        ],
        [
          0.21006121896116337,
          0.1907604459776875,
          0.1725806392565503
        ]
      ]
    ]
  },
  "network_stats": {
    "neurons": 100,
    "connections": 227
  },
  "rollout_data": {
    "rewards": [
      500.0,
      500.0,
      500.0,
      500.0,
      500.0,
      500.0,
      500.0,
      500.0,
      500.0,
      500.0,
      500.0,
      500.0,
      500.0,
      500.0,
      500.0,
      500.0,
      500.0,
      500.0,
      500.0,
      500.0
    ],
    "lengths": [
      500,
      500,
      500,
      500,
      500,
      500,
      500,
      500,
      500,
      500,
      500,
      500,
      500,
      500,
      500,
      500,
      500,
      500,
      500,
      500
    ],
    "eval_seeds": [
      3019476,
      3019477,
      3019478,
      3019479,
      3019480,
      3019481,
      3019482,
      3019483,
      3019484,
      3019485,
      3019486,
      3019487,
      3019488,
      3019489,
      3019490,
      3019491,
      3019492,
      3019493,
      3019494,
      3019495
    ]
  }
}