{
  "network_id": 155798,
  "seed": 3155798,
  "valid": true,
  "baseline_reward": 500.0,
  "baseline_fitness": 1.0,
  "stratum": "perfect",
  "genome": {
    "max_growth_steps": 200,
    "size_x": 10,
    "size_y": 10,
    "diffusion_rate": 0.05535035156705683,
    "num_morphogens": 3,
    "division_threshold": 0.6753013396921829,
    "cell_differentiation_threshold": 0.6498131402878041,
    "axon_growth_threshold": 0.22159602718342142,
    "max_axon_length": 7,
    "axon_connect_threshold": 0.4887910907499581,
    "self_connect_isolated_neurons_fraction": 0.2254915585226258,
    "weight_adjustment_target": 0.5572244541305371,
    "weight_adjustment_rate": 0.0105448541392722,
    "progenitor_secretion_rates": [
      0.42273773876614745,
      0.24484178712753096,
      0.1290969420120452
    ],
    "neuron_secretion_rates": [
      0.03486946693704612,
      0.30011195140975483,
      0.039118548703051814
    ],
    "inhibition_matrix": [
      [
        0.0,
        0.20075236204067543,
        0.26265981502486796
      ],
      [
        0.0,
        0.0,
        0.14220625443705154
      ],
      [
        0.0,
        0.0,
        0.0
      ]
    ],
    "diffusion_patterns": [
      [
        [
          0.1741772877369432,
          0.1395002936337422,
          0.2051865397775057
        ],
        [
          0.026268183988618434,
          0.01121326501299108,
          0.09783022266528772
        ],
        [
          0.170086250977288,
          0.1011171504781401,
          0.07462080572948357
        ]
      ],
      [
        [
          0.13133612651554488,
          0.10465358678415235,
          0.02453364468463906
        ],
        [
          0.1294695346023581,
          0.1256833462000616,
          0.02617941530424809
        ],
        [
          0.1813749049142672,
          0.17150535219626925,
          0.10526408879845951
        ]
      ],
      [
        [
          0.099916856902133,
          0.14074926964461817,
          0.03535655174211883
        ],
        [
          0.14413267631124613,
          0.12872778206315214,
          0.06841691940261276
        ],
        [
          0.05145489369731113,
          0.199972484787554,
          0.13127256544925386
        ]
      ]
    ]
  },
  "network_stats": {
    "neurons": 100,
    "connections": 302
  },
  "rollout_data": {
    "rewards": [
      500.0,
      500.0,
      500.0,
      500.0,
      500.0,
      500.0,
      500.0,
      500.0,
      500.0,
      500.0,
      500.0,
      500.0,
      500.0,
      500.0,
      500.0,
      500.0,
      500.0,
      500.0,
      500.0,
      500.0
    ],
    "lengths": [
      500,
      500,
      500,
      500,
      500,
      500,
      500,
      500,
      500,
      500,
      500,
      500,
      500,
      500,
      500,
      500,
      500,
      500,
      500,
      500
    ],
    "eval_seeds": [
      3155798,
      3155799,
      3155800,
      3155801,
      3155802,
      3155803,
      3155804,
      3155805,
      3155806,
      3155807,
      3155808,
      3155809,
      3155810,
      3155811,
      3155812,
      3155813,
      3155814,
      3155815,
      3155816,
      3155817
    ]
  }
}