{
  "network_id": 48723,
  "seed": 3048723,
  "valid": true,
  "baseline_reward": 9.45,
  "baseline_fitness": 0.0189,
  "stratum": "weak",
  "genome": {
    "max_growth_steps": 200,
    "size_x": 10,
    "size_y": 10,
    "diffusion_rate": 0.05449988411634097,
    "num_morphogens": 3,
    "division_threshold": 0.6323825141363904,
    "cell_differentiation_threshold": 0.5954186463763551,
    "axon_growth_threshold": 0.315464801218339,
    "max_axon_length": 7,
    "axon_connect_threshold": 0.584315156785767,
    "self_connect_isolated_neurons_fraction": 0.14142134204233156,
    "weight_adjustment_target": 0.5401273649483258,
    "weight_adjustment_rate": 0.005097594274274407,
    "progenitor_secretion_rates": [
      0.4450998686575221,
      0.21202411490662249,
      0.47450995184318545
    ],
    "neuron_secretion_rates": [
      0.10189279234834686,
      0.30926296823821936,
      0.19661553012858818
    ],
    "inhibition_matrix": [
      [
        0.0,
        0.4673675772833519,
        0.0
      ],
      [
        0.0,
        0.0,
        0.0
      ],
      [
        0.0,
        0.0,
        0.0
      ]
    ],
    "diffusion_patterns": [
      [
        [
          0.20204649727344967,
          0.1505039352733634,
          0.0004415802003507172
        ],
        [
          0.006189310981983106,
          0.09421799096347382,
          0.04152480328303089
        ],
        [
          0.1741683154116559,
          0.2021271261381095,
          0.12878044047458304
        ]
      ],
      [
        [
          0.006061524839312204,
          0.06812137648621867,
          0.2775724578745938
        ],
        [
          0.05752328711973373,
          0.02795495355897782,
          0.020020611726685685
        ],
        [
          0.3138863804462747,
          0.035039316655201616,
          0.19382009129300176
        ]
      ],
      [
        [
          0.08192808528444069,
          0.02406674697690547,
          0.04647248299422988
        ],
        [
          0.16297918018974078,
          0.11087517862468885,
          0.0819069245273951
        ],
        [
          0.17887639543291387,
          0.009256240603813404,
          0.30363876536587203
        ]
      ]
    ]
  },
  "network_stats": {
    "neurons": 98,
    "connections": 220
  },
  "rollout_data": {
    "rewards": [
      10.0,
      9.0,
      9.0,
      10.0,
      9.0,
      9.0,
      9.0,
      9.0,
      9.0,
      9.0,
      9.0,
      10.0,
      10.0,
      10.0,
      10.0,
      9.0,
      10.0,
      10.0,
      10.0,
      9.0
    ],
    "lengths": [
      10,
      9,
      9,
      10,
      9,
      9,
      9,
      9,
      9,
      9,
      9,
      10,
      10,
      10,
      10,
      9,
      10,
      10,
      10,
      9
    ],
    "eval_seeds": [
      3048723,
      3048724,
      3048725,
      3048726,
      3048727,
      3048728,
      3048729,
      3048730,
      3048731,
      3048732,
      3048733,
      3048734,
      3048735,
      3048736,
      3048737,
      3048738,
      3048739,
      3048740,
      3048741,
      3048742
    ]
  }
}