{
  "network_id": 104414,
  "seed": 3104414,
  "valid": true,
  "baseline_reward": 500.0,
  "baseline_fitness": 1.0,
  "stratum": "perfect",
  "genome": {
    "max_growth_steps": 200,
    "size_x": 10,
    "size_y": 10,
    "diffusion_rate": 0.15294767081449387,
    "num_morphogens": 3,
    "division_threshold": 0.5127457276881817,
    "cell_differentiation_threshold": 0.3347571110792146,
    "axon_growth_threshold": 0.37336048392055443,
    "max_axon_length": 4,
    "axon_connect_threshold": 0.503891901578609,
    "self_connect_isolated_neurons_fraction": 0.20423149530869542,
    "weight_adjustment_target": 0.5393965504764869,
    "weight_adjustment_rate": 0.019160106906353933,
    "progenitor_secretion_rates": [
      0.39360227345311427,
      0.11920334154196172,
      0.34650059484114676
    ],
    "neuron_secretion_rates": [
      0.3341909883269267,
      0.0034722986920913135,
      0.439992607302284
    ],
    "inhibition_matrix": [
      [
        0.0,
        0.33450157433552874,
        0.0
      ],
      [
        0.0,
        0.0,
        0.0
      ],
      [
        0.09914593083191553,
        0.08353832283886387,
        0.0
      ]
    ],
    "diffusion_patterns": [
      [
        [
          0.08863059050940533,
          0.15373444081104545,
          0.15669982917703204
        ],
        [
          0.04261081840865853,
          0.05745335098677319,
          0.15340579973342994
        ],
        [
          0.14351407251327863,
          0.021973078648674333,
          0.1819780192117026
        ]
      ],
      [
        [
          0.036912357682640395,
          0.018983781625218653,
          0.1778185872953781
        ],
        [
          0.1545667358849973,
          0.11686047398107952,
          0.16096485598426222
        ],
        [
          0.10563507215407617,
          0.05570853816424779,
          0.17254959722809982
        ]
      ],
      [
        [
          0.12604389018135656,
          0.13831229463115158,
          0.1638083557587594
        ],
        [
          0.0989055443838307,
          0.0667258645661598,
          0.078901537002287
        ],
        [
          0.10053938344047729,
          0.08979142740346756,
          0.13697170263251005
        ]
      ]
    ]
  },
  "network_stats": {
    "neurons": 100,
    "connections": 503
  },
  "rollout_data": {
    "rewards": [
      500.0,
      500.0,
      500.0,
      500.0,
      500.0,
      500.0,
      500.0,
      500.0,
      500.0,
      500.0,
      500.0,
      500.0,
      500.0,
      500.0,
      500.0,
      500.0,
      500.0,
      500.0,
      500.0,
      500.0
    ],
    "lengths": [
      500,
      500,
      500,
      500,
      500,
      500,
      500,
      500,
      500,
      500,
      500,
      500,
      500,
      500,
      500,
      500,
      500,
      500,
      500,
      500
    ],
    "eval_seeds": [
      3104414,
      3104415,
      3104416,
      3104417,
      3104418,
      3104419,
      3104420,
      3104421,
      3104422,
      3104423,
      3104424,
      3104425,
      3104426,
      3104427,
      3104428,
      3104429,
      3104430,
      3104431,
      3104432,
      3104433
    ]
  }
}