{
  "network_id": 177803,
  "seed": 3177803,
  "valid": true,
  "baseline_reward": 9.55,
  "baseline_fitness": 0.019100000000000002,
  "stratum": "weak",
  "genome": {
    "max_growth_steps": 200,
    "size_x": 10,
    "size_y": 10,
    "diffusion_rate": 0.1936920484495644,
    "num_morphogens": 3,
    "division_threshold": 0.5809017302829629,
    "cell_differentiation_threshold": 0.6309815467570865,
    "axon_growth_threshold": 0.28314694770770504,
    "max_axon_length": 3,
    "axon_connect_threshold": 0.9405607380729769,
    "self_connect_isolated_neurons_fraction": 0.10052173996356314,
    "weight_adjustment_target": 0.6033170243455768,
    "weight_adjustment_rate": 0.019789553786114987,
    "progenitor_secretion_rates": [
      0.1932492821169709,
      0.17007362400118142,
      0.22003020925724165
    ],
    "neuron_secretion_rates": [
      0.3123215914838908,
      0.03561246062199769,
      0.08780789457164906
    ],
    "inhibition_matrix": [
      [
        0.0,
        0.0,
        0.0
      ],
      [
        0.0,
        0.0,
        0.0
      ],
      [
        0.0,
        0.0,
        0.0
      ]
    ],
    "diffusion_patterns": [
      [
        [
          0.07066448461135541,
          0.14266711833908224,
          0.0341773620037917
        ],
        [
          0.17205783263910024,
          0.16574892540728353,
          0.12120321462704331
        ],
        [
          0.24072547754367515,
          0.03567488812547039,
          0.01708069670319791
        ]
      ],
      [
        [
          0.20071920473362873,
          0.11224453832553533,
          0.026496878492010108
        ],
        [
          0.012068857116581537,
          0.14746507286591615,
          0.14968994828023766
        ],
        [
          0.13591619789470674,
          0.1998758343215821,
          0.015523467969801596
        ]
      ],
      [
        [
          0.1701974173045867,
          0.062410526084547974,
          0.012940983090502917
        ],
        [
          0.20000716812063252,
          0.08713873260241652,
          0.11422320277238093
        ],
        [
          0.10071066277141391,
          0.05145979596533799,
          0.20091151128818038
        ]
      ]
    ]
  },
  "network_stats": {
    "neurons": 100,
    "connections": 242
  },
  "rollout_data": {
    "rewards": [
      11.0,
      11.0,
      9.0,
      9.0,
      9.0,
      9.0,
      10.0,
      10.0,
      9.0,
      10.0,
      11.0,
      9.0,
      9.0,
      8.0,
      10.0,
      9.0,
      9.0,
      9.0,
      10.0,
      10.0
    ],
    "lengths": [
      11,
      11,
      9,
      9,
      9,
      9,
      10,
      10,
      9,
      10,
      11,
      9,
      9,
      8,
      10,
      9,
      9,
      9,
      10,
      10
    ],
    "eval_seeds": [
      3177803,
      3177804,
      3177805,
      3177806,
      3177807,
      3177808,
      3177809,
      3177810,
      3177811,
      3177812,
      3177813,
      3177814,
      3177815,
      3177816,
      3177817,
      3177818,
      3177819,
      3177820,
      3177821,
      3177822
    ]
  }
}