{
  "network_id": 67253,
  "seed": 3067253,
  "valid": true,
  "baseline_reward": 500.0,
  "baseline_fitness": 1.0,
  "stratum": "perfect",
  "genome": {
    "max_growth_steps": 200,
    "size_x": 10,
    "size_y": 10,
    "diffusion_rate": 0.09310651966987582,
    "num_morphogens": 3,
    "division_threshold": 0.6669145617644703,
    "cell_differentiation_threshold": 0.5051546138273062,
    "axon_growth_threshold": 0.4462865082848768,
    "max_axon_length": 10,
    "axon_connect_threshold": 0.4653190116030936,
    "self_connect_isolated_neurons_fraction": 0.20883310117973858,
    "weight_adjustment_target": 0.686469478291388,
    "weight_adjustment_rate": 0.00983062846967666,
    "progenitor_secretion_rates": [
      0.46689857285488123,
      0.4887392953983757,
      0.4757087055970049
    ],
    "neuron_secretion_rates": [
      0.13710677824774176,
      0.21547082476540258,
      0.23784418411746872
    ],
    "inhibition_matrix": [
      [
        0.0,
        0.0,
        0.0
      ],
      [
        0.0,
        0.0,
        0.0
      ],
      [
        0.0,
        0.0,
        0.0
      ]
    ],
    "diffusion_patterns": [
      [
        [
          0.11980059733899741,
          0.06279305383761154,
          0.26311834630625075
        ],
        [
          0.03067782790978201,
          0.13130260157025164,
          0.013706657139139294
        ],
        [
          0.26356993271617735,
          0.08809096946157312,
          0.026940013720216864
        ]
      ],
      [
        [
          0.18906415950682867,
          0.009949464730937586,
          0.15428771116615095
        ],
        [
          0.15144179680882008,
          0.17162565194599547,
          0.03594302533408018
        ],
        [
          0.08935893330150516,
          0.16790464857059095,
          0.030424608635091006
        ]
      ],
      [
        [
          0.19980333796438834,
          0.14043286011865522,
          0.05524281803265428
        ],
        [
          0.026978797648205106,
          0.1962737259220919,
          0.07366035267600783
        ],
        [
          0.06774148065998217,
          0.16546363639800346,
          0.07440299058001151
        ]
      ]
    ]
  },
  "network_stats": {
    "neurons": 11,
    "connections": 18
  },
  "rollout_data": {
    "rewards": [
      500.0,
      500.0,
      500.0,
      500.0,
      500.0,
      500.0,
      500.0,
      500.0,
      500.0,
      500.0,
      500.0,
      500.0,
      500.0,
      500.0,
      500.0,
      500.0,
      500.0,
      500.0,
      500.0,
      500.0
    ],
    "lengths": [
      500,
      500,
      500,
      500,
      500,
      500,
      500,
      500,
      500,
      500,
      500,
      500,
      500,
      500,
      500,
      500,
      500,
      500,
      500,
      500
    ],
    "eval_seeds": [
      3067253,
      3067254,
      3067255,
      3067256,
      3067257,
      3067258,
      3067259,
      3067260,
      3067261,
      3067262,
      3067263,
      3067264,
      3067265,
      3067266,
      3067267,
      3067268,
      3067269,
      3067270,
      3067271,
      3067272
    ]
  }
}