{
  "network_id": 40398,
  "seed": 3040398,
  "valid": true,
  "baseline_reward": 212.5,
  "baseline_fitness": 0.425,
  "stratum": "low_mid",
  "genome": {
    "max_growth_steps": 200,
    "size_x": 10,
    "size_y": 10,
    "diffusion_rate": 0.06032610867243711,
    "num_morphogens": 3,
    "division_threshold": 0.46400004898553215,
    "cell_differentiation_threshold": 0.3114685197738855,
    "axon_growth_threshold": 0.32670466252537134,
    "max_axon_length": 4,
    "axon_connect_threshold": 0.6124344760597907,
    "self_connect_isolated_neurons_fraction": 0.12453406560782683,
    "weight_adjustment_target": 0.43265202535507746,
    "weight_adjustment_rate": 0.013162088350354349,
    "progenitor_secretion_rates": [
      0.46735720054175534,
      0.22954801730419128,
      0.05287461223058176
    ],
    "neuron_secretion_rates": [
      0.20237895537340972,
      0.11270452045033186,
      0.24926391080272392
    ],
    "inhibition_matrix": [
      [
        0.0,
        0.0,
        0.05067576514089073
      ],
      [
        0.0,
        0.0,
        0.45672263519555456
      ],
      [
        0.0,
        0.0,
        0.0
      ]
    ],
    "diffusion_patterns": [
      [
        [
          0.04891203386119941,
          0.1723064161774986,
          0.06541108666015646
        ],
        [
          0.08950298921457196,
          0.09970424060484222,
          0.2016980150632715
        ],
        [
          0.1346448532667649,
          0.14176589070396275,
          0.04605447444773213
        ]
      ],
      [
        [
          0.11937438211814887,
          0.1998215534616478,
          0.19010830463549036
        ],
        [
          0.15043877000874908,
          0.0991799811490802,
          0.015999404677853813
        ],
        [
          0.10182465677702184,
          0.022799484514938392,
          0.1004534626570697
        ]
      ],
      [
        [
          0.14731766289686604,
          0.07299228484488957,
          0.19817016925375003
        ],
        [
          0.18923855999484449,
          0.0013426348659565212,
          0.09639609831750855
        ],
        [
          0.02830120686862258,
          0.07123031513552235,
          0.19501106782203984
        ]
      ]
    ]
  },
  "network_stats": {
    "neurons": 100,
    "connections": 261
  },
  "rollout_data": {
    "rewards": [
      155.0,
      293.0,
      168.0,
      298.0,
      210.0,
      170.0,
      230.0,
      279.0,
      257.0,
      162.0,
      269.0,
      179.0,
      145.0,
      194.0,
      198.0,
      162.0,
      149.0,
      239.0,
      225.0,
      268.0
    ],
    "lengths": [
      155,
      293,
      168,
      298,
      210,
      170,
      230,
      279,
      257,
      162,
      269,
      179,
      145,
      194,
      198,
      162,
      149,
      239,
      225,
      268
    ],
    "eval_seeds": [
      3040398,
      3040399,
      3040400,
      3040401,
      3040402,
      3040403,
      3040404,
      3040405,
      3040406,
      3040407,
      3040408,
      3040409,
      3040410,
      3040411,
      3040412,
      3040413,
      3040414,
      3040415,
      3040416,
      3040417
    ]
  }
}