{
  "network_id": 52403,
  "seed": 3052403,
  "valid": true,
  "baseline_reward": 410.9,
  "baseline_fitness": 0.8218,
  "stratum": "high_mid",
  "genome": {
    "max_growth_steps": 200,
    "size_x": 10,
    "size_y": 10,
    "diffusion_rate": 0.09400906223349162,
    "num_morphogens": 3,
    "division_threshold": 0.42768437257332936,
    "cell_differentiation_threshold": 0.4125232923238882,
    "axon_growth_threshold": 0.3334289324721278,
    "max_axon_length": 6,
    "axon_connect_threshold": 0.6357004685130965,
    "self_connect_isolated_neurons_fraction": 0.006653757361671331,
    "weight_adjustment_target": 0.3288934253518457,
    "weight_adjustment_rate": 0.016803827649886555,
    "progenitor_secretion_rates": [
      0.44145675938992657,
      0.3497688637947328,
      0.04713697295853436
    ],
    "neuron_secretion_rates": [
      0.18978366076313902,
      0.15860786325392562,
      0.41092179634383263
    ],
    "inhibition_matrix": [
      [
        0.0,
        0.19173751431331154,
        0.0
      ],
      [
        0.0,
        0.0,
        0.0
      ],
      [
        0.0,
        0.0,
        0.0
      ]
    ],
    "diffusion_patterns": [
      [
        [
          0.13462284361238774,
          0.1343809417962861,
          0.01100130366844473
        ],
        [
          0.13266130004844376,
          0.1473357279329195,
          0.03153166124484726
        ],
        [
          0.12838406527316737,
          0.047628851431843526,
          0.2324533049916601
        ]
      ],
      [
        [
          0.23171815963150055,
          0.05099049140691215,
          0.11447229320188522
        ],
        [
          0.12823744822598238,
          0.05277488387740108,
          0.10366027846279825
        ],
        [
          0.010121696341332361,
          0.07140792090943578,
          0.2366168279427523
        ]
      ],
      [
        [
          0.0938578113337436,
          0.1318575514842352,
          0.10781972845510057
        ],
        [
          0.11332491865491652,
          0.12599307869440154,
          0.04036914286717121
        ],
        [
          0.1415077913511372,
          0.15004273608820523,
          0.09522724107108896
        ]
      ]
    ]
  },
  "network_stats": {
    "neurons": 100,
    "connections": 255
  },
  "rollout_data": {
    "rewards": [
      482.0,
      367.0,
      449.0,
      340.0,
      335.0,
      396.0,
      480.0,
      500.0,
      314.0,
      421.0,
      425.0,
      461.0,
      437.0,
      344.0,
      500.0,
      469.0,
      425.0,
      325.0,
      323.0,
      425.0
    ],
    "lengths": [
      482,
      367,
      449,
      340,
      335,
      396,
      480,
      500,
      314,
      421,
      425,
      461,
      437,
      344,
      500,
      469,
      425,
      325,
      323,
      425
    ],
    "eval_seeds": [
      3052403,
      3052404,
      3052405,
      3052406,
      3052407,
      3052408,
      3052409,
      3052410,
      3052411,
      3052412,
      3052413,
      3052414,
      3052415,
      3052416,
      3052417,
      3052418,
      3052419,
      3052420,
      3052421,
      3052422
    ]
  }
}