{
  "network_id": 99184,
  "seed": 3099184,
  "valid": true,
  "baseline_reward": 9.5,
  "baseline_fitness": 0.019,
  "stratum": "weak",
  "genome": {
    "max_growth_steps": 200,
    "size_x": 10,
    "size_y": 10,
    "diffusion_rate": 0.19563102242931463,
    "num_morphogens": 3,
    "division_threshold": 0.3026908529689577,
    "cell_differentiation_threshold": 0.4444267665052799,
    "axon_growth_threshold": 0.3276041822199576,
    "max_axon_length": 4,
    "axon_connect_threshold": 0.4703277402072468,
    "self_connect_isolated_neurons_fraction": 0.2793403998595135,
    "weight_adjustment_target": 0.49694061487334223,
    "weight_adjustment_rate": 0.015519146153757213,
    "progenitor_secretion_rates": [
      0.3250792559012523,
      0.46501685750955346,
      0.1383074394969006
    ],
    "neuron_secretion_rates": [
      0.26790440466199056,
      0.04915627134184708,
      0.09572229116986813
    ],
    "inhibition_matrix": [
      [
        0.0,
        0.0,
        0.07220610455884252
      ],
      [
        0.0,
        0.0,
        0.0
      ],
      [
        0.17283200804889154,
        0.0,
        0.0
      ]
    ],
    "diffusion_patterns": [
      [
        [
          0.0307267338241909,
          0.2004991866186436,
          0.0789322108873728
        ],
        [
          0.04631466879401733,
          0.18044079418152223,
          0.06651275549000236
        ],
        [
          0.0835099949947406,
          0.16007386819999628,
          0.15298978700951407
        ]
      ],
      [
        [
          0.1752767331075783,
          0.11379668246256108,
          0.1073210372657592
        ],
        [
          0.07726482871910642,
          0.10876869116903502,
          0.011215367497019514
        ],
        [
          0.09838292533443745,
          0.18912834454036298,
          0.11884538990414013
        ]
      ],
      [
        [
          0.1315294761978165,
          0.03683936567183588,
          0.06059282409721473
        ],
        [
          0.18105365122434816,
          0.09194397313132127,
          0.08846112409701494
        ],
        [
          0.17892996666773842,
          0.10950372393299733,
          0.12114589497971294
        ]
      ]
    ]
  },
  "network_stats": {
    "neurons": 34,
    "connections": 14
  },
  "rollout_data": {
    "rewards": [
      8.0,
      10.0,
      8.0,
      10.0,
      9.0,
      9.0,
      8.0,
      10.0,
      10.0,
      10.0,
      10.0,
      10.0,
      9.0,
      10.0,
      11.0,
      9.0,
      9.0,
      11.0,
      10.0,
      9.0
    ],
    "lengths": [
      8,
      10,
      8,
      10,
      9,
      9,
      8,
      10,
      10,
      10,
      10,
      10,
      9,
      10,
      11,
      9,
      9,
      11,
      10,
      9
    ],
    "eval_seeds": [
      3099184,
      3099185,
      3099186,
      3099187,
      3099188,
      3099189,
      3099190,
      3099191,
      3099192,
      3099193,
      3099194,
      3099195,
      3099196,
      3099197,
      3099198,
      3099199,
      3099200,
      3099201,
      3099202,
      3099203
    ]
  }
}