{
  "network_id": 167076,
  "seed": 3167076,
  "valid": true,
  "baseline_reward": 459.05,
  "baseline_fitness": 0.9181,
  "stratum": "near_perfect",
  "genome": {
    "max_growth_steps": 200,
    "size_x": 10,
    "size_y": 10,
    "diffusion_rate": 0.1484996117613207,
    "num_morphogens": 3,
    "division_threshold": 0.6006466997362327,
    "cell_differentiation_threshold": 0.32693181444845126,
    "axon_growth_threshold": 0.45323308977038923,
    "max_axon_length": 4,
    "axon_connect_threshold": 0.8092833253341369,
    "self_connect_isolated_neurons_fraction": 0.03074249090426043,
    "weight_adjustment_target": 0.6330326684785699,
    "weight_adjustment_rate": 0.008352027082482952,
    "progenitor_secretion_rates": [
      0.3551678302815888,
      0.0963223012975955,
      0.3154625001280012
    ],
    "neuron_secretion_rates": [
      0.20611053106035337,
      0.32685696206329856,
      0.37685341849423876
    ],
    "inhibition_matrix": [
      [
        0.0,
        0.0,
        0.0
      ],
      [
        0.0,
        0.0,
        0.2186329214345311
      ],
      [
        0.0,
        0.2805549367398784,
        0.0
      ]
    ],
    "diffusion_patterns": [
      [
        [
          0.09745076747725574,
          0.16564351170158315,
          0.16885520041615923
        ],
        [
          0.12244046773136366,
          0.07899152952294484,
          0.15334668090777068
        ],
        [
          0.08434612651782569,
          0.04075324739858701,
          0.08817246832651007
        ]
      ],
      [
        [
          0.057590008448797136,
          0.07494657579478989,
          0.21169578471643594
        ],
        [
          0.15826357726523296,
          0.045180114894864065,
          0.03783890293729838
        ],
        [
          0.13975448193705023,
          0.18677459196456195,
          0.0879559620409696
        ]
      ],
      [
        [
          0.15078969053582597,
          0.12295836355983683,
          0.1471608715889185
        ],
        [
          0.07258297780262561,
          0.057734217126994496,
          0.14035327342569837
        ],
        [
          0.1426101203007919,
          0.06989657516669608,
          0.09591391049261232
        ]
      ]
    ]
  },
  "network_stats": {
    "neurons": 100,
    "connections": 111
  },
  "rollout_data": {
    "rewards": [
      500.0,
      403.0,
      500.0,
      500.0,
      350.0,
      500.0,
      500.0,
      500.0,
      500.0,
      246.0,
      500.0,
      500.0,
      500.0,
      500.0,
      341.0,
      341.0,
      500.0,
      500.0,
      500.0,
      500.0
    ],
    "lengths": [
      500,
      403,
      500,
      500,
      350,
      500,
      500,
      500,
      500,
      246,
      500,
      500,
      500,
      500,
      341,
      341,
      500,
      500,
      500,
      500
    ],
    "eval_seeds": [
      3167076,
      3167077,
      3167078,
      3167079,
      3167080,
      3167081,
      3167082,
      3167083,
      3167084,
      3167085,
      3167086,
      3167087,
      3167088,
      3167089,
      3167090,
      3167091,
      3167092,
      3167093,
      3167094,
      3167095
    ]
  }
}