{
  "network_id": 153920,
  "seed": 3153920,
  "valid": true,
  "baseline_reward": 203.05,
  "baseline_fitness": 0.4061,
  "stratum": "low_mid",
  "genome": {
    "max_growth_steps": 200,
    "size_x": 10,
    "size_y": 10,
    "diffusion_rate": 0.11449619860285605,
    "num_morphogens": 3,
    "division_threshold": 0.5840365448462399,
    "cell_differentiation_threshold": 0.6247712293571922,
    "axon_growth_threshold": 0.36563785469393045,
    "max_axon_length": 9,
    "axon_connect_threshold": 0.6902204990148909,
    "self_connect_isolated_neurons_fraction": 0.12231299283644205,
    "weight_adjustment_target": 0.5524632289328565,
    "weight_adjustment_rate": 0.017121235998314506,
    "progenitor_secretion_rates": [
      0.2459904993059236,
      0.02329082468788074,
      0.055186930473729856
    ],
    "neuron_secretion_rates": [
      0.49272264777873553,
      0.02802377484933144,
      0.2756576055690924
    ],
    "inhibition_matrix": [
      [
        0.0,
        0.26209305769806684,
        0.0
      ],
      [
        0.0,
        0.0,
        0.0
      ],
      [
        0.18009829522447096,
        0.0,
        0.0
      ]
    ],
    "diffusion_patterns": [
      [
        [
          0.12264468080568038,
          0.007471436617964338,
          0.03799819139457575
        ],
        [
          0.24076935115427345,
          0.04761888148258234,
          0.11132947733736233
        ],
        [
          0.22831555060177272,
          0.09137963388339716,
          0.11247279672239159
        ]
      ],
      [
        [
          0.0008847793840037882,
          0.04658786040030812,
          0.14445785892649216
        ],
        [
          0.24552035241909184,
          0.21321178048885017,
          0.05660227377844083
        ],
        [
          0.08762850363017553,
          0.03140349582077243,
          0.17370309515186502
        ]
      ],
      [
        [
          0.06004999195746519,
          0.10427953822430934,
          0.12354111475288662
        ],
        [
          0.12953095979462995,
          0.0941402246141839,
          0.14888211718789263
        ],
        [
          0.08600716655010252,
          0.14339944552903502,
          0.11016944138949489
        ]
      ]
    ]
  },
  "network_stats": {
    "neurons": 100,
    "connections": 252
  },
  "rollout_data": {
    "rewards": [
      226.0,
      210.0,
      196.0,
      156.0,
      258.0,
      216.0,
      200.0,
      224.0,
      155.0,
      253.0,
      145.0,
      166.0,
      155.0,
      173.0,
      195.0,
      270.0,
      205.0,
      173.0,
      238.0,
      247.0
    ],
    "lengths": [
      226,
      210,
      196,
      156,
      258,
      216,
      200,
      224,
      155,
      253,
      145,
      166,
      155,
      173,
      195,
      270,
      205,
      173,
      238,
      247
    ],
    "eval_seeds": [
      3153920,
      3153921,
      3153922,
      3153923,
      3153924,
      3153925,
      3153926,
      3153927,
      3153928,
      3153929,
      3153930,
      3153931,
      3153932,
      3153933,
      3153934,
      3153935,
      3153936,
      3153937,
      3153938,
      3153939
    ]
  }
}