{
  "network_id": 125958,
  "seed": 3125958,
  "valid": true,
  "baseline_reward": 306.8,
  "baseline_fitness": 0.6136,
  "stratum": "low_mid",
  "genome": {
    "max_growth_steps": 200,
    "size_x": 10,
    "size_y": 10,
    "diffusion_rate": 0.14056745853618158,
    "num_morphogens": 3,
    "division_threshold": 0.3174014736987015,
    "cell_differentiation_threshold": 0.6618496557533672,
    "axon_growth_threshold": 0.44323607614770283,
    "max_axon_length": 5,
    "axon_connect_threshold": 0.48983795579267425,
    "self_connect_isolated_neurons_fraction": 0.08183243493418513,
    "weight_adjustment_target": 0.3201360281095247,
    "weight_adjustment_rate": 0.005387428553378245,
    "progenitor_secretion_rates": [
      0.21358360648027652,
      0.2675064669644784,
      0.14884033706477484
    ],
    "neuron_secretion_rates": [
      0.22673627355440729,
      0.24189329518431713,
      0.14980045149125437
    ],
    "inhibition_matrix": [
      [
        0.0,
        0.0,
        0.4588894322870575
      ],
      [
        0.0,
        0.0,
        0.0
      ],
      [
        0.0,
        0.0,
        0.0
      ]
    ],
    "diffusion_patterns": [
      [
        [
          0.04316432564063461,
          0.08869070619636187,
          0.18879119185490492
        ],
        [
          0.16743574354259258,
          0.05089034180116488,
          0.13415771501898313
        ],
        [
          0.15414033353814352,
          0.13096257574266584,
          0.041767066664548685
        ]
      ],
      [
        [
          0.16829461446793248,
          0.09519167389306743,
          0.05635449941019046
        ],
        [
          0.0325147682468066,
          0.1027472054809604,
          0.07759301155541866
        ],
        [
          0.16207200422788418,
          0.11770289392068317,
          0.18752932879705658
        ]
      ],
      [
        [
          0.07136328755879977,
          0.04982570194412635,
          0.14336261987782592
        ],
        [
          0.19162628879008095,
          0.18763734819847705,
          0.006148029662762311
        ],
        [
          0.18477817655621845,
          0.0631002112979956,
          0.10215833611371365
        ]
      ]
    ]
  },
  "network_stats": {
    "neurons": 100,
    "connections": 255
  },
  "rollout_data": {
    "rewards": [
      363.0,
      341.0,
      39.0,
      500.0,
      87.0,
      139.0,
      500.0,
      455.0,
      219.0,
      111.0,
      500.0,
      419.0,
      52.0,
      436.0,
      500.0,
      500.0,
      500.0,
      261.0,
      125.0,
      89.0
    ],
    "lengths": [
      363,
      341,
      39,
      500,
      87,
      139,
      500,
      455,
      219,
      111,
      500,
      419,
      52,
      436,
      500,
      500,
      500,
      261,
      125,
      89
    ],
    "eval_seeds": [
      3125958,
      3125959,
      3125960,
      3125961,
      3125962,
      3125963,
      3125964,
      3125965,
      3125966,
      3125967,
      3125968,
      3125969,
      3125970,
      3125971,
      3125972,
      3125973,
      3125974,
      3125975,
      3125976,
      3125977
    ]
  }
}