{
  "network_id": 78184,
  "seed": 3078184,
  "valid": true,
  "baseline_reward": 345.7,
  "baseline_fitness": 0.6914,
  "stratum": "low_mid",
  "genome": {
    "max_growth_steps": 200,
    "size_x": 10,
    "size_y": 10,
    "diffusion_rate": 0.15881301574059875,
    "num_morphogens": 3,
    "division_threshold": 0.40417968016157707,
    "cell_differentiation_threshold": 0.465398397872729,
    "axon_growth_threshold": 0.24805730876937998,
    "max_axon_length": 9,
    "axon_connect_threshold": 0.5664472871336736,
    "self_connect_isolated_neurons_fraction": 0.2026962765493367,
    "weight_adjustment_target": 0.3182229415431518,
    "weight_adjustment_rate": 0.013635030464004431,
    "progenitor_secretion_rates": [
      0.266473206673323,
      0.059810108252487726,
      0.4483646752202406
    ],
    "neuron_secretion_rates": [
      0.05683873107703802,
      0.045093936171210824,
      0.10586946290764049
    ],
    "inhibition_matrix": [
      [
        0.0,
        0.1921649521928102,
        0.0
      ],
      [
        0.0,
        0.0,
        0.0
      ],
      [
        0.11049269949578822,
        0.0,
        0.0
      ]
    ],
    "diffusion_patterns": [
      [
        [
          0.05474340438527642,
          0.13746031326783373,
          0.20461098408778156
        ],
        [
          0.03571066677767655,
          0.059410005005231734,
          0.0695365977912395
        ],
        [
          0.1925290900880584,
          0.1492919410704142,
          0.09670699752648787
        ]
      ],
      [
        [
          0.11284932662422087,
          0.09632323698600707,
          0.02066042675056085
        ],
        [
          0.09269293914205516,
          0.2126560022598985,
          0.14868955924121807
        ],
        [
          0.17680612210586413,
          0.06745683204886715,
          0.07186555484130826
        ]
      ],
      [
        [
          0.22406777071679496,
          0.014341528486618665,
          0.13009471801262082
        ],
        [
          0.047811505941845564,
          0.006715816411825401,
          0.16406617418257913
        ],
        [
          0.1018001172048589,
          0.15274570023232872,
          0.1583566688105279
        ]
      ]
    ]
  },
  "network_stats": {
    "neurons": 100,
    "connections": 346
  },
  "rollout_data": {
    "rewards": [
      345.0,
      377.0,
      371.0,
      371.0,
      353.0,
      293.0,
      314.0,
      376.0,
      423.0,
      243.0,
      282.0,
      262.0,
      423.0,
      311.0,
      434.0,
      390.0,
      363.0,
      318.0,
      345.0,
      320.0
    ],
    "lengths": [
      345,
      377,
      371,
      371,
      353,
      293,
      314,
      376,
      423,
      243,
      282,
      262,
      423,
      311,
      434,
      390,
      363,
      318,
      345,
      320
    ],
    "eval_seeds": [
      3078184,
      3078185,
      3078186,
      3078187,
      3078188,
      3078189,
      3078190,
      3078191,
      3078192,
      3078193,
      3078194,
      3078195,
      3078196,
      3078197,
      3078198,
      3078199,
      3078200,
      3078201,
      3078202,
      3078203
    ]
  }
}