{
  "network_id": 135926,
  "seed": 3135926,
  "valid": true,
  "baseline_reward": 207.85,
  "baseline_fitness": 0.4157,
  "stratum": "low_mid",
  "genome": {
    "max_growth_steps": 200,
    "size_x": 10,
    "size_y": 10,
    "diffusion_rate": 0.17434517023268326,
    "num_morphogens": 3,
    "division_threshold": 0.5472946804032439,
    "cell_differentiation_threshold": 0.6475548026586835,
    "axon_growth_threshold": 0.27536506069324496,
    "max_axon_length": 4,
    "axon_connect_threshold": 0.7446019649638458,
    "self_connect_isolated_neurons_fraction": 0.13086098327518197,
    "weight_adjustment_target": 0.36843550141249937,
    "weight_adjustment_rate": 0.014727198362707708,
    "progenitor_secretion_rates": [
      0.37261911887659394,
      0.11687191973058647,
      0.13612204546489765
    ],
    "neuron_secretion_rates": [
      0.33144083421007176,
      0.07275771544989107,
      0.060201792239277685
    ],
    "inhibition_matrix": [
      [
        0.0,
        0.05392443417689641,
        0.0
      ],
      [
        0.0,
        0.0,
        0.0
      ],
      [
        0.0,
        0.0,
        0.0
      ]
    ],
    "diffusion_patterns": [
      [
        [
          0.12919161609220609,
          0.07623058187572035,
          0.12928402264262903
        ],
        [
          0.10366886273581623,
          0.0004895964575414775,
          0.1354123927191407
        ],
        [
          0.15103857568972467,
          0.11628106787391487,
          0.15840328391330646
        ]
      ],
      [
        [
          0.07911181548499917,
          0.16008834032125147,
          0.12656342270990903
        ],
        [
          0.10797847106649146,
          0.01412610258045624,
          0.055227584718623386
        ],
        [
          0.1721239821672448,
          0.1322976219865478,
          0.15248265896447666
        ]
      ],
      [
        [
          0.03887396844881404,
          0.19427393310859864,
          0.18136673258959513
        ],
        [
          0.026511160843864914,
          0.039362958273202145,
          0.1878995813290002
        ],
        [
          0.14181628061369186,
          0.18065374745701343,
          0.009241637336219563
        ]
      ]
    ]
  },
  "network_stats": {
    "neurons": 100,
    "connections": 253
  },
  "rollout_data": {
    "rewards": [
      212.0,
      234.0,
      155.0,
      234.0,
      186.0,
      173.0,
      143.0,
      151.0,
      260.0,
      244.0,
      202.0,
      291.0,
      267.0,
      227.0,
      142.0,
      220.0,
      147.0,
      192.0,
      212.0,
      265.0
    ],
    "lengths": [
      212,
      234,
      155,
      234,
      186,
      173,
      143,
      151,
      260,
      244,
      202,
      291,
      267,
      227,
      142,
      220,
      147,
      192,
      212,
      265
    ],
    "eval_seeds": [
      3135926,
      3135927,
      3135928,
      3135929,
      3135930,
      3135931,
      3135932,
      3135933,
      3135934,
      3135935,
      3135936,
      3135937,
      3135938,
      3135939,
      3135940,
      3135941,
      3135942,
      3135943,
      3135944,
      3135945
    ]
  }
}