{
  "network_id": 85439,
  "seed": 3085439,
  "valid": true,
  "baseline_reward": 9.45,
  "baseline_fitness": 0.0189,
  "stratum": "weak",
  "genome": {
    "max_growth_steps": 200,
    "size_x": 10,
    "size_y": 10,
    "diffusion_rate": 0.12078966061063164,
    "num_morphogens": 3,
    "division_threshold": 0.3129129902388506,
    "cell_differentiation_threshold": 0.6032040663244851,
    "axon_growth_threshold": 0.378565963205668,
    "max_axon_length": 8,
    "axon_connect_threshold": 0.6107115099649039,
    "self_connect_isolated_neurons_fraction": 0.009973161104415129,
    "weight_adjustment_target": 0.44756059767551176,
    "weight_adjustment_rate": 0.0050030340949913646,
    "progenitor_secretion_rates": [
      0.3468630169862104,
      0.48094743051650296,
      0.28848872617495863
    ],
    "neuron_secretion_rates": [
      0.4984252405463329,
      0.31033167297748404,
      0.36096296669935035
    ],
    "inhibition_matrix": [
      [
        0.0,
        0.10253998659910385,
        0.0
      ],
      [
        0.18736805830926406,
        0.0,
        0.3783413108878982
      ],
      [
        0.0,
        0.089737266930426,
        0.0
      ]
    ],
    "diffusion_patterns": [
      [
        [
          0.11334119782627897,
          0.09226015536182043,
          0.11623950969817437
        ],
        [
          0.09363132070438362,
          0.04084836991157205,
          0.1153763852247216
        ],
        [
          0.17349452412859914,
          0.06850741973178841,
          0.18630111741266137
        ]
      ],
      [
        [
          0.2006007268317624,
          0.0007558724975070637,
          0.05430089032289532
        ],
        [
          0.14526555899386712,
          0.05259397027150821,
          0.09840236155154461
        ],
        [
          0.22151176615759716,
          0.1807680307692135,
          0.04580082260410466
        ]
      ],
      [
        [
          0.04841994585891658,
          0.20208820064623562,
          0.19989617603002313
        ],
        [
          0.13050640921405968,
          0.050372975525872374,
          0.044695726337956584
        ],
        [
          0.05813633563984925,
          0.16121931310819376,
          0.10466491763889293
        ]
      ]
    ]
  },
  "network_stats": {
    "neurons": 19,
    "connections": 42
  },
  "rollout_data": {
    "rewards": [
      10.0,
      9.0,
      9.0,
      9.0,
      9.0,
      9.0,
      10.0,
      10.0,
      9.0,
      11.0,
      10.0,
      10.0,
      9.0,
      9.0,
      9.0,
      9.0,
      9.0,
      9.0,
      10.0,
      10.0
    ],
    "lengths": [
      10,
      9,
      9,
      9,
      9,
      9,
      10,
      10,
      9,
      11,
      10,
      10,
      9,
      9,
      9,
      9,
      9,
      9,
      10,
      10
    ],
    "eval_seeds": [
      3085439,
      3085440,
      3085441,
      3085442,
      3085443,
      3085444,
      3085445,
      3085446,
      3085447,
      3085448,
      3085449,
      3085450,
      3085451,
      3085452,
      3085453,
      3085454,
      3085455,
      3085456,
      3085457,
      3085458
    ]
  }
}