{
  "network_id": 41080,
  "seed": 3041080,
  "valid": true,
  "baseline_reward": 204.1,
  "baseline_fitness": 0.4082,
  "stratum": "low_mid",
  "genome": {
    "max_growth_steps": 200,
    "size_x": 10,
    "size_y": 10,
    "diffusion_rate": 0.1548637521645285,
    "num_morphogens": 3,
    "division_threshold": 0.378728861217581,
    "cell_differentiation_threshold": 0.6277529163803452,
    "axon_growth_threshold": 0.29736476853793403,
    "max_axon_length": 2,
    "axon_connect_threshold": 0.757145378080333,
    "self_connect_isolated_neurons_fraction": 0.08212806502070648,
    "weight_adjustment_target": 0.4649233935429919,
    "weight_adjustment_rate": 0.010930894310195503,
    "progenitor_secretion_rates": [
      0.3953653443837637,
      0.22824009142638912,
      0.20061840855056712
    ],
    "neuron_secretion_rates": [
      0.19008648396184813,
      0.2999153115054018,
      0.40089236698106584
    ],
    "inhibition_matrix": [
      [
        0.0,
        0.0,
        0.0
      ],
      [
        0.0,
        0.0,
        0.0
      ],
      [
        0.10373677827499705,
        0.0,
        0.0
      ]
    ],
    "diffusion_patterns": [
      [
        [
          0.053881528295315326,
          0.10850750544049931,
          0.15960047555279178
        ],
        [
          0.0942315882407553,
          0.10522666680299042,
          0.2674077144376622
        ],
        [
          0.16061720090424353,
          0.033864634542717036,
          0.016662685783025176
        ]
      ],
      [
        [
          0.14710332745218138,
          0.1873978466890334,
          0.06109442390339977
        ],
        [
          0.05261298320839404,
          0.09364009054010276,
          0.11841735091670844
        ],
        [
          0.005857177375303875,
          0.15330144049935654,
          0.18057535941551975
        ]
      ],
      [
        [
          0.1970227791690009,
          0.13321528582059033,
          0.13646568058283753
        ],
        [
          0.10010434018557088,
          0.10960632666617548,
          0.01001950139314805
        ],
        [
          0.13942483595928554,
          0.08923338997981006,
          0.08490786024358125
        ]
      ]
    ]
  },
  "network_stats": {
    "neurons": 100,
    "connections": 237
  },
  "rollout_data": {
    "rewards": [
      226.0,
      171.0,
      227.0,
      189.0,
      240.0,
      236.0,
      231.0,
      211.0,
      216.0,
      180.0,
      235.0,
      172.0,
      168.0,
      211.0,
      213.0,
      175.0,
      159.0,
      234.0,
      171.0,
      217.0
    ],
    "lengths": [
      226,
      171,
      227,
      189,
      240,
      236,
      231,
      211,
      216,
      180,
      235,
      172,
      168,
      211,
      213,
      175,
      159,
      234,
      171,
      217
    ],
    "eval_seeds": [
      3041080,
      3041081,
      3041082,
      3041083,
      3041084,
      3041085,
      3041086,
      3041087,
      3041088,
      3041089,
      3041090,
      3041091,
      3041092,
      3041093,
      3041094,
      3041095,
      3041096,
      3041097,
      3041098,
      3041099
    ]
  }
}