{
  "network_id": 147474,
  "seed": 3147474,
  "valid": true,
  "baseline_reward": 225.25,
  "baseline_fitness": 0.4505,
  "stratum": "low_mid",
  "genome": {
    "max_growth_steps": 200,
    "size_x": 10,
    "size_y": 10,
    "diffusion_rate": 0.18891062562527805,
    "num_morphogens": 3,
    "division_threshold": 0.3562703961230617,
    "cell_differentiation_threshold": 0.600238608244347,
    "axon_growth_threshold": 0.2690655446924007,
    "max_axon_length": 5,
    "axon_connect_threshold": 0.6365134467484803,
    "self_connect_isolated_neurons_fraction": 0.1535027203194167,
    "weight_adjustment_target": 0.6616794959478941,
    "weight_adjustment_rate": 0.014166296849777809,
    "progenitor_secretion_rates": [
      0.39554183384146224,
      0.49370089460685096,
      0.23830689552366469
    ],
    "neuron_secretion_rates": [
      0.4512535052082352,
      0.42352007764590816,
      0.0449523482984574
    ],
    "inhibition_matrix": [
      [
        0.0,
        0.0,
        0.050477090151309634
      ],
      [
        0.0,
        0.0,
        0.0
      ],
      [
        0.0,
        0.0,
        0.0
      ]
    ],
    "diffusion_patterns": [
      [
        [
          0.09800392447431011,
          0.1419967943105319,
          0.14818429442261902
        ],
        [
          0.15951656831723687,
          0.09351875613127493,
          0.07162539877352721
        ],
        [
          0.09597332292592872,
          0.0630252833069753,
          0.12815565733759587
        ]
      ],
      [
        [
          0.15787751220181662,
          0.07008751044064658,
          0.08833432904895296
        ],
        [
          0.05158180779340164,
          0.0660163120214445,
          0.22585451193357517
        ],
        [
          0.10089814984062484,
          0.15242929991038104,
          0.08692056680915668
        ]
      ],
      [
        [
          0.03709760885069372,
          0.022111434946380584,
          0.11288345225095409
        ],
        [
          0.15520701076784596,
          0.1918826166996325,
          0.14188270633395283
        ],
        [
          0.0329450713676614,
          0.2267194169994795,
          0.07927068178339945
        ]
      ]
    ]
  },
  "network_stats": {
    "neurons": 100,
    "connections": 352
  },
  "rollout_data": {
    "rewards": [
      307.0,
      128.0,
      181.0,
      307.0,
      231.0,
      235.0,
      199.0,
      235.0,
      261.0,
      171.0,
      223.0,
      259.0,
      232.0,
      202.0,
      179.0,
      225.0,
      273.0,
      188.0,
      214.0,
      255.0
    ],
    "lengths": [
      307,
      128,
      181,
      307,
      231,
      235,
      199,
      235,
      261,
      171,
      223,
      259,
      232,
      202,
      179,
      225,
      273,
      188,
      214,
      255
    ],
    "eval_seeds": [
      3147474,
      3147475,
      3147476,
      3147477,
      3147478,
      3147479,
      3147480,
      3147481,
      3147482,
      3147483,
      3147484,
      3147485,
      3147486,
      3147487,
      3147488,
      3147489,
      3147490,
      3147491,
      3147492,
      3147493
    ]
  }
}