{
  "network_id": 172919,
  "seed": 3172919,
  "valid": true,
  "baseline_reward": 9.15,
  "baseline_fitness": 0.0183,
  "stratum": "weak",
  "genome": {
    "max_growth_steps": 200,
    "size_x": 10,
    "size_y": 10,
    "diffusion_rate": 0.14432518941595662,
    "num_morphogens": 3,
    "division_threshold": 0.4220503412895277,
    "cell_differentiation_threshold": 0.6391535843456692,
    "axon_growth_threshold": 0.39740286355232984,
    "max_axon_length": 2,
    "axon_connect_threshold": 0.8637207078543965,
    "self_connect_isolated_neurons_fraction": 0.2963471512353259,
    "weight_adjustment_target": 0.6662114211789969,
    "weight_adjustment_rate": 0.006312432728464651,
    "progenitor_secretion_rates": [
      0.37111728793172627,
      0.3390004879529103,
      0.36819911484914697
    ],
    "neuron_secretion_rates": [
      0.33675081204117485,
      0.32592293628008573,
      0.2900571690281392
    ],
    "inhibition_matrix": [
      [
        0.0,
        0.0,
        0.0
      ],
      [
        0.2634123715942551,
        0.0,
        0.0
      ],
      [
        0.0,
        0.06571097022836359,
        0.0
      ]
    ],
    "diffusion_patterns": [
      [
        [
          0.04632137158000732,
          0.20744012687116636,
          0.04135847127068152
        ],
        [
          0.03227802478041372,
          0.23882313163189506,
          0.061487127099643435
        ],
        [
          0.06682200774915903,
          0.07218609300096286,
          0.23328364601607068
        ]
      ],
      [
        [
          0.15849460346178312,
          0.11443918903264037,
          0.08244053562753623
        ],
        [
          0.0944763211496605,
          0.1430275534518197,
          0.12549229817136362
        ],
        [
          0.09935912561656028,
          0.017981707651904662,
          0.16428866583673155
        ]
      ],
      [
        [
          0.1918105131902624,
          0.16748503739443696,
          0.07370242854689814
        ],
        [
          0.0313786368756477,
          0.1536171793879597,
          0.168247843014944
        ],
        [
          0.11668115289757762,
          0.010769983527861647,
          0.08630722516441176
        ]
      ]
    ]
  },
  "network_stats": {
    "neurons": 100,
    "connections": 354
  },
  "rollout_data": {
    "rewards": [
      9.0,
      10.0,
      9.0,
      10.0,
      10.0,
      9.0,
      8.0,
      9.0,
      9.0,
      10.0,
      9.0,
      8.0,
      9.0,
      9.0,
      9.0,
      9.0,
      10.0,
      8.0,
      8.0,
      11.0
    ],
    "lengths": [
      9,
      10,
      9,
      10,
      10,
      9,
      8,
      9,
      9,
      10,
      9,
      8,
      9,
      9,
      9,
      9,
      10,
      8,
      8,
      11
    ],
    "eval_seeds": [
      3172919,
      3172920,
      3172921,
      3172922,
      3172923,
      3172924,
      3172925,
      3172926,
      3172927,
      3172928,
      3172929,
      3172930,
      3172931,
      3172932,
      3172933,
      3172934,
      3172935,
      3172936,
      3172937,
      3172938
    ]
  }
}