{
  "network_id": 193484,
  "seed": 3193484,
  "valid": true,
  "baseline_reward": 9.45,
  "baseline_fitness": 0.0189,
  "stratum": "weak",
  "genome": {
    "max_growth_steps": 200,
    "size_x": 10,
    "size_y": 10,
    "diffusion_rate": 0.12972911278080368,
    "num_morphogens": 3,
    "division_threshold": 0.6410619393121372,
    "cell_differentiation_threshold": 0.6604392605204961,
    "axon_growth_threshold": 0.3840279678140778,
    "max_axon_length": 3,
    "axon_connect_threshold": 0.7351328480365366,
    "self_connect_isolated_neurons_fraction": 0.2108177219744102,
    "weight_adjustment_target": 0.5470197980438759,
    "weight_adjustment_rate": 0.017005496139779728,
    "progenitor_secretion_rates": [
      0.1935079516722676,
      0.00985332669993072,
      0.26493218833880955
    ],
    "neuron_secretion_rates": [
      0.2502976959247197,
      0.05695004303399365,
      0.3891357757158976
    ],
    "inhibition_matrix": [
      [
        0.0,
        0.0,
        0.0
      ],
      [
        0.0,
        0.0,
        0.0
      ],
      [
        0.2625022878547777,
        0.0,
        0.0
      ]
    ],
    "diffusion_patterns": [
      [
        [
          0.19338435128063847,
          0.2329094975663579,
          0.006122483965075897
        ],
        [
          0.22227277200785447,
          0.06247150884851949,
          0.029970193178374
        ],
        [
          0.23956637229532077,
          0.008469239808425956,
          0.004833581049433066
        ]
      ],
      [
        [
          0.0691869376273167,
          0.09683135031070154,
          0.13381029066317113
        ],
        [
          0.06447806480614955,
          0.17026095260223253,
          0.014233460507196254
        ],
        [
          0.19586753544249952,
          0.20959675742088008,
          0.04573465061985245
        ]
      ],
      [
        [
          0.11286188680588352,
          0.06902554863357203,
          0.13827213735088406
        ],
        [
          0.03546606627107178,
          0.11703223886899766,
          0.13784919606865187
        ],
        [
          0.12652979863060526,
          0.15867577619784706,
          0.10428735117248662
        ]
      ]
    ]
  },
  "network_stats": {
    "neurons": 100,
    "connections": 100
  },
  "rollout_data": {
    "rewards": [
      9.0,
      10.0,
      10.0,
      10.0,
      10.0,
      10.0,
      9.0,
      8.0,
      10.0,
      11.0,
      8.0,
      8.0,
      9.0,
      9.0,
      9.0,
      9.0,
      10.0,
      10.0,
      10.0,
      10.0
    ],
    "lengths": [
      9,
      10,
      10,
      10,
      10,
      10,
      9,
      8,
      10,
      11,
      8,
      8,
      9,
      9,
      9,
      9,
      10,
      10,
      10,
      10
    ],
    "eval_seeds": [
      3193484,
      3193485,
      3193486,
      3193487,
      3193488,
      3193489,
      3193490,
      3193491,
      3193492,
      3193493,
      3193494,
      3193495,
      3193496,
      3193497,
      3193498,
      3193499,
      3193500,
      3193501,
      3193502,
      3193503
    ]
  }
}