{
  "network_id": 68148,
  "seed": 3068148,
  "valid": true,
  "baseline_reward": 211.9,
  "baseline_fitness": 0.4238,
  "stratum": "low_mid",
  "genome": {
    "max_growth_steps": 200,
    "size_x": 10,
    "size_y": 10,
    "diffusion_rate": 0.10218775533628563,
    "num_morphogens": 3,
    "division_threshold": 0.3413649700670446,
    "cell_differentiation_threshold": 0.5944279948894344,
    "axon_growth_threshold": 0.4170891642490926,
    "max_axon_length": 9,
    "axon_connect_threshold": 0.7476833565836133,
    "self_connect_isolated_neurons_fraction": 0.1786925413173698,
    "weight_adjustment_target": 0.4635542005749047,
    "weight_adjustment_rate": 0.006306931387589851,
    "progenitor_secretion_rates": [
      0.37097939980029315,
      0.1575591994897313,
      0.14420080362420556
    ],
    "neuron_secretion_rates": [
      0.1400154968630853,
      0.2867755200388644,
      0.39455404947521866
    ],
    "inhibition_matrix": [
      [
        0.0,
        0.0,
        0.0
      ],
      [
        0.0,
        0.0,
        0.0
      ],
      [
        0.0,
        0.0,
        0.0
      ]
    ],
    "diffusion_patterns": [
      [
        [
          0.08805091670392069,
          0.14098817958096246,
          0.0051382039652923105
        ],
        [
          0.11448813450459089,
          0.11246052892937046,
          0.09826687032839136
        ],
        [
          0.18577599454808663,
          0.07861801745982519,
          0.17621315397955997
        ]
      ],
      [
        [
          0.18961065178258946,
          0.03611067937050863,
          0.08483244434884325
        ],
        [
          0.22206113040977687,
          0.18254686104934326,
          0.0545724876581077
        ],
        [
          0.04970098761771073,
          0.09892924009659816,
          0.08163551766652181
        ]
      ],
      [
        [
          0.14151735726124356,
          0.09608920026472607,
          0.011659962681848346
        ],
        [
          0.10753560653026006,
          0.12221380903956142,
          0.10730677612403487
        ],
        [
          0.08981950056065327,
          0.15738966918615305,
          0.1664681183515195
        ]
      ]
    ]
  },
  "network_stats": {
    "neurons": 100,
    "connections": 247
  },
  "rollout_data": {
    "rewards": [
      191.0,
      261.0,
      135.0,
      141.0,
      186.0,
      243.0,
      228.0,
      241.0,
      229.0,
      192.0,
      241.0,
      224.0,
      154.0,
      208.0,
      238.0,
      263.0,
      209.0,
      252.0,
      232.0,
      170.0
    ],
    "lengths": [
      191,
      261,
      135,
      141,
      186,
      243,
      228,
      241,
      229,
      192,
      241,
      224,
      154,
      208,
      238,
      263,
      209,
      252,
      232,
      170
    ],
    "eval_seeds": [
      3068148,
      3068149,
      3068150,
      3068151,
      3068152,
      3068153,
      3068154,
      3068155,
      3068156,
      3068157,
      3068158,
      3068159,
      3068160,
      3068161,
      3068162,
      3068163,
      3068164,
      3068165,
      3068166,
      3068167
    ]
  }
}