{
  "network_id": 186092,
  "seed": 3186092,
  "valid": true,
  "baseline_reward": 500.0,
  "baseline_fitness": 1.0,
  "stratum": "perfect",
  "genome": {
    "max_growth_steps": 200,
    "size_x": 10,
    "size_y": 10,
    "diffusion_rate": 0.09148746022858281,
    "num_morphogens": 3,
    "division_threshold": 0.4495463203390809,
    "cell_differentiation_threshold": 0.503075206526239,
    "axon_growth_threshold": 0.22217222493676247,
    "max_axon_length": 2,
    "axon_connect_threshold": 0.46274670497580017,
    "self_connect_isolated_neurons_fraction": 0.06499174399184694,
    "weight_adjustment_target": 0.6833832537139976,
    "weight_adjustment_rate": 0.01922949136807001,
    "progenitor_secretion_rates": [
      0.4260402028749057,
      0.35129824196191745,
      0.4705183462973661
    ],
    "neuron_secretion_rates": [
      0.4252765379999219,
      0.3033819851264076,
      0.44211803209230244
    ],
    "inhibition_matrix": [
      [
        0.0,
        0.0,
        0.26804196865678476
      ],
      [
        0.0,
        0.0,
        0.0
      ],
      [
        0.20579305500586415,
        0.0,
        0.0
      ]
    ],
    "diffusion_patterns": [
      [
        [
          0.110920009818599,
          0.060103526705126094,
          0.021512935178362957
        ],
        [
          0.2233298317294616,
          0.007827537095716442,
          0.12935379850568335
        ],
        [
          0.07456219533286093,
          0.1435735431577559,
          0.22881662247643372
        ]
      ],
      [
        [
          0.01405130658455308,
          0.1471246154485991,
          0.09158721843104044
        ],
        [
          0.1578500845901699,
          0.01926927929023437,
          0.1841337658742106
        ],
        [
          0.15018608001991496,
          0.06800713079736605,
          0.1677905189639115
        ]
      ],
      [
        [
          0.024637830120245008,
          0.014952384859636694,
          0.15840369127521445
        ],
        [
          0.034677993596320025,
          0.28845842353186874,
          0.24004325206763816
        ],
        [
          0.10204836531516133,
          0.11733607891863197,
          0.019441980315283554
        ]
      ]
    ]
  },
  "network_stats": {
    "neurons": 13,
    "connections": 35
  },
  "rollout_data": {
    "rewards": [
      500.0,
      500.0,
      500.0,
      500.0,
      500.0,
      500.0,
      500.0,
      500.0,
      500.0,
      500.0,
      500.0,
      500.0,
      500.0,
      500.0,
      500.0,
      500.0,
      500.0,
      500.0,
      500.0,
      500.0
    ],
    "lengths": [
      500,
      500,
      500,
      500,
      500,
      500,
      500,
      500,
      500,
      500,
      500,
      500,
      500,
      500,
      500,
      500,
      500,
      500,
      500,
      500
    ],
    "eval_seeds": [
      3186092,
      3186093,
      3186094,
      3186095,
      3186096,
      3186097,
      3186098,
      3186099,
      3186100,
      3186101,
      3186102,
      3186103,
      3186104,
      3186105,
      3186106,
      3186107,
      3186108,
      3186109,
      3186110,
      3186111
    ]
  }
}