{
  "network_id": 165836,
  "seed": 3165836,
  "valid": true,
  "baseline_reward": 242.9,
  "baseline_fitness": 0.4858,
  "stratum": "low_mid",
  "genome": {
    "max_growth_steps": 200,
    "size_x": 10,
    "size_y": 10,
    "diffusion_rate": 0.1251151857025048,
    "num_morphogens": 3,
    "division_threshold": 0.3465487267209334,
    "cell_differentiation_threshold": 0.5734978554407955,
    "axon_growth_threshold": 0.21983972649300865,
    "max_axon_length": 10,
    "axon_connect_threshold": 0.7023130300667431,
    "self_connect_isolated_neurons_fraction": 0.27102281110134824,
    "weight_adjustment_target": 0.3605155685600865,
    "weight_adjustment_rate": 0.013787230300055481,
    "progenitor_secretion_rates": [
      0.12794749926784937,
      0.14455810422389348,
      0.4107932566097461
    ],
    "neuron_secretion_rates": [
      0.21530156806987366,
      0.49071170377366163,
      0.28178795151674224
    ],
    "inhibition_matrix": [
      [
        0.0,
        0.0,
        0.0
      ],
      [
        0.0,
        0.0,
        0.0
      ],
      [
        0.10919673263440971,
        0.36633697919091934,
        0.0
      ]
    ],
    "diffusion_patterns": [
      [
        [
          0.012895696640282322,
          0.08504239291221445,
          0.17140975891911137
        ],
        [
          0.24196748601792475,
          0.07971741845482484,
          0.10991294422906149
        ],
        [
          0.010195335261692648,
          0.2297329501798516,
          0.0591260173850367
        ]
      ],
      [
        [
          0.12476114807370337,
          0.08766444094912469,
          0.13372455668563382
        ],
        [
          0.16921339492607435,
          0.11282077169562361,
          0.0342473374779163
        ],
        [
          0.1259501896855764,
          0.06829228336475858,
          0.14332587714158887
        ]
      ],
      [
        [
          0.0047069758527127645,
          0.06458205462172031,
          0.23244993586335666
        ],
        [
          0.11008620071613816,
          0.009443887350846452,
          0.08588167600823379
        ],
        [
          0.20340204911840018,
          0.07806038347149023,
          0.21138683699710148
        ]
      ]
    ]
  },
  "network_stats": {
    "neurons": 100,
    "connections": 128
  },
  "rollout_data": {
    "rewards": [
      361.0,
      181.0,
      233.0,
      169.0,
      178.0,
      259.0,
      278.0,
      282.0,
      228.0,
      300.0,
      306.0,
      174.0,
      250.0,
      235.0,
      187.0,
      299.0,
      245.0,
      177.0,
      216.0,
      300.0
    ],
    "lengths": [
      361,
      181,
      233,
      169,
      178,
      259,
      278,
      282,
      228,
      300,
      306,
      174,
      250,
      235,
      187,
      299,
      245,
      177,
      216,
      300
    ],
    "eval_seeds": [
      3165836,
      3165837,
      3165838,
      3165839,
      3165840,
      3165841,
      3165842,
      3165843,
      3165844,
      3165845,
      3165846,
      3165847,
      3165848,
      3165849,
      3165850,
      3165851,
      3165852,
      3165853,
      3165854,
      3165855
    ]
  }
}