{
  "network_id": 115859,
  "seed": 3115859,
  "valid": true,
  "baseline_reward": 500.0,
  "baseline_fitness": 1.0,
  "stratum": "perfect",
  "genome": {
    "max_growth_steps": 200,
    "size_x": 10,
    "size_y": 10,
    "diffusion_rate": 0.1264101385332892,
    "num_morphogens": 3,
    "division_threshold": 0.5010093339473266,
    "cell_differentiation_threshold": 0.4828480148472494,
    "axon_growth_threshold": 0.3830244137494712,
    "max_axon_length": 8,
    "axon_connect_threshold": 0.4882916645457447,
    "self_connect_isolated_neurons_fraction": 0.1524490073137355,
    "weight_adjustment_target": 0.3537123628109913,
    "weight_adjustment_rate": 0.007238681635563406,
    "progenitor_secretion_rates": [
      0.16738203779505667,
      0.265453185019893,
      0.33611246992319804
    ],
    "neuron_secretion_rates": [
      0.20448522917109346,
      0.38809900660013286,
      0.046957195242691596
    ],
    "inhibition_matrix": [
      [
        0.0,
        0.0,
        0.0
      ],
      [
        0.0,
        0.0,
        0.3385836490805861
      ],
      [
        0.12996002265035428,
        0.0,
        0.0
      ]
    ],
    "diffusion_patterns": [
      [
        [
          0.16410949028683489,
          0.13772364053844183,
          0.06352666315416138
        ],
        [
          0.13880177381674083,
          0.03120857552326487,
          0.09136344228393446
        ],
        [
          0.031149395831009227,
          0.1659500742537963,
          0.17616694431181623
        ]
      ],
      [
        [
          0.09350372493222216,
          0.07743674080988024,
          0.10906020904367526
        ],
        [
          0.17202278162094364,
          0.10992851403871452,
          0.08492603235407616
        ],
        [
          0.12476827100680789,
          0.12064432680853042,
          0.10770939938514976
        ]
      ],
      [
        [
          0.019099303801591232,
          0.16429728666232393,
          0.14718860541906278
        ],
        [
          0.04556843325813971,
          0.014655496967875797,
          0.16902284818866442
        ],
        [
          0.13149907710959188,
          0.10049428179550296,
          0.20817466679724733
        ]
      ]
    ]
  },
  "network_stats": {
    "neurons": 100,
    "connections": 227
  },
  "rollout_data": {
    "rewards": [
      500.0,
      500.0,
      500.0,
      500.0,
      500.0,
      500.0,
      500.0,
      500.0,
      500.0,
      500.0,
      500.0,
      500.0,
      500.0,
      500.0,
      500.0,
      500.0,
      500.0,
      500.0,
      500.0,
      500.0
    ],
    "lengths": [
      500,
      500,
      500,
      500,
      500,
      500,
      500,
      500,
      500,
      500,
      500,
      500,
      500,
      500,
      500,
      500,
      500,
      500,
      500,
      500
    ],
    "eval_seeds": [
      3115859,
      3115860,
      3115861,
      3115862,
      3115863,
      3115864,
      3115865,
      3115866,
      3115867,
      3115868,
      3115869,
      3115870,
      3115871,
      3115872,
      3115873,
      3115874,
      3115875,
      3115876,
      3115877,
      3115878
    ]
  }
}