{
  "network_id": 63484,
  "seed": 3063484,
  "valid": true,
  "baseline_reward": 500.0,
  "baseline_fitness": 1.0,
  "stratum": "perfect",
  "genome": {
    "max_growth_steps": 200,
    "size_x": 10,
    "size_y": 10,
    "diffusion_rate": 0.09014735111369754,
    "num_morphogens": 3,
    "division_threshold": 0.44595751773345327,
    "cell_differentiation_threshold": 0.40347707952743406,
    "axon_growth_threshold": 0.4130037883068499,
    "max_axon_length": 6,
    "axon_connect_threshold": 0.9973749983825203,
    "self_connect_isolated_neurons_fraction": 0.22866335780400265,
    "weight_adjustment_target": 0.3296079020177159,
    "weight_adjustment_rate": 0.005972839562595696,
    "progenitor_secretion_rates": [
      0.10133910878352864,
      0.020858620326574817,
      0.05335296095145109
    ],
    "neuron_secretion_rates": [
      0.2995024178618523,
      0.0033631839623448623,
      0.06333218223904297
    ],
    "inhibition_matrix": [
      [
        0.0,
        0.03444165243499209,
        0.0
      ],
      [
        0.0,
        0.0,
        0.0
      ],
      [
        0.0,
        0.0016872983850157453,
        0.0
      ]
    ],
    "diffusion_patterns": [
      [
        [
          0.14674876128313816,
          0.15339864355745633,
          0.14445427748086198
        ],
        [
          0.06710930844276297,
          0.13175982595081268,
          0.08770711359608904
        ],
        [
          0.15789337633211803,
          0.018672296156647804,
          0.0922563972001131
        ]
      ],
      [
        [
          0.09067764738121453,
          0.05799456924878423,
          0.011880329090203352
        ],
        [
          0.1437325949107752,
          0.08442746225697235,
          0.16405139642004424
        ],
        [
          0.17816528725320804,
          0.0918357336003442,
          0.17723497983845385
        ]
      ],
      [
        [
          0.19346376905685345,
          0.11864724142449426,
          0.22324678394950678
        ],
        [
          0.13929204856377264,
          0.18404751275366357,
          0.007852596817278968
        ],
        [
          0.04405411038845942,
          0.054707336423687,
          0.0346886006222839
        ]
      ]
    ]
  },
  "network_stats": {
    "neurons": 100,
    "connections": 408
  },
  "rollout_data": {
    "rewards": [
      500.0,
      500.0,
      500.0,
      500.0,
      500.0,
      500.0,
      500.0,
      500.0,
      500.0,
      500.0,
      500.0,
      500.0,
      500.0,
      500.0,
      500.0,
      500.0,
      500.0,
      500.0,
      500.0,
      500.0
    ],
    "lengths": [
      500,
      500,
      500,
      500,
      500,
      500,
      500,
      500,
      500,
      500,
      500,
      500,
      500,
      500,
      500,
      500,
      500,
      500,
      500,
      500
    ],
    "eval_seeds": [
      3063484,
      3063485,
      3063486,
      3063487,
      3063488,
      3063489,
      3063490,
      3063491,
      3063492,
      3063493,
      3063494,
      3063495,
      3063496,
      3063497,
      3063498,
      3063499,
      3063500,
      3063501,
      3063502,
      3063503
    ]
  }
}