{
  "network_id": 161120,
  "seed": 3161120,
  "valid": true,
  "baseline_reward": 500.0,
  "baseline_fitness": 1.0,
  "stratum": "perfect",
  "genome": {
    "max_growth_steps": 200,
    "size_x": 10,
    "size_y": 10,
    "diffusion_rate": 0.13725273372909058,
    "num_morphogens": 3,
    "division_threshold": 0.4863928687665804,
    "cell_differentiation_threshold": 0.5255395570576257,
    "axon_growth_threshold": 0.23971914533792546,
    "max_axon_length": 3,
    "axon_connect_threshold": 0.520928942309813,
    "self_connect_isolated_neurons_fraction": 0.1906657488600528,
    "weight_adjustment_target": 0.5732403525649039,
    "weight_adjustment_rate": 0.017093476803662917,
    "progenitor_secretion_rates": [
      0.49841634377570565,
      0.35074355246927785,
      0.3134960969087429
    ],
    "neuron_secretion_rates": [
      0.4342987672524149,
      0.060742718042533006,
      0.24617836613198707
    ],
    "inhibition_matrix": [
      [
        0.0,
        0.0,
        0.3524139833148808
      ],
      [
        0.0,
        0.0,
        0.0
      ],
      [
        0.11351736832889431,
        0.06217869062711673,
        0.0
      ]
    ],
    "diffusion_patterns": [
      [
        [
          0.016093662421226805,
          0.15129966471004128,
          0.1705445596912429
        ],
        [
          0.03839303672146962,
          0.32513761542617337,
          0.16500592767043257
        ],
        [
          0.02585381904835179,
          0.055507940084069306,
          0.052163774226992275
        ]
      ],
      [
        [
          0.16685994089951625,
          0.16303988796407506,
          0.015587809479479471
        ],
        [
          0.20609472505730556,
          0.04750168630436748,
          0.21747468695000202
        ],
        [
          0.08307378159510542,
          0.07024815255789002,
          0.030119329192258803
        ]
      ],
      [
        [
          0.15848640900779104,
          0.0819118089002887,
          0.11062004015002383
        ],
        [
          0.12078383084794364,
          0.18703069263659064,
          0.13103273289336545
        ],
        [
          0.07222235086950965,
          0.04321956128721567,
          0.0946925734072715
        ]
      ]
    ]
  },
  "network_stats": {
    "neurons": 96,
    "connections": 440
  },
  "rollout_data": {
    "rewards": [
      500.0,
      500.0,
      500.0,
      500.0,
      500.0,
      500.0,
      500.0,
      500.0,
      500.0,
      500.0,
      500.0,
      500.0,
      500.0,
      500.0,
      500.0,
      500.0,
      500.0,
      500.0,
      500.0,
      500.0
    ],
    "lengths": [
      500,
      500,
      500,
      500,
      500,
      500,
      500,
      500,
      500,
      500,
      500,
      500,
      500,
      500,
      500,
      500,
      500,
      500,
      500,
      500
    ],
    "eval_seeds": [
      3161120,
      3161121,
      3161122,
      3161123,
      3161124,
      3161125,
      3161126,
      3161127,
      3161128,
      3161129,
      3161130,
      3161131,
      3161132,
      3161133,
      3161134,
      3161135,
      3161136,
      3161137,
      3161138,
      3161139
    ]
  }
}