{
  "network_id": 70723,
  "seed": 3070723,
  "valid": true,
  "baseline_reward": 8.95,
  "baseline_fitness": 0.0179,
  "stratum": "weak",
  "genome": {
    "max_growth_steps": 200,
    "size_x": 10,
    "size_y": 10,
    "diffusion_rate": 0.18536371300492505,
    "num_morphogens": 3,
    "division_threshold": 0.6184186787400052,
    "cell_differentiation_threshold": 0.5822848113083481,
    "axon_growth_threshold": 0.3203673158662087,
    "max_axon_length": 6,
    "axon_connect_threshold": 0.8888380903008389,
    "self_connect_isolated_neurons_fraction": 0.16095734108094728,
    "weight_adjustment_target": 0.35488937622214106,
    "weight_adjustment_rate": 0.014550140683727914,
    "progenitor_secretion_rates": [
      0.44489499646277464,
      0.05549899740222425,
      0.22290259116699723
    ],
    "neuron_secretion_rates": [
      0.47647923306079965,
      0.4111249002696907,
      0.2184005444936809
    ],
    "inhibition_matrix": [
      [
        0.0,
        0.0,
        0.0
      ],
      [
        0.0,
        0.0,
        0.0
      ],
      [
        0.0,
        0.0,
        0.0
      ]
    ],
    "diffusion_patterns": [
      [
        [
          0.15564995417964383,
          0.07453267024371925,
          0.16665429627767292
        ],
        [
          0.03707992591237376,
          0.013522114734541475,
          0.11838025546348444
        ],
        [
          0.118085816346869,
          0.1585686988800789,
          0.15752626796161628
        ]
      ],
      [
        [
          0.04581034608147773,
          0.05659185534427634,
          0.0015890796406445075
        ],
        [
          0.1712065247687863,
          0.10385399560300662,
          0.2050050467352058
        ],
        [
          0.1282862914047394,
          0.19381772279993592,
          0.09383913762192736
        ]
      ],
      [
        [
          0.027369006789442662,
          0.12808568722843883,
          0.12585416561442747
        ],
        [
          0.10731490804741263,
          0.17722547784371293,
          0.14687412532239216
        ],
        [
          0.07323145282716526,
          0.05580268284742534,
          0.15824249347958266
        ]
      ]
    ]
  },
  "network_stats": {
    "neurons": 100,
    "connections": 115
  },
  "rollout_data": {
    "rewards": [
      8.0,
      9.0,
      8.0,
      10.0,
      9.0,
      10.0,
      9.0,
      8.0,
      10.0,
      9.0,
      9.0,
      9.0,
      8.0,
      9.0,
      9.0,
      9.0,
      9.0,
      9.0,
      9.0,
      9.0
    ],
    "lengths": [
      8,
      9,
      8,
      10,
      9,
      10,
      9,
      8,
      10,
      9,
      9,
      9,
      8,
      9,
      9,
      9,
      9,
      9,
      9,
      9
    ],
    "eval_seeds": [
      3070723,
      3070724,
      3070725,
      3070726,
      3070727,
      3070728,
      3070729,
      3070730,
      3070731,
      3070732,
      3070733,
      3070734,
      3070735,
      3070736,
      3070737,
      3070738,
      3070739,
      3070740,
      3070741,
      3070742
    ]
  }
}