{
  "network_id": 123985,
  "seed": 3123985,
  "valid": true,
  "baseline_reward": 393.05,
  "baseline_fitness": 0.7861,
  "stratum": "high_mid",
  "genome": {
    "max_growth_steps": 200,
    "size_x": 10,
    "size_y": 10,
    "diffusion_rate": 0.09225596434659902,
    "num_morphogens": 3,
    "division_threshold": 0.42041748075760316,
    "cell_differentiation_threshold": 0.6542206746028889,
    "axon_growth_threshold": 0.3103722640471931,
    "max_axon_length": 10,
    "axon_connect_threshold": 0.7235648509766729,
    "self_connect_isolated_neurons_fraction": 0.16283754158574665,
    "weight_adjustment_target": 0.6406686746670949,
    "weight_adjustment_rate": 0.007134944868778069,
    "progenitor_secretion_rates": [
      0.4363582709931823,
      0.14171582024285367,
      0.13011370895894325
    ],
    "neuron_secretion_rates": [
      0.48798848172207365,
      0.09442308885665285,
      0.454997660458795
    ],
    "inhibition_matrix": [
      [
        0.0,
        0.0,
        0.0
      ],
      [
        0.0,
        0.0,
        0.0
      ],
      [
        0.0,
        0.10177909891730996,
        0.0
      ]
    ],
    "diffusion_patterns": [
      [
        [
          0.040460044719165165,
          0.011881110810901586,
          0.18132360916692317
        ],
        [
          0.1431795242099642,
          0.1829283965833691,
          0.10779493036470783
        ],
        [
          0.1193412266297203,
          0.10726736487291486,
          0.10582379264233366
        ]
      ],
      [
        [
          0.18417757134453194,
          0.03037258948324539,
          0.07407804755965035
        ],
        [
          0.07183721738991,
          0.2676514844832692,
          0.11951540814092416
        ],
        [
          0.014150895817439979,
          0.03187299288473975,
          0.2063437928962894
        ]
      ],
      [
        [
          0.09701623682794047,
          0.13729034402866788,
          0.13141463858909067
        ],
        [
          0.04517460124519854,
          0.11271710544391922,
          0.07734510607154278
        ],
        [
          0.15376428681143697,
          0.09550210922659423,
          0.1497755717556092
        ]
      ]
    ]
  },
  "network_stats": {
    "neurons": 100,
    "connections": 405
  },
  "rollout_data": {
    "rewards": [
      294.0,
      424.0,
      282.0,
      500.0,
      500.0,
      255.0,
      500.0,
      247.0,
      500.0,
      500.0,
      481.0,
      372.0,
      500.0,
      283.0,
      246.0,
      427.0,
      321.0,
      259.0,
      470.0,
      500.0
    ],
    "lengths": [
      294,
      424,
      282,
      500,
      500,
      255,
      500,
      247,
      500,
      500,
      481,
      372,
      500,
      283,
      246,
      427,
      321,
      259,
      470,
      500
    ],
    "eval_seeds": [
      3123985,
      3123986,
      3123987,
      3123988,
      3123989,
      3123990,
      3123991,
      3123992,
      3123993,
      3123994,
      3123995,
      3123996,
      3123997,
      3123998,
      3123999,
      3124000,
      3124001,
      3124002,
      3124003,
      3124004
    ]
  }
}