{
  "network_id": 83508,
  "seed": 3083508,
  "valid": true,
  "baseline_reward": 208.6,
  "baseline_fitness": 0.4172,
  "stratum": "low_mid",
  "genome": {
    "max_growth_steps": 200,
    "size_x": 10,
    "size_y": 10,
    "diffusion_rate": 0.13880558849524874,
    "num_morphogens": 3,
    "division_threshold": 0.42160786264106465,
    "cell_differentiation_threshold": 0.5390393193335394,
    "axon_growth_threshold": 0.2900285319072953,
    "max_axon_length": 4,
    "axon_connect_threshold": 0.9321208700938804,
    "self_connect_isolated_neurons_fraction": 0.06837408305122418,
    "weight_adjustment_target": 0.3264487181848236,
    "weight_adjustment_rate": 0.012148188500786507,
    "progenitor_secretion_rates": [
      0.28183975608578277,
      0.1685956210486949,
      0.2223353957452882
    ],
    "neuron_secretion_rates": [
      0.4283896618072007,
      0.2548777042331354,
      0.35011618032690983
    ],
    "inhibition_matrix": [
      [
        0.0,
        0.0,
        0.0
      ],
      [
        0.0,
        0.0,
        0.036774828629895395
      ],
      [
        0.0,
        0.0,
        0.0
      ]
    ],
    "diffusion_patterns": [
      [
        [
          0.14476499580391558,
          0.011988596064007642,
          0.06918108910090576
        ],
        [
          0.18487010828724018,
          0.18415572670930563,
          0.07505991273008501
        ],
        [
          0.08044760793600453,
          0.06038955142936489,
          0.18914241193917078
        ]
      ],
      [
        [
          0.13583104014149203,
          0.1211141020852034,
          0.09070404687935295
        ],
        [
          0.049378132264028124,
          0.17619593410870565,
          0.1493322120452982
        ],
        [
          0.07437338333599768,
          0.0661612900764182,
          0.13690985906350372
        ]
      ],
      [
        [
          0.13386823915453352,
          0.11252857451791427,
          0.16850617459682904
        ],
        [
          0.051563150109018636,
          0.06754659756320676,
          0.04545243319791804
        ],
        [
          0.17818763359055162,
          0.16366733654575738,
          0.07867986072427072
        ]
      ]
    ]
  },
  "network_stats": {
    "neurons": 100,
    "connections": 239
  },
  "rollout_data": {
    "rewards": [
      268.0,
      255.0,
      141.0,
      255.0,
      212.0,
      140.0,
      173.0,
      151.0,
      149.0,
      264.0,
      240.0,
      210.0,
      162.0,
      161.0,
      143.0,
      253.0,
      266.0,
      280.0,
      218.0,
      231.0
    ],
    "lengths": [
      268,
      255,
      141,
      255,
      212,
      140,
      173,
      151,
      149,
      264,
      240,
      210,
      162,
      161,
      143,
      253,
      266,
      280,
      218,
      231
    ],
    "eval_seeds": [
      3083508,
      3083509,
      3083510,
      3083511,
      3083512,
      3083513,
      3083514,
      3083515,
      3083516,
      3083517,
      3083518,
      3083519,
      3083520,
      3083521,
      3083522,
      3083523,
      3083524,
      3083525,
      3083526,
      3083527
    ]
  }
}