{
  "network_id": 72666,
  "seed": 3072666,
  "valid": true,
  "baseline_reward": 500.0,
  "baseline_fitness": 1.0,
  "stratum": "perfect",
  "genome": {
    "max_growth_steps": 200,
    "size_x": 10,
    "size_y": 10,
    "diffusion_rate": 0.12653612125286937,
    "num_morphogens": 3,
    "division_threshold": 0.3814447373608824,
    "cell_differentiation_threshold": 0.46912270019617774,
    "axon_growth_threshold": 0.378728369547627,
    "max_axon_length": 7,
    "axon_connect_threshold": 0.467549383051573,
    "self_connect_isolated_neurons_fraction": 0.004398557387611434,
    "weight_adjustment_target": 0.6562677558134427,
    "weight_adjustment_rate": 0.01184133210955157,
    "progenitor_secretion_rates": [
      0.30151216036432094,
      0.04129022690514644,
      0.3568732047866928
    ],
    "neuron_secretion_rates": [
      0.02492419231059617,
      0.16816123566797603,
      0.2954982600218871
    ],
    "inhibition_matrix": [
      [
        0.0,
        0.0,
        0.08135404832106741
      ],
      [
        0.0,
        0.0,
        0.0
      ],
      [
        0.0,
        0.0945565620410721,
        0.0
      ]
    ],
    "diffusion_patterns": [
      [
        [
          0.017757852144309957,
          0.11958539417719428,
          0.0108695094732573
        ],
        [
          0.10894727353707523,
          0.2848257816022312,
          0.33179517478044024
        ],
        [
          0.047135210445608755,
          0.05640805679743225,
          0.022675747042450792
        ]
      ],
      [
        [
          0.16675948196738435,
          0.06180126873243139,
          0.058088327710409754
        ],
        [
          0.028289339024677056,
          0.015568147948803807,
          0.16585922950866688
        ],
        [
          0.15326931307002117,
          0.16745719080488405,
          0.1829077012327214
        ]
      ],
      [
        [
          0.1425957411501102,
          0.10145980612873788,
          0.10575706760414363
        ],
        [
          0.11149172192788842,
          0.10022729849812687,
          0.011993385390621196
        ],
        [
          0.15116299731019325,
          0.22378722407203894,
          0.051524757918139735
        ]
      ]
    ]
  },
  "network_stats": {
    "neurons": 100,
    "connections": 252
  },
  "rollout_data": {
    "rewards": [
      500.0,
      500.0,
      500.0,
      500.0,
      500.0,
      500.0,
      500.0,
      500.0,
      500.0,
      500.0,
      500.0,
      500.0,
      500.0,
      500.0,
      500.0,
      500.0,
      500.0,
      500.0,
      500.0,
      500.0
    ],
    "lengths": [
      500,
      500,
      500,
      500,
      500,
      500,
      500,
      500,
      500,
      500,
      500,
      500,
      500,
      500,
      500,
      500,
      500,
      500,
      500,
      500
    ],
    "eval_seeds": [
      3072666,
      3072667,
      3072668,
      3072669,
      3072670,
      3072671,
      3072672,
      3072673,
      3072674,
      3072675,
      3072676,
      3072677,
      3072678,
      3072679,
      3072680,
      3072681,
      3072682,
      3072683,
      3072684,
      3072685
    ]
  }
}