{
  "network_id": 101658,
  "seed": 3101658,
  "valid": true,
  "baseline_reward": 206.6,
  "baseline_fitness": 0.4132,
  "stratum": "low_mid",
  "genome": {
    "max_growth_steps": 200,
    "size_x": 10,
    "size_y": 10,
    "diffusion_rate": 0.14565327074316092,
    "num_morphogens": 3,
    "division_threshold": 0.5857653912949686,
    "cell_differentiation_threshold": 0.32539539126315886,
    "axon_growth_threshold": 0.38736099678136754,
    "max_axon_length": 8,
    "axon_connect_threshold": 0.5678663119298568,
    "self_connect_isolated_neurons_fraction": 0.05053383803849545,
    "weight_adjustment_target": 0.43565671238564385,
    "weight_adjustment_rate": 0.015033734363922725,
    "progenitor_secretion_rates": [
      0.49421334902263875,
      0.14949869640503377,
      0.032520149948028376
    ],
    "neuron_secretion_rates": [
      0.3470305315387768,
      0.12975876627154748,
      0.09606490670773804
    ],
    "inhibition_matrix": [
      [
        0.0,
        0.0,
        0.1878005468847888
      ],
      [
        0.04054402671712681,
        0.0,
        0.0
      ],
      [
        0.0,
        0.0,
        0.0
      ]
    ],
    "diffusion_patterns": [
      [
        [
          0.038125854107046,
          0.10268998242314391,
          0.14985509122698754
        ],
        [
          0.18778914065477428,
          0.0971223673837779,
          0.005864448225501726
        ],
        [
          0.07091979595013274,
          0.2036626838014361,
          0.14397063622719983
        ]
      ],
      [
        [
          0.0026852965995758484,
          0.09071966477410733,
          0.1334927174402789
        ],
        [
          0.10490034659330265,
          0.15580344655446768,
          0.08007051398729935
        ],
        [
          0.1796475007782319,
          0.218800128075753,
          0.033880385196983165
        ]
      ],
      [
        [
          0.059621178483563936,
          0.1661058870272825,
          0.06188422987602882
        ],
        [
          0.07369283783945432,
          0.14706897999043336,
          0.1580656218417861
        ],
        [
          0.07607406308912039,
          0.12658876620388854,
          0.13089843564844197
        ]
      ]
    ]
  },
  "network_stats": {
    "neurons": 100,
    "connections": 328
  },
  "rollout_data": {
    "rewards": [
      219.0,
      205.0,
      230.0,
      195.0,
      153.0,
      239.0,
      195.0,
      196.0,
      249.0,
      206.0,
      214.0,
      238.0,
      159.0,
      173.0,
      254.0,
      227.0,
      131.0,
      268.0,
      237.0,
      144.0
    ],
    "lengths": [
      219,
      205,
      230,
      195,
      153,
      239,
      195,
      196,
      249,
      206,
      214,
      238,
      159,
      173,
      254,
      227,
      131,
      268,
      237,
      144
    ],
    "eval_seeds": [
      3101658,
      3101659,
      3101660,
      3101661,
      3101662,
      3101663,
      3101664,
      3101665,
      3101666,
      3101667,
      3101668,
      3101669,
      3101670,
      3101671,
      3101672,
      3101673,
      3101674,
      3101675,
      3101676,
      3101677
    ]
  }
}