{
  "network_id": 60391,
  "seed": 3060391,
  "valid": true,
  "baseline_reward": 201.85,
  "baseline_fitness": 0.4037,
  "stratum": "low_mid",
  "genome": {
    "max_growth_steps": 200,
    "size_x": 10,
    "size_y": 10,
    "diffusion_rate": 0.16945825170423834,
    "num_morphogens": 3,
    "division_threshold": 0.3324828410816101,
    "cell_differentiation_threshold": 0.43163697339684765,
    "axon_growth_threshold": 0.23311530761178634,
    "max_axon_length": 4,
    "axon_connect_threshold": 0.7964158433765743,
    "self_connect_isolated_neurons_fraction": 0.07252512750962263,
    "weight_adjustment_target": 0.5697412993358361,
    "weight_adjustment_rate": 0.014012873327475125,
    "progenitor_secretion_rates": [
      0.44296374248789544,
      0.2832532618547421,
      0.3440102086227582
    ],
    "neuron_secretion_rates": [
      0.10151307757504857,
      0.40608347347177515,
      0.27081512552998455
    ],
    "inhibition_matrix": [
      [
        0.0,
        0.0,
        0.0
      ],
      [
        0.2562999432251083,
        0.0,
        0.0
      ],
      [
        0.0,
        0.0,
        0.0
      ]
    ],
    "diffusion_patterns": [
      [
        [
          0.0708589209314418,
          0.126750213406582,
          0.041636376670546545
        ],
        [
          0.05302321466373193,
          0.14957460195878414,
          0.21562899385416195
        ],
        [
          0.15784610510003783,
          0.0892555923971316,
          0.09542598101758215
        ]
      ],
      [
        [
          0.17535726837049956,
          0.12410671907983023,
          0.08867446220676993
        ],
        [
          0.03422878702907641,
          0.14302733139597407,
          0.09546970093086522
        ],
        [
          0.07029147376329521,
          0.19688665439612402,
          0.07195760282756533
        ]
      ],
      [
        [
          0.15899264514985142,
          0.002961618069886274,
          0.14263991851775454
        ],
        [
          0.16817460935607184,
          0.07066123319899287,
          0.07047769569640827
        ],
        [
          0.13891086855244278,
          0.15786309955293365,
          0.08931831190565848
        ]
      ]
    ]
  },
  "network_stats": {
    "neurons": 100,
    "connections": 230
  },
  "rollout_data": {
    "rewards": [
      168.0,
      229.0,
      261.0,
      263.0,
      223.0,
      188.0,
      196.0,
      179.0,
      206.0,
      210.0,
      224.0,
      221.0,
      236.0,
      151.0,
      230.0,
      149.0,
      156.0,
      216.0,
      194.0,
      137.0
    ],
    "lengths": [
      168,
      229,
      261,
      263,
      223,
      188,
      196,
      179,
      206,
      210,
      224,
      221,
      236,
      151,
      230,
      149,
      156,
      216,
      194,
      137
    ],
    "eval_seeds": [
      3060391,
      3060392,
      3060393,
      3060394,
      3060395,
      3060396,
      3060397,
      3060398,
      3060399,
      3060400,
      3060401,
      3060402,
      3060403,
      3060404,
      3060405,
      3060406,
      3060407,
      3060408,
      3060409,
      3060410
    ]
  }
}