{
  "network_id": 101444,
  "seed": 3101444,
  "valid": true,
  "baseline_reward": 205.8,
  "baseline_fitness": 0.4116,
  "stratum": "low_mid",
  "genome": {
    "max_growth_steps": 200,
    "size_x": 10,
    "size_y": 10,
    "diffusion_rate": 0.08471723065457046,
    "num_morphogens": 3,
    "division_threshold": 0.5553491880428212,
    "cell_differentiation_threshold": 0.5995778614915225,
    "axon_growth_threshold": 0.2784461888319818,
    "max_axon_length": 4,
    "axon_connect_threshold": 0.6657897350442701,
    "self_connect_isolated_neurons_fraction": 0.04452063884195483,
    "weight_adjustment_target": 0.34769581009685474,
    "weight_adjustment_rate": 0.018011673881528748,
    "progenitor_secretion_rates": [
      0.3793501641590699,
      0.3170473083147896,
      0.0030869451468517606
    ],
    "neuron_secretion_rates": [
      0.10731359376435284,
      0.13878374235445556,
      0.38073523230246287
    ],
    "inhibition_matrix": [
      [
        0.0,
        0.0,
        0.0
      ],
      [
        0.0,
        0.0,
        0.0
      ],
      [
        0.0,
        0.0,
        0.0
      ]
    ],
    "diffusion_patterns": [
      [
        [
          0.02949147130126009,
          0.07219941655944286,
          0.17711300419630166
        ],
        [
          0.1746949413174853,
          0.009968436326013914,
          0.1670590609277571
        ],
        [
          0.0625620590631484,
          0.17829341880316127,
          0.12861819150542936
        ]
      ],
      [
        [
          0.02198582667344327,
          0.1537606353483958,
          0.09082543781915056
        ],
        [
          0.07507448756248203,
          0.12807992768855636,
          0.057518622686105615
        ],
        [
          0.17667597069483623,
          0.1663382915517387,
          0.12974079997529156
        ]
      ],
      [
        [
          0.17861198234148526,
          0.15303736807594176,
          0.08995835960083862
        ],
        [
          0.08956980027171293,
          0.06713849122119489,
          0.13814043096153855
        ],
        [
          0.12225490726296485,
          0.09722032203801088,
          0.0640683382263123
        ]
      ]
    ]
  },
  "network_stats": {
    "neurons": 100,
    "connections": 266
  },
  "rollout_data": {
    "rewards": [
      210.0,
      228.0,
      228.0,
      227.0,
      246.0,
      251.0,
      144.0,
      224.0,
      246.0,
      165.0,
      182.0,
      159.0,
      163.0,
      157.0,
      169.0,
      212.0,
      193.0,
      182.0,
      249.0,
      281.0
    ],
    "lengths": [
      210,
      228,
      228,
      227,
      246,
      251,
      144,
      224,
      246,
      165,
      182,
      159,
      163,
      157,
      169,
      212,
      193,
      182,
      249,
      281
    ],
    "eval_seeds": [
      3101444,
      3101445,
      3101446,
      3101447,
      3101448,
      3101449,
      3101450,
      3101451,
      3101452,
      3101453,
      3101454,
      3101455,
      3101456,
      3101457,
      3101458,
      3101459,
      3101460,
      3101461,
      3101462,
      3101463
    ]
  }
}