{
  "network_id": 33515,
  "seed": 3033515,
  "valid": true,
  "baseline_reward": 9.55,
  "baseline_fitness": 0.019100000000000002,
  "stratum": "weak",
  "genome": {
    "max_growth_steps": 200,
    "size_x": 10,
    "size_y": 10,
    "diffusion_rate": 0.053492234506470906,
    "num_morphogens": 3,
    "division_threshold": 0.3382618375614924,
    "cell_differentiation_threshold": 0.4572980980178224,
    "axon_growth_threshold": 0.31473795676997185,
    "max_axon_length": 3,
    "axon_connect_threshold": 0.6020176800449486,
    "self_connect_isolated_neurons_fraction": 0.19595609369367098,
    "weight_adjustment_target": 0.3891304723250117,
    "weight_adjustment_rate": 0.015394287539299924,
    "progenitor_secretion_rates": [
      0.2644027675038781,
      0.3402510673592879,
      0.3190169038312007
    ],
    "neuron_secretion_rates": [
      0.0006339631270530499,
      0.1532141251579519,
      0.21008626079164566
    ],
    "inhibition_matrix": [
      [
        0.0,
        0.2810977165697772,
        0.0
      ],
      [
        0.0,
        0.0,
        0.2466110984285843
      ],
      [
        0.0,
        0.1591226369648343,
        0.0
      ]
    ],
    "diffusion_patterns": [
      [
        [
          0.11821821383263062,
          0.06876496781082857,
          0.1417083319515964
        ],
        [
          0.08907898496942408,
          0.15646326072981318,
          0.16001933355578457
        ],
        [
          0.08760877956471909,
          0.1549075056905881,
          0.023230621894615344
        ]
      ],
      [
        [
          0.1260847726012115,
          0.13214514616673748,
          0.1574896627962687
        ],
        [
          0.11173402312685297,
          0.09950152661304072,
          0.08309649070774305
        ],
        [
          0.1488563040916054,
          0.04524250360448809,
          0.095849570292052
        ]
      ],
      [
        [
          0.08189662893611573,
          0.07450588610209004,
          0.13795245733890615
        ],
        [
          0.13450616603730128,
          0.18997891288355204,
          0.046788994730720374
        ],
        [
          0.12878108286702802,
          0.07056934066126515,
          0.13502053044302129
        ]
      ]
    ]
  },
  "network_stats": {
    "neurons": 72,
    "connections": 238
  },
  "rollout_data": {
    "rewards": [
      11.0,
      10.0,
      10.0,
      10.0,
      9.0,
      10.0,
      11.0,
      8.0,
      9.0,
      10.0,
      10.0,
      8.0,
      9.0,
      10.0,
      9.0,
      8.0,
      10.0,
      9.0,
      10.0,
      10.0
    ],
    "lengths": [
      11,
      10,
      10,
      10,
      9,
      10,
      11,
      8,
      9,
      10,
      10,
      8,
      9,
      10,
      9,
      8,
      10,
      9,
      10,
      10
    ],
    "eval_seeds": [
      3033515,
      3033516,
      3033517,
      3033518,
      3033519,
      3033520,
      3033521,
      3033522,
      3033523,
      3033524,
      3033525,
      3033526,
      3033527,
      3033528,
      3033529,
      3033530,
      3033531,
      3033532,
      3033533,
      3033534
    ]
  }
}