{
  "network_id": 16715,
  "seed": 3016715,
  "valid": true,
  "baseline_reward": 500.0,
  "baseline_fitness": 1.0,
  "stratum": "perfect",
  "genome": {
    "max_growth_steps": 200,
    "size_x": 10,
    "size_y": 10,
    "diffusion_rate": 0.11792264600384714,
    "num_morphogens": 3,
    "division_threshold": 0.4990564986527866,
    "cell_differentiation_threshold": 0.42545645166527113,
    "axon_growth_threshold": 0.4677800550087428,
    "max_axon_length": 10,
    "axon_connect_threshold": 0.7008250720821605,
    "self_connect_isolated_neurons_fraction": 0.027193270697745908,
    "weight_adjustment_target": 0.69604797720694,
    "weight_adjustment_rate": 0.010391990533502682,
    "progenitor_secretion_rates": [
      0.21845306587627566,
      0.29006767259773997,
      0.21781558943488954
    ],
    "neuron_secretion_rates": [
      0.37861249396524366,
      0.18616807956333215,
      0.4940873142931275
    ],
    "inhibition_matrix": [
      [
        0.0,
        0.0,
        0.19005475020024354
      ],
      [
        0.22348064997805628,
        0.0,
        0.40599150296753406
      ],
      [
        0.0,
        0.36207797420664223,
        0.0
      ]
    ],
    "diffusion_patterns": [
      [
        [
          0.009798529571043926,
          0.04474841100603933,
          0.10817028931836693
        ],
        [
          0.20122381388464736,
          0.137525440645689,
          0.022342986688439925
        ],
        [
          0.010359546876274512,
          0.24569014324082983,
          0.2201408387686692
        ]
      ],
      [
        [
          0.09317835244734887,
          0.1479171503922928,
          0.20879166128812654
        ],
        [
          0.02694531523779016,
          0.0344672085036335,
          0.24142176272224786
        ],
        [
          0.18943756743108403,
          0.020526116710870176,
          0.037314865266606115
        ]
      ],
      [
        [
          0.0198299049839689,
          0.18561489290153202,
          0.1259909983390354
        ],
        [
          0.1805757791424387,
          0.1650072784173333,
          0.05069052155666758
        ],
        [
          0.17880569105651964,
          0.03822582033571896,
          0.055259113266785544
        ]
      ]
    ]
  },
  "network_stats": {
    "neurons": 42,
    "connections": 110
  },
  "rollout_data": {
    "rewards": [
      500.0,
      500.0,
      500.0,
      500.0,
      500.0,
      500.0,
      500.0,
      500.0,
      500.0,
      500.0,
      500.0,
      500.0,
      500.0,
      500.0,
      500.0,
      500.0,
      500.0,
      500.0,
      500.0,
      500.0
    ],
    "lengths": [
      500,
      500,
      500,
      500,
      500,
      500,
      500,
      500,
      500,
      500,
      500,
      500,
      500,
      500,
      500,
      500,
      500,
      500,
      500,
      500
    ],
    "eval_seeds": [
      3016715,
      3016716,
      3016717,
      3016718,
      3016719,
      3016720,
      3016721,
      3016722,
      3016723,
      3016724,
      3016725,
      3016726,
      3016727,
      3016728,
      3016729,
      3016730,
      3016731,
      3016732,
      3016733,
      3016734
    ]
  }
}