{
  "network_id": 75048,
  "seed": 3075048,
  "valid": true,
  "baseline_reward": 500.0,
  "baseline_fitness": 1.0,
  "stratum": "perfect",
  "genome": {
    "max_growth_steps": 200,
    "size_x": 10,
    "size_y": 10,
    "diffusion_rate": 0.053030324877381116,
    "num_morphogens": 3,
    "division_threshold": 0.32634689966845715,
    "cell_differentiation_threshold": 0.5612072265747818,
    "axon_growth_threshold": 0.32714874661616716,
    "max_axon_length": 7,
    "axon_connect_threshold": 0.4005956740228629,
    "self_connect_isolated_neurons_fraction": 0.2967303509694369,
    "weight_adjustment_target": 0.6421941760969294,
    "weight_adjustment_rate": 0.005276509140733558,
    "progenitor_secretion_rates": [
      0.4716859536396222,
      0.3340916129569345,
      0.0006277204004431769
    ],
    "neuron_secretion_rates": [
      0.16193261562443295,
      0.30435501896164585,
      0.3671152068244329
    ],
    "inhibition_matrix": [
      [
        0.0,
        0.0,
        0.21212210260068398
      ],
      [
        0.1676527736895957,
        0.0,
        0.0
      ],
      [
        0.0,
        0.1267323884883077,
        0.0
      ]
    ],
    "diffusion_patterns": [
      [
        [
          0.04879539095483872,
          0.0886136143938222,
          0.08134598147896999
        ],
        [
          0.03654442366081957,
          0.1692882724239701,
          0.1828009584480989
        ],
        [
          0.24312252060993741,
          0.0632575425813529,
          0.08623129544819015
        ]
      ],
      [
        [
          0.02587566798079307,
          0.10516086577956393,
          0.1362077395021414
        ],
        [
          0.12798047250052497,
          0.14102297537802058,
          0.10089697258753241
        ],
        [
          0.10805839689302184,
          0.13264717979282262,
          0.12214972958557925
        ]
      ],
      [
        [
          0.2350595157622194,
          0.015469356391552867,
          0.1861808414748606
        ],
        [
          0.01324214163595798,
          0.00690161843002914,
          0.2733393735446953
        ],
        [
          0.04998286283909184,
          0.1154440364651333,
          0.10438025345645963
        ]
      ]
    ]
  },
  "network_stats": {
    "neurons": 100,
    "connections": 487
  },
  "rollout_data": {
    "rewards": [
      500.0,
      500.0,
      500.0,
      500.0,
      500.0,
      500.0,
      500.0,
      500.0,
      500.0,
      500.0,
      500.0,
      500.0,
      500.0,
      500.0,
      500.0,
      500.0,
      500.0,
      500.0,
      500.0,
      500.0
    ],
    "lengths": [
      500,
      500,
      500,
      500,
      500,
      500,
      500,
      500,
      500,
      500,
      500,
      500,
      500,
      500,
      500,
      500,
      500,
      500,
      500,
      500
    ],
    "eval_seeds": [
      3075048,
      3075049,
      3075050,
      3075051,
      3075052,
      3075053,
      3075054,
      3075055,
      3075056,
      3075057,
      3075058,
      3075059,
      3075060,
      3075061,
      3075062,
      3075063,
      3075064,
      3075065,
      3075066,
      3075067
    ]
  }
}