{
  "network_id": 95768,
  "seed": 3095768,
  "valid": true,
  "baseline_reward": 467.55,
  "baseline_fitness": 0.9351,
  "stratum": "near_perfect",
  "genome": {
    "max_growth_steps": 200,
    "size_x": 10,
    "size_y": 10,
    "diffusion_rate": 0.19342116467299986,
    "num_morphogens": 3,
    "division_threshold": 0.6234846343063656,
    "cell_differentiation_threshold": 0.3387305631053232,
    "axon_growth_threshold": 0.47430760829405555,
    "max_axon_length": 9,
    "axon_connect_threshold": 0.8021693275974526,
    "self_connect_isolated_neurons_fraction": 0.022805716978003553,
    "weight_adjustment_target": 0.4444362144969598,
    "weight_adjustment_rate": 0.014178351174678246,
    "progenitor_secretion_rates": [
      0.2566223219744529,
      0.008065582232880286,
      0.04888097883176418
    ],
    "neuron_secretion_rates": [
      0.032328096294899134,
      0.11710220208372851,
      0.118058618972892
    ],
    "inhibition_matrix": [
      [
        0.0,
        0.297648280211037,
        0.0
      ],
      [
        0.0,
        0.0,
        0.0
      ],
      [
        0.4103823707565892,
        0.0,
        0.0
      ]
    ],
    "diffusion_patterns": [
      [
        [
          0.12762692542145834,
          0.15737702896157252,
          0.06916671323735182
        ],
        [
          0.11858543595029135,
          0.08047003965563385,
          0.0038596036305122614
        ],
        [
          0.06906100816495139,
          0.12021554799476489,
          0.25363769698346367
        ]
      ],
      [
        [
          0.013052416244359618,
          0.23849966162963968,
          0.27343489940688587
        ],
        [
          0.041551379652283976,
          0.17339952865455083,
          0.009331347304960656
        ],
        [
          0.17040729621935213,
          0.012528539145186982,
          0.06779493174278035
        ]
      ],
      [
        [
          0.1881492829198087,
          0.10366394821904505,
          0.16223448132568252
        ],
        [
          0.06804516977209578,
          0.007310434529775744,
          0.11297480281283626
        ],
        [
          0.1344318257987272,
          0.20022253354489666,
          0.02296752107713218
        ]
      ]
    ]
  },
  "network_stats": {
    "neurons": 100,
    "connections": 422
  },
  "rollout_data": {
    "rewards": [
      454.0,
      500.0,
      500.0,
      500.0,
      484.0,
      500.0,
      439.0,
      484.0,
      500.0,
      500.0,
      500.0,
      489.0,
      441.0,
      500.0,
      355.0,
      480.0,
      323.0,
      460.0,
      500.0,
      442.0
    ],
    "lengths": [
      454,
      500,
      500,
      500,
      484,
      500,
      439,
      484,
      500,
      500,
      500,
      489,
      441,
      500,
      355,
      480,
      323,
      460,
      500,
      442
    ],
    "eval_seeds": [
      3095768,
      3095769,
      3095770,
      3095771,
      3095772,
      3095773,
      3095774,
      3095775,
      3095776,
      3095777,
      3095778,
      3095779,
      3095780,
      3095781,
      3095782,
      3095783,
      3095784,
      3095785,
      3095786,
      3095787
    ]
  }
}