{
  "network_id": 113915,
  "seed": 3113915,
  "valid": true,
  "baseline_reward": 211.3,
  "baseline_fitness": 0.42260000000000003,
  "stratum": "low_mid",
  "genome": {
    "max_growth_steps": 200,
    "size_x": 10,
    "size_y": 10,
    "diffusion_rate": 0.10741615435795573,
    "num_morphogens": 3,
    "division_threshold": 0.40845447542044333,
    "cell_differentiation_threshold": 0.5337729228854253,
    "axon_growth_threshold": 0.2130559661142635,
    "max_axon_length": 8,
    "axon_connect_threshold": 0.9683748437024263,
    "self_connect_isolated_neurons_fraction": 0.1768890106552036,
    "weight_adjustment_target": 0.36656865152410556,
    "weight_adjustment_rate": 0.016243086918707378,
    "progenitor_secretion_rates": [
      0.4549879238851587,
      0.3414534890306244,
      0.011867464826699481
    ],
    "neuron_secretion_rates": [
      0.14725774414619186,
      0.3265520014606734,
      0.14668542175462745
    ],
    "inhibition_matrix": [
      [
        0.0,
        0.0,
        0.0
      ],
      [
        0.30585042323907924,
        0.0,
        0.24020237075814466
      ],
      [
        0.0,
        0.0,
        0.0
      ]
    ],
    "diffusion_patterns": [
      [
        [
          0.1468197034637191,
          0.13217571351645602,
          0.08000121187664065
        ],
        [
          0.11857617036930695,
          0.15616663149479493,
          0.1493567617515854
        ],
        [
          0.01324187509698733,
          0.12202205110495958,
          0.08163988132555013
        ]
      ],
      [
        [
          0.07888277014562191,
          0.21268375194482309,
          0.00032113455741306757
        ],
        [
          0.17516979436654875,
          0.12717411750085558,
          0.22524098198635156
        ],
        [
          0.012442233259353144,
          0.014984027800541398,
          0.1531011884384917
        ]
      ],
      [
        [
          0.15987290290803863,
          0.07459673156012955,
          0.04637250294279863
        ],
        [
          0.1482531720916395,
          0.04561427790027494,
          0.16007370588316505
        ],
        [
          0.14468626656984923,
          0.06910545566002635,
          0.15142498448407815
        ]
      ]
    ]
  },
  "network_stats": {
    "neurons": 100,
    "connections": 339
  },
  "rollout_data": {
    "rewards": [
      261.0,
      300.0,
      243.0,
      208.0,
      172.0,
      163.0,
      258.0,
      198.0,
      154.0,
      243.0,
      199.0,
      158.0,
      308.0,
      178.0,
      139.0,
      204.0,
      134.0,
      247.0,
      287.0,
      172.0
    ],
    "lengths": [
      261,
      300,
      243,
      208,
      172,
      163,
      258,
      198,
      154,
      243,
      199,
      158,
      308,
      178,
      139,
      204,
      134,
      247,
      287,
      172
    ],
    "eval_seeds": [
      3113915,
      3113916,
      3113917,
      3113918,
      3113919,
      3113920,
      3113921,
      3113922,
      3113923,
      3113924,
      3113925,
      3113926,
      3113927,
      3113928,
      3113929,
      3113930,
      3113931,
      3113932,
      3113933,
      3113934
    ]
  }
}