{
  "network_id": 109903,
  "seed": 3109903,
  "valid": true,
  "baseline_reward": 21.8,
  "baseline_fitness": 0.0436,
  "stratum": "weak",
  "genome": {
    "max_growth_steps": 200,
    "size_x": 10,
    "size_y": 10,
    "diffusion_rate": 0.15001155324198728,
    "num_morphogens": 3,
    "division_threshold": 0.4218371638070767,
    "cell_differentiation_threshold": 0.5517331847764633,
    "axon_growth_threshold": 0.20681659377785175,
    "max_axon_length": 9,
    "axon_connect_threshold": 0.5585801778677961,
    "self_connect_isolated_neurons_fraction": 0.21693492774233356,
    "weight_adjustment_target": 0.6403630017151681,
    "weight_adjustment_rate": 0.01759256902103104,
    "progenitor_secretion_rates": [
      0.47213109443400114,
      0.4362362973586099,
      0.45722518896003855
    ],
    "neuron_secretion_rates": [
      0.2355383101489521,
      0.3508236107274693,
      0.2779747597316327
    ],
    "inhibition_matrix": [
      [
        0.0,
        0.23227719292774224,
        0.0
      ],
      [
        0.2841133071739805,
        0.0,
        0.150993392237934
      ],
      [
        0.0,
        0.0705888689242462,
        0.0
      ]
    ],
    "diffusion_patterns": [
      [
        [
          0.13534823938904858,
          0.17037154211701133,
          0.025731700784744158
        ],
        [
          0.04093289482330126,
          0.04421096442961607,
          0.0370459396418748
        ],
        [
          0.20080531699685983,
          0.19085756432122652,
          0.1546958374963175
        ]
      ],
      [
        [
          0.15485754084253825,
          0.12952801906378777,
          0.0009570713000955006
        ],
        [
          0.19213337019655458,
          0.11161258970928298,
          0.1849953140184444
        ],
        [
          0.020688252756653917,
          0.00530091326241875,
          0.19992692885022387
        ]
      ],
      [
        [
          0.05291164482637839,
          0.17036824879275153,
          0.19489353452702152
        ],
        [
          0.12452035082322178,
          0.015854157638689532,
          0.06455458852507946
        ],
        [
          0.04751621827055559,
          0.161473657085419,
          0.16790759951088305
        ]
      ]
    ]
  },
  "network_stats": {
    "neurons": 100,
    "connections": 366
  },
  "rollout_data": {
    "rewards": [
      21.0,
      17.0,
      22.0,
      21.0,
      25.0,
      27.0,
      21.0,
      17.0,
      16.0,
      23.0,
      27.0,
      26.0,
      26.0,
      21.0,
      23.0,
      35.0,
      17.0,
      12.0,
      16.0,
      23.0
    ],
    "lengths": [
      21,
      17,
      22,
      21,
      25,
      27,
      21,
      17,
      16,
      23,
      27,
      26,
      26,
      21,
      23,
      35,
      17,
      12,
      16,
      23
    ],
    "eval_seeds": [
      3109903,
      3109904,
      3109905,
      3109906,
      3109907,
      3109908,
      3109909,
      3109910,
      3109911,
      3109912,
      3109913,
      3109914,
      3109915,
      3109916,
      3109917,
      3109918,
      3109919,
      3109920,
      3109921,
      3109922
    ]
  }
}