{
  "network_id": 134875,
  "seed": 3134875,
  "valid": true,
  "baseline_reward": 500.0,
  "baseline_fitness": 1.0,
  "stratum": "perfect",
  "genome": {
    "max_growth_steps": 200,
    "size_x": 10,
    "size_y": 10,
    "diffusion_rate": 0.1763310324040251,
    "num_morphogens": 3,
    "division_threshold": 0.6830761461178086,
    "cell_differentiation_threshold": 0.6103507705210014,
    "axon_growth_threshold": 0.4468469949954085,
    "max_axon_length": 5,
    "axon_connect_threshold": 0.4362738802398722,
    "self_connect_isolated_neurons_fraction": 0.2531399422341349,
    "weight_adjustment_target": 0.3035604945328985,
    "weight_adjustment_rate": 0.012595723440378282,
    "progenitor_secretion_rates": [
      0.46047656384269775,
      0.22876600346647663,
      0.3539504147892841
    ],
    "neuron_secretion_rates": [
      0.11261301547961727,
      0.3416908045088747,
      0.44127570419024753
    ],
    "inhibition_matrix": [
      [
        0.0,
        0.0,
        0.0
      ],
      [
        0.0,
        0.0,
        0.0
      ],
      [
        0.14644312220979888,
        0.0,
        0.0
      ]
    ],
    "diffusion_patterns": [
      [
        [
          0.12138905523555979,
          0.14510735244342893,
          0.0984171195153972
        ],
        [
          0.13557419969239007,
          0.049813855295244666,
          0.10491470775216091
        ],
        [
          0.031249543912080558,
          0.17822411671930627,
          0.13531004943443153
        ]
      ],
      [
        [
          0.003476198370481653,
          0.08473581336960721,
          0.3253367587945579
        ],
        [
          0.019854054301871277,
          0.21711459850581008,
          0.3187776803176731
        ],
        [
          0.009330381255781775,
          0.00994595273685497,
          0.011428562347362031
        ]
      ],
      [
        [
          0.13340974004297204,
          0.1418216224885295,
          0.12317620760418853
        ],
        [
          0.14568971412629345,
          0.09954209695987695,
          0.11186285155528707
        ],
        [
          0.14288786900806824,
          0.045542028473909854,
          0.056067869740874354
        ]
      ]
    ]
  },
  "network_stats": {
    "neurons": 100,
    "connections": 297
  },
  "rollout_data": {
    "rewards": [
      500.0,
      500.0,
      500.0,
      500.0,
      500.0,
      500.0,
      500.0,
      500.0,
      500.0,
      500.0,
      500.0,
      500.0,
      500.0,
      500.0,
      500.0,
      500.0,
      500.0,
      500.0,
      500.0,
      500.0
    ],
    "lengths": [
      500,
      500,
      500,
      500,
      500,
      500,
      500,
      500,
      500,
      500,
      500,
      500,
      500,
      500,
      500,
      500,
      500,
      500,
      500,
      500
    ],
    "eval_seeds": [
      3134875,
      3134876,
      3134877,
      3134878,
      3134879,
      3134880,
      3134881,
      3134882,
      3134883,
      3134884,
      3134885,
      3134886,
      3134887,
      3134888,
      3134889,
      3134890,
      3134891,
      3134892,
      3134893,
      3134894
    ]
  }
}