{
  "network_id": 45024,
  "seed": 3045024,
  "valid": true,
  "baseline_reward": 271.5,
  "baseline_fitness": 0.543,
  "stratum": "low_mid",
  "genome": {
    "max_growth_steps": 200,
    "size_x": 10,
    "size_y": 10,
    "diffusion_rate": 0.13090877550255406,
    "num_morphogens": 3,
    "division_threshold": 0.3180614286873706,
    "cell_differentiation_threshold": 0.3976372502734178,
    "axon_growth_threshold": 0.2219716249793568,
    "max_axon_length": 3,
    "axon_connect_threshold": 0.4551609964411229,
    "self_connect_isolated_neurons_fraction": 0.22027928825226947,
    "weight_adjustment_target": 0.5085227420609367,
    "weight_adjustment_rate": 0.009556677318860323,
    "progenitor_secretion_rates": [
      0.3219432659148416,
      0.10077970106108208,
      0.2577023210042561
    ],
    "neuron_secretion_rates": [
      0.14064522790464912,
      0.11788167674730216,
      0.3881925813560496
    ],
    "inhibition_matrix": [
      [
        0.0,
        0.2050695649109247,
        0.1871775147688527
      ],
      [
        0.0,
        0.0,
        0.12543093869037525
      ],
      [
        0.0,
        0.09346341282238663,
        0.0
      ]
    ],
    "diffusion_patterns": [
      [
        [
          0.11081600111032569,
          0.07996413840041762,
          0.16639395564975476
        ],
        [
          0.041439315679850916,
          0.1705295524429666,
          0.14714435373249563
        ],
        [
          0.1237307347875372,
          0.04574432649089107,
          0.11423762170576056
        ]
      ],
      [
        [
          0.07873495121166758,
          0.15219090816352246,
          0.056036210486301564
        ],
        [
          0.10977900256391941,
          0.18286481662760476,
          0.22718743665328414
        ],
        [
          0.09290084971966805,
          0.011778661371360187,
          0.08852716320267179
        ]
      ],
      [
        [
          0.11053651206526631,
          0.10530722928441356,
          0.05954273662242256
        ],
        [
          0.0676325992045081,
          0.1488804056159263,
          0.12612574685970948
        ],
        [
          0.22584683597444713,
          0.041870001715486986,
          0.11425793265781954
        ]
      ]
    ]
  },
  "network_stats": {
    "neurons": 100,
    "connections": 323
  },
  "rollout_data": {
    "rewards": [
      357.0,
      137.0,
      341.0,
      182.0,
      251.0,
      251.0,
      177.0,
      500.0,
      137.0,
      251.0,
      225.0,
      177.0,
      491.0,
      256.0,
      175.0,
      209.0,
      500.0,
      231.0,
      235.0,
      347.0
    ],
    "lengths": [
      357,
      137,
      341,
      182,
      251,
      251,
      177,
      500,
      137,
      251,
      225,
      177,
      491,
      256,
      175,
      209,
      500,
      231,
      235,
      347
    ],
    "eval_seeds": [
      3045024,
      3045025,
      3045026,
      3045027,
      3045028,
      3045029,
      3045030,
      3045031,
      3045032,
      3045033,
      3045034,
      3045035,
      3045036,
      3045037,
      3045038,
      3045039,
      3045040,
      3045041,
      3045042,
      3045043
    ]
  }
}