{
  "network_id": 127337,
  "seed": 3127337,
  "valid": true,
  "baseline_reward": 208.8,
  "baseline_fitness": 0.4176,
  "stratum": "low_mid",
  "genome": {
    "max_growth_steps": 200,
    "size_x": 10,
    "size_y": 10,
    "diffusion_rate": 0.11031117156496811,
    "num_morphogens": 3,
    "division_threshold": 0.3695648639179608,
    "cell_differentiation_threshold": 0.46004192506076436,
    "axon_growth_threshold": 0.46051071483304185,
    "max_axon_length": 5,
    "axon_connect_threshold": 0.7280711288489377,
    "self_connect_isolated_neurons_fraction": 0.29985415864167003,
    "weight_adjustment_target": 0.6671568106252517,
    "weight_adjustment_rate": 0.017291645443944233,
    "progenitor_secretion_rates": [
      0.25574804668307977,
      0.297077169860735,
      0.12626251514434106
    ],
    "neuron_secretion_rates": [
      0.12512848051739794,
      0.14216547887473108,
      0.16105187318784242
    ],
    "inhibition_matrix": [
      [
        0.0,
        0.0,
        0.0
      ],
      [
        0.0,
        0.0,
        0.05747587885135874
      ],
      [
        0.0,
        0.0,
        0.0
      ]
    ],
    "diffusion_patterns": [
      [
        [
          0.16881982432550252,
          0.08145311536431028,
          0.09266763155796039
        ],
        [
          0.11835177868536884,
          0.07125178257632683,
          0.10391091044826732
        ],
        [
          0.1135386824657419,
          0.1873041480089904,
          0.06270212656753157
        ]
      ],
      [
        [
          0.07631141252936828,
          0.0673649447228628,
          0.1507987867764801
        ],
        [
          0.0022844754531566947,
          0.0400085807282377,
          0.21079641549277112
        ],
        [
          0.1331339007327824,
          0.17094033213662374,
          0.14836115142771708
        ]
      ],
      [
        [
          0.10548807603786202,
          0.19478131032971704,
          0.01598004065386678
        ],
        [
          0.1496332668877574,
          0.05092718012875195,
          0.18545047538355647
        ],
        [
          0.1997107080793059,
          0.027126480349965825,
          0.07090246214921651
        ]
      ]
    ]
  },
  "network_stats": {
    "neurons": 100,
    "connections": 283
  },
  "rollout_data": {
    "rewards": [
      261.0,
      233.0,
      227.0,
      201.0,
      216.0,
      251.0,
      151.0,
      182.0,
      150.0,
      168.0,
      258.0,
      268.0,
      218.0,
      161.0,
      216.0,
      280.0,
      150.0,
      141.0,
      200.0,
      244.0
    ],
    "lengths": [
      261,
      233,
      227,
      201,
      216,
      251,
      151,
      182,
      150,
      168,
      258,
      268,
      218,
      161,
      216,
      280,
      150,
      141,
      200,
      244
    ],
    "eval_seeds": [
      3127337,
      3127338,
      3127339,
      3127340,
      3127341,
      3127342,
      3127343,
      3127344,
      3127345,
      3127346,
      3127347,
      3127348,
      3127349,
      3127350,
      3127351,
      3127352,
      3127353,
      3127354,
      3127355,
      3127356
    ]
  }
}