{
  "network_id": 63933,
  "seed": 3063933,
  "valid": true,
  "baseline_reward": 39.95,
  "baseline_fitness": 0.0799,
  "stratum": "weak",
  "genome": {
    "max_growth_steps": 200,
    "size_x": 10,
    "size_y": 10,
    "diffusion_rate": 0.19373877810729762,
    "num_morphogens": 3,
    "division_threshold": 0.47190492159731,
    "cell_differentiation_threshold": 0.6531635554756664,
    "axon_growth_threshold": 0.44648386378668165,
    "max_axon_length": 3,
    "axon_connect_threshold": 0.4977823620170808,
    "self_connect_isolated_neurons_fraction": 0.044317295175366846,
    "weight_adjustment_target": 0.348264771092668,
    "weight_adjustment_rate": 0.015860063084580083,
    "progenitor_secretion_rates": [
      0.24394686644073516,
      0.2246056076990115,
      0.10194765648026344
    ],
    "neuron_secretion_rates": [
      0.3898688452292542,
      0.3878982703190421,
      0.35401389725588606
    ],
    "inhibition_matrix": [
      [
        0.0,
        0.13438581181106546,
        0.0
      ],
      [
        0.0,
        0.0,
        0.0
      ],
      [
        0.0,
        0.0,
        0.0
      ]
    ],
    "diffusion_patterns": [
      [
        [
          0.17033478809294392,
          0.15110746160688665,
          0.013773760372832719
        ],
        [
          0.13151571723027386,
          0.1613108175136693,
          0.054886962902722256
        ],
        [
          0.0640105395243995,
          0.11643066900326803,
          0.1366292837530038
        ]
      ],
      [
        [
          0.0816669358967573,
          0.11995646501776988,
          0.0187106797564961
        ],
        [
          0.09405181734001937,
          0.007018302561379198,
          0.18562050306805247
        ],
        [
          0.17493903420955656,
          0.16271054516530523,
          0.15532571698466396
        ]
      ],
      [
        [
          0.13285888789089578,
          0.03209806361586717,
          0.0991214346890688
        ],
        [
          0.18449663104746944,
          0.041574680201445294,
          0.18067524043971545
        ],
        [
          0.03712506650413339,
          0.11283368903309023,
          0.17921630657831444
        ]
      ]
    ]
  },
  "network_stats": {
    "neurons": 100,
    "connections": 257
  },
  "rollout_data": {
    "rewards": [
      39.0,
      45.0,
      54.0,
      39.0,
      34.0,
      31.0,
      44.0,
      38.0,
      46.0,
      25.0,
      46.0,
      40.0,
      52.0,
      39.0,
      52.0,
      37.0,
      35.0,
      26.0,
      38.0,
      39.0
    ],
    "lengths": [
      39,
      45,
      54,
      39,
      34,
      31,
      44,
      38,
      46,
      25,
      46,
      40,
      52,
      39,
      52,
      37,
      35,
      26,
      38,
      39
    ],
    "eval_seeds": [
      3063933,
      3063934,
      3063935,
      3063936,
      3063937,
      3063938,
      3063939,
      3063940,
      3063941,
      3063942,
      3063943,
      3063944,
      3063945,
      3063946,
      3063947,
      3063948,
      3063949,
      3063950,
      3063951,
      3063952
    ]
  }
}