{
  "network_id": 136697,
  "seed": 3136697,
  "valid": true,
  "baseline_reward": 18.3,
  "baseline_fitness": 0.0366,
  "stratum": "weak",
  "genome": {
    "max_growth_steps": 200,
    "size_x": 10,
    "size_y": 10,
    "diffusion_rate": 0.18397920348816305,
    "num_morphogens": 3,
    "division_threshold": 0.4205210057696507,
    "cell_differentiation_threshold": 0.5888191251537311,
    "axon_growth_threshold": 0.24296351623917947,
    "max_axon_length": 8,
    "axon_connect_threshold": 0.6106538236498158,
    "self_connect_isolated_neurons_fraction": 0.24122219568123907,
    "weight_adjustment_target": 0.3915935145295887,
    "weight_adjustment_rate": 0.014872288897896838,
    "progenitor_secretion_rates": [
      0.4266206941368691,
      0.4160056389341062,
      0.3499089062639032
    ],
    "neuron_secretion_rates": [
      0.03368781012556399,
      0.08787993994725612,
      0.4359977892038821
    ],
    "inhibition_matrix": [
      [
        0.0,
        0.0,
        0.0
      ],
      [
        0.0,
        0.0,
        0.0
      ],
      [
        0.0,
        0.32098171282901045,
        0.0
      ]
    ],
    "diffusion_patterns": [
      [
        [
          0.08938764390542252,
          0.10043669454501504,
          0.12246144231943247
        ],
        [
          0.13073120655040302,
          0.18879113234642467,
          0.1306177482177549
        ],
        [
          0.1791953171665455,
          0.03911026936864854,
          0.019268545580353274
        ]
      ],
      [
        [
          0.16701929402655377,
          0.23953269763511803,
          0.06059174084914264
        ],
        [
          0.005214123933482789,
          0.1086429096835267,
          0.12370197068413652
        ],
        [
          0.1113383213917513,
          0.03292414117836795,
          0.15103480061792027
        ]
      ],
      [
        [
          0.001118168454171101,
          0.029760296770883626,
          0.1634270907765849
        ],
        [
          0.06859782414296507,
          0.1854600777634253,
          0.10579529549364226
        ],
        [
          0.16374488790234926,
          0.12905377406305144,
          0.15304258463292703
        ]
      ]
    ]
  },
  "network_stats": {
    "neurons": 100,
    "connections": 401
  },
  "rollout_data": {
    "rewards": [
      13.0,
      12.0,
      14.0,
      11.0,
      22.0,
      17.0,
      20.0,
      14.0,
      15.0,
      14.0,
      26.0,
      12.0,
      38.0,
      34.0,
      15.0,
      25.0,
      12.0,
      17.0,
      21.0,
      14.0
    ],
    "lengths": [
      13,
      12,
      14,
      11,
      22,
      17,
      20,
      14,
      15,
      14,
      26,
      12,
      38,
      34,
      15,
      25,
      12,
      17,
      21,
      14
    ],
    "eval_seeds": [
      3136697,
      3136698,
      3136699,
      3136700,
      3136701,
      3136702,
      3136703,
      3136704,
      3136705,
      3136706,
      3136707,
      3136708,
      3136709,
      3136710,
      3136711,
      3136712,
      3136713,
      3136714,
      3136715,
      3136716
    ]
  }
}