{
  "network_id": 11924,
  "seed": 3011924,
  "valid": true,
  "baseline_reward": 492.15,
  "baseline_fitness": 0.9843,
  "stratum": "perfect",
  "genome": {
    "max_growth_steps": 200,
    "size_x": 10,
    "size_y": 10,
    "diffusion_rate": 0.1295666869470533,
    "num_morphogens": 3,
    "division_threshold": 0.43146850083936844,
    "cell_differentiation_threshold": 0.5597488493508052,
    "axon_growth_threshold": 0.30713697639900717,
    "max_axon_length": 2,
    "axon_connect_threshold": 0.6316591504657418,
    "self_connect_isolated_neurons_fraction": 0.0007026861764179881,
    "weight_adjustment_target": 0.5781831186842363,
    "weight_adjustment_rate": 0.01269231466259149,
    "progenitor_secretion_rates": [
      0.26618730008939806,
      0.041164281198280306,
      0.37422576870023466
    ],
    "neuron_secretion_rates": [
      0.2947423103814275,
      0.03359186634396216,
      0.38675204164306676
    ],
    "inhibition_matrix": [
      [
        0.0,
        0.0,
        0.0
      ],
      [
        0.0,
        0.0,
        0.0
      ],
      [
        0.0,
        0.012970542071726543,
        0.0
      ]
    ],
    "diffusion_patterns": [
      [
        [
          0.14078041595333704,
          0.19088827900882188,
          0.06314284285691461
        ],
        [
          0.040230701408272895,
          0.12479160355004039,
          0.21942255918650266
        ],
        [
          0.09931975856937261,
          0.07511058981499377,
          0.04631324965174437
        ]
      ],
      [
        [
          0.04878191714605868,
          0.15284151222552975,
          0.08136782032993176
        ],
        [
          0.11531565145085222,
          0.03685070482260578,
          0.062355506428350485
        ],
        [
          0.21488164651188035,
          0.06348707706522143,
          0.22411816401956952
        ]
      ],
      [
        [
          0.2223004775085765,
          0.05843244355185785,
          0.18763821931859412
        ],
        [
          0.1930504330944346,
          0.04979176044914136,
          0.06874753075907493
        ],
        [
          0.0011298233728131433,
          0.19574319471559312,
          0.023166117229914233
        ]
      ]
    ]
  },
  "network_stats": {
    "neurons": 100,
    "connections": 209
  },
  "rollout_data": {
    "rewards": [
      470.0,
      500.0,
      500.0,
      500.0,
      500.0,
      500.0,
      500.0,
      500.0,
      500.0,
      427.0,
      500.0,
      465.0,
      500.0,
      500.0,
      500.0,
      500.0,
      500.0,
      500.0,
      481.0,
      500.0
    ],
    "lengths": [
      470,
      500,
      500,
      500,
      500,
      500,
      500,
      500,
      500,
      427,
      500,
      465,
      500,
      500,
      500,
      500,
      500,
      500,
      481,
      500
    ],
    "eval_seeds": [
      3011924,
      3011925,
      3011926,
      3011927,
      3011928,
      3011929,
      3011930,
      3011931,
      3011932,
      3011933,
      3011934,
      3011935,
      3011936,
      3011937,
      3011938,
      3011939,
      3011940,
      3011941,
      3011942,
      3011943
    ]
  }
}