{
  "network_id": 56427,
  "seed": 3056427,
  "valid": true,
  "baseline_reward": 222.0,
  "baseline_fitness": 0.444,
  "stratum": "low_mid",
  "genome": {
    "max_growth_steps": 200,
    "size_x": 10,
    "size_y": 10,
    "diffusion_rate": 0.15612190595161507,
    "num_morphogens": 3,
    "division_threshold": 0.538680322728656,
    "cell_differentiation_threshold": 0.45742674456887406,
    "axon_growth_threshold": 0.414802416457007,
    "max_axon_length": 8,
    "axon_connect_threshold": 0.7528681196194502,
    "self_connect_isolated_neurons_fraction": 0.26793739755140894,
    "weight_adjustment_target": 0.3843896973152405,
    "weight_adjustment_rate": 0.010176275181047134,
    "progenitor_secretion_rates": [
      0.4882239034629371,
      0.2629322115757335,
      0.04172727313045427
    ],
    "neuron_secretion_rates": [
      0.2802492973643246,
      0.4915922267875724,
      0.3971393130586965
    ],
    "inhibition_matrix": [
      [
        0.0,
        0.0,
        0.0
      ],
      [
        0.14444739058503048,
        0.0,
        0.0
      ],
      [
        0.0,
        0.0,
        0.0
      ]
    ],
    "diffusion_patterns": [
      [
        [
          0.17723221638617362,
          0.1825330151459533,
          0.08706756338236654
        ],
        [
          0.17777117861425118,
          0.0010491857458215003,
          0.14038698528276858
        ],
        [
          0.17051468731302377,
          0.010095664442237098,
          0.05334950368740429
        ]
      ],
      [
        [
          2.346823086633012e-05,
          0.16234652166852354,
          0.03778489140143776
        ],
        [
          0.020649929565949666,
          0.2027301645293267,
          0.08842451814625717
        ],
        [
          0.17246839140417508,
          0.21482183299216934,
          0.10075028206129429
        ]
      ],
      [
        [
          0.11570109568759977,
          0.044518122629401045,
          0.13348630434526243
        ],
        [
          0.1587086837117035,
          0.2104786600581583,
          0.005393279969347377
        ],
        [
          0.08605111498736075,
          0.01582306834538965,
          0.22983967026577723
        ]
      ]
    ]
  },
  "network_stats": {
    "neurons": 100,
    "connections": 255
  },
  "rollout_data": {
    "rewards": [
      227.0,
      247.0,
      276.0,
      248.0,
      139.0,
      219.0,
      237.0,
      156.0,
      166.0,
      137.0,
      257.0,
      255.0,
      232.0,
      270.0,
      218.0,
      276.0,
      175.0,
      255.0,
      243.0,
      207.0
    ],
    "lengths": [
      227,
      247,
      276,
      248,
      139,
      219,
      237,
      156,
      166,
      137,
      257,
      255,
      232,
      270,
      218,
      276,
      175,
      255,
      243,
      207
    ],
    "eval_seeds": [
      3056427,
      3056428,
      3056429,
      3056430,
      3056431,
      3056432,
      3056433,
      3056434,
      3056435,
      3056436,
      3056437,
      3056438,
      3056439,
      3056440,
      3056441,
      3056442,
      3056443,
      3056444,
      3056445,
      3056446
    ]
  }
}