{
  "network_id": 143757,
  "seed": 3143757,
  "valid": true,
  "baseline_reward": 9.9,
  "baseline_fitness": 0.0198,
  "stratum": "weak",
  "genome": {
    "max_growth_steps": 200,
    "size_x": 10,
    "size_y": 10,
    "diffusion_rate": 0.19311755187894047,
    "num_morphogens": 3,
    "division_threshold": 0.6005518186158676,
    "cell_differentiation_threshold": 0.650867777592064,
    "axon_growth_threshold": 0.3642163087347633,
    "max_axon_length": 8,
    "axon_connect_threshold": 0.6451652557963421,
    "self_connect_isolated_neurons_fraction": 0.1564731046087477,
    "weight_adjustment_target": 0.5022899217066983,
    "weight_adjustment_rate": 0.011416833178935954,
    "progenitor_secretion_rates": [
      0.4799562333798696,
      0.29771982183653856,
      0.050880839884028695
    ],
    "neuron_secretion_rates": [
      0.3100858067677228,
      0.12926119399231967,
      0.4227822098246111
    ],
    "inhibition_matrix": [
      [
        0.0,
        0.0,
        0.0
      ],
      [
        0.0,
        0.0,
        0.0
      ],
      [
        0.0,
        0.0,
        0.0
      ]
    ],
    "diffusion_patterns": [
      [
        [
          0.23190298816856642,
          0.030759812055985238,
          0.17288137923306457
        ],
        [
          0.07666993643705883,
          0.08117322885411749,
          0.11291107451754334
        ],
        [
          0.005370725218220384,
          0.08158451089045696,
          0.2067463446249868
        ]
      ],
      [
        [
          0.013312497331094766,
          0.09390338890255767,
          0.019725054573477126
        ],
        [
          0.23330416309632063,
          0.03987483359586112,
          0.2156529459483552
        ],
        [
          0.07449079845667558,
          0.1417502766734904,
          0.16798604142216747
        ]
      ],
      [
        [
          0.1423023480895934,
          0.19650056154712411,
          0.025304432337612235
        ],
        [
          0.13313179656092525,
          0.02762572071282448,
          0.1578472441641592
        ],
        [
          0.1738927654738755,
          0.037841037977142625,
          0.10555409313674315
        ]
      ]
    ]
  },
  "network_stats": {
    "neurons": 100,
    "connections": 259
  },
  "rollout_data": {
    "rewards": [
      11.0,
      9.0,
      11.0,
      10.0,
      10.0,
      10.0,
      9.0,
      10.0,
      9.0,
      10.0,
      9.0,
      9.0,
      10.0,
      10.0,
      11.0,
      10.0,
      10.0,
      9.0,
      10.0,
      11.0
    ],
    "lengths": [
      11,
      9,
      11,
      10,
      10,
      10,
      9,
      10,
      9,
      10,
      9,
      9,
      10,
      10,
      11,
      10,
      10,
      9,
      10,
      11
    ],
    "eval_seeds": [
      3143757,
      3143758,
      3143759,
      3143760,
      3143761,
      3143762,
      3143763,
      3143764,
      3143765,
      3143766,
      3143767,
      3143768,
      3143769,
      3143770,
      3143771,
      3143772,
      3143773,
      3143774,
      3143775,
      3143776
    ]
  }
}