{
  "network_id": 78451,
  "seed": 3078451,
  "valid": true,
  "baseline_reward": 206.8,
  "baseline_fitness": 0.4136,
  "stratum": "low_mid",
  "genome": {
    "max_growth_steps": 200,
    "size_x": 10,
    "size_y": 10,
    "diffusion_rate": 0.19449471614832214,
    "num_morphogens": 3,
    "division_threshold": 0.4314049962204456,
    "cell_differentiation_threshold": 0.6728357003744545,
    "axon_growth_threshold": 0.329034211433869,
    "max_axon_length": 3,
    "axon_connect_threshold": 0.5950745394101288,
    "self_connect_isolated_neurons_fraction": 0.04742717345684011,
    "weight_adjustment_target": 0.6222638997725716,
    "weight_adjustment_rate": 0.01188716736755837,
    "progenitor_secretion_rates": [
      0.4097158899085689,
      0.4636841243056342,
      0.14324133279709889
    ],
    "neuron_secretion_rates": [
      0.48234186265594386,
      0.4537115464826141,
      0.323044442816808
    ],
    "inhibition_matrix": [
      [
        0.0,
        0.20885530289165366,
        0.0
      ],
      [
        0.0,
        0.0,
        0.0
      ],
      [
        0.28701746171500897,
        0.0,
        0.0
      ]
    ],
    "diffusion_patterns": [
      [
        [
          0.022760209819725034,
          0.14399153040536303,
          0.07275496472353196
        ],
        [
          0.048656497611478736,
          0.1385054633704129,
          0.20945150968954862
        ],
        [
          0.15333090755837175,
          0.09023958158439754,
          0.12030933523717037
        ]
      ],
      [
        [
          0.014685986591522211,
          0.08976278722726118,
          0.025590198270626884
        ],
        [
          0.03275267510900278,
          0.18365332523129904,
          0.15793221706018304
        ],
        [
          0.14690214911930985,
          0.18655340731882522,
          0.16216725407196986
        ]
      ],
      [
        [
          0.20683129315855614,
          0.01026467147062648,
          0.09792408877845059
        ],
        [
          0.04113367493538087,
          0.22566208942247928,
          0.13555608728095392
        ],
        [
          0.14045388952728993,
          0.022502099326811707,
          0.1196721060994511
        ]
      ]
    ]
  },
  "network_stats": {
    "neurons": 100,
    "connections": 262
  },
  "rollout_data": {
    "rewards": [
      144.0,
      161.0,
      165.0,
      208.0,
      219.0,
      158.0,
      230.0,
      208.0,
      154.0,
      257.0,
      229.0,
      167.0,
      221.0,
      252.0,
      235.0,
      239.0,
      255.0,
      236.0,
      262.0,
      136.0
    ],
    "lengths": [
      144,
      161,
      165,
      208,
      219,
      158,
      230,
      208,
      154,
      257,
      229,
      167,
      221,
      252,
      235,
      239,
      255,
      236,
      262,
      136
    ],
    "eval_seeds": [
      3078451,
      3078452,
      3078453,
      3078454,
      3078455,
      3078456,
      3078457,
      3078458,
      3078459,
      3078460,
      3078461,
      3078462,
      3078463,
      3078464,
      3078465,
      3078466,
      3078467,
      3078468,
      3078469,
      3078470
    ]
  }
}