{
  "network_id": 154339,
  "seed": 3154339,
  "valid": true,
  "baseline_reward": 233.5,
  "baseline_fitness": 0.467,
  "stratum": "low_mid",
  "genome": {
    "max_growth_steps": 200,
    "size_x": 10,
    "size_y": 10,
    "diffusion_rate": 0.06191109629506609,
    "num_morphogens": 3,
    "division_threshold": 0.5426202160218534,
    "cell_differentiation_threshold": 0.4576230164159065,
    "axon_growth_threshold": 0.28583543591629,
    "max_axon_length": 8,
    "axon_connect_threshold": 0.8873523226449924,
    "self_connect_isolated_neurons_fraction": 0.2506645023441889,
    "weight_adjustment_target": 0.5877123090168752,
    "weight_adjustment_rate": 0.018654416118422685,
    "progenitor_secretion_rates": [
      0.35756292710589616,
      0.23733548839797936,
      0.08661499262102557
    ],
    "neuron_secretion_rates": [
      0.29805498744350084,
      0.010194605107720689,
      0.242909194717078
    ],
    "inhibition_matrix": [
      [
        0.0,
        0.2786045713504775,
        0.0
      ],
      [
        0.0,
        0.0,
        0.14310641493359344
      ],
      [
        0.0,
        0.0,
        0.0
      ]
    ],
    "diffusion_patterns": [
      [
        [
          0.12724175335951443,
          0.14338227358923067,
          0.032252479932322886
        ],
        [
          0.1687865939019859,
          0.09846077104099407,
          0.0839968202469021
        ],
        [
          0.1633912848414805,
          0.04402756335222956,
          0.13846045973533974
        ]
      ],
      [
        [
          0.21249269494427342,
          0.032395452751833635,
          0.1441477952926034
        ],
        [
          0.06228214952959384,
          0.16737906647065928,
          0.1541259591727734
        ],
        [
          0.10295476010349719,
          0.008730260794681245,
          0.11549186094008443
        ]
      ],
      [
        [
          0.019923436783047487,
          0.1718961106396114,
          0.16403041231283216
        ],
        [
          0.03232751682449157,
          0.13608742493167042,
          0.17618006489145174
        ],
        [
          0.14202453439501941,
          0.1363387977697062,
          0.021191701452169698
        ]
      ]
    ]
  },
  "network_stats": {
    "neurons": 100,
    "connections": 275
  },
  "rollout_data": {
    "rewards": [
      215.0,
      155.0,
      167.0,
      369.0,
      339.0,
      248.0,
      162.0,
      203.0,
      365.0,
      224.0,
      139.0,
      155.0,
      309.0,
      213.0,
      149.0,
      186.0,
      157.0,
      326.0,
      213.0,
      376.0
    ],
    "lengths": [
      215,
      155,
      167,
      369,
      339,
      248,
      162,
      203,
      365,
      224,
      139,
      155,
      309,
      213,
      149,
      186,
      157,
      326,
      213,
      376
    ],
    "eval_seeds": [
      3154339,
      3154340,
      3154341,
      3154342,
      3154343,
      3154344,
      3154345,
      3154346,
      3154347,
      3154348,
      3154349,
      3154350,
      3154351,
      3154352,
      3154353,
      3154354,
      3154355,
      3154356,
      3154357,
      3154358
    ]
  }
}