{
  "network_id": 23779,
  "seed": 3023779,
  "valid": true,
  "baseline_reward": 430.25,
  "baseline_fitness": 0.8605,
  "stratum": "high_mid",
  "genome": {
    "max_growth_steps": 200,
    "size_x": 10,
    "size_y": 10,
    "diffusion_rate": 0.06180687860934665,
    "num_morphogens": 3,
    "division_threshold": 0.38338998323093454,
    "cell_differentiation_threshold": 0.48868537978983456,
    "axon_growth_threshold": 0.3727744369466651,
    "max_axon_length": 9,
    "axon_connect_threshold": 0.8903469107477002,
    "self_connect_isolated_neurons_fraction": 0.03610655685690395,
    "weight_adjustment_target": 0.3029639339984788,
    "weight_adjustment_rate": 0.008920013700881337,
    "progenitor_secretion_rates": [
      0.39832749816128876,
      0.395122441342484,
      0.27216285326810447
    ],
    "neuron_secretion_rates": [
      0.1613657166591848,
      0.06695179007638596,
      0.35668110410602316
    ],
    "inhibition_matrix": [
      [
        0.0,
        0.0,
        0.0
      ],
      [
        0.0,
        0.0,
        0.0
      ],
      [
        0.04513715941127627,
        0.0,
        0.0
      ]
    ],
    "diffusion_patterns": [
      [
        [
          0.11188536765652919,
          0.2035601531004129,
          0.19923350178784438
        ],
        [
          0.00027404236965100827,
          0.03535538015850076,
          0.18849345702787446
        ],
        [
          0.22369109413840393,
          0.031583143663180185,
          0.005923860097603107
        ]
      ],
      [
        [
          0.07061640971572716,
          0.04029003563319078,
          0.15050964647612025
        ],
        [
          0.012243573432961178,
          0.16538048966536337,
          0.24751742765353155
        ],
        [
          0.008862933413717812,
          0.11755634567023686,
          0.18702313833915118
        ]
      ],
      [
        [
          0.07080845364869971,
          0.18564069439560063,
          0.0143008103200201
        ],
        [
          0.28057683627844177,
          0.016937446843539136,
          0.08908288851269977
        ],
        [
          0.04607548666405268,
          0.01273407923828119,
          0.28384330409866515
        ]
      ]
    ]
  },
  "network_stats": {
    "neurons": 100,
    "connections": 321
  },
  "rollout_data": {
    "rewards": [
      500.0,
      40.0,
      26.0,
      500.0,
      500.0,
      500.0,
      500.0,
      500.0,
      500.0,
      500.0,
      500.0,
      500.0,
      500.0,
      500.0,
      39.0,
      500.0,
      500.0,
      500.0,
      500.0,
      500.0
    ],
    "lengths": [
      500,
      40,
      26,
      500,
      500,
      500,
      500,
      500,
      500,
      500,
      500,
      500,
      500,
      500,
      39,
      500,
      500,
      500,
      500,
      500
    ],
    "eval_seeds": [
      3023779,
      3023780,
      3023781,
      3023782,
      3023783,
      3023784,
      3023785,
      3023786,
      3023787,
      3023788,
      3023789,
      3023790,
      3023791,
      3023792,
      3023793,
      3023794,
      3023795,
      3023796,
      3023797,
      3023798
    ]
  }
}