{
  "network_id": 34210,
  "seed": 3034210,
  "valid": true,
  "baseline_reward": 9.25,
  "baseline_fitness": 0.0185,
  "stratum": "weak",
  "genome": {
    "max_growth_steps": 200,
    "size_x": 10,
    "size_y": 10,
    "diffusion_rate": 0.19212279341511118,
    "num_morphogens": 3,
    "division_threshold": 0.457246632244163,
    "cell_differentiation_threshold": 0.5687800200944778,
    "axon_growth_threshold": 0.34205140238757437,
    "max_axon_length": 8,
    "axon_connect_threshold": 0.7482761179130539,
    "self_connect_isolated_neurons_fraction": 0.2712522994461925,
    "weight_adjustment_target": 0.43947132957032753,
    "weight_adjustment_rate": 0.016044984735257208,
    "progenitor_secretion_rates": [
      0.45370569602008987,
      0.09637366242467371,
      0.374573960280578
    ],
    "neuron_secretion_rates": [
      0.18078290556830412,
      0.29368954937144115,
      0.29548486077793534
    ],
    "inhibition_matrix": [
      [
        0.0,
        0.0,
        0.08129110592358568
      ],
      [
        0.04255032471457676,
        0.0,
        0.0
      ],
      [
        0.0,
        0.0,
        0.0
      ]
    ],
    "diffusion_patterns": [
      [
        [
          0.13173302633540995,
          0.079958320777197,
          0.08820664417444142
        ],
        [
          0.1295135398233095,
          0.01823366619775444,
          0.15255206298557658
        ],
        [
          0.03605265302010681,
          0.17678872590670816,
          0.1869613607794962
        ]
      ],
      [
        [
          0.008927610220812652,
          0.12038288915996996,
          0.15901085128937134
        ],
        [
          0.07783934406807078,
          0.10892912520555179,
          0.07238229213031191
        ],
        [
          0.13740297485785008,
          0.16188123349268274,
          0.15324367957537888
        ]
      ],
      [
        [
          0.017629112423871832,
          0.041887450835471705,
          0.192717319798068
        ],
        [
          0.09879028056732678,
          0.17817314073709012,
          0.20068178132567274
        ],
        [
          0.09070138276436882,
          0.0444760938498438,
          0.13494343769828626
        ]
      ]
    ]
  },
  "network_stats": {
    "neurons": 100,
    "connections": 118
  },
  "rollout_data": {
    "rewards": [
      8.0,
      9.0,
      9.0,
      9.0,
      10.0,
      11.0,
      10.0,
      9.0,
      9.0,
      10.0,
      8.0,
      9.0,
      10.0,
      9.0,
      9.0,
      9.0,
      10.0,
      9.0,
      10.0,
      8.0
    ],
    "lengths": [
      8,
      9,
      9,
      9,
      10,
      11,
      10,
      9,
      9,
      10,
      8,
      9,
      10,
      9,
      9,
      9,
      10,
      9,
      10,
      8
    ],
    "eval_seeds": [
      3034210,
      3034211,
      3034212,
      3034213,
      3034214,
      3034215,
      3034216,
      3034217,
      3034218,
      3034219,
      3034220,
      3034221,
      3034222,
      3034223,
      3034224,
      3034225,
      3034226,
      3034227,
      3034228,
      3034229
    ]
  }
}