{
  "network_id": 113509,
  "seed": 3113509,
  "valid": true,
  "baseline_reward": 233.25,
  "baseline_fitness": 0.4665,
  "stratum": "low_mid",
  "genome": {
    "max_growth_steps": 200,
    "size_x": 10,
    "size_y": 10,
    "diffusion_rate": 0.17404082531484355,
    "num_morphogens": 3,
    "division_threshold": 0.38338305027770764,
    "cell_differentiation_threshold": 0.56157616175059,
    "axon_growth_threshold": 0.20269208918440682,
    "max_axon_length": 10,
    "axon_connect_threshold": 0.5636411222596522,
    "self_connect_isolated_neurons_fraction": 0.2924025644452244,
    "weight_adjustment_target": 0.5658233718639486,
    "weight_adjustment_rate": 0.014279145011186607,
    "progenitor_secretion_rates": [
      0.14517629734644427,
      0.07424626816609281,
      0.25098224267636915
    ],
    "neuron_secretion_rates": [
      0.34250385474763184,
      0.3300980707891605,
      0.08783056218716456
    ],
    "inhibition_matrix": [
      [
        0.0,
        0.0,
        0.12459523861553262
      ],
      [
        0.0,
        0.0,
        0.0
      ],
      [
        0.0,
        0.19323187535755637,
        0.0
      ]
    ],
    "diffusion_patterns": [
      [
        [
          0.05883551942159772,
          0.21784593707392846,
          0.14900841052209637
        ],
        [
          0.07894182474731332,
          0.036208745821855466,
          0.17838305009439703
        ],
        [
          0.01662820999811339,
          0.20959005039357742,
          0.05455825192712093
        ]
      ],
      [
        [
          0.013866390050118428,
          0.10894657905820962,
          0.027281900255651744
        ],
        [
          0.2293602562997552,
          0.11536606443868372,
          0.16950368355173684
        ],
        [
          0.04556515358499851,
          0.09269079834397315,
          0.19741917441687282
        ]
      ],
      [
        [
          0.1342599704527492,
          0.13839506585604264,
          0.10055316860712335
        ],
        [
          0.13251104979228814,
          0.15437287719703033,
          0.1471894038705032
        ],
        [
          0.03090332111831825,
          0.09248715984958421,
          0.06932798325636078
        ]
      ]
    ]
  },
  "network_stats": {
    "neurons": 100,
    "connections": 172
  },
  "rollout_data": {
    "rewards": [
      178.0,
      236.0,
      180.0,
      178.0,
      211.0,
      193.0,
      219.0,
      294.0,
      261.0,
      205.0,
      233.0,
      228.0,
      296.0,
      272.0,
      200.0,
      190.0,
      256.0,
      229.0,
      309.0,
      297.0
    ],
    "lengths": [
      178,
      236,
      180,
      178,
      211,
      193,
      219,
      294,
      261,
      205,
      233,
      228,
      296,
      272,
      200,
      190,
      256,
      229,
      309,
      297
    ],
    "eval_seeds": [
      3113509,
      3113510,
      3113511,
      3113512,
      3113513,
      3113514,
      3113515,
      3113516,
      3113517,
      3113518,
      3113519,
      3113520,
      3113521,
      3113522,
      3113523,
      3113524,
      3113525,
      3113526,
      3113527,
      3113528
    ]
  }
}