{
  "network_id": 69404,
  "seed": 3069404,
  "valid": true,
  "baseline_reward": 200.25,
  "baseline_fitness": 0.4005,
  "stratum": "low_mid",
  "genome": {
    "max_growth_steps": 200,
    "size_x": 10,
    "size_y": 10,
    "diffusion_rate": 0.05436846722393532,
    "num_morphogens": 3,
    "division_threshold": 0.4968833869370007,
    "cell_differentiation_threshold": 0.6409959041087916,
    "axon_growth_threshold": 0.22785710732259706,
    "max_axon_length": 9,
    "axon_connect_threshold": 0.6892006415046581,
    "self_connect_isolated_neurons_fraction": 0.0759217865374532,
    "weight_adjustment_target": 0.4525483686880603,
    "weight_adjustment_rate": 0.0157811518157505,
    "progenitor_secretion_rates": [
      0.4824116087495856,
      0.37144426197519215,
      0.08236442290322149
    ],
    "neuron_secretion_rates": [
      0.1232046201153208,
      0.30518204175972674,
      0.28506290647373733
    ],
    "inhibition_matrix": [
      [
        0.0,
        0.04283357132782872,
        0.1469404058164348
      ],
      [
        0.0,
        0.0,
        0.0
      ],
      [
        0.09635855266205123,
        0.0,
        0.0
      ]
    ],
    "diffusion_patterns": [
      [
        [
          0.13907939285931017,
          0.20682044338547814,
          0.1979291695787988
        ],
        [
          0.08404636556699843,
          0.04931046615335698,
          0.11078882126538156
        ],
        [
          0.028156356739713954,
          0.070042987954872,
          0.11382599649608999
        ]
      ],
      [
        [
          0.045063380193640624,
          0.07060472630459198,
          0.2416084208840409
        ],
        [
          0.029075167705696882,
          0.020393517621742904,
          0.14835796849118765
        ],
        [
          0.24578479481704457,
          0.1590797658576238,
          0.04003225812443067
        ]
      ],
      [
        [
          0.13326734563686257,
          0.1405701923422102,
          0.19818251092336783
        ],
        [
          0.029156365434639685,
          0.020862389884547614,
          0.0009154876708139403
        ],
        [
          0.12777044503608964,
          0.11835026678444999,
          0.23092499628701857
        ]
      ]
    ]
  },
  "network_stats": {
    "neurons": 100,
    "connections": 404
  },
  "rollout_data": {
    "rewards": [
      124.0,
      180.0,
      189.0,
      211.0,
      173.0,
      231.0,
      129.0,
      227.0,
      255.0,
      212.0,
      189.0,
      191.0,
      130.0,
      238.0,
      230.0,
      271.0,
      178.0,
      227.0,
      187.0,
      233.0
    ],
    "lengths": [
      124,
      180,
      189,
      211,
      173,
      231,
      129,
      227,
      255,
      212,
      189,
      191,
      130,
      238,
      230,
      271,
      178,
      227,
      187,
      233
    ],
    "eval_seeds": [
      3069404,
      3069405,
      3069406,
      3069407,
      3069408,
      3069409,
      3069410,
      3069411,
      3069412,
      3069413,
      3069414,
      3069415,
      3069416,
      3069417,
      3069418,
      3069419,
      3069420,
      3069421,
      3069422,
      3069423
    ]
  }
}