{
  "network_id": 31346,
  "seed": 3031346,
  "valid": true,
  "baseline_reward": 500.0,
  "baseline_fitness": 1.0,
  "stratum": "perfect",
  "genome": {
    "max_growth_steps": 200,
    "size_x": 10,
    "size_y": 10,
    "diffusion_rate": 0.060590777881981014,
    "num_morphogens": 3,
    "division_threshold": 0.4360685192244831,
    "cell_differentiation_threshold": 0.4505808062882056,
    "axon_growth_threshold": 0.20853949091545929,
    "max_axon_length": 9,
    "axon_connect_threshold": 0.5453660282921807,
    "self_connect_isolated_neurons_fraction": 0.053431916663100175,
    "weight_adjustment_target": 0.6075130339058513,
    "weight_adjustment_rate": 0.010589053580297648,
    "progenitor_secretion_rates": [
      0.3853857599954,
      0.10093080075704286,
      0.3542300698214242
    ],
    "neuron_secretion_rates": [
      0.0735928279067683,
      0.22203508155799667,
      0.4249659771664986
    ],
    "inhibition_matrix": [
      [
        0.0,
        0.0,
        0.03148812392793082
      ],
      [
        0.0,
        0.0,
        0.0
      ],
      [
        0.0,
        0.24916883648931953,
        0.0
      ]
    ],
    "diffusion_patterns": [
      [
        [
          0.0954151248412268,
          0.12249473519040824,
          0.02641543699579034
        ],
        [
          0.14255188307603825,
          0.17399952716593706,
          0.1020072011446461
        ],
        [
          0.1533767964586975,
          0.12272743410975585,
          0.06101186101749984
        ]
      ],
      [
        [
          0.05992970639994365,
          0.023338149882408957,
          0.14420563009594714
        ],
        [
          0.2538365251988671,
          0.09496823580076898,
          0.07562153591351448
        ],
        [
          0.0006292084718143644,
          0.18765260496484992,
          0.15981840327188543
        ]
      ],
      [
        [
          0.11897174134502746,
          0.14122268617386502,
          0.1622316696497909
        ],
        [
          0.11820571335940824,
          0.021268137107789263,
          0.04349593010209028
        ],
        [
          0.09050735466701249,
          0.18949470538860483,
          0.11460206220641159
        ]
      ]
    ]
  },
  "network_stats": {
    "neurons": 100,
    "connections": 268
  },
  "rollout_data": {
    "rewards": [
      500.0,
      500.0,
      500.0,
      500.0,
      500.0,
      500.0,
      500.0,
      500.0,
      500.0,
      500.0,
      500.0,
      500.0,
      500.0,
      500.0,
      500.0,
      500.0,
      500.0,
      500.0,
      500.0,
      500.0
    ],
    "lengths": [
      500,
      500,
      500,
      500,
      500,
      500,
      500,
      500,
      500,
      500,
      500,
      500,
      500,
      500,
      500,
      500,
      500,
      500,
      500,
      500
    ],
    "eval_seeds": [
      3031346,
      3031347,
      3031348,
      3031349,
      3031350,
      3031351,
      3031352,
      3031353,
      3031354,
      3031355,
      3031356,
      3031357,
      3031358,
      3031359,
      3031360,
      3031361,
      3031362,
      3031363,
      3031364,
      3031365
    ]
  }
}