{
  "network_id": 105473,
  "seed": 3105473,
  "valid": true,
  "baseline_reward": 347.5,
  "baseline_fitness": 0.695,
  "stratum": "low_mid",
  "genome": {
    "max_growth_steps": 200,
    "size_x": 10,
    "size_y": 10,
    "diffusion_rate": 0.14673217855017356,
    "num_morphogens": 3,
    "division_threshold": 0.4713984565641609,
    "cell_differentiation_threshold": 0.43373048535042447,
    "axon_growth_threshold": 0.47355748724627855,
    "max_axon_length": 9,
    "axon_connect_threshold": 0.7831381081007801,
    "self_connect_isolated_neurons_fraction": 0.14386647720957194,
    "weight_adjustment_target": 0.6772995085838122,
    "weight_adjustment_rate": 0.005673257347467117,
    "progenitor_secretion_rates": [
      0.4813523455753234,
      0.039839919139965485,
      0.10697796190947811
    ],
    "neuron_secretion_rates": [
      0.47247702889230214,
      0.48812896995833926,
      0.40179954572797216
    ],
    "inhibition_matrix": [
      [
        0.0,
        0.28294710257366973,
        0.0
      ],
      [
        0.07718116258470759,
        0.0,
        0.0
      ],
      [
        0.0,
        0.16990903055537415,
        0.0
      ]
    ],
    "diffusion_patterns": [
      [
        [
          0.08265157369416255,
          0.15476079419071165,
          0.16869233919202511
        ],
        [
          0.17952373997019963,
          0.062380737802151316,
          0.01643193607775577
        ],
        [
          0.06484565194295568,
          0.17349889418146056,
          0.09721433294857784
        ]
      ],
      [
        [
          0.05846012280427478,
          0.10117363237753021,
          0.0052565857923376706
        ],
        [
          0.12327029324834249,
          0.021253028112534177,
          0.04856082171061364
        ],
        [
          0.20793950114499313,
          0.2082372866952349,
          0.225848728114139
        ]
      ],
      [
        [
          0.021126700271917535,
          0.2024649931801437,
          0.08174552716205033
        ],
        [
          0.1038654988299069,
          0.07790054783446343,
          0.09166032909822602
        ],
        [
          0.23498790913862047,
          0.14981262676458493,
          0.03643586772008666
        ]
      ]
    ]
  },
  "network_stats": {
    "neurons": 100,
    "connections": 237
  },
  "rollout_data": {
    "rewards": [
      421.0,
      404.0,
      429.0,
      383.0,
      351.0,
      415.0,
      254.0,
      334.0,
      445.0,
      422.0,
      289.0,
      348.0,
      348.0,
      299.0,
      250.0,
      253.0,
      358.0,
      330.0,
      294.0,
      323.0
    ],
    "lengths": [
      421,
      404,
      429,
      383,
      351,
      415,
      254,
      334,
      445,
      422,
      289,
      348,
      348,
      299,
      250,
      253,
      358,
      330,
      294,
      323
    ],
    "eval_seeds": [
      3105473,
      3105474,
      3105475,
      3105476,
      3105477,
      3105478,
      3105479,
      3105480,
      3105481,
      3105482,
      3105483,
      3105484,
      3105485,
      3105486,
      3105487,
      3105488,
      3105489,
      3105490,
      3105491,
      3105492
    ]
  }
}