{
  "network_id": 134573,
  "seed": 3134573,
  "valid": true,
  "baseline_reward": 500.0,
  "baseline_fitness": 1.0,
  "stratum": "perfect",
  "genome": {
    "max_growth_steps": 200,
    "size_x": 10,
    "size_y": 10,
    "diffusion_rate": 0.14286445123874786,
    "num_morphogens": 3,
    "division_threshold": 0.6192521971896219,
    "cell_differentiation_threshold": 0.5745235411676697,
    "axon_growth_threshold": 0.28049463334753993,
    "max_axon_length": 5,
    "axon_connect_threshold": 0.8478998864334788,
    "self_connect_isolated_neurons_fraction": 0.27522777512174623,
    "weight_adjustment_target": 0.3545497702531189,
    "weight_adjustment_rate": 0.017090141022578515,
    "progenitor_secretion_rates": [
      0.49649109321051804,
      0.03491378166184339,
      0.07192681638037601
    ],
    "neuron_secretion_rates": [
      0.04432234380724437,
      0.19867447047471154,
      0.03426340920402282
    ],
    "inhibition_matrix": [
      [
        0.0,
        0.0,
        0.40243115726068984
      ],
      [
        0.0,
        0.0,
        0.0
      ],
      [
        0.0642688536365521,
        0.0,
        0.0
      ]
    ],
    "diffusion_patterns": [
      [
        [
          0.05253670731715814,
          0.17683060145639234,
          0.16761778006454905
        ],
        [
          0.002574425510196526,
          0.011511507261779389,
          0.08347693588644534
        ],
        [
          0.17981189191011698,
          0.15738167630172858,
          0.16825847429163365
        ]
      ],
      [
        [
          0.015059621295905155,
          0.0928135678515035,
          0.18723222505659462
        ],
        [
          0.13404095664570945,
          0.026510178643863302,
          0.18988630186181318
        ],
        [
          0.1604506792098093,
          0.03822408092205132,
          0.15578238851275023
        ]
      ],
      [
        [
          0.018597429872461917,
          0.1582439979470235,
          0.06543138805569856
        ],
        [
          0.10783259815562493,
          0.14363183256843656,
          0.134201579537664
        ],
        [
          0.13730863406505872,
          0.14222353130064322,
          0.09252900849738871
        ]
      ]
    ]
  },
  "network_stats": {
    "neurons": 100,
    "connections": 382
  },
  "rollout_data": {
    "rewards": [
      500.0,
      500.0,
      500.0,
      500.0,
      500.0,
      500.0,
      500.0,
      500.0,
      500.0,
      500.0,
      500.0,
      500.0,
      500.0,
      500.0,
      500.0,
      500.0,
      500.0,
      500.0,
      500.0,
      500.0
    ],
    "lengths": [
      500,
      500,
      500,
      500,
      500,
      500,
      500,
      500,
      500,
      500,
      500,
      500,
      500,
      500,
      500,
      500,
      500,
      500,
      500,
      500
    ],
    "eval_seeds": [
      3134573,
      3134574,
      3134575,
      3134576,
      3134577,
      3134578,
      3134579,
      3134580,
      3134581,
      3134582,
      3134583,
      3134584,
      3134585,
      3134586,
      3134587,
      3134588,
      3134589,
      3134590,
      3134591,
      3134592
    ]
  }
}