{
  "network_id": 163427,
  "seed": 3163427,
  "valid": true,
  "baseline_reward": 214.6,
  "baseline_fitness": 0.42919999999999997,
  "stratum": "low_mid",
  "genome": {
    "max_growth_steps": 200,
    "size_x": 10,
    "size_y": 10,
    "diffusion_rate": 0.11216982103066642,
    "num_morphogens": 3,
    "division_threshold": 0.4586703403604309,
    "cell_differentiation_threshold": 0.47120067652453246,
    "axon_growth_threshold": 0.2847579788745382,
    "max_axon_length": 8,
    "axon_connect_threshold": 0.993347245635318,
    "self_connect_isolated_neurons_fraction": 0.04069086132584536,
    "weight_adjustment_target": 0.5177996464060572,
    "weight_adjustment_rate": 0.012897268639923208,
    "progenitor_secretion_rates": [
      0.35421592915683153,
      0.2988905986767307,
      0.14693111023951483
    ],
    "neuron_secretion_rates": [
      0.12980446789055988,
      0.3371782353764923,
      0.4740390377437077
    ],
    "inhibition_matrix": [
      [
        0.0,
        0.0,
        0.0
      ],
      [
        0.0,
        0.0,
        0.0
      ],
      [
        0.0,
        0.0,
        0.0
      ]
    ],
    "diffusion_patterns": [
      [
        [
          0.0017463956257162108,
          0.022573119185207928,
          0.08248051792583082
        ],
        [
          0.10451904181710525,
          0.13447877806035644,
          0.1876759568785785
        ],
        [
          0.1549421039027077,
          0.19294291570952518,
          0.1186411708949719
        ]
      ],
      [
        [
          0.1488583762247705,
          0.008042559720395826,
          0.16080534443127695
        ],
        [
          0.02246879041428173,
          0.00795774434094935,
          0.13864575788607852
        ],
        [
          0.17150317738054718,
          0.19924440612545466,
          0.1424738434762452
        ]
      ],
      [
        [
          0.18300244201613652,
          0.04769346764025282,
          0.06930795870116818
        ],
        [
          0.08382928487085223,
          0.08530685385846126,
          0.13757351212034302
        ],
        [
          0.16451119274132828,
          0.18795038962350605,
          0.04082489842795164
        ]
      ]
    ]
  },
  "network_stats": {
    "neurons": 100,
    "connections": 261
  },
  "rollout_data": {
    "rewards": [
      252.0,
      230.0,
      240.0,
      178.0,
      259.0,
      156.0,
      264.0,
      237.0,
      219.0,
      265.0,
      174.0,
      232.0,
      201.0,
      146.0,
      225.0,
      259.0,
      222.0,
      145.0,
      203.0,
      185.0
    ],
    "lengths": [
      252,
      230,
      240,
      178,
      259,
      156,
      264,
      237,
      219,
      265,
      174,
      232,
      201,
      146,
      225,
      259,
      222,
      145,
      203,
      185
    ],
    "eval_seeds": [
      3163427,
      3163428,
      3163429,
      3163430,
      3163431,
      3163432,
      3163433,
      3163434,
      3163435,
      3163436,
      3163437,
      3163438,
      3163439,
      3163440,
      3163441,
      3163442,
      3163443,
      3163444,
      3163445,
      3163446
    ]
  }
}