{
  "network_id": 178432,
  "seed": 3178432,
  "valid": true,
  "baseline_reward": 209.25,
  "baseline_fitness": 0.4185,
  "stratum": "low_mid",
  "genome": {
    "max_growth_steps": 200,
    "size_x": 10,
    "size_y": 10,
    "diffusion_rate": 0.08828332936015665,
    "num_morphogens": 3,
    "division_threshold": 0.3322319598727764,
    "cell_differentiation_threshold": 0.6646844405270398,
    "axon_growth_threshold": 0.45494009831640825,
    "max_axon_length": 2,
    "axon_connect_threshold": 0.49584577973160576,
    "self_connect_isolated_neurons_fraction": 0.010239163816984675,
    "weight_adjustment_target": 0.5962738934464739,
    "weight_adjustment_rate": 0.017170749257614394,
    "progenitor_secretion_rates": [
      0.3326584881551381,
      0.3006313141669211,
      0.1683920893435305
    ],
    "neuron_secretion_rates": [
      0.13814596495344084,
      0.1524812612124985,
      0.347798828510311
    ],
    "inhibition_matrix": [
      [
        0.0,
        0.0,
        0.3145190549785942
      ],
      [
        0.11284325928175526,
        0.0,
        0.0
      ],
      [
        0.24127333676461693,
        0.0,
        0.0
      ]
    ],
    "diffusion_patterns": [
      [
        [
          0.17775618330341514,
          0.15574459246567005,
          0.018412195247874557
        ],
        [
          0.12180058563839354,
          0.04756272743517691,
          0.12053265310531157
        ],
        [
          0.08077913837504537,
          0.08638662320857736,
          0.19102530122053554
        ]
      ],
      [
        [
          0.18106570820300893,
          0.13068150951599278,
          0.027426227659993842
        ],
        [
          0.15439912828763466,
          0.020119006745855313,
          0.14586363219823903
        ],
        [
          0.0721819583769339,
          0.07819902582376301,
          0.1900638031885784
        ]
      ],
      [
        [
          0.14445322449318332,
          0.04071844439453502,
          0.1709881161551835
        ],
        [
          0.1453380402459602,
          0.11882731219658421,
          0.06580576884063495
        ],
        [
          0.04312696200785101,
          0.12582280750249558,
          0.14491932416357217
        ]
      ]
    ]
  },
  "network_stats": {
    "neurons": 100,
    "connections": 276
  },
  "rollout_data": {
    "rewards": [
      236.0,
      247.0,
      247.0,
      216.0,
      232.0,
      189.0,
      172.0,
      271.0,
      136.0,
      253.0,
      213.0,
      228.0,
      220.0,
      203.0,
      197.0,
      208.0,
      160.0,
      162.0,
      242.0,
      153.0
    ],
    "lengths": [
      236,
      247,
      247,
      216,
      232,
      189,
      172,
      271,
      136,
      253,
      213,
      228,
      220,
      203,
      197,
      208,
      160,
      162,
      242,
      153
    ],
    "eval_seeds": [
      3178432,
      3178433,
      3178434,
      3178435,
      3178436,
      3178437,
      3178438,
      3178439,
      3178440,
      3178441,
      3178442,
      3178443,
      3178444,
      3178445,
      3178446,
      3178447,
      3178448,
      3178449,
      3178450,
      3178451
    ]
  }
}