{
  "network_id": 54957,
  "seed": 3054957,
  "valid": true,
  "baseline_reward": 202.1,
  "baseline_fitness": 0.4042,
  "stratum": "low_mid",
  "genome": {
    "max_growth_steps": 200,
    "size_x": 10,
    "size_y": 10,
    "diffusion_rate": 0.12971799047853644,
    "num_morphogens": 3,
    "division_threshold": 0.30414609687744193,
    "cell_differentiation_threshold": 0.6954891827900156,
    "axon_growth_threshold": 0.36723054138404604,
    "max_axon_length": 6,
    "axon_connect_threshold": 0.7028760500115887,
    "self_connect_isolated_neurons_fraction": 0.14258821980884978,
    "weight_adjustment_target": 0.510271627629638,
    "weight_adjustment_rate": 0.008038760409562145,
    "progenitor_secretion_rates": [
      0.41085056892521343,
      0.06752354869905303,
      0.03035249562696357
    ],
    "neuron_secretion_rates": [
      0.010080747271122459,
      0.2518811717869375,
      0.03477773060021455
    ],
    "inhibition_matrix": [
      [
        0.0,
        0.3795094812919639,
        0.0
      ],
      [
        0.0,
        0.0,
        0.0
      ],
      [
        0.336643643044756,
        0.0,
        0.0
      ]
    ],
    "diffusion_patterns": [
      [
        [
          0.1344801833524303,
          0.18264966699013832,
          0.17869052938778454
        ],
        [
          0.23334455538842286,
          0.021855718563713395,
          0.01767375500264688
        ],
        [
          0.035389299697952056,
          0.13911787998712594,
          0.05679841162978581
        ]
      ],
      [
        [
          0.2292867994464395,
          0.002984993179812165,
          0.05818364408524309
        ],
        [
          0.16055108209977906,
          0.12004459998353528,
          0.21682401611459257
        ],
        [
          0.14499983464426008,
          0.05572698197218031,
          0.011398048474157992
        ]
      ],
      [
        [
          0.16886960841895976,
          0.05474880860395744,
          0.07890993136778586
        ],
        [
          0.15227842028467573,
          0.15033699241133278,
          0.06518647392672218
        ],
        [
          0.04196856491563654,
          0.1184783489524149,
          0.16922285111851476
        ]
      ]
    ]
  },
  "network_stats": {
    "neurons": 100,
    "connections": 481
  },
  "rollout_data": {
    "rewards": [
      263.0,
      252.0,
      164.0,
      167.0,
      232.0,
      164.0,
      193.0,
      139.0,
      234.0,
      195.0,
      246.0,
      288.0,
      211.0,
      147.0,
      249.0,
      200.0,
      139.0,
      227.0,
      131.0,
      201.0
    ],
    "lengths": [
      263,
      252,
      164,
      167,
      232,
      164,
      193,
      139,
      234,
      195,
      246,
      288,
      211,
      147,
      249,
      200,
      139,
      227,
      131,
      201
    ],
    "eval_seeds": [
      3054957,
      3054958,
      3054959,
      3054960,
      3054961,
      3054962,
      3054963,
      3054964,
      3054965,
      3054966,
      3054967,
      3054968,
      3054969,
      3054970,
      3054971,
      3054972,
      3054973,
      3054974,
      3054975,
      3054976
    ]
  }
}