{
  "network_id": 141198,
  "seed": 3141198,
  "valid": true,
  "baseline_reward": 232.85,
  "baseline_fitness": 0.4657,
  "stratum": "low_mid",
  "genome": {
    "max_growth_steps": 200,
    "size_x": 10,
    "size_y": 10,
    "diffusion_rate": 0.11318130477261955,
    "num_morphogens": 3,
    "division_threshold": 0.46164349533835114,
    "cell_differentiation_threshold": 0.4422230825691505,
    "axon_growth_threshold": 0.4226799120490768,
    "max_axon_length": 4,
    "axon_connect_threshold": 0.7470790079148013,
    "self_connect_isolated_neurons_fraction": 0.04028848986331672,
    "weight_adjustment_target": 0.6443999862649027,
    "weight_adjustment_rate": 0.01904701548082899,
    "progenitor_secretion_rates": [
      0.48675870931153564,
      0.33068350364505217,
      0.37220194927749634
    ],
    "neuron_secretion_rates": [
      0.2247176622985657,
      0.09399482816652771,
      0.38398482123179206
    ],
    "inhibition_matrix": [
      [
        0.0,
        0.2623847408989131,
        0.03666415559739328
      ],
      [
        0.0,
        0.0,
        0.0
      ],
      [
        0.15164012243162167,
        0.0,
        0.0
      ]
    ],
    "diffusion_patterns": [
      [
        [
          0.16769238884410456,
          0.03417219426421724,
          0.027442454037461258
        ],
        [
          0.2077469535688349,
          0.04909266284129752,
          0.237148182943656
        ],
        [
          0.18833792018401238,
          0.05771454386366179,
          0.030652699452754367
        ]
      ],
      [
        [
          0.11648782321536387,
          0.17425942614764434,
          0.1418795959433486
        ],
        [
          0.010607975516389154,
          0.2211262642788181,
          0.0013053527671704282
        ],
        [
          0.09846538366774708,
          0.038369149540475773,
          0.19749902892304264
        ]
      ],
      [
        [
          0.15893123588574196,
          0.004932874999822119,
          0.1525678696356767
        ],
        [
          0.008220355344204374,
          0.12915922305413793,
          0.17122816020564804
        ],
        [
          0.14666002074759235,
          0.10806036364634948,
          0.12023989648082693
        ]
      ]
    ]
  },
  "network_stats": {
    "neurons": 100,
    "connections": 373
  },
  "rollout_data": {
    "rewards": [
      234.0,
      206.0,
      232.0,
      271.0,
      249.0,
      177.0,
      204.0,
      232.0,
      255.0,
      194.0,
      274.0,
      201.0,
      252.0,
      244.0,
      264.0,
      278.0,
      215.0,
      269.0,
      197.0,
      209.0
    ],
    "lengths": [
      234,
      206,
      232,
      271,
      249,
      177,
      204,
      232,
      255,
      194,
      274,
      201,
      252,
      244,
      264,
      278,
      215,
      269,
      197,
      209
    ],
    "eval_seeds": [
      3141198,
      3141199,
      3141200,
      3141201,
      3141202,
      3141203,
      3141204,
      3141205,
      3141206,
      3141207,
      3141208,
      3141209,
      3141210,
      3141211,
      3141212,
      3141213,
      3141214,
      3141215,
      3141216,
      3141217
    ]
  }
}