{
  "network_id": 61847,
  "seed": 3061847,
  "valid": true,
  "baseline_reward": 8.9,
  "baseline_fitness": 0.0178,
  "stratum": "weak",
  "genome": {
    "max_growth_steps": 200,
    "size_x": 10,
    "size_y": 10,
    "diffusion_rate": 0.07965091856873294,
    "num_morphogens": 3,
    "division_threshold": 0.3536902500181902,
    "cell_differentiation_threshold": 0.6862319550561349,
    "axon_growth_threshold": 0.24353393340092083,
    "max_axon_length": 2,
    "axon_connect_threshold": 0.8889601090777296,
    "self_connect_isolated_neurons_fraction": 0.28455901908832076,
    "weight_adjustment_target": 0.40000600606582326,
    "weight_adjustment_rate": 0.0119537382244727,
    "progenitor_secretion_rates": [
      0.15654885064511764,
      0.2543947189670921,
      0.208608970984835
    ],
    "neuron_secretion_rates": [
      0.40062877462982954,
      0.18552835661730582,
      0.3444543434409723
    ],
    "inhibition_matrix": [
      [
        0.0,
        0.0,
        0.10080705934398587
      ],
      [
        0.28198615550057765,
        0.0,
        0.0
      ],
      [
        0.0,
        0.0090487307766694,
        0.0
      ]
    ],
    "diffusion_patterns": [
      [
        [
          0.05661498812710285,
          0.14801561145368994,
          0.16861357196950572
        ],
        [
          0.16847473281549688,
          0.04617260614012873,
          0.032941085033392256
        ],
        [
          0.1398939449474902,
          0.20317246205724232,
          0.036100997455951
        ]
      ],
      [
        [
          0.11920417642830655,
          0.14090594916626797,
          0.08573336837846139
        ],
        [
          0.07951483052954675,
          0.10018204990845955,
          0.1273826401093091
        ],
        [
          0.0828317755786186,
          0.140051337475604,
          0.12419387242542608
        ]
      ],
      [
        [
          0.03473293293278002,
          0.12307029794081176,
          0.11277542689464157
        ],
        [
          0.11966378042555245,
          0.1409845957069778,
          0.17180350924426321
        ],
        [
          0.034936535390801514,
          0.1664767240565229,
          0.09555619740764884
        ]
      ]
    ]
  },
  "network_stats": {
    "neurons": 100,
    "connections": 285
  },
  "rollout_data": {
    "rewards": [
      10.0,
      8.0,
      10.0,
      9.0,
      8.0,
      8.0,
      8.0,
      8.0,
      9.0,
      9.0,
      9.0,
      10.0,
      10.0,
      9.0,
      9.0,
      9.0,
      9.0,
      8.0,
      10.0,
      8.0
    ],
    "lengths": [
      10,
      8,
      10,
      9,
      8,
      8,
      8,
      8,
      9,
      9,
      9,
      10,
      10,
      9,
      9,
      9,
      9,
      8,
      10,
      8
    ],
    "eval_seeds": [
      3061847,
      3061848,
      3061849,
      3061850,
      3061851,
      3061852,
      3061853,
      3061854,
      3061855,
      3061856,
      3061857,
      3061858,
      3061859,
      3061860,
      3061861,
      3061862,
      3061863,
      3061864,
      3061865,
      3061866
    ]
  }
}