{
  "network_id": 124902,
  "seed": 3124902,
  "valid": true,
  "baseline_reward": 500.0,
  "baseline_fitness": 1.0,
  "stratum": "perfect",
  "genome": {
    "max_growth_steps": 200,
    "size_x": 10,
    "size_y": 10,
    "diffusion_rate": 0.061271323954257106,
    "num_morphogens": 3,
    "division_threshold": 0.6794346706962092,
    "cell_differentiation_threshold": 0.39472105827252935,
    "axon_growth_threshold": 0.3006184359110553,
    "max_axon_length": 4,
    "axon_connect_threshold": 0.5401252193064586,
    "self_connect_isolated_neurons_fraction": 0.08559311329617715,
    "weight_adjustment_target": 0.4347656518246914,
    "weight_adjustment_rate": 0.008910405467415394,
    "progenitor_secretion_rates": [
      0.4913200442868405,
      0.3924400813422569,
      0.4677749240689914
    ],
    "neuron_secretion_rates": [
      0.046762331281522296,
      0.038320387482475904,
      0.043074163141831656
    ],
    "inhibition_matrix": [
      [
        0.0,
        0.0,
        0.14077637320770914
      ],
      [
        0.1735933870149755,
        0.0,
        0.0
      ],
      [
        0.0,
        0.0,
        0.0
      ]
    ],
    "diffusion_patterns": [
      [
        [
          0.005689537217838997,
          0.11404529309769376,
          0.05402191184399819
        ],
        [
          0.07259231636247594,
          0.060910279383474326,
          0.23067148718848332
        ],
        [
          0.05315746152037771,
          0.24619336686808774,
          0.16271834651757
        ]
      ],
      [
        [
          0.038552874517190604,
          0.07927800569654334,
          0.11124594095392024
        ],
        [
          0.055238702586740414,
          0.12358095653955986,
          0.06242904071130345
        ],
        [
          0.12700266914061603,
          0.2046343517572352,
          0.198037458096891
        ]
      ],
      [
        [
          0.1789071599096218,
          0.06082815047766805,
          0.006825906958453641
        ],
        [
          0.04854024972087811,
          0.08555823511749261,
          0.11066592484518512
        ],
        [
          0.05795865395132726,
          0.24068483136360475,
          0.21003088765576855
        ]
      ]
    ]
  },
  "network_stats": {
    "neurons": 6,
    "connections": 9
  },
  "rollout_data": {
    "rewards": [
      500.0,
      500.0,
      500.0,
      500.0,
      500.0,
      500.0,
      500.0,
      500.0,
      500.0,
      500.0,
      500.0,
      500.0,
      500.0,
      500.0,
      500.0,
      500.0,
      500.0,
      500.0,
      500.0,
      500.0
    ],
    "lengths": [
      500,
      500,
      500,
      500,
      500,
      500,
      500,
      500,
      500,
      500,
      500,
      500,
      500,
      500,
      500,
      500,
      500,
      500,
      500,
      500
    ],
    "eval_seeds": [
      3124902,
      3124903,
      3124904,
      3124905,
      3124906,
      3124907,
      3124908,
      3124909,
      3124910,
      3124911,
      3124912,
      3124913,
      3124914,
      3124915,
      3124916,
      3124917,
      3124918,
      3124919,
      3124920,
      3124921
    ]
  }
}