{
  "network_id": 64304,
  "seed": 3064304,
  "valid": true,
  "baseline_reward": 500.0,
  "baseline_fitness": 1.0,
  "stratum": "perfect",
  "genome": {
    "max_growth_steps": 200,
    "size_x": 10,
    "size_y": 10,
    "diffusion_rate": 0.1744981207448078,
    "num_morphogens": 3,
    "division_threshold": 0.3533570852145698,
    "cell_differentiation_threshold": 0.5986294770459992,
    "axon_growth_threshold": 0.4937429982400732,
    "max_axon_length": 3,
    "axon_connect_threshold": 0.4532049930632175,
    "self_connect_isolated_neurons_fraction": 0.026244249044895473,
    "weight_adjustment_target": 0.33502894631066926,
    "weight_adjustment_rate": 0.018094132381107634,
    "progenitor_secretion_rates": [
      0.20515210937028394,
      0.025644356544525404,
      0.005001396989012474
    ],
    "neuron_secretion_rates": [
      0.28111623425643967,
      0.13863500915689614,
      0.29181560154457653
    ],
    "inhibition_matrix": [
      [
        0.0,
        0.0,
        0.2065517609041438
      ],
      [
        0.0,
        0.0,
        0.0
      ],
      [
        0.0,
        0.0,
        0.0
      ]
    ],
    "diffusion_patterns": [
      [
        [
          0.019149819679942785,
          0.196741691958358,
          0.1018172228299105
        ],
        [
          0.1801374788358361,
          0.000917479298820082,
          0.08091903988318612
        ],
        [
          0.10376329110741524,
          0.06160129709647167,
          0.2549526793100595
        ]
      ],
      [
        [
          0.0026955464168541346,
          0.15187982290963672,
          0.14585923542237955
        ],
        [
          0.13236924891913007,
          0.1312903170079316,
          0.14059104475817363
        ],
        [
          0.1106217525069694,
          0.03294548676513847,
          0.15174754529378642
        ]
      ],
      [
        [
          0.05335811439102433,
          0.16405070950532394,
          0.19242225740331684
        ],
        [
          0.20446297651411466,
          0.021369642259105807,
          0.08744756586609209
        ],
        [
          0.009105305043491805,
          0.18795622389337457,
          0.07982720512415588
        ]
      ]
    ]
  },
  "network_stats": {
    "neurons": 100,
    "connections": 232
  },
  "rollout_data": {
    "rewards": [
      500.0,
      500.0,
      500.0,
      500.0,
      500.0,
      500.0,
      500.0,
      500.0,
      500.0,
      500.0,
      500.0,
      500.0,
      500.0,
      500.0,
      500.0,
      500.0,
      500.0,
      500.0,
      500.0,
      500.0
    ],
    "lengths": [
      500,
      500,
      500,
      500,
      500,
      500,
      500,
      500,
      500,
      500,
      500,
      500,
      500,
      500,
      500,
      500,
      500,
      500,
      500,
      500
    ],
    "eval_seeds": [
      3064304,
      3064305,
      3064306,
      3064307,
      3064308,
      3064309,
      3064310,
      3064311,
      3064312,
      3064313,
      3064314,
      3064315,
      3064316,
      3064317,
      3064318,
      3064319,
      3064320,
      3064321,
      3064322,
      3064323
    ]
  }
}