{
  "network_id": 71838,
  "seed": 3071838,
  "valid": true,
  "baseline_reward": 500.0,
  "baseline_fitness": 1.0,
  "stratum": "perfect",
  "genome": {
    "max_growth_steps": 200,
    "size_x": 10,
    "size_y": 10,
    "diffusion_rate": 0.17103135776231831,
    "num_morphogens": 3,
    "division_threshold": 0.4404482587266709,
    "cell_differentiation_threshold": 0.5948961906739554,
    "axon_growth_threshold": 0.21557453411207694,
    "max_axon_length": 3,
    "axon_connect_threshold": 0.7101395161948931,
    "self_connect_isolated_neurons_fraction": 0.25580439839455715,
    "weight_adjustment_target": 0.672835932238798,
    "weight_adjustment_rate": 0.01757410877109969,
    "progenitor_secretion_rates": [
      0.3215505872265017,
      0.22092378889684916,
      0.32753324851543936
    ],
    "neuron_secretion_rates": [
      0.39476443822787183,
      0.28901164054400824,
      0.48864406882370987
    ],
    "inhibition_matrix": [
      [
        0.0,
        0.0,
        0.21837298222971302
      ],
      [
        0.24142006248731235,
        0.0,
        0.03916457529610662
      ],
      [
        0.14834076015264314,
        0.0,
        0.0
      ]
    ],
    "diffusion_patterns": [
      [
        [
          0.004573805358531144,
          0.18435781390948855,
          0.22549406174578937
        ],
        [
          0.07632296998201249,
          0.11447118326114812,
          0.07192931195494184
        ],
        [
          0.26594204967533036,
          0.01712785066429724,
          0.039780953448460964
        ]
      ],
      [
        [
          0.1650061345657995,
          0.14862560101298347,
          0.11179377718186102
        ],
        [
          0.07540286888224938,
          0.1018040864592994,
          0.08224982924938337
        ],
        [
          0.22794821995286843,
          0.013446389872739268,
          0.07372309282281635
        ]
      ],
      [
        [
          0.04541294647326309,
          0.06799365797138598,
          0.15911598088764653
        ],
        [
          0.203989968834142,
          0.03300416110795905,
          0.20192050877526233
        ],
        [
          0.0013901471397556678,
          0.2561112317648975,
          0.03106139704568812
        ]
      ]
    ]
  },
  "network_stats": {
    "neurons": 100,
    "connections": 256
  },
  "rollout_data": {
    "rewards": [
      500.0,
      500.0,
      500.0,
      500.0,
      500.0,
      500.0,
      500.0,
      500.0,
      500.0,
      500.0,
      500.0,
      500.0,
      500.0,
      500.0,
      500.0,
      500.0,
      500.0,
      500.0,
      500.0,
      500.0
    ],
    "lengths": [
      500,
      500,
      500,
      500,
      500,
      500,
      500,
      500,
      500,
      500,
      500,
      500,
      500,
      500,
      500,
      500,
      500,
      500,
      500,
      500
    ],
    "eval_seeds": [
      3071838,
      3071839,
      3071840,
      3071841,
      3071842,
      3071843,
      3071844,
      3071845,
      3071846,
      3071847,
      3071848,
      3071849,
      3071850,
      3071851,
      3071852,
      3071853,
      3071854,
      3071855,
      3071856,
      3071857
    ]
  }
}