{
  "network_id": 170422,
  "seed": 3170422,
  "valid": true,
  "baseline_reward": 385.7,
  "baseline_fitness": 0.7714,
  "stratum": "high_mid",
  "genome": {
    "max_growth_steps": 200,
    "size_x": 10,
    "size_y": 10,
    "diffusion_rate": 0.1816129760254545,
    "num_morphogens": 3,
    "division_threshold": 0.31988367818178826,
    "cell_differentiation_threshold": 0.6785476808816621,
    "axon_growth_threshold": 0.4028677590741061,
    "max_axon_length": 7,
    "axon_connect_threshold": 0.7421557914502628,
    "self_connect_isolated_neurons_fraction": 0.28075248620515625,
    "weight_adjustment_target": 0.5862530124448508,
    "weight_adjustment_rate": 0.01608707918686798,
    "progenitor_secretion_rates": [
      0.30563736068552083,
      0.2712187437030794,
      0.1540898764618267
    ],
    "neuron_secretion_rates": [
      0.2581567194957709,
      0.06956577465838365,
      0.04364558897851184
    ],
    "inhibition_matrix": [
      [
        0.0,
        0.32277989285121517,
        0.0
      ],
      [
        0.0,
        0.0,
        0.0
      ],
      [
        0.0,
        0.0,
        0.0
      ]
    ],
    "diffusion_patterns": [
      [
        [
          0.16001149375509674,
          0.16011463337492113,
          0.1192650004185061
        ],
        [
          0.05678859542048267,
          0.07601374492317205,
          0.15016283761751964
        ],
        [
          0.08438490531411824,
          0.00982962042191411,
          0.18342916875426937
        ]
      ],
      [
        [
          0.11225674536442719,
          0.0914361585459233,
          0.10094180192423946
        ],
        [
          0.06884688116848675,
          0.1505379914445781,
          0.08730818663152129
        ],
        [
          0.1693100647450474,
          0.04093132036925988,
          0.17843084980651672
        ]
      ],
      [
        [
          0.021065274626041904,
          0.04813864784574682,
          0.20425226011870082
        ],
        [
          0.0936439596190773,
          0.1377793988153138,
          0.013791380497926256
        ],
        [
          0.15089685221995638,
          0.16096174732693627,
          0.16947047893030043
        ]
      ]
    ]
  },
  "network_stats": {
    "neurons": 100,
    "connections": 365
  },
  "rollout_data": {
    "rewards": [
      331.0,
      353.0,
      320.0,
      351.0,
      351.0,
      500.0,
      316.0,
      327.0,
      335.0,
      395.0,
      461.0,
      395.0,
      418.0,
      454.0,
      453.0,
      419.0,
      404.0,
      424.0,
      393.0,
      314.0
    ],
    "lengths": [
      331,
      353,
      320,
      351,
      351,
      500,
      316,
      327,
      335,
      395,
      461,
      395,
      418,
      454,
      453,
      419,
      404,
      424,
      393,
      314
    ],
    "eval_seeds": [
      3170422,
      3170423,
      3170424,
      3170425,
      3170426,
      3170427,
      3170428,
      3170429,
      3170430,
      3170431,
      3170432,
      3170433,
      3170434,
      3170435,
      3170436,
      3170437,
      3170438,
      3170439,
      3170440,
      3170441
    ]
  }
}