{
  "network_id": 83812,
  "seed": 3083812,
  "valid": true,
  "baseline_reward": 495.05,
  "baseline_fitness": 0.9901,
  "stratum": "perfect",
  "genome": {
    "max_growth_steps": 200,
    "size_x": 10,
    "size_y": 10,
    "diffusion_rate": 0.19828224627697782,
    "num_morphogens": 3,
    "division_threshold": 0.46026339809390904,
    "cell_differentiation_threshold": 0.4392987713533911,
    "axon_growth_threshold": 0.2062628532295868,
    "max_axon_length": 2,
    "axon_connect_threshold": 0.9594081502117795,
    "self_connect_isolated_neurons_fraction": 0.25321394825767124,
    "weight_adjustment_target": 0.4704168145251063,
    "weight_adjustment_rate": 0.017195986555092337,
    "progenitor_secretion_rates": [
      0.4312769187879524,
      0.17189863234373498,
      0.20217756609612797
    ],
    "neuron_secretion_rates": [
      0.23483446683065062,
      0.4635845628366802,
      0.2941635439040448
    ],
    "inhibition_matrix": [
      [
        0.0,
        0.0,
        0.2786512560613474
      ],
      [
        0.0,
        0.0,
        0.0
      ],
      [
        0.0,
        0.0,
        0.0
      ]
    ],
    "diffusion_patterns": [
      [
        [
          0.15417056010863933,
          0.1375740064207817,
          0.04238087207157898
        ],
        [
          0.21994014214277283,
          0.02114925614500141,
          0.06543558894629253
        ],
        [
          0.051290097375203236,
          0.10529710148169552,
          0.20276237530803448
        ]
      ],
      [
        [
          0.09725300846922104,
          0.18465857411052164,
          0.04046800274551411
        ],
        [
          0.15440427030382817,
          0.12412886808449355,
          0.09503468311101781
        ],
        [
          0.047606862623113824,
          0.0861541306231254,
          0.17029159992916448
        ]
      ],
      [
        [
          0.16206595663687734,
          0.153157220070692,
          0.11601559782952148
        ],
        [
          0.042045384478239745,
          0.0973108233846344,
          0.00937726718353433
        ],
        [
          0.17658586306759075,
          0.22553226999218706,
          0.017909617356722963
        ]
      ]
    ]
  },
  "network_stats": {
    "neurons": 100,
    "connections": 245
  },
  "rollout_data": {
    "rewards": [
      401.0,
      500.0,
      500.0,
      500.0,
      500.0,
      500.0,
      500.0,
      500.0,
      500.0,
      500.0,
      500.0,
      500.0,
      500.0,
      500.0,
      500.0,
      500.0,
      500.0,
      500.0,
      500.0,
      500.0
    ],
    "lengths": [
      401,
      500,
      500,
      500,
      500,
      500,
      500,
      500,
      500,
      500,
      500,
      500,
      500,
      500,
      500,
      500,
      500,
      500,
      500,
      500
    ],
    "eval_seeds": [
      3083812,
      3083813,
      3083814,
      3083815,
      3083816,
      3083817,
      3083818,
      3083819,
      3083820,
      3083821,
      3083822,
      3083823,
      3083824,
      3083825,
      3083826,
      3083827,
      3083828,
      3083829,
      3083830,
      3083831
    ]
  }
}