{
  "network_id": 48405,
  "seed": 3048405,
  "valid": true,
  "baseline_reward": 500.0,
  "baseline_fitness": 1.0,
  "stratum": "perfect",
  "genome": {
    "max_growth_steps": 200,
    "size_x": 10,
    "size_y": 10,
    "diffusion_rate": 0.09706678978314082,
    "num_morphogens": 3,
    "division_threshold": 0.685544361527024,
    "cell_differentiation_threshold": 0.6812349454914747,
    "axon_growth_threshold": 0.21085499110377065,
    "max_axon_length": 4,
    "axon_connect_threshold": 0.444266006347965,
    "self_connect_isolated_neurons_fraction": 0.09085800332358371,
    "weight_adjustment_target": 0.44196328844594224,
    "weight_adjustment_rate": 0.018046654504663733,
    "progenitor_secretion_rates": [
      0.3483340302811619,
      0.2439128264531656,
      0.48723143131379526
    ],
    "neuron_secretion_rates": [
      0.20259990767712072,
      0.2697732704543973,
      0.42416159140144
    ],
    "inhibition_matrix": [
      [
        0.0,
        0.2743236848190033,
        0.0
      ],
      [
        0.0,
        0.0,
        0.22004135185288826
      ],
      [
        0.49658350875766105,
        0.25813342638987474,
        0.0
      ]
    ],
    "diffusion_patterns": [
      [
        [
          0.031117398949317112,
          0.04153129701326204,
          0.18159872265832153
        ],
        [
          0.17539239870735562,
          0.19993405703853034,
          0.1772638037150656
        ],
        [
          0.06225030322703345,
          0.06896708952815102,
          0.0619449291629632
        ]
      ],
      [
        [
          0.16880021302525788,
          0.030426043407021566,
          0.004895124424487588
        ],
        [
          0.03587750541219002,
          0.15329808627584166,
          0.15839124729254986
        ],
        [
          0.21023269378052498,
          0.0003480684439944468,
          0.23773101793813195
        ]
      ],
      [
        [
          0.18705000560511192,
          0.13018185774759966,
          0.06489296729896021
        ],
        [
          0.10865304929711976,
          0.19382494281185955,
          0.15245934983613751
        ],
        [
          0.012381486593522123,
          0.1158378864643596,
          0.03471845434532975
        ]
      ]
    ]
  },
  "network_stats": {
    "neurons": 100,
    "connections": 360
  },
  "rollout_data": {
    "rewards": [
      500.0,
      500.0,
      500.0,
      500.0,
      500.0,
      500.0,
      500.0,
      500.0,
      500.0,
      500.0,
      500.0,
      500.0,
      500.0,
      500.0,
      500.0,
      500.0,
      500.0,
      500.0,
      500.0,
      500.0
    ],
    "lengths": [
      500,
      500,
      500,
      500,
      500,
      500,
      500,
      500,
      500,
      500,
      500,
      500,
      500,
      500,
      500,
      500,
      500,
      500,
      500,
      500
    ],
    "eval_seeds": [
      3048405,
      3048406,
      3048407,
      3048408,
      3048409,
      3048410,
      3048411,
      3048412,
      3048413,
      3048414,
      3048415,
      3048416,
      3048417,
      3048418,
      3048419,
      3048420,
      3048421,
      3048422,
      3048423,
      3048424
    ]
  }
}