{
  "network_id": 44548,
  "seed": 3044548,
  "valid": true,
  "baseline_reward": 500.0,
  "baseline_fitness": 1.0,
  "stratum": "perfect",
  "genome": {
    "max_growth_steps": 200,
    "size_x": 10,
    "size_y": 10,
    "diffusion_rate": 0.19590539268523527,
    "num_morphogens": 3,
    "division_threshold": 0.304705608620159,
    "cell_differentiation_threshold": 0.4565079514140318,
    "axon_growth_threshold": 0.47514839265753145,
    "max_axon_length": 6,
    "axon_connect_threshold": 0.4402926476816529,
    "self_connect_isolated_neurons_fraction": 0.26741180343875637,
    "weight_adjustment_target": 0.5204492990527075,
    "weight_adjustment_rate": 0.013845082621753442,
    "progenitor_secretion_rates": [
      0.09269470273846286,
      0.011683803991651254,
      0.4508551506563601
    ],
    "neuron_secretion_rates": [
      0.4538467963387158,
      0.01882800532720913,
      0.1937718079635492
    ],
    "inhibition_matrix": [
      [
        0.0,
        0.17073442846093512,
        0.0
      ],
      [
        0.0,
        0.0,
        0.0
      ],
      [
        0.0,
        0.2592665512751712,
        0.0
      ]
    ],
    "diffusion_patterns": [
      [
        [
          0.18410346503151698,
          0.07613969988153167,
          0.0157065733264772
        ],
        [
          0.14669370553687036,
          0.08311588136857649,
          0.14475639535335108
        ],
        [
          0.13779830184727743,
          0.018946142214610676,
          0.1927398354397881
        ]
      ],
      [
        [
          0.15708734450968265,
          0.039050764035296524,
          0.21461416484557602
        ],
        [
          0.19157372876590584,
          0.02836354713412804,
          0.05941110866665181
        ],
        [
          0.04996684968291423,
          0.06962466228325054,
          0.19030783007659435
        ]
      ],
      [
        [
          0.12340956094985954,
          0.12519856103633606,
          0.06390529091343689
        ],
        [
          0.02019316959934942,
          0.014593778020677208,
          0.24213660482245034
        ],
        [
          0.18514593975187632,
          0.10548840709506321,
          0.11992868781095099
        ]
      ]
    ]
  },
  "network_stats": {
    "neurons": 100,
    "connections": 347
  },
  "rollout_data": {
    "rewards": [
      500.0,
      500.0,
      500.0,
      500.0,
      500.0,
      500.0,
      500.0,
      500.0,
      500.0,
      500.0,
      500.0,
      500.0,
      500.0,
      500.0,
      500.0,
      500.0,
      500.0,
      500.0,
      500.0,
      500.0
    ],
    "lengths": [
      500,
      500,
      500,
      500,
      500,
      500,
      500,
      500,
      500,
      500,
      500,
      500,
      500,
      500,
      500,
      500,
      500,
      500,
      500,
      500
    ],
    "eval_seeds": [
      3044548,
      3044549,
      3044550,
      3044551,
      3044552,
      3044553,
      3044554,
      3044555,
      3044556,
      3044557,
      3044558,
      3044559,
      3044560,
      3044561,
      3044562,
      3044563,
      3044564,
      3044565,
      3044566,
      3044567
    ]
  }
}