{
  "network_id": 43298,
  "seed": 3043298,
  "valid": true,
  "baseline_reward": 9.45,
  "baseline_fitness": 0.0189,
  "stratum": "weak",
  "genome": {
    "max_growth_steps": 200,
    "size_x": 10,
    "size_y": 10,
    "diffusion_rate": 0.1945306014813214,
    "num_morphogens": 3,
    "division_threshold": 0.6998562645804812,
    "cell_differentiation_threshold": 0.6317137174163697,
    "axon_growth_threshold": 0.4282094658474349,
    "max_axon_length": 10,
    "axon_connect_threshold": 0.9000387607194306,
    "self_connect_isolated_neurons_fraction": 0.24746781481690128,
    "weight_adjustment_target": 0.4175494217431154,
    "weight_adjustment_rate": 0.007738819536736217,
    "progenitor_secretion_rates": [
      0.4445080517161217,
      0.2502157663743732,
      0.32792060456343364
    ],
    "neuron_secretion_rates": [
      0.2997404136316401,
      0.15151505000666388,
      0.34279115964105694
    ],
    "inhibition_matrix": [
      [
        0.0,
        0.0,
        0.0
      ],
      [
        0.0,
        0.0,
        0.0
      ],
      [
        0.0,
        0.0,
        0.0
      ]
    ],
    "diffusion_patterns": [
      [
        [
          0.16478673581150435,
          0.13712603640901747,
          0.0763092660313683
        ],
        [
          0.13555349442494044,
          0.15154062535700255,
          0.16004215073345487
        ],
        [
          0.024899119322711126,
          0.007869959712649062,
          0.1418726121973519
        ]
      ],
      [
        [
          0.12897026116448712,
          0.0949368138433649,
          0.006537724882196865
        ],
        [
          0.02572312448416269,
          0.21235006945227686,
          0.22562100466632526
        ],
        [
          0.002884818735793283,
          0.07984322194318574,
          0.2231329608282072
        ]
      ],
      [
        [
          0.06654787313689423,
          0.09663796321555454,
          0.08328030089849073
        ],
        [
          0.14033665612698093,
          0.11142406764706922,
          0.12595942236413873
        ],
        [
          0.09922917945157596,
          0.13374858737830145,
          0.1428359497809942
        ]
      ]
    ]
  },
  "network_stats": {
    "neurons": 100,
    "connections": 247
  },
  "rollout_data": {
    "rewards": [
      8.0,
      10.0,
      10.0,
      10.0,
      10.0,
      9.0,
      9.0,
      10.0,
      10.0,
      9.0,
      9.0,
      9.0,
      10.0,
      8.0,
      10.0,
      10.0,
      9.0,
      9.0,
      10.0,
      10.0
    ],
    "lengths": [
      8,
      10,
      10,
      10,
      10,
      9,
      9,
      10,
      10,
      9,
      9,
      9,
      10,
      8,
      10,
      10,
      9,
      9,
      10,
      10
    ],
    "eval_seeds": [
      3043298,
      3043299,
      3043300,
      3043301,
      3043302,
      3043303,
      3043304,
      3043305,
      3043306,
      3043307,
      3043308,
      3043309,
      3043310,
      3043311,
      3043312,
      3043313,
      3043314,
      3043315,
      3043316,
      3043317
    ]
  }
}