{
  "network_id": 11733,
  "seed": 3011733,
  "valid": true,
  "baseline_reward": 500.0,
  "baseline_fitness": 1.0,
  "stratum": "perfect",
  "genome": {
    "max_growth_steps": 200,
    "size_x": 10,
    "size_y": 10,
    "diffusion_rate": 0.10046626945638892,
    "num_morphogens": 3,
    "division_threshold": 0.6417688557835451,
    "cell_differentiation_threshold": 0.6707336554009741,
    "axon_growth_threshold": 0.2241782726129895,
    "max_axon_length": 4,
    "axon_connect_threshold": 0.7326633619629211,
    "self_connect_isolated_neurons_fraction": 0.07635695312346237,
    "weight_adjustment_target": 0.5541632341691671,
    "weight_adjustment_rate": 0.009949464881660543,
    "progenitor_secretion_rates": [
      0.1916067286024858,
      0.04576659493293245,
      0.032897974920902906
    ],
    "neuron_secretion_rates": [
      0.02864893035268412,
      0.05327521715469019,
      0.2709210338825187
    ],
    "inhibition_matrix": [
      [
        0.0,
        0.0,
        0.0
      ],
      [
        0.0,
        0.0,
        0.0
      ],
      [
        0.0,
        0.0,
        0.0
      ]
    ],
    "diffusion_patterns": [
      [
        [
          0.10937466697635374,
          0.058222094314790404,
          0.14822573947031129
        ],
        [
          0.027370433712746986,
          0.16200280217822863,
          0.1845927364612656
        ],
        [
          0.1736668805903674,
          0.011845768700847161,
          0.12469887759508871
        ]
      ],
      [
        [
          0.029491021995636826,
          0.11635174688028978,
          0.10343617833206718
        ],
        [
          0.15317761523589338,
          0.09694339385010274,
          0.11784889756001249
        ],
        [
          0.052345684498807214,
          0.19708531355466147,
          0.13332014809252887
        ]
      ],
      [
        [
          0.1453687810139894,
          0.094991779596984,
          0.18355734365413215
        ],
        [
          0.17617926288647934,
          0.07262897344975047,
          0.04256717890229514
        ],
        [
          0.09461074008606642,
          0.14426377922869257,
          0.04583216118161047
        ]
      ]
    ]
  },
  "network_stats": {
    "neurons": 100,
    "connections": 246
  },
  "rollout_data": {
    "rewards": [
      500.0,
      500.0,
      500.0,
      500.0,
      500.0,
      500.0,
      500.0,
      500.0,
      500.0,
      500.0,
      500.0,
      500.0,
      500.0,
      500.0,
      500.0,
      500.0,
      500.0,
      500.0,
      500.0,
      500.0
    ],
    "lengths": [
      500,
      500,
      500,
      500,
      500,
      500,
      500,
      500,
      500,
      500,
      500,
      500,
      500,
      500,
      500,
      500,
      500,
      500,
      500,
      500
    ],
    "eval_seeds": [
      3011733,
      3011734,
      3011735,
      3011736,
      3011737,
      3011738,
      3011739,
      3011740,
      3011741,
      3011742,
      3011743,
      3011744,
      3011745,
      3011746,
      3011747,
      3011748,
      3011749,
      3011750,
      3011751,
      3011752
    ]
  }
}