{
  "network_id": 69687,
  "seed": 3069687,
  "valid": true,
  "baseline_reward": 500.0,
  "baseline_fitness": 1.0,
  "stratum": "perfect",
  "genome": {
    "max_growth_steps": 200,
    "size_x": 10,
    "size_y": 10,
    "diffusion_rate": 0.19166493622094743,
    "num_morphogens": 3,
    "division_threshold": 0.48824303448708284,
    "cell_differentiation_threshold": 0.5431808686262838,
    "axon_growth_threshold": 0.21939806555719246,
    "max_axon_length": 4,
    "axon_connect_threshold": 0.42068732328427816,
    "self_connect_isolated_neurons_fraction": 0.0435948441480705,
    "weight_adjustment_target": 0.47870289548916656,
    "weight_adjustment_rate": 0.00935752544304004,
    "progenitor_secretion_rates": [
      0.37706101666073255,
      0.14346835873010566,
      0.28636454231627845
    ],
    "neuron_secretion_rates": [
      0.19941247375112015,
      0.053992949613697105,
      0.32177411652478183
    ],
    "inhibition_matrix": [
      [
        0.0,
        0.0,
        0.3246207178065263
      ],
      [
        0.0,
        0.0,
        0.19761205159216566
      ],
      [
        0.0,
        0.036532447687179004,
        0.0
      ]
    ],
    "diffusion_patterns": [
      [
        [
          0.14129556105552024,
          0.10890067003842901,
          0.17187071443410942
        ],
        [
          0.15376939004639276,
          0.06526392472800886,
          0.1027373372909087
        ],
        [
          0.09674882315103701,
          0.0006676295771205663,
          0.15874594967847333
        ]
      ],
      [
        [
          0.1891059266491764,
          0.0927862983842018,
          0.09648512439969635
        ],
        [
          0.037946578677587314,
          0.13374777420914083,
          0.20197305149702577
        ],
        [
          0.07025526489554897,
          0.13725467003631073,
          0.04044531125131183
        ]
      ],
      [
        [
          0.18757303650192458,
          0.07939201071611535,
          0.07626306191914145
        ],
        [
          0.09849449955588734,
          0.17272608170277234,
          0.08024148693778918
        ],
        [
          0.13463327386937007,
          0.006927187109858758,
          0.16374936168714088
        ]
      ]
    ]
  },
  "network_stats": {
    "neurons": 66,
    "connections": 135
  },
  "rollout_data": {
    "rewards": [
      500.0,
      500.0,
      500.0,
      500.0,
      500.0,
      500.0,
      500.0,
      500.0,
      500.0,
      500.0,
      500.0,
      500.0,
      500.0,
      500.0,
      500.0,
      500.0,
      500.0,
      500.0,
      500.0,
      500.0
    ],
    "lengths": [
      500,
      500,
      500,
      500,
      500,
      500,
      500,
      500,
      500,
      500,
      500,
      500,
      500,
      500,
      500,
      500,
      500,
      500,
      500,
      500
    ],
    "eval_seeds": [
      3069687,
      3069688,
      3069689,
      3069690,
      3069691,
      3069692,
      3069693,
      3069694,
      3069695,
      3069696,
      3069697,
      3069698,
      3069699,
      3069700,
      3069701,
      3069702,
      3069703,
      3069704,
      3069705,
      3069706
    ]
  }
}