{
  "network_id": 20979,
  "seed": 3020979,
  "valid": true,
  "baseline_reward": 215.75,
  "baseline_fitness": 0.4315,
  "stratum": "low_mid",
  "genome": {
    "max_growth_steps": 200,
    "size_x": 10,
    "size_y": 10,
    "diffusion_rate": 0.15725737323422156,
    "num_morphogens": 3,
    "division_threshold": 0.3913069152417238,
    "cell_differentiation_threshold": 0.6545458392889651,
    "axon_growth_threshold": 0.3347641040525442,
    "max_axon_length": 7,
    "axon_connect_threshold": 0.8196127113854121,
    "self_connect_isolated_neurons_fraction": 0.05411284216440486,
    "weight_adjustment_target": 0.4961211222469819,
    "weight_adjustment_rate": 0.012571491304791337,
    "progenitor_secretion_rates": [
      0.31392725067168437,
      0.06672409679732344,
      0.01453365307605825
    ],
    "neuron_secretion_rates": [
      0.25822331569783724,
      0.4686007648403531,
      0.44499894807581575
    ],
    "inhibition_matrix": [
      [
        0.0,
        0.28781441632090593,
        0.0
      ],
      [
        0.0,
        0.0,
        0.3273964525716987
      ],
      [
        0.0,
        0.0,
        0.0
      ]
    ],
    "diffusion_patterns": [
      [
        [
          0.03038220596234281,
          0.1315458269425998,
          0.05466575473566424
        ],
        [
          0.13802187676709282,
          0.14666760794629646,
          0.16467053267233214
        ],
        [
          0.030417782520688014,
          0.12581530215982667,
          0.17781311029315705
        ]
      ],
      [
        [
          0.20110577813171943,
          0.08656426847322853,
          0.06324110885723948
        ],
        [
          0.043614724893276675,
          0.20081004859937204,
          0.039971937751200434
        ],
        [
          0.0943421053254729,
          0.04678545542525933,
          0.22356457254323114
        ]
      ],
      [
        [
          0.03169846611645578,
          0.1319129501743692,
          0.14635119906055086
        ],
        [
          0.1776716518502305,
          0.0619273712410912,
          0.023529571840795183
        ],
        [
          0.17739301786323944,
          0.1710675172579907,
          0.0784482545952772
        ]
      ]
    ]
  },
  "network_stats": {
    "neurons": 86,
    "connections": 232
  },
  "rollout_data": {
    "rewards": [
      209.0,
      185.0,
      236.0,
      213.0,
      223.0,
      232.0,
      172.0,
      214.0,
      278.0,
      145.0,
      176.0,
      197.0,
      165.0,
      225.0,
      219.0,
      211.0,
      217.0,
      238.0,
      247.0,
      313.0
    ],
    "lengths": [
      209,
      185,
      236,
      213,
      223,
      232,
      172,
      214,
      278,
      145,
      176,
      197,
      165,
      225,
      219,
      211,
      217,
      238,
      247,
      313
    ],
    "eval_seeds": [
      3020979,
      3020980,
      3020981,
      3020982,
      3020983,
      3020984,
      3020985,
      3020986,
      3020987,
      3020988,
      3020989,
      3020990,
      3020991,
      3020992,
      3020993,
      3020994,
      3020995,
      3020996,
      3020997,
      3020998
    ]
  }
}