{
  "network_id": 146190,
  "seed": 3146190,
  "valid": true,
  "baseline_reward": 200.35,
  "baseline_fitness": 0.4007,
  "stratum": "low_mid",
  "genome": {
    "max_growth_steps": 200,
    "size_x": 10,
    "size_y": 10,
    "diffusion_rate": 0.07093035040939381,
    "num_morphogens": 3,
    "division_threshold": 0.32855289788539604,
    "cell_differentiation_threshold": 0.6279660799758604,
    "axon_growth_threshold": 0.39151016693505447,
    "max_axon_length": 5,
    "axon_connect_threshold": 0.43889280700703537,
    "self_connect_isolated_neurons_fraction": 0.2271714617023694,
    "weight_adjustment_target": 0.6698154700688924,
    "weight_adjustment_rate": 0.01645932948976198,
    "progenitor_secretion_rates": [
      0.169519761888334,
      0.24932414821814586,
      0.17992339657165268
    ],
    "neuron_secretion_rates": [
      0.34421519563127095,
      0.00034087652237146937,
      0.25150805403510185
    ],
    "inhibition_matrix": [
      [
        0.0,
        0.0,
        0.0
      ],
      [
        0.0,
        0.0,
        0.0
      ],
      [
        0.2205866207145426,
        0.0,
        0.0
      ]
    ],
    "diffusion_patterns": [
      [
        [
          0.24028613896572928,
          0.051380318818860925,
          0.0334144654518261
        ],
        [
          0.19421213569017756,
          0.0575224207180082,
          0.15109807003420198
        ],
        [
          0.1388942194429419,
          0.12857818427877524,
          0.004614046599478865
        ]
      ],
      [
        [
          0.18126108143843492,
          0.05499707698338575,
          0.09923960736335906
        ],
        [
          0.15909120045497607,
          0.14443213827577747,
          0.07521598656568682
        ],
        [
          0.13231100784794317,
          0.10368314033396177,
          0.04976876073647494
        ]
      ],
      [
        [
          0.004416789528341006,
          0.16566596137550338,
          0.06148386182927786
        ],
        [
          0.03685731168953481,
          0.04645539594166241,
          0.14028296239618335
        ],
        [
          0.26843726241783744,
          0.12916895311342225,
          0.14723150170823757
        ]
      ]
    ]
  },
  "network_stats": {
    "neurons": 100,
    "connections": 259
  },
  "rollout_data": {
    "rewards": [
      160.0,
      246.0,
      195.0,
      147.0,
      154.0,
      160.0,
      235.0,
      169.0,
      199.0,
      177.0,
      231.0,
      226.0,
      241.0,
      264.0,
      230.0,
      160.0,
      245.0,
      162.0,
      159.0,
      247.0
    ],
    "lengths": [
      160,
      246,
      195,
      147,
      154,
      160,
      235,
      169,
      199,
      177,
      231,
      226,
      241,
      264,
      230,
      160,
      245,
      162,
      159,
      247
    ],
    "eval_seeds": [
      3146190,
      3146191,
      3146192,
      3146193,
      3146194,
      3146195,
      3146196,
      3146197,
      3146198,
      3146199,
      3146200,
      3146201,
      3146202,
      3146203,
      3146204,
      3146205,
      3146206,
      3146207,
      3146208,
      3146209
    ]
  }
}