{
  "network_id": 141205,
  "seed": 3141205,
  "valid": true,
  "baseline_reward": 358.25,
  "baseline_fitness": 0.7165,
  "stratum": "high_mid",
  "genome": {
    "max_growth_steps": 200,
    "size_x": 10,
    "size_y": 10,
    "diffusion_rate": 0.14255216289074207,
    "num_morphogens": 3,
    "division_threshold": 0.6462814332614041,
    "cell_differentiation_threshold": 0.3917402162345759,
    "axon_growth_threshold": 0.38980367557203577,
    "max_axon_length": 8,
    "axon_connect_threshold": 0.44774271816348965,
    "self_connect_isolated_neurons_fraction": 0.2655685785197383,
    "weight_adjustment_target": 0.5992310612049829,
    "weight_adjustment_rate": 0.010924744342677642,
    "progenitor_secretion_rates": [
      0.3846659114225853,
      0.09433998706131919,
      0.49518714736351166
    ],
    "neuron_secretion_rates": [
      0.04278062479559347,
      0.189106732293441,
      0.1424257618219405
    ],
    "inhibition_matrix": [
      [
        0.0,
        0.0,
        0.0
      ],
      [
        0.0,
        0.0,
        0.0
      ],
      [
        0.0,
        0.40123348703162653,
        0.0
      ]
    ],
    "diffusion_patterns": [
      [
        [
          0.12317593637368515,
          0.015712101065890008,
          0.16392914658139207
        ],
        [
          0.06532491507736894,
          0.0034058694986811564,
          0.10941838243480631
        ],
        [
          0.24038048878383822,
          0.058458780163696815,
          0.22019438002064146
        ]
      ],
      [
        [
          0.06317313277057812,
          0.23023083206096057,
          0.09828478263396304
        ],
        [
          0.1129365277809168,
          0.016258533047337584,
          0.21951106379954355
        ],
        [
          0.054946061862154644,
          0.02858727668382149,
          0.17607178936072418
        ]
      ],
      [
        [
          0.13064870580720495,
          0.029846423230186575,
          0.2042062208234427
        ],
        [
          0.12636950988448858,
          0.05535660233078888,
          0.11676446176427882
        ],
        [
          0.13737915771930378,
          0.025342178178842094,
          0.17408674026146362
        ]
      ]
    ]
  },
  "network_stats": {
    "neurons": 100,
    "connections": 171
  },
  "rollout_data": {
    "rewards": [
      436.0,
      434.0,
      379.0,
      420.0,
      285.0,
      348.0,
      367.0,
      331.0,
      390.0,
      405.0,
      384.0,
      333.0,
      281.0,
      375.0,
      291.0,
      332.0,
      310.0,
      305.0,
      459.0,
      300.0
    ],
    "lengths": [
      436,
      434,
      379,
      420,
      285,
      348,
      367,
      331,
      390,
      405,
      384,
      333,
      281,
      375,
      291,
      332,
      310,
      305,
      459,
      300
    ],
    "eval_seeds": [
      3141205,
      3141206,
      3141207,
      3141208,
      3141209,
      3141210,
      3141211,
      3141212,
      3141213,
      3141214,
      3141215,
      3141216,
      3141217,
      3141218,
      3141219,
      3141220,
      3141221,
      3141222,
      3141223,
      3141224
    ]
  }
}