{
  "network_id": 91250,
  "seed": 3091250,
  "valid": true,
  "baseline_reward": 89.6,
  "baseline_fitness": 0.1792,
  "stratum": "weak",
  "genome": {
    "max_growth_steps": 200,
    "size_x": 10,
    "size_y": 10,
    "diffusion_rate": 0.1806380088402365,
    "num_morphogens": 3,
    "division_threshold": 0.3656755506838389,
    "cell_differentiation_threshold": 0.315155691674891,
    "axon_growth_threshold": 0.356201044258902,
    "max_axon_length": 9,
    "axon_connect_threshold": 0.4889210904486268,
    "self_connect_isolated_neurons_fraction": 0.21533314282471044,
    "weight_adjustment_target": 0.41147680383864477,
    "weight_adjustment_rate": 0.0099170249172842,
    "progenitor_secretion_rates": [
      0.1306336062187609,
      0.032430274078681876,
      0.2734634629414455
    ],
    "neuron_secretion_rates": [
      0.20202523453897647,
      0.07239099726048887,
      0.23983989468636596
    ],
    "inhibition_matrix": [
      [
        0.0,
        0.0,
        0.0
      ],
      [
        0.0,
        0.0,
        0.0
      ],
      [
        0.0,
        0.4704956262801167,
        0.0
      ]
    ],
    "diffusion_patterns": [
      [
        [
          0.10139927155367759,
          0.1643833146328066,
          0.07540528610891079
        ],
        [
          0.1195315954823651,
          0.1372584199030737,
          0.07357642635155738
        ],
        [
          0.1413947802762902,
          0.08667535776612258,
          0.10037554792519608
        ]
      ],
      [
        [
          0.17263072510683977,
          0.051299366937584814,
          0.1931933106513565
        ],
        [
          0.16556186703412965,
          0.1580287100773229,
          0.002698786899990759
        ],
        [
          0.05371625811921308,
          0.09108434113911447,
          0.11178663403444813
        ]
      ],
      [
        [
          0.13417445789271945,
          0.0648335582374245,
          0.04586687773750115
        ],
        [
          0.16360181356568548,
          0.14464511377805656,
          0.02061721632598847
        ],
        [
          0.17119855386814764,
          0.11836875937092993,
          0.13669364922354685
        ]
      ]
    ]
  },
  "network_stats": {
    "neurons": 100,
    "connections": 189
  },
  "rollout_data": {
    "rewards": [
      85.0,
      147.0,
      101.0,
      77.0,
      117.0,
      61.0,
      68.0,
      81.0,
      71.0,
      97.0,
      105.0,
      118.0,
      75.0,
      91.0,
      86.0,
      76.0,
      83.0,
      94.0,
      69.0,
      90.0
    ],
    "lengths": [
      85,
      147,
      101,
      77,
      117,
      61,
      68,
      81,
      71,
      97,
      105,
      118,
      75,
      91,
      86,
      76,
      83,
      94,
      69,
      90
    ],
    "eval_seeds": [
      3091250,
      3091251,
      3091252,
      3091253,
      3091254,
      3091255,
      3091256,
      3091257,
      3091258,
      3091259,
      3091260,
      3091261,
      3091262,
      3091263,
      3091264,
      3091265,
      3091266,
      3091267,
      3091268,
      3091269
    ]
  }
}