{
  "network_id": 70763,
  "seed": 3070763,
  "valid": true,
  "baseline_reward": 9.55,
  "baseline_fitness": 0.019100000000000002,
  "stratum": "weak",
  "genome": {
    "max_growth_steps": 200,
    "size_x": 10,
    "size_y": 10,
    "diffusion_rate": 0.1450136889702478,
    "num_morphogens": 3,
    "division_threshold": 0.6666722268052273,
    "cell_differentiation_threshold": 0.5548732955303001,
    "axon_growth_threshold": 0.3345930081244205,
    "max_axon_length": 2,
    "axon_connect_threshold": 0.8756812851890139,
    "self_connect_isolated_neurons_fraction": 0.2066942441339333,
    "weight_adjustment_target": 0.669624533405726,
    "weight_adjustment_rate": 0.01961040221519185,
    "progenitor_secretion_rates": [
      0.3567270791368992,
      0.2107301127932355,
      0.33249432562425707
    ],
    "neuron_secretion_rates": [
      0.49374942259622673,
      0.17278469823454418,
      0.0523184234200445
    ],
    "inhibition_matrix": [
      [
        0.0,
        0.0,
        0.12998351376576128
      ],
      [
        0.18190760372420972,
        0.0,
        0.0
      ],
      [
        0.0,
        0.0,
        0.0
      ]
    ],
    "diffusion_patterns": [
      [
        [
          0.08628067386667984,
          0.09228093592667301,
          0.09930900332042665
        ],
        [
          0.15848066505410338,
          0.1635226270745552,
          0.05552263295800706
        ],
        [
          0.08018640365238018,
          0.09676310986855682,
          0.1676539482786178
        ]
      ],
      [
        [
          0.12229005181573613,
          0.1682332950252867,
          0.1371427489962174
        ],
        [
          0.20103166017380397,
          0.1277883008342331,
          0.13097567591133003
        ],
        [
          0.06454652345009894,
          0.013227279848139088,
          0.03476446394515473
        ]
      ],
      [
        [
          0.18801080031995224,
          0.0781452185731183,
          0.17719340128372563
        ],
        [
          0.06762556150371546,
          0.056128848830854464,
          0.08548853867582054
        ],
        [
          0.06672185944111979,
          0.2278485543095798,
          0.05283721706211378
        ]
      ]
    ]
  },
  "network_stats": {
    "neurons": 100,
    "connections": 196
  },
  "rollout_data": {
    "rewards": [
      9.0,
      10.0,
      10.0,
      9.0,
      10.0,
      10.0,
      10.0,
      10.0,
      9.0,
      8.0,
      10.0,
      10.0,
      10.0,
      10.0,
      8.0,
      9.0,
      9.0,
      10.0,
      10.0,
      10.0
    ],
    "lengths": [
      9,
      10,
      10,
      9,
      10,
      10,
      10,
      10,
      9,
      8,
      10,
      10,
      10,
      10,
      8,
      9,
      9,
      10,
      10,
      10
    ],
    "eval_seeds": [
      3070763,
      3070764,
      3070765,
      3070766,
      3070767,
      3070768,
      3070769,
      3070770,
      3070771,
      3070772,
      3070773,
      3070774,
      3070775,
      3070776,
      3070777,
      3070778,
      3070779,
      3070780,
      3070781,
      3070782
    ]
  }
}