{
  "network_id": 119041,
  "seed": 3119041,
  "valid": true,
  "baseline_reward": 207.85,
  "baseline_fitness": 0.4157,
  "stratum": "low_mid",
  "genome": {
    "max_growth_steps": 200,
    "size_x": 10,
    "size_y": 10,
    "diffusion_rate": 0.17484409062494283,
    "num_morphogens": 3,
    "division_threshold": 0.4712122034977758,
    "cell_differentiation_threshold": 0.6325310414020535,
    "axon_growth_threshold": 0.20741097275915368,
    "max_axon_length": 8,
    "axon_connect_threshold": 0.7842038545819501,
    "self_connect_isolated_neurons_fraction": 0.004813190090606811,
    "weight_adjustment_target": 0.384929071691597,
    "weight_adjustment_rate": 0.015783845763055058,
    "progenitor_secretion_rates": [
      0.410930844603233,
      0.2832985693279639,
      0.44776934016192343
    ],
    "neuron_secretion_rates": [
      0.1900000044238842,
      0.3218423919060972,
      0.05179407114868101
    ],
    "inhibition_matrix": [
      [
        0.0,
        0.1984172872793455,
        0.0
      ],
      [
        0.01893134840591082,
        0.0,
        0.0
      ],
      [
        0.0,
        0.0,
        0.0
      ]
    ],
    "diffusion_patterns": [
      [
        [
          0.1685423635165317,
          0.14725764746679704,
          0.10940931731047977
        ],
        [
          0.02181345572426066,
          0.14569853732612822,
          0.04848476554233641
        ],
        [
          0.1620109034688114,
          0.05507904541817856,
          0.14170396422647624
        ]
      ],
      [
        [
          0.09919076940041782,
          0.07246744269755549,
          0.16953038823607777
        ],
        [
          0.04896161700052979,
          0.18075055602787923,
          0.09514066149742163
        ],
        [
          0.1201958477710892,
          0.1370702103534523,
          0.0766925070155768
        ]
      ],
      [
        [
          0.1706257700309432,
          0.14988519404477202,
          0.1270525107854524
        ],
        [
          0.145364926821782,
          0.02390219585035466,
          0.055509298796687465
        ],
        [
          0.08451852622010642,
          0.11203104034083783,
          0.13111053710906395
        ]
      ]
    ]
  },
  "network_stats": {
    "neurons": 100,
    "connections": 255
  },
  "rollout_data": {
    "rewards": [
      166.0,
      266.0,
      225.0,
      236.0,
      193.0,
      229.0,
      159.0,
      137.0,
      258.0,
      265.0,
      179.0,
      200.0,
      145.0,
      157.0,
      249.0,
      195.0,
      162.0,
      252.0,
      248.0,
      236.0
    ],
    "lengths": [
      166,
      266,
      225,
      236,
      193,
      229,
      159,
      137,
      258,
      265,
      179,
      200,
      145,
      157,
      249,
      195,
      162,
      252,
      248,
      236
    ],
    "eval_seeds": [
      3119041,
      3119042,
      3119043,
      3119044,
      3119045,
      3119046,
      3119047,
      3119048,
      3119049,
      3119050,
      3119051,
      3119052,
      3119053,
      3119054,
      3119055,
      3119056,
      3119057,
      3119058,
      3119059,
      3119060
    ]
  }
}