{
  "network_id": 20420,
  "seed": 3020420,
  "valid": true,
  "baseline_reward": 406.95,
  "baseline_fitness": 0.8139,
  "stratum": "high_mid",
  "genome": {
    "max_growth_steps": 200,
    "size_x": 10,
    "size_y": 10,
    "diffusion_rate": 0.16597373491753292,
    "num_morphogens": 3,
    "division_threshold": 0.5845921631820722,
    "cell_differentiation_threshold": 0.3059281555432089,
    "axon_growth_threshold": 0.29079205365680183,
    "max_axon_length": 5,
    "axon_connect_threshold": 0.57873789405016,
    "self_connect_isolated_neurons_fraction": 0.18639207456285445,
    "weight_adjustment_target": 0.511025111968419,
    "weight_adjustment_rate": 0.017247063525507162,
    "progenitor_secretion_rates": [
      0.3093993406219061,
      0.06731534623121166,
      0.28043722935813375
    ],
    "neuron_secretion_rates": [
      0.4014086999579492,
      0.2694200518678558,
      0.34869358306707965
    ],
    "inhibition_matrix": [
      [
        0.0,
        0.18862666616932683,
        0.0
      ],
      [
        0.0,
        0.0,
        0.0
      ],
      [
        0.41853369601304485,
        0.0,
        0.0
      ]
    ],
    "diffusion_patterns": [
      [
        [
          0.046403448947150296,
          0.19293502715435457,
          0.1667248408439419
        ],
        [
          0.24566902098222163,
          0.0666170849050677,
          0.028222636161732782
        ],
        [
          0.07134824224915655,
          0.027767485278454143,
          0.15431221347792046
        ]
      ],
      [
        [
          0.032110716035172404,
          0.13525894538130515,
          0.02446221535730326
        ],
        [
          0.2234284880706401,
          0.01661528482203096,
          0.17262687446617136
        ],
        [
          0.10882985792902816,
          0.2516096115400453,
          0.035058006398303185
        ]
      ],
      [
        [
          0.2184847390539509,
          0.07702336600458641,
          0.1201515050342723
        ],
        [
          0.15432990778558248,
          0.07251773415482698,
          0.027547373386962774
        ],
        [
          0.166609258907664,
          0.1428516130433124,
          0.020484502628841675
        ]
      ]
    ]
  },
  "network_stats": {
    "neurons": 100,
    "connections": 268
  },
  "rollout_data": {
    "rewards": [
      500.0,
      500.0,
      331.0,
      269.0,
      500.0,
      323.0,
      460.0,
      436.0,
      500.0,
      500.0,
      448.0,
      324.0,
      444.0,
      334.0,
      383.0,
      331.0,
      443.0,
      393.0,
      386.0,
      334.0
    ],
    "lengths": [
      500,
      500,
      331,
      269,
      500,
      323,
      460,
      436,
      500,
      500,
      448,
      324,
      444,
      334,
      383,
      331,
      443,
      393,
      386,
      334
    ],
    "eval_seeds": [
      3020420,
      3020421,
      3020422,
      3020423,
      3020424,
      3020425,
      3020426,
      3020427,
      3020428,
      3020429,
      3020430,
      3020431,
      3020432,
      3020433,
      3020434,
      3020435,
      3020436,
      3020437,
      3020438,
      3020439
    ]
  }
}