{
  "network_id": 86789,
  "seed": 3086789,
  "valid": true,
  "baseline_reward": 500.0,
  "baseline_fitness": 1.0,
  "stratum": "perfect",
  "genome": {
    "max_growth_steps": 200,
    "size_x": 10,
    "size_y": 10,
    "diffusion_rate": 0.07592595993407264,
    "num_morphogens": 3,
    "division_threshold": 0.6782843615357993,
    "cell_differentiation_threshold": 0.6957890124028451,
    "axon_growth_threshold": 0.34889250738498384,
    "max_axon_length": 4,
    "axon_connect_threshold": 0.9002451727481153,
    "self_connect_isolated_neurons_fraction": 0.1730730857020312,
    "weight_adjustment_target": 0.6464714937803878,
    "weight_adjustment_rate": 0.015020744426966093,
    "progenitor_secretion_rates": [
      0.4020438005311002,
      0.11982622369110252,
      0.04587569076204162
    ],
    "neuron_secretion_rates": [
      0.42508217325017655,
      0.2139096382068858,
      0.39000488983301373
    ],
    "inhibition_matrix": [
      [
        0.0,
        0.3239047079635273,
        0.0
      ],
      [
        0.03333211732368191,
        0.0,
        0.0020981856148269973
      ],
      [
        0.0,
        0.0,
        0.0
      ]
    ],
    "diffusion_patterns": [
      [
        [
          0.18002713373971524,
          0.042876733795788116,
          0.03229501654033193
        ],
        [
          0.15146362207674388,
          0.15918240785522303,
          0.16766052061108122
        ],
        [
          0.057927318905298,
          0.007543118133744284,
          0.20102412834207442
        ]
      ],
      [
        [
          0.04577643002482871,
          0.19433672545450412,
          0.1515161135341085
        ],
        [
          0.06820086990976838,
          0.1618655504187182,
          0.05577670726426498
        ],
        [
          0.17091871540423947,
          0.030365157655590617,
          0.12124373033397694
        ]
      ],
      [
        [
          0.07458791719859982,
          0.16905082410780356,
          0.08963120894533812
        ],
        [
          0.14526979143684463,
          0.07875708004192386,
          0.020071856301939837
        ],
        [
          0.15032271808812306,
          0.15531841134015753,
          0.11699019253926948
        ]
      ]
    ]
  },
  "network_stats": {
    "neurons": 100,
    "connections": 241
  },
  "rollout_data": {
    "rewards": [
      500.0,
      500.0,
      500.0,
      500.0,
      500.0,
      500.0,
      500.0,
      500.0,
      500.0,
      500.0,
      500.0,
      500.0,
      500.0,
      500.0,
      500.0,
      500.0,
      500.0,
      500.0,
      500.0,
      500.0
    ],
    "lengths": [
      500,
      500,
      500,
      500,
      500,
      500,
      500,
      500,
      500,
      500,
      500,
      500,
      500,
      500,
      500,
      500,
      500,
      500,
      500,
      500
    ],
    "eval_seeds": [
      3086789,
      3086790,
      3086791,
      3086792,
      3086793,
      3086794,
      3086795,
      3086796,
      3086797,
      3086798,
      3086799,
      3086800,
      3086801,
      3086802,
      3086803,
      3086804,
      3086805,
      3086806,
      3086807,
      3086808
    ]
  }
}