{
  "network_id": 185593,
  "seed": 3185593,
  "valid": true,
  "baseline_reward": 205.55,
  "baseline_fitness": 0.4111,
  "stratum": "low_mid",
  "genome": {
    "max_growth_steps": 200,
    "size_x": 10,
    "size_y": 10,
    "diffusion_rate": 0.1807339936413107,
    "num_morphogens": 3,
    "division_threshold": 0.396359569585753,
    "cell_differentiation_threshold": 0.5846836608498949,
    "axon_growth_threshold": 0.28438264108665406,
    "max_axon_length": 5,
    "axon_connect_threshold": 0.7107350889793849,
    "self_connect_isolated_neurons_fraction": 0.135400402731824,
    "weight_adjustment_target": 0.39804211037028664,
    "weight_adjustment_rate": 0.019654886285475796,
    "progenitor_secretion_rates": [
      0.3292218981815296,
      0.2595186429926166,
      0.1395675964274412
    ],
    "neuron_secretion_rates": [
      0.055722640322628636,
      0.08690439163377561,
      0.4096276539046384
    ],
    "inhibition_matrix": [
      [
        0.0,
        0.0,
        0.419902082764282
      ],
      [
        0.0,
        0.0,
        0.0
      ],
      [
        0.3840272475400154,
        0.0,
        0.0
      ]
    ],
    "diffusion_patterns": [
      [
        [
          0.08531112572466416,
          0.07967124012150627,
          0.03882483104361398
        ],
        [
          0.11349873293037627,
          0.1776457594623568,
          0.16533305393243128
        ],
        [
          0.13104467578820742,
          0.09439477833328072,
          0.11427580266356303
        ]
      ],
      [
        [
          0.07062672482139434,
          0.11742591185282714,
          0.1725873127782849
        ],
        [
          0.15436637599037795,
          0.04136385325622494,
          0.10445444194127726
        ],
        [
          0.07456530649955902,
          0.08627515842445772,
          0.17833491443559676
        ]
      ],
      [
        [
          0.04347075804847849,
          0.022607701969517204,
          0.03902389041432788
        ],
        [
          0.06361432775502378,
          0.14816861787841365,
          0.02086661876710355
        ],
        [
          0.08659650870831286,
          0.21000957599429776,
          0.365642000464525
        ]
      ]
    ]
  },
  "network_stats": {
    "neurons": 100,
    "connections": 297
  },
  "rollout_data": {
    "rewards": [
      152.0,
      222.0,
      151.0,
      144.0,
      202.0,
      209.0,
      306.0,
      229.0,
      161.0,
      171.0,
      208.0,
      290.0,
      234.0,
      251.0,
      179.0,
      233.0,
      227.0,
      167.0,
      155.0,
      220.0
    ],
    "lengths": [
      152,
      222,
      151,
      144,
      202,
      209,
      306,
      229,
      161,
      171,
      208,
      290,
      234,
      251,
      179,
      233,
      227,
      167,
      155,
      220
    ],
    "eval_seeds": [
      3185593,
      3185594,
      3185595,
      3185596,
      3185597,
      3185598,
      3185599,
      3185600,
      3185601,
      3185602,
      3185603,
      3185604,
      3185605,
      3185606,
      3185607,
      3185608,
      3185609,
      3185610,
      3185611,
      3185612
    ]
  }
}