{
  "network_id": 29107,
  "seed": 3029107,
  "valid": true,
  "baseline_reward": 284.0,
  "baseline_fitness": 0.568,
  "stratum": "low_mid",
  "genome": {
    "max_growth_steps": 200,
    "size_x": 10,
    "size_y": 10,
    "diffusion_rate": 0.19111120539614618,
    "num_morphogens": 3,
    "division_threshold": 0.5190636884182322,
    "cell_differentiation_threshold": 0.5699846745442743,
    "axon_growth_threshold": 0.28187328552977603,
    "max_axon_length": 8,
    "axon_connect_threshold": 0.5177099318301406,
    "self_connect_isolated_neurons_fraction": 0.21570326188154545,
    "weight_adjustment_target": 0.5444536887510623,
    "weight_adjustment_rate": 0.005862094238135292,
    "progenitor_secretion_rates": [
      0.14538864763232562,
      0.1286584556166841,
      0.14987371917535447
    ],
    "neuron_secretion_rates": [
      0.4552732782873021,
      0.0947789082317157,
      0.14900242466763985
    ],
    "inhibition_matrix": [
      [
        0.0,
        0.0,
        0.0
      ],
      [
        0.10092471156953453,
        0.0,
        0.0
      ],
      [
        0.0,
        0.1897440518231872,
        0.0
      ]
    ],
    "diffusion_patterns": [
      [
        [
          0.06302676423262812,
          0.11046842407904524,
          0.14902707175125954
        ],
        [
          0.10430742323005536,
          0.07785941226459979,
          0.11608924453600082
        ],
        [
          0.08326162637267806,
          0.15456309058365975,
          0.1413969429500733
        ]
      ],
      [
        [
          0.15718612119061642,
          0.15974512543069178,
          0.10714674981549466
        ],
        [
          0.035459365390579554,
          0.060082225632516514,
          0.11693724210254385
        ],
        [
          0.06402009825503747,
          0.18193322903007303,
          0.11748984315244675
        ]
      ],
      [
        [
          0.12938801955711887,
          0.13580366388483406,
          0.12333128051380593
        ],
        [
          0.1385351671087192,
          0.0959972766991506,
          0.06648762189925783
        ],
        [
          0.15444559411654687,
          0.07872443960459116,
          0.07728693661597534
        ]
      ]
    ]
  },
  "network_stats": {
    "neurons": 100,
    "connections": 443
  },
  "rollout_data": {
    "rewards": [
      166.0,
      307.0,
      145.0,
      500.0,
      412.0,
      305.0,
      210.0,
      279.0,
      120.0,
      223.0,
      101.0,
      144.0,
      487.0,
      308.0,
      500.0,
      124.0,
      287.0,
      243.0,
      319.0,
      500.0
    ],
    "lengths": [
      166,
      307,
      145,
      500,
      412,
      305,
      210,
      279,
      120,
      223,
      101,
      144,
      487,
      308,
      500,
      124,
      287,
      243,
      319,
      500
    ],
    "eval_seeds": [
      3029107,
      3029108,
      3029109,
      3029110,
      3029111,
      3029112,
      3029113,
      3029114,
      3029115,
      3029116,
      3029117,
      3029118,
      3029119,
      3029120,
      3029121,
      3029122,
      3029123,
      3029124,
      3029125,
      3029126
    ]
  }
}