{
  "network_id": 123904,
  "seed": 3123904,
  "valid": true,
  "baseline_reward": 344.35,
  "baseline_fitness": 0.6887000000000001,
  "stratum": "low_mid",
  "genome": {
    "max_growth_steps": 200,
    "size_x": 10,
    "size_y": 10,
    "diffusion_rate": 0.09712871921546759,
    "num_morphogens": 3,
    "division_threshold": 0.3987256441685557,
    "cell_differentiation_threshold": 0.5238125524163474,
    "axon_growth_threshold": 0.30433737689666734,
    "max_axon_length": 2,
    "axon_connect_threshold": 0.4496593084756128,
    "self_connect_isolated_neurons_fraction": 0.08298896409930852,
    "weight_adjustment_target": 0.33589594120965427,
    "weight_adjustment_rate": 0.01510398841291239,
    "progenitor_secretion_rates": [
      0.3178126850304504,
      0.16244729076191294,
      0.3730408125603783
    ],
    "neuron_secretion_rates": [
      0.2250516143146407,
      0.16013407125015994,
      0.3407649563402551
    ],
    "inhibition_matrix": [
      [
        0.0,
        0.0,
        0.0
      ],
      [
        0.0,
        0.0,
        0.0
      ],
      [
        0.0,
        0.38006884867931073,
        0.0
      ]
    ],
    "diffusion_patterns": [
      [
        [
          0.1028860483565755,
          0.0972025056832174,
          0.1843533936075068
        ],
        [
          0.10321657346671907,
          0.17452781979478638,
          0.19141020510057608
        ],
        [
          0.050018834134022784,
          0.01041336781185996,
          0.0859712520447361
        ]
      ],
      [
        [
          0.10249660844236591,
          0.21253885907131098,
          0.008439325402947164
        ],
        [
          0.10025264825399291,
          0.18282517504779547,
          0.0724514369863345
        ],
        [
          0.10227961338529085,
          0.1966751855824584,
          0.022041147827503674
        ]
      ],
      [
        [
          0.1600706610421444,
          0.08761074532585626,
          0.1477225501892666
        ],
        [
          0.08979541688396159,
          0.04163101099708183,
          0.08207967261768197
        ],
        [
          0.05079935347918525,
          0.2552968709869498,
          0.08499371847787231
        ]
      ]
    ]
  },
  "network_stats": {
    "neurons": 100,
    "connections": 370
  },
  "rollout_data": {
    "rewards": [
      489.0,
      245.0,
      273.0,
      500.0,
      500.0,
      429.0,
      500.0,
      453.0,
      292.0,
      371.0,
      500.0,
      223.0,
      312.0,
      337.0,
      236.0,
      242.0,
      258.0,
      177.0,
      254.0,
      296.0
    ],
    "lengths": [
      489,
      245,
      273,
      500,
      500,
      429,
      500,
      453,
      292,
      371,
      500,
      223,
      312,
      337,
      236,
      242,
      258,
      177,
      254,
      296
    ],
    "eval_seeds": [
      3123904,
      3123905,
      3123906,
      3123907,
      3123908,
      3123909,
      3123910,
      3123911,
      3123912,
      3123913,
      3123914,
      3123915,
      3123916,
      3123917,
      3123918,
      3123919,
      3123920,
      3123921,
      3123922,
      3123923
    ]
  }
}