{
  "network_id": 147554,
  "seed": 3147554,
  "valid": true,
  "baseline_reward": 500.0,
  "baseline_fitness": 1.0,
  "stratum": "perfect",
  "genome": {
    "max_growth_steps": 200,
    "size_x": 10,
    "size_y": 10,
    "diffusion_rate": 0.17986391048703765,
    "num_morphogens": 3,
    "division_threshold": 0.3810750584815719,
    "cell_differentiation_threshold": 0.4349903898831612,
    "axon_growth_threshold": 0.3572910610363509,
    "max_axon_length": 7,
    "axon_connect_threshold": 0.4015193028786802,
    "self_connect_isolated_neurons_fraction": 0.1918017532384057,
    "weight_adjustment_target": 0.6442496106857394,
    "weight_adjustment_rate": 0.016602514884655136,
    "progenitor_secretion_rates": [
      0.34647841259355794,
      0.19763925684487715,
      0.3042512193435229
    ],
    "neuron_secretion_rates": [
      0.017797608318067426,
      0.38263542997308864,
      0.3593377529644835
    ],
    "inhibition_matrix": [
      [
        0.0,
        0.0,
        0.0
      ],
      [
        0.0,
        0.0,
        0.0
      ],
      [
        0.0,
        0.10909212986351752,
        0.0
      ]
    ],
    "diffusion_patterns": [
      [
        [
          0.0382132209961817,
          0.08797470309970089,
          0.09110627347022937
        ],
        [
          0.23612256120108338,
          0.24082379652806277,
          0.25028992572839626
        ],
        [
          0.008846270768094569,
          0.03937663563897883,
          0.007246612569272282
        ]
      ],
      [
        [
          0.027121731840328258,
          0.14746724535312195,
          0.14157690651620458
        ],
        [
          0.10468137995456053,
          0.07221994559171552,
          0.10313210918871205
        ],
        [
          0.07401683876491219,
          0.17616458371468688,
          0.15361925907575796
        ]
      ],
      [
        [
          0.10944733797069899,
          0.1318840682125474,
          0.00016371454288896533
        ],
        [
          0.03424142979950542,
          0.2528377738167318,
          0.14900596503836708
        ],
        [
          0.07589277729804471,
          0.059181746025411854,
          0.1873451872958039
        ]
      ]
    ]
  },
  "network_stats": {
    "neurons": 100,
    "connections": 296
  },
  "rollout_data": {
    "rewards": [
      500.0,
      500.0,
      500.0,
      500.0,
      500.0,
      500.0,
      500.0,
      500.0,
      500.0,
      500.0,
      500.0,
      500.0,
      500.0,
      500.0,
      500.0,
      500.0,
      500.0,
      500.0,
      500.0,
      500.0
    ],
    "lengths": [
      500,
      500,
      500,
      500,
      500,
      500,
      500,
      500,
      500,
      500,
      500,
      500,
      500,
      500,
      500,
      500,
      500,
      500,
      500,
      500
    ],
    "eval_seeds": [
      3147554,
      3147555,
      3147556,
      3147557,
      3147558,
      3147559,
      3147560,
      3147561,
      3147562,
      3147563,
      3147564,
      3147565,
      3147566,
      3147567,
      3147568,
      3147569,
      3147570,
      3147571,
      3147572,
      3147573
    ]
  }
}