{
  "network_id": 50078,
  "seed": 3050078,
  "valid": true,
  "baseline_reward": 496.45,
  "baseline_fitness": 0.9929,
  "stratum": "perfect",
  "genome": {
    "max_growth_steps": 200,
    "size_x": 10,
    "size_y": 10,
    "diffusion_rate": 0.058906220173642415,
    "num_morphogens": 3,
    "division_threshold": 0.46013134649159176,
    "cell_differentiation_threshold": 0.358713575020126,
    "axon_growth_threshold": 0.35994854758288913,
    "max_axon_length": 5,
    "axon_connect_threshold": 0.5068119691380674,
    "self_connect_isolated_neurons_fraction": 0.034219846624673554,
    "weight_adjustment_target": 0.6311700778541574,
    "weight_adjustment_rate": 0.00829990345568254,
    "progenitor_secretion_rates": [
      0.32184896012304215,
      0.10454037664468818,
      0.4741954628914615
    ],
    "neuron_secretion_rates": [
      0.29839799061544475,
      0.029064527657853445,
      0.4849881199904298
    ],
    "inhibition_matrix": [
      [
        0.0,
        0.0,
        0.0
      ],
      [
        0.0,
        0.0,
        0.16579564777319944
      ],
      [
        0.282092614824344,
        0.49255305345836553,
        0.0
      ]
    ],
    "diffusion_patterns": [
      [
        [
          0.04358112852538095,
          0.17235373680004107,
          0.2320321650522585
        ],
        [
          0.055313131554777524,
          0.015579732596592536,
          0.15746648421462517
        ],
        [
          0.00563089840443853,
          0.24743628774463639,
          0.07060643510724926
        ]
      ],
      [
        [
          0.23574750869576458,
          0.0036499927156669874,
          0.11812488259522874
        ],
        [
          0.20006070262053505,
          0.030043562418276045,
          0.1226698741056812
        ],
        [
          0.011702455346925152,
          0.029544190949868467,
          0.24845683055205375
        ]
      ],
      [
        [
          0.24353965957718507,
          0.10988125738414432,
          0.09028808213315145
        ],
        [
          0.1337924222834559,
          0.06802508016994435,
          0.17004926404035858
        ],
        [
          0.09304037636699042,
          0.05936144417085663,
          0.032022413873913275
        ]
      ]
    ]
  },
  "network_stats": {
    "neurons": 100,
    "connections": 286
  },
  "rollout_data": {
    "rewards": [
      500.0,
      500.0,
      500.0,
      500.0,
      500.0,
      500.0,
      500.0,
      500.0,
      500.0,
      437.0,
      492.0,
      500.0,
      500.0,
      500.0,
      500.0,
      500.0,
      500.0,
      500.0,
      500.0,
      500.0
    ],
    "lengths": [
      500,
      500,
      500,
      500,
      500,
      500,
      500,
      500,
      500,
      437,
      492,
      500,
      500,
      500,
      500,
      500,
      500,
      500,
      500,
      500
    ],
    "eval_seeds": [
      3050078,
      3050079,
      3050080,
      3050081,
      3050082,
      3050083,
      3050084,
      3050085,
      3050086,
      3050087,
      3050088,
      3050089,
      3050090,
      3050091,
      3050092,
      3050093,
      3050094,
      3050095,
      3050096,
      3050097
    ]
  }
}