{
  "network_id": 116984,
  "seed": 3116984,
  "valid": true,
  "baseline_reward": 211.35,
  "baseline_fitness": 0.42269999999999996,
  "stratum": "low_mid",
  "genome": {
    "max_growth_steps": 200,
    "size_x": 10,
    "size_y": 10,
    "diffusion_rate": 0.059114007063771096,
    "num_morphogens": 3,
    "division_threshold": 0.5017675289680287,
    "cell_differentiation_threshold": 0.46597398449019367,
    "axon_growth_threshold": 0.3718119425964294,
    "max_axon_length": 5,
    "axon_connect_threshold": 0.6110774897283862,
    "self_connect_isolated_neurons_fraction": 0.006702285200501223,
    "weight_adjustment_target": 0.40728034802492447,
    "weight_adjustment_rate": 0.008129166913882338,
    "progenitor_secretion_rates": [
      0.4933954648952058,
      0.213702380917959,
      0.15517175565725616
    ],
    "neuron_secretion_rates": [
      0.056192529706087735,
      0.2664450762764154,
      0.32248032929644865
    ],
    "inhibition_matrix": [
      [
        0.0,
        0.0,
        0.0
      ],
      [
        0.0,
        0.0,
        0.0
      ],
      [
        0.0,
        0.00011746162844561425,
        0.0
      ]
    ],
    "diffusion_patterns": [
      [
        [
          0.06191710401042192,
          0.13625184173154192,
          0.1666782526847353
        ],
        [
          0.09141222660735743,
          0.08567999887249277,
          0.03674374229252
        ],
        [
          0.1966462692441438,
          0.04659224377515525,
          0.17807832078163163
        ]
      ],
      [
        [
          0.12597629651336484,
          0.05945085377781301,
          0.13976757585173905
        ],
        [
          0.1609790961406134,
          0.037183727026125046,
          0.11584112213817643
        ],
        [
          0.13741495367194934,
          0.1364355033134808,
          0.08695087156673813
        ]
      ],
      [
        [
          0.10393237303636635,
          0.11746855855026818,
          0.22128413872737887
        ],
        [
          0.22640568365152505,
          0.11138838523043657,
          0.1001647627745795
        ],
        [
          0.030324614288372423,
          0.002805182426931466,
          0.08622630131414163
        ]
      ]
    ]
  },
  "network_stats": {
    "neurons": 100,
    "connections": 264
  },
  "rollout_data": {
    "rewards": [
      148.0,
      221.0,
      140.0,
      264.0,
      166.0,
      182.0,
      192.0,
      234.0,
      236.0,
      261.0,
      148.0,
      136.0,
      254.0,
      175.0,
      237.0,
      260.0,
      236.0,
      265.0,
      234.0,
      238.0
    ],
    "lengths": [
      148,
      221,
      140,
      264,
      166,
      182,
      192,
      234,
      236,
      261,
      148,
      136,
      254,
      175,
      237,
      260,
      236,
      265,
      234,
      238
    ],
    "eval_seeds": [
      3116984,
      3116985,
      3116986,
      3116987,
      3116988,
      3116989,
      3116990,
      3116991,
      3116992,
      3116993,
      3116994,
      3116995,
      3116996,
      3116997,
      3116998,
      3116999,
      3117000,
      3117001,
      3117002,
      3117003
    ]
  }
}