{
  "network_id": 47129,
  "seed": 3047129,
  "valid": true,
  "baseline_reward": 500.0,
  "baseline_fitness": 1.0,
  "stratum": "perfect",
  "genome": {
    "max_growth_steps": 200,
    "size_x": 10,
    "size_y": 10,
    "diffusion_rate": 0.11729538053256978,
    "num_morphogens": 3,
    "division_threshold": 0.6723309690264506,
    "cell_differentiation_threshold": 0.6968957503305584,
    "axon_growth_threshold": 0.48643970504096284,
    "max_axon_length": 7,
    "axon_connect_threshold": 0.8965093204350796,
    "self_connect_isolated_neurons_fraction": 0.10934754100593658,
    "weight_adjustment_target": 0.6699312994936013,
    "weight_adjustment_rate": 0.00955035062324892,
    "progenitor_secretion_rates": [
      0.46157687069048003,
      0.22410042233901695,
      0.4618436806759837
    ],
    "neuron_secretion_rates": [
      0.2273192369756779,
      0.054836901961310414,
      0.00639762242641162
    ],
    "inhibition_matrix": [
      [
        0.0,
        0.0,
        0.0
      ],
      [
        0.0,
        0.0,
        0.0
      ],
      [
        0.0,
        0.0,
        0.0
      ]
    ],
    "diffusion_patterns": [
      [
        [
          0.13856524977841334,
          0.22003054881567127,
          0.1431399424830212
        ],
        [
          0.23614646776805287,
          0.05111754617063693,
          0.08800840951921167
        ],
        [
          0.011248310702893793,
          0.08269949479699215,
          0.029044029965106813
        ]
      ],
      [
        [
          0.04390559026845672,
          0.012910601962336402,
          0.1948999987323378
        ],
        [
          0.08390047520453169,
          0.22695683206369874,
          0.057417934195639106
        ],
        [
          0.12385200655054572,
          0.06654064225206112,
          0.1896159187703927
        ]
      ],
      [
        [
          0.21300285097491,
          0.11579706214817234,
          0.09645489339795024
        ],
        [
          0.007398778879764996,
          0.0803645796938751,
          0.06391288471316968
        ],
        [
          0.16853564971170665,
          0.20960919950948956,
          0.04492410097096135
        ]
      ]
    ]
  },
  "network_stats": {
    "neurons": 100,
    "connections": 309
  },
  "rollout_data": {
    "rewards": [
      500.0,
      500.0,
      500.0,
      500.0,
      500.0,
      500.0,
      500.0,
      500.0,
      500.0,
      500.0,
      500.0,
      500.0,
      500.0,
      500.0,
      500.0,
      500.0,
      500.0,
      500.0,
      500.0,
      500.0
    ],
    "lengths": [
      500,
      500,
      500,
      500,
      500,
      500,
      500,
      500,
      500,
      500,
      500,
      500,
      500,
      500,
      500,
      500,
      500,
      500,
      500,
      500
    ],
    "eval_seeds": [
      3047129,
      3047130,
      3047131,
      3047132,
      3047133,
      3047134,
      3047135,
      3047136,
      3047137,
      3047138,
      3047139,
      3047140,
      3047141,
      3047142,
      3047143,
      3047144,
      3047145,
      3047146,
      3047147,
      3047148
    ]
  }
}