{
  "network_id": 75099,
  "seed": 3075099,
  "valid": true,
  "baseline_reward": 374.3,
  "baseline_fitness": 0.7486,
  "stratum": "high_mid",
  "genome": {
    "max_growth_steps": 200,
    "size_x": 10,
    "size_y": 10,
    "diffusion_rate": 0.13964159327248016,
    "num_morphogens": 3,
    "division_threshold": 0.4380355434925588,
    "cell_differentiation_threshold": 0.3992869716803218,
    "axon_growth_threshold": 0.38941256441743954,
    "max_axon_length": 5,
    "axon_connect_threshold": 0.8519487985060805,
    "self_connect_isolated_neurons_fraction": 0.20571358387227742,
    "weight_adjustment_target": 0.5027450301217022,
    "weight_adjustment_rate": 0.019262877354218173,
    "progenitor_secretion_rates": [
      0.386261617859207,
      0.3242115410105889,
      0.14628221564455574
    ],
    "neuron_secretion_rates": [
      0.38722411463076967,
      0.04970134748440075,
      0.2876679105020277
    ],
    "inhibition_matrix": [
      [
        0.0,
        0.16231192229323932,
        0.0
      ],
      [
        0.0,
        0.0,
        0.0
      ],
      [
        0.0,
        0.0,
        0.0
      ]
    ],
    "diffusion_patterns": [
      [
        [
          0.0766532505503083,
          0.10276165978813419,
          0.08017143750048322
        ],
        [
          0.1295839417027001,
          0.12976324316156387,
          0.17795904291645423
        ],
        [
          0.06508751002232949,
          0.053504021150461434,
          0.1845158932075652
        ]
      ],
      [
        [
          0.041991695419466686,
          0.05991592985535041,
          0.05381596910173659
        ],
        [
          0.13289544828424218,
          0.08079757461339326,
          0.28099852403192793
        ],
        [
          0.054124624813397824,
          0.1386757260553134,
          0.15678450782517173
        ]
      ],
      [
        [
          0.17994827214589537,
          0.08488847093380417,
          0.10214865413420116
        ],
        [
          0.023872253601398982,
          0.07814111255098595,
          0.21613899774226902
        ],
        [
          0.15914940399286753,
          0.031131824388157564,
          0.12458101051042016
        ]
      ]
    ]
  },
  "network_stats": {
    "neurons": 100,
    "connections": 276
  },
  "rollout_data": {
    "rewards": [
      398.0,
      334.0,
      420.0,
      330.0,
      344.0,
      500.0,
      373.0,
      346.0,
      394.0,
      320.0,
      324.0,
      349.0,
      322.0,
      401.0,
      417.0,
      406.0,
      312.0,
      500.0,
      344.0,
      352.0
    ],
    "lengths": [
      398,
      334,
      420,
      330,
      344,
      500,
      373,
      346,
      394,
      320,
      324,
      349,
      322,
      401,
      417,
      406,
      312,
      500,
      344,
      352
    ],
    "eval_seeds": [
      3075099,
      3075100,
      3075101,
      3075102,
      3075103,
      3075104,
      3075105,
      3075106,
      3075107,
      3075108,
      3075109,
      3075110,
      3075111,
      3075112,
      3075113,
      3075114,
      3075115,
      3075116,
      3075117,
      3075118
    ]
  }
}