{
  "network_id": 144808,
  "seed": 3144808,
  "valid": true,
  "baseline_reward": 226.9,
  "baseline_fitness": 0.45380000000000004,
  "stratum": "low_mid",
  "genome": {
    "max_growth_steps": 200,
    "size_x": 10,
    "size_y": 10,
    "diffusion_rate": 0.11591754952746057,
    "num_morphogens": 3,
    "division_threshold": 0.3938353278210335,
    "cell_differentiation_threshold": 0.30614802514075856,
    "axon_growth_threshold": 0.2599407138884509,
    "max_axon_length": 8,
    "axon_connect_threshold": 0.44278569201673135,
    "self_connect_isolated_neurons_fraction": 0.06624186607900191,
    "weight_adjustment_target": 0.42051630534048856,
    "weight_adjustment_rate": 0.013618400097062902,
    "progenitor_secretion_rates": [
      0.48371495882523635,
      0.35232585517131365,
      0.4385531678551346
    ],
    "neuron_secretion_rates": [
      0.259828085442444,
      0.13316973281160183,
      0.3254125012759836
    ],
    "inhibition_matrix": [
      [
        0.0,
        0.0,
        0.0
      ],
      [
        0.0,
        0.0,
        0.16685730720556752
      ],
      [
        0.0,
        0.14263577621120072,
        0.0
      ]
    ],
    "diffusion_patterns": [
      [
        [
          0.06346546302296029,
          0.06826618614114065,
          0.035075513008723205
        ],
        [
          0.08254960226474078,
          0.11465562927642604,
          0.21458192346234634
        ],
        [
          0.16305699885895758,
          0.19955304087588363,
          0.05879564308882143
        ]
      ],
      [
        [
          0.1570844259761018,
          0.04720387798217882,
          0.1526837901639819
        ],
        [
          0.0723862409755589,
          0.12878381528909694,
          0.12495050817896834
        ],
        [
          0.13100144808971576,
          0.10558667341159665,
          0.08031921993280079
        ]
      ],
      [
        [
          0.10005297523279173,
          0.03395931040799577,
          0.17966237420254638
        ],
        [
          0.05607222205034956,
          0.02275480570441426,
          0.16763721591747274
        ],
        [
          0.16997029545195078,
          0.1392022504076484,
          0.1306885506248304
        ]
      ]
    ]
  },
  "network_stats": {
    "neurons": 100,
    "connections": 567
  },
  "rollout_data": {
    "rewards": [
      267.0,
      175.0,
      188.0,
      173.0,
      190.0,
      259.0,
      226.0,
      193.0,
      169.0,
      191.0,
      293.0,
      176.0,
      242.0,
      185.0,
      283.0,
      329.0,
      266.0,
      207.0,
      274.0,
      252.0
    ],
    "lengths": [
      267,
      175,
      188,
      173,
      190,
      259,
      226,
      193,
      169,
      191,
      293,
      176,
      242,
      185,
      283,
      329,
      266,
      207,
      274,
      252
    ],
    "eval_seeds": [
      3144808,
      3144809,
      3144810,
      3144811,
      3144812,
      3144813,
      3144814,
      3144815,
      3144816,
      3144817,
      3144818,
      3144819,
      3144820,
      3144821,
      3144822,
      3144823,
      3144824,
      3144825,
      3144826,
      3144827
    ]
  }
}