{
  "network_id": 150248,
  "seed": 3150248,
  "valid": true,
  "baseline_reward": 500.0,
  "baseline_fitness": 1.0,
  "stratum": "perfect",
  "genome": {
    "max_growth_steps": 200,
    "size_x": 10,
    "size_y": 10,
    "diffusion_rate": 0.18139805424546251,
    "num_morphogens": 3,
    "division_threshold": 0.6911327818885717,
    "cell_differentiation_threshold": 0.5573261568767384,
    "axon_growth_threshold": 0.37248741210918834,
    "max_axon_length": 2,
    "axon_connect_threshold": 0.5868711990488169,
    "self_connect_isolated_neurons_fraction": 0.17942563477077525,
    "weight_adjustment_target": 0.39483833902799553,
    "weight_adjustment_rate": 0.012645198943836568,
    "progenitor_secretion_rates": [
      0.29031918241480337,
      0.23657885907640602,
      0.4458277070503899
    ],
    "neuron_secretion_rates": [
      0.0409860334370154,
      0.058980734564526016,
      0.003291560522543091
    ],
    "inhibition_matrix": [
      [
        0.0,
        0.0,
        0.0
      ],
      [
        0.20905837850243897,
        0.0,
        0.0
      ],
      [
        0.0,
        0.0,
        0.0
      ]
    ],
    "diffusion_patterns": [
      [
        [
          0.19300895395918513,
          0.10821700956950152,
          0.07312726396211129
        ],
        [
          0.16382521463879185,
          0.025470494051685777,
          0.12301842469303571
        ],
        [
          0.07130679537258988,
          0.11682934500821798,
          0.12519649874488098
        ]
      ],
      [
        [
          0.04013761494282749,
          0.08430230381308179,
          0.17496843009640972
        ],
        [
          0.16483175746685688,
          0.1281350708032384,
          0.0323026482410903
        ],
        [
          0.0486053481968416,
          0.1825526794739244,
          0.14416414696572946
        ]
      ],
      [
        [
          0.07345919800723932,
          0.15560454294704104,
          0.08982781463973173
        ],
        [
          0.03921724028205809,
          0.14544566693729963,
          0.10036735675631216
        ],
        [
          0.09230368210346668,
          0.18162769934178072,
          0.12214679898507062
        ]
      ]
    ]
  },
  "network_stats": {
    "neurons": 100,
    "connections": 280
  },
  "rollout_data": {
    "rewards": [
      500.0,
      500.0,
      500.0,
      500.0,
      500.0,
      500.0,
      500.0,
      500.0,
      500.0,
      500.0,
      500.0,
      500.0,
      500.0,
      500.0,
      500.0,
      500.0,
      500.0,
      500.0,
      500.0,
      500.0
    ],
    "lengths": [
      500,
      500,
      500,
      500,
      500,
      500,
      500,
      500,
      500,
      500,
      500,
      500,
      500,
      500,
      500,
      500,
      500,
      500,
      500,
      500
    ],
    "eval_seeds": [
      3150248,
      3150249,
      3150250,
      3150251,
      3150252,
      3150253,
      3150254,
      3150255,
      3150256,
      3150257,
      3150258,
      3150259,
      3150260,
      3150261,
      3150262,
      3150263,
      3150264,
      3150265,
      3150266,
      3150267
    ]
  }
}