{
  "network_id": 123212,
  "seed": 3123212,
  "valid": true,
  "baseline_reward": 207.35,
  "baseline_fitness": 0.4147,
  "stratum": "low_mid",
  "genome": {
    "max_growth_steps": 200,
    "size_x": 10,
    "size_y": 10,
    "diffusion_rate": 0.07075060369320836,
    "num_morphogens": 3,
    "division_threshold": 0.32719129211360026,
    "cell_differentiation_threshold": 0.6810800885499935,
    "axon_growth_threshold": 0.4305445034609061,
    "max_axon_length": 2,
    "axon_connect_threshold": 0.6313860276930493,
    "self_connect_isolated_neurons_fraction": 0.09892925597456297,
    "weight_adjustment_target": 0.5541841679201005,
    "weight_adjustment_rate": 0.014388354235239459,
    "progenitor_secretion_rates": [
      0.3938864536233401,
      0.16648384595764076,
      0.1765106742406815
    ],
    "neuron_secretion_rates": [
      0.4146963558617817,
      0.42569136445632577,
      0.23584130681340004
    ],
    "inhibition_matrix": [
      [
        0.0,
        0.0,
        0.15271451764026633
      ],
      [
        0.0,
        0.0,
        0.10448967087001249
      ],
      [
        0.050515799036655096,
        0.0,
        0.0
      ]
    ],
    "diffusion_patterns": [
      [
        [
          0.1239887399904299,
          0.09901538443256301,
          0.05344773835409074
        ],
        [
          0.10867525506905566,
          0.220624826919497,
          0.05612652405018517
        ],
        [
          0.15721288982145273,
          0.021571827416563005,
          0.1593368139461627
        ]
      ],
      [
        [
          0.020843087595861055,
          0.020898549989651447,
          0.16002982364581977
        ],
        [
          0.3184915802187778,
          0.18023099056427558,
          0.0024881605565780134
        ],
        [
          0.045654722053437395,
          0.13614908074568366,
          0.11521400462991516
        ]
      ],
      [
        [
          0.11266103864182946,
          0.03190171171469685,
          0.15676940760258276
        ],
        [
          0.13478327244178612,
          0.08104470443613446,
          0.14212143107973016
        ],
        [
          0.1692142601945995,
          0.15144879759536445,
          0.020055376293276188
        ]
      ]
    ]
  },
  "network_stats": {
    "neurons": 100,
    "connections": 245
  },
  "rollout_data": {
    "rewards": [
      152.0,
      227.0,
      237.0,
      216.0,
      204.0,
      254.0,
      235.0,
      249.0,
      161.0,
      173.0,
      220.0,
      218.0,
      217.0,
      243.0,
      170.0,
      220.0,
      150.0,
      210.0,
      232.0,
      159.0
    ],
    "lengths": [
      152,
      227,
      237,
      216,
      204,
      254,
      235,
      249,
      161,
      173,
      220,
      218,
      217,
      243,
      170,
      220,
      150,
      210,
      232,
      159
    ],
    "eval_seeds": [
      3123212,
      3123213,
      3123214,
      3123215,
      3123216,
      3123217,
      3123218,
      3123219,
      3123220,
      3123221,
      3123222,
      3123223,
      3123224,
      3123225,
      3123226,
      3123227,
      3123228,
      3123229,
      3123230,
      3123231
    ]
  }
}