{
  "network_id": 130495,
  "seed": 3130495,
  "valid": true,
  "baseline_reward": 201.5,
  "baseline_fitness": 0.403,
  "stratum": "low_mid",
  "genome": {
    "max_growth_steps": 200,
    "size_x": 10,
    "size_y": 10,
    "diffusion_rate": 0.08383768700769595,
    "num_morphogens": 3,
    "division_threshold": 0.5827805066467229,
    "cell_differentiation_threshold": 0.33202374856563294,
    "axon_growth_threshold": 0.36078911661456237,
    "max_axon_length": 3,
    "axon_connect_threshold": 0.9571205698427104,
    "self_connect_isolated_neurons_fraction": 0.02871685121853533,
    "weight_adjustment_target": 0.6398886633828764,
    "weight_adjustment_rate": 0.014766183414873051,
    "progenitor_secretion_rates": [
      0.36308537998022156,
      0.15407582664330605,
      0.07203554173426979
    ],
    "neuron_secretion_rates": [
      0.3969628686412884,
      0.46480660559599196,
      0.39544751359877073
    ],
    "inhibition_matrix": [
      [
        0.0,
        0.0,
        0.01383239086517235
      ],
      [
        0.29998972145709685,
        0.0,
        0.0
      ],
      [
        0.0,
        0.0,
        0.0
      ]
    ],
    "diffusion_patterns": [
      [
        [
          0.10274970263428149,
          0.005703218107432236,
          0.12544386340432392
        ],
        [
          0.16118832241233014,
          0.17984338480739545,
          0.16839221018718634
        ],
        [
          0.008449674503887459,
          0.05700525214681633,
          0.1912243717963466
        ]
      ],
      [
        [
          0.16178654240721366,
          0.1693329185860439,
          0.05503901623684215
        ],
        [
          0.13368257831121008,
          0.12083868406578276,
          0.09755219583738825
        ],
        [
          0.18204992395308886,
          0.05972187081662255,
          0.019996269785807826
        ]
      ],
      [
        [
          0.09315075061445009,
          0.043869525096228004,
          0.04813337979566303
        ],
        [
          0.15936796783215176,
          0.15452181842162316,
          0.1330146433435675
        ],
        [
          0.0750572123650213,
          0.15762134994803118,
          0.13526335258326405
        ]
      ]
    ]
  },
  "network_stats": {
    "neurons": 100,
    "connections": 243
  },
  "rollout_data": {
    "rewards": [
      165.0,
      200.0,
      193.0,
      228.0,
      222.0,
      211.0,
      160.0,
      243.0,
      238.0,
      225.0,
      217.0,
      144.0,
      178.0,
      148.0,
      256.0,
      154.0,
      194.0,
      227.0,
      217.0,
      210.0
    ],
    "lengths": [
      165,
      200,
      193,
      228,
      222,
      211,
      160,
      243,
      238,
      225,
      217,
      144,
      178,
      148,
      256,
      154,
      194,
      227,
      217,
      210
    ],
    "eval_seeds": [
      3130495,
      3130496,
      3130497,
      3130498,
      3130499,
      3130500,
      3130501,
      3130502,
      3130503,
      3130504,
      3130505,
      3130506,
      3130507,
      3130508,
      3130509,
      3130510,
      3130511,
      3130512,
      3130513,
      3130514
    ]
  }
}