{
  "network_id": 150120,
  "seed": 3150120,
  "valid": true,
  "baseline_reward": 41.25,
  "baseline_fitness": 0.0825,
  "stratum": "weak",
  "genome": {
    "max_growth_steps": 200,
    "size_x": 10,
    "size_y": 10,
    "diffusion_rate": 0.1163293681990447,
    "num_morphogens": 3,
    "division_threshold": 0.6279920197871822,
    "cell_differentiation_threshold": 0.545922618714206,
    "axon_growth_threshold": 0.3655601596344389,
    "max_axon_length": 10,
    "axon_connect_threshold": 0.5449698689449645,
    "self_connect_isolated_neurons_fraction": 0.1318750265353279,
    "weight_adjustment_target": 0.6502322460656813,
    "weight_adjustment_rate": 0.009073082144965171,
    "progenitor_secretion_rates": [
      0.4082974527281798,
      0.06027651016628233,
      0.019602561280265496
    ],
    "neuron_secretion_rates": [
      0.3310028475240676,
      0.4178988355665814,
      0.2616557445657667
    ],
    "inhibition_matrix": [
      [
        0.0,
        0.0,
        0.0
      ],
      [
        0.0,
        0.0,
        0.0
      ],
      [
        0.0,
        0.0,
        0.0
      ]
    ],
    "diffusion_patterns": [
      [
        [
          0.037015456273763916,
          0.17108317557445588,
          0.19374697291841353
        ],
        [
          0.017567146668967155,
          0.024848771521674595,
          0.0815552570187744
        ],
        [
          0.30001982440172975,
          0.06139194235651812,
          0.11277145326570268
        ]
      ],
      [
        [
          0.1898102715464189,
          0.1031128498950875,
          0.057090921119967324
        ],
        [
          0.06761688494020955,
          0.03313217479278564,
          0.20639348327810722
        ],
        [
          0.05630792551659436,
          0.20721920272497762,
          0.07931628618585185
        ]
      ],
      [
        [
          0.2383939387212597,
          0.037365521285308456,
          0.09594279369135421
        ],
        [
          0.04898860013654553,
          0.10234043226453741,
          0.03615882081014099
        ],
        [
          0.24838200074250147,
          0.037363741536654206,
          0.1550641508116981
        ]
      ]
    ]
  },
  "network_stats": {
    "neurons": 100,
    "connections": 238
  },
  "rollout_data": {
    "rewards": [
      38.0,
      41.0,
      47.0,
      35.0,
      34.0,
      25.0,
      35.0,
      46.0,
      41.0,
      49.0,
      41.0,
      36.0,
      47.0,
      56.0,
      46.0,
      34.0,
      53.0,
      41.0,
      40.0,
      40.0
    ],
    "lengths": [
      38,
      41,
      47,
      35,
      34,
      25,
      35,
      46,
      41,
      49,
      41,
      36,
      47,
      56,
      46,
      34,
      53,
      41,
      40,
      40
    ],
    "eval_seeds": [
      3150120,
      3150121,
      3150122,
      3150123,
      3150124,
      3150125,
      3150126,
      3150127,
      3150128,
      3150129,
      3150130,
      3150131,
      3150132,
      3150133,
      3150134,
      3150135,
      3150136,
      3150137,
      3150138,
      3150139
    ]
  }
}