{
  "network_id": 57081,
  "seed": 3057081,
  "valid": true,
  "baseline_reward": 235.95,
  "baseline_fitness": 0.4719,
  "stratum": "low_mid",
  "genome": {
    "max_growth_steps": 200,
    "size_x": 10,
    "size_y": 10,
    "diffusion_rate": 0.05953903196844752,
    "num_morphogens": 3,
    "division_threshold": 0.40337061662518015,
    "cell_differentiation_threshold": 0.5128989206351328,
    "axon_growth_threshold": 0.4581086338411755,
    "max_axon_length": 2,
    "axon_connect_threshold": 0.4979899595318987,
    "self_connect_isolated_neurons_fraction": 0.0041416080627112994,
    "weight_adjustment_target": 0.6394546236757765,
    "weight_adjustment_rate": 0.010722393751589156,
    "progenitor_secretion_rates": [
      0.4790786300175752,
      0.2727584298983808,
      0.05716681906001131
    ],
    "neuron_secretion_rates": [
      0.20797176505068243,
      0.4000730472519937,
      0.4961771358722325
    ],
    "inhibition_matrix": [
      [
        0.0,
        0.0,
        0.0
      ],
      [
        0.0,
        0.0,
        0.0
      ],
      [
        0.0,
        0.0,
        0.0
      ]
    ],
    "diffusion_patterns": [
      [
        [
          0.029730946299844536,
          0.16053091747192777,
          0.06377303795972507
        ],
        [
          0.044033180615291836,
          0.19168952970577918,
          0.1277150713337603
        ],
        [
          0.06142851000346612,
          0.18270457305892265,
          0.13839423355128247
        ]
      ],
      [
        [
          0.09826319278716039,
          0.16505557739291746,
          0.11863182584801056
        ],
        [
          0.18608685318092885,
          0.0631216859671799,
          0.01995273449705533
        ],
        [
          0.03231671429283948,
          0.1099638845451843,
          0.20660753148872368
        ]
      ],
      [
        [
          0.0551202307465688,
          0.1738786724692576,
          0.13228821239210972
        ],
        [
          0.12686878193034304,
          0.017001016037053535,
          0.1776225974121256
        ],
        [
          0.1135200122847267,
          0.10394386737267888,
          0.09975660935513611
        ]
      ]
    ]
  },
  "network_stats": {
    "neurons": 100,
    "connections": 268
  },
  "rollout_data": {
    "rewards": [
      169.0,
      146.0,
      147.0,
      176.0,
      208.0,
      281.0,
      327.0,
      345.0,
      278.0,
      322.0,
      172.0,
      167.0,
      151.0,
      154.0,
      171.0,
      235.0,
      343.0,
      408.0,
      192.0,
      327.0
    ],
    "lengths": [
      169,
      146,
      147,
      176,
      208,
      281,
      327,
      345,
      278,
      322,
      172,
      167,
      151,
      154,
      171,
      235,
      343,
      408,
      192,
      327
    ],
    "eval_seeds": [
      3057081,
      3057082,
      3057083,
      3057084,
      3057085,
      3057086,
      3057087,
      3057088,
      3057089,
      3057090,
      3057091,
      3057092,
      3057093,
      3057094,
      3057095,
      3057096,
      3057097,
      3057098,
      3057099,
      3057100
    ]
  }
}