{
  "network_id": 54431,
  "seed": 3054431,
  "valid": true,
  "baseline_reward": 500.0,
  "baseline_fitness": 1.0,
  "stratum": "perfect",
  "genome": {
    "max_growth_steps": 200,
    "size_x": 10,
    "size_y": 10,
    "diffusion_rate": 0.16931696121873901,
    "num_morphogens": 3,
    "division_threshold": 0.3233143682190281,
    "cell_differentiation_threshold": 0.6237480403625657,
    "axon_growth_threshold": 0.23352900166274965,
    "max_axon_length": 2,
    "axon_connect_threshold": 0.40072512497028384,
    "self_connect_isolated_neurons_fraction": 0.11596172328208611,
    "weight_adjustment_target": 0.47405473863588554,
    "weight_adjustment_rate": 0.011577720908363447,
    "progenitor_secretion_rates": [
      0.31571149972794094,
      0.006193211603884308,
      0.47683914380245135
    ],
    "neuron_secretion_rates": [
      0.41890932680899406,
      0.4400135725248033,
      0.45520229284128927
    ],
    "inhibition_matrix": [
      [
        0.0,
        0.43543218581236265,
        0.07938276757288987
      ],
      [
        0.0,
        0.0,
        0.0
      ],
      [
        0.0,
        0.49249545930055244,
        0.0
      ]
    ],
    "diffusion_patterns": [
      [
        [
          0.10520453213686161,
          0.10809962573700402,
          0.08867693187615852
        ],
        [
          0.16223651925254687,
          0.1542400264084168,
          0.10562465315941147
        ],
        [
          0.14264589670834918,
          0.08475089413761412,
          0.04852092058363738
        ]
      ],
      [
        [
          0.017783124966382582,
          0.027601907655825236,
          0.07461893861030305
        ],
        [
          0.1466024130802422,
          0.12674665272072602,
          0.22668792997401682
        ],
        [
          0.1534603393659608,
          0.2232589926388767,
          0.0032397009876667213
        ]
      ],
      [
        [
          0.12334543429083948,
          0.082992169744126,
          0.2293649172111633
        ],
        [
          0.09750992891920401,
          0.09007958909205509,
          0.08280762893978927
        ],
        [
          0.006341618425596444,
          0.09711197684222192,
          0.1904467365350045
        ]
      ]
    ]
  },
  "network_stats": {
    "neurons": 100,
    "connections": 298
  },
  "rollout_data": {
    "rewards": [
      500.0,
      500.0,
      500.0,
      500.0,
      500.0,
      500.0,
      500.0,
      500.0,
      500.0,
      500.0,
      500.0,
      500.0,
      500.0,
      500.0,
      500.0,
      500.0,
      500.0,
      500.0,
      500.0,
      500.0
    ],
    "lengths": [
      500,
      500,
      500,
      500,
      500,
      500,
      500,
      500,
      500,
      500,
      500,
      500,
      500,
      500,
      500,
      500,
      500,
      500,
      500,
      500
    ],
    "eval_seeds": [
      3054431,
      3054432,
      3054433,
      3054434,
      3054435,
      3054436,
      3054437,
      3054438,
      3054439,
      3054440,
      3054441,
      3054442,
      3054443,
      3054444,
      3054445,
      3054446,
      3054447,
      3054448,
      3054449,
      3054450
    ]
  }
}