{
  "network_id": 54273,
  "seed": 3054273,
  "valid": true,
  "baseline_reward": 41.35,
  "baseline_fitness": 0.08270000000000001,
  "stratum": "weak",
  "genome": {
    "max_growth_steps": 200,
    "size_x": 10,
    "size_y": 10,
    "diffusion_rate": 0.06339722432970883,
    "num_morphogens": 3,
    "division_threshold": 0.617126690613039,
    "cell_differentiation_threshold": 0.4846757668743604,
    "axon_growth_threshold": 0.2576636215919609,
    "max_axon_length": 6,
    "axon_connect_threshold": 0.6493534683029699,
    "self_connect_isolated_neurons_fraction": 0.11134674740739424,
    "weight_adjustment_target": 0.3242674913863339,
    "weight_adjustment_rate": 0.01869896869978835,
    "progenitor_secretion_rates": [
      0.4005000232278796,
      0.28390054856403985,
      0.08019058792047973
    ],
    "neuron_secretion_rates": [
      0.10411119981123967,
      0.09859224978219477,
      0.4992205646896414
    ],
    "inhibition_matrix": [
      [
        0.0,
        0.0,
        0.0
      ],
      [
        0.07977437784986935,
        0.0,
        0.0
      ],
      [
        0.1802381209950646,
        0.0,
        0.0
      ]
    ],
    "diffusion_patterns": [
      [
        [
          0.06411481758724082,
          0.005916711207785162,
          0.06362584672594196
        ],
        [
          0.07065366088651627,
          0.15750200619379087,
          0.1857901287382988
        ],
        [
          0.10990904082477974,
          0.15195230935630308,
          0.19053547847934316
        ]
      ],
      [
        [
          0.07143591154532626,
          0.08814450564724702,
          0.13693823706030112
        ],
        [
          0.021161187626383485,
          0.06537745541256221,
          0.18733362539898732
        ],
        [
          0.21346547598683452,
          0.17064456428116254,
          0.04549903704119548
        ]
      ],
      [
        [
          0.17767790786898485,
          0.12313405233097684,
          0.1770455521659366
        ],
        [
          0.005671591859782779,
          0.0070780602792716715,
          0.17097877653568616
        ],
        [
          0.039878599410926543,
          0.12488451239340109,
          0.17365094715503335
        ]
      ]
    ]
  },
  "network_stats": {
    "neurons": 100,
    "connections": 300
  },
  "rollout_data": {
    "rewards": [
      41.0,
      47.0,
      58.0,
      62.0,
      34.0,
      40.0,
      56.0,
      36.0,
      37.0,
      40.0,
      35.0,
      32.0,
      41.0,
      34.0,
      39.0,
      39.0,
      53.0,
      37.0,
      41.0,
      25.0
    ],
    "lengths": [
      41,
      47,
      58,
      62,
      34,
      40,
      56,
      36,
      37,
      40,
      35,
      32,
      41,
      34,
      39,
      39,
      53,
      37,
      41,
      25
    ],
    "eval_seeds": [
      3054273,
      3054274,
      3054275,
      3054276,
      3054277,
      3054278,
      3054279,
      3054280,
      3054281,
      3054282,
      3054283,
      3054284,
      3054285,
      3054286,
      3054287,
      3054288,
      3054289,
      3054290,
      3054291,
      3054292
    ]
  }
}