{
  "network_id": 1665,
  "seed": 3001665,
  "valid": true,
  "baseline_reward": 476.3,
  "baseline_fitness": 0.9526,
  "stratum": "perfect",
  "genome": {
    "max_growth_steps": 200,
    "size_x": 10,
    "size_y": 10,
    "diffusion_rate": 0.13610116313739978,
    "num_morphogens": 3,
    "division_threshold": 0.41708678792800513,
    "cell_differentiation_threshold": 0.5293475872203632,
    "axon_growth_threshold": 0.4898728023075857,
    "max_axon_length": 6,
    "axon_connect_threshold": 0.8695523258722107,
    "self_connect_isolated_neurons_fraction": 0.14855976800229936,
    "weight_adjustment_target": 0.5122425641986565,
    "weight_adjustment_rate": 0.015047101328975993,
    "progenitor_secretion_rates": [
      0.3854495250828645,
      0.49195964894839067,
      0.3453250967993249
    ],
    "neuron_secretion_rates": [
      0.12971915716001237,
      0.2091162700515265,
      0.485098292030369
    ],
    "inhibition_matrix": [
      [
        0.0,
        0.08175133768639053,
        0.0
      ],
      [
        0.32068265080050107,
        0.0,
        0.0
      ],
      [
        0.0,
        0.0,
        0.0
      ]
    ],
    "diffusion_patterns": [
      [
        [
          0.027232426371032445,
          0.16377203046706365,
          0.15601930826713994
        ],
        [
          0.00045369078908889137,
          0.14061993250504787,
          0.13330298902699073
        ],
        [
          0.05000501792159642,
          0.16781336138412728,
          0.16078124326791274
        ]
      ],
      [
        [
          0.08388775271270789,
          0.025021302170713376,
          0.17213690805018864
        ],
        [
          0.16421566831666362,
          0.15149636632451527,
          0.07468121670646888
        ],
        [
          0.16101001123317676,
          0.15375238639085678,
          0.01379838809470878
        ]
      ],
      [
        [
          0.0037122096800015774,
          0.22874714866643417,
          0.07513576875872044
        ],
        [
          0.14424279944584623,
          0.08486603486013251,
          0.0907701039768423
        ],
        [
          0.22247915246134675,
          0.057381110613866554,
          0.09266567153680953
        ]
      ]
    ]
  },
  "network_stats": {
    "neurons": 100,
    "connections": 262
  },
  "rollout_data": {
    "rewards": [
      500.0,
      500.0,
      500.0,
      500.0,
      500.0,
      500.0,
      500.0,
      500.0,
      500.0,
      500.0,
      500.0,
      500.0,
      26.0,
      500.0,
      500.0,
      500.0,
      500.0,
      500.0,
      500.0,
      500.0
    ],
    "lengths": [
      500,
      500,
      500,
      500,
      500,
      500,
      500,
      500,
      500,
      500,
      500,
      500,
      26,
      500,
      500,
      500,
      500,
      500,
      500,
      500
    ],
    "eval_seeds": [
      3001665,
      3001666,
      3001667,
      3001668,
      3001669,
      3001670,
      3001671,
      3001672,
      3001673,
      3001674,
      3001675,
      3001676,
      3001677,
      3001678,
      3001679,
      3001680,
      3001681,
      3001682,
      3001683,
      3001684
    ]
  }
}