{
  "network_id": 131678,
  "seed": 3131678,
  "valid": true,
  "baseline_reward": 500.0,
  "baseline_fitness": 1.0,
  "stratum": "perfect",
  "genome": {
    "max_growth_steps": 200,
    "size_x": 10,
    "size_y": 10,
    "diffusion_rate": 0.08435981058159864,
    "num_morphogens": 3,
    "division_threshold": 0.45607915064695365,
    "cell_differentiation_threshold": 0.41542100158056944,
    "axon_growth_threshold": 0.3696632730466559,
    "max_axon_length": 6,
    "axon_connect_threshold": 0.8722379997634513,
    "self_connect_isolated_neurons_fraction": 0.15452450641761672,
    "weight_adjustment_target": 0.6899218273693214,
    "weight_adjustment_rate": 0.010315529756738167,
    "progenitor_secretion_rates": [
      0.30921460762418146,
      0.1998580845361948,
      0.1294125090376207
    ],
    "neuron_secretion_rates": [
      0.4440562743606434,
      0.176569179036914,
      0.3517580196785493
    ],
    "inhibition_matrix": [
      [
        0.0,
        0.0,
        0.26402400425190314
      ],
      [
        0.0,
        0.0,
        0.0
      ],
      [
        0.0,
        0.0,
        0.0
      ]
    ],
    "diffusion_patterns": [
      [
        [
          0.26465002976178365,
          0.06562852633581241,
          0.20639783119394361
        ],
        [
          0.007391803707967171,
          0.053837048601708286,
          0.05800095434079921
        ],
        [
          0.02362749570143306,
          0.18775678593481554,
          0.13270952442173717
        ]
      ],
      [
        [
          0.05723622189254696,
          0.2111079981312999,
          0.04213099232839826
        ],
        [
          0.0027308838455431424,
          0.18220063691165317,
          0.001124674701432766
        ],
        [
          0.10463446965970633,
          0.29291289533877246,
          0.10592122719064709
        ]
      ],
      [
        [
          0.08845860695471595,
          0.010895210069965888,
          0.001881809009910997
        ],
        [
          0.260630674305215,
          0.10363865864588304,
          0.06187612661352438
        ],
        [
          0.12628492960586027,
          0.260026806348224,
          0.08630717844670045
        ]
      ]
    ]
  },
  "network_stats": {
    "neurons": 100,
    "connections": 279
  },
  "rollout_data": {
    "rewards": [
      500.0,
      500.0,
      500.0,
      500.0,
      500.0,
      500.0,
      500.0,
      500.0,
      500.0,
      500.0,
      500.0,
      500.0,
      500.0,
      500.0,
      500.0,
      500.0,
      500.0,
      500.0,
      500.0,
      500.0
    ],
    "lengths": [
      500,
      500,
      500,
      500,
      500,
      500,
      500,
      500,
      500,
      500,
      500,
      500,
      500,
      500,
      500,
      500,
      500,
      500,
      500,
      500
    ],
    "eval_seeds": [
      3131678,
      3131679,
      3131680,
      3131681,
      3131682,
      3131683,
      3131684,
      3131685,
      3131686,
      3131687,
      3131688,
      3131689,
      3131690,
      3131691,
      3131692,
      3131693,
      3131694,
      3131695,
      3131696,
      3131697
    ]
  }
}