{
  "network_id": 58326,
  "seed": 3058326,
  "valid": true,
  "baseline_reward": 200.2,
  "baseline_fitness": 0.4004,
  "stratum": "low_mid",
  "genome": {
    "max_growth_steps": 200,
    "size_x": 10,
    "size_y": 10,
    "diffusion_rate": 0.06896050806967388,
    "num_morphogens": 3,
    "division_threshold": 0.4114654716991135,
    "cell_differentiation_threshold": 0.5296302132376818,
    "axon_growth_threshold": 0.41511604590827755,
    "max_axon_length": 6,
    "axon_connect_threshold": 0.809614490844453,
    "self_connect_isolated_neurons_fraction": 0.01650142727637327,
    "weight_adjustment_target": 0.45969616986313205,
    "weight_adjustment_rate": 0.012531451411644913,
    "progenitor_secretion_rates": [
      0.4617349841621112,
      0.279045722098565,
      0.18512676938882783
    ],
    "neuron_secretion_rates": [
      0.15612345987232246,
      0.3920730319954834,
      0.3550220868493754
    ],
    "inhibition_matrix": [
      [
        0.0,
        0.32721315849689825,
        0.0
      ],
      [
        0.0,
        0.0,
        0.0
      ],
      [
        0.0,
        0.0,
        0.0
      ]
    ],
    "diffusion_patterns": [
      [
        [
          0.17378381909349994,
          0.15056579019042007,
          0.13778985963436574
        ],
        [
          0.055909193134926365,
          0.1368423812238051,
          0.05569923175944645
        ],
        [
          0.013492107883055321,
          0.1800769414630866,
          0.0958406756173945
        ]
      ],
      [
        [
          0.12454473770891848,
          0.07955798390987676,
          0.17299061599380633
        ],
        [
          0.05134496281521259,
          0.15870139269847197,
          0.05175644626801516
        ],
        [
          0.0820172600996209,
          0.2123350175852809,
          0.06675158292079691
        ]
      ],
      [
        [
          0.14143474930527886,
          0.08869785143970874,
          0.22167989541433308
        ],
        [
          0.03930294745557475,
          0.0480676420562833,
          0.08482770964214967
        ],
        [
          0.28472470366841013,
          0.05387493076053091,
          0.037389570257730605
        ]
      ]
    ]
  },
  "network_stats": {
    "neurons": 100,
    "connections": 259
  },
  "rollout_data": {
    "rewards": [
      182.0,
      230.0,
      228.0,
      152.0,
      201.0,
      189.0,
      213.0,
      221.0,
      143.0,
      212.0,
      210.0,
      152.0,
      242.0,
      201.0,
      245.0,
      306.0,
      137.0,
      155.0,
      237.0,
      148.0
    ],
    "lengths": [
      182,
      230,
      228,
      152,
      201,
      189,
      213,
      221,
      143,
      212,
      210,
      152,
      242,
      201,
      245,
      306,
      137,
      155,
      237,
      148
    ],
    "eval_seeds": [
      3058326,
      3058327,
      3058328,
      3058329,
      3058330,
      3058331,
      3058332,
      3058333,
      3058334,
      3058335,
      3058336,
      3058337,
      3058338,
      3058339,
      3058340,
      3058341,
      3058342,
      3058343,
      3058344,
      3058345
    ]
  }
}