{
  "network_id": 173367,
  "seed": 3173367,
  "valid": true,
  "baseline_reward": 187.6,
  "baseline_fitness": 0.3752,
  "stratum": "weak",
  "genome": {
    "max_growth_steps": 200,
    "size_x": 10,
    "size_y": 10,
    "diffusion_rate": 0.18522571600888993,
    "num_morphogens": 3,
    "division_threshold": 0.6066261375097335,
    "cell_differentiation_threshold": 0.61906419336754,
    "axon_growth_threshold": 0.3734756041972118,
    "max_axon_length": 10,
    "axon_connect_threshold": 0.9572632361189967,
    "self_connect_isolated_neurons_fraction": 0.25768022043628536,
    "weight_adjustment_target": 0.6524152022116126,
    "weight_adjustment_rate": 0.019631950687633258,
    "progenitor_secretion_rates": [
      0.08209205056680585,
      0.05838977733240269,
      0.05786442764624461
    ],
    "neuron_secretion_rates": [
      0.43785226779232933,
      0.3885284047153685,
      0.3064557573682152
    ],
    "inhibition_matrix": [
      [
        0.0,
        0.0,
        0.0
      ],
      [
        0.0,
        0.0,
        0.0
      ],
      [
        0.0,
        0.0,
        0.0
      ]
    ],
    "diffusion_patterns": [
      [
        [
          0.16260564715556847,
          0.19865521822770904,
          0.08393326156862461
        ],
        [
          0.07060272627226659,
          0.07316550300921808,
          0.0705768075074488
        ],
        [
          0.09479163970970492,
          0.023384742372735665,
          0.22228445417672388
        ]
      ],
      [
        [
          0.13429403495547368,
          0.03556885774029078,
          0.09733736385404522
        ],
        [
          0.09763253928341546,
          0.20078673124030022,
          0.01653527092718914
        ],
        [
          0.0728247868676263,
          0.14768728512275675,
          0.19733313000890226
        ]
      ],
      [
        [
          0.2040308018710342,
          0.14229420134289775,
          0.021851774511898455
        ],
        [
          0.13992754881697655,
          0.20306521432863614,
          0.11027077900961653
        ],
        [
          0.12854258461262413,
          0.043799868631259786,
          0.006217226875056365
        ]
      ]
    ]
  },
  "network_stats": {
    "neurons": 100,
    "connections": 276
  },
  "rollout_data": {
    "rewards": [
      153.0,
      155.0,
      155.0,
      254.0,
      148.0,
      268.0,
      198.0,
      188.0,
      145.0,
      233.0,
      161.0,
      195.0,
      227.0,
      195.0,
      204.0,
      159.0,
      164.0,
      152.0,
      227.0,
      171.0
    ],
    "lengths": [
      153,
      155,
      155,
      254,
      148,
      268,
      198,
      188,
      145,
      233,
      161,
      195,
      227,
      195,
      204,
      159,
      164,
      152,
      227,
      171
    ],
    "eval_seeds": [
      3173367,
      3173368,
      3173369,
      3173370,
      3173371,
      3173372,
      3173373,
      3173374,
      3173375,
      3173376,
      3173377,
      3173378,
      3173379,
      3173380,
      3173381,
      3173382,
      3173383,
      3173384,
      3173385,
      3173386
    ]
  }
}