{
  "network_id": 88254,
  "seed": 3088254,
  "valid": true,
  "baseline_reward": 500.0,
  "baseline_fitness": 1.0,
  "stratum": "perfect",
  "genome": {
    "max_growth_steps": 200,
    "size_x": 10,
    "size_y": 10,
    "diffusion_rate": 0.1475421970123389,
    "num_morphogens": 3,
    "division_threshold": 0.5788763788365097,
    "cell_differentiation_threshold": 0.3741793935327158,
    "axon_growth_threshold": 0.41957244643580804,
    "max_axon_length": 8,
    "axon_connect_threshold": 0.41066118690194897,
    "self_connect_isolated_neurons_fraction": 0.2642276157062316,
    "weight_adjustment_target": 0.61091228622449,
    "weight_adjustment_rate": 0.019419033030797818,
    "progenitor_secretion_rates": [
      0.11247780192937484,
      0.062110800715947934,
      0.23966103513023046
    ],
    "neuron_secretion_rates": [
      0.3962077167655287,
      0.392884123051623,
      0.3682154555664631
    ],
    "inhibition_matrix": [
      [
        0.0,
        0.0,
        0.0
      ],
      [
        0.0,
        0.0,
        0.07572995341944871
      ],
      [
        0.06891422583225593,
        0.3529112874659493,
        0.0
      ]
    ],
    "diffusion_patterns": [
      [
        [
          0.043983884476422666,
          0.09271010933833575,
          0.23058794677991054
        ],
        [
          0.04341377979194982,
          0.025514836276360666,
          0.07841851235451576
        ],
        [
          0.20057408601399668,
          0.09826821964749553,
          0.1865286253210127
        ]
      ],
      [
        [
          0.11014611682143581,
          0.12470327036278803,
          0.1602914564077677
        ],
        [
          0.10005410330663576,
          0.010236920085759998,
          0.1344635089988335
        ],
        [
          0.10414250226818497,
          0.10999314511925926,
          0.1459689766293349
        ]
      ],
      [
        [
          0.10492163221352084,
          0.0543402627754384,
          0.18304037780642285
        ],
        [
          0.11246747254584043,
          0.05785844946130332,
          0.17682345188892717
        ],
        [
          0.14317327651589032,
          0.11006816378488754,
          0.0573069130077691
        ]
      ]
    ]
  },
  "network_stats": {
    "neurons": 100,
    "connections": 375
  },
  "rollout_data": {
    "rewards": [
      500.0,
      500.0,
      500.0,
      500.0,
      500.0,
      500.0,
      500.0,
      500.0,
      500.0,
      500.0,
      500.0,
      500.0,
      500.0,
      500.0,
      500.0,
      500.0,
      500.0,
      500.0,
      500.0,
      500.0
    ],
    "lengths": [
      500,
      500,
      500,
      500,
      500,
      500,
      500,
      500,
      500,
      500,
      500,
      500,
      500,
      500,
      500,
      500,
      500,
      500,
      500,
      500
    ],
    "eval_seeds": [
      3088254,
      3088255,
      3088256,
      3088257,
      3088258,
      3088259,
      3088260,
      3088261,
      3088262,
      3088263,
      3088264,
      3088265,
      3088266,
      3088267,
      3088268,
      3088269,
      3088270,
      3088271,
      3088272,
      3088273
    ]
  }
}