{
  "network_id": 31903,
  "seed": 3031903,
  "valid": true,
  "baseline_reward": 200.75,
  "baseline_fitness": 0.4015,
  "stratum": "low_mid",
  "genome": {
    "max_growth_steps": 200,
    "size_x": 10,
    "size_y": 10,
    "diffusion_rate": 0.07659661075502538,
    "num_morphogens": 3,
    "division_threshold": 0.5152469336588337,
    "cell_differentiation_threshold": 0.588846050509074,
    "axon_growth_threshold": 0.2748143845086952,
    "max_axon_length": 4,
    "axon_connect_threshold": 0.5194829478837687,
    "self_connect_isolated_neurons_fraction": 0.1564375535985988,
    "weight_adjustment_target": 0.5669977585469678,
    "weight_adjustment_rate": 0.019434446921774463,
    "progenitor_secretion_rates": [
      0.40750072151701416,
      0.2254903828888028,
      0.0896184336464434
    ],
    "neuron_secretion_rates": [
      0.10669222667819411,
      0.3034278611376109,
      0.352299191549135
    ],
    "inhibition_matrix": [
      [
        0.0,
        0.0,
        0.3379516877007457
      ],
      [
        0.0,
        0.0,
        0.31255461479743857
      ],
      [
        0.0,
        0.0,
        0.0
      ]
    ],
    "diffusion_patterns": [
      [
        [
          0.029586446226094243,
          0.13670670336077018,
          0.11038309576507581
        ],
        [
          0.02845273249239909,
          0.07251495723462915,
          0.1890302438031105
        ],
        [
          0.052572475384520964,
          0.1825515544791788,
          0.19820179125422122
        ]
      ],
      [
        [
          0.09677712963008103,
          0.055760065506646216,
          0.09231336607709273
        ],
        [
          0.15044730764738146,
          0.18255012315037972,
          0.0587546939763945
        ],
        [
          0.16758920501312494,
          0.026385054793035625,
          0.16942305420586373
        ]
      ],
      [
        [
          0.09873005170849554,
          0.0006310698996624149,
          0.20684223195244364
        ],
        [
          0.24780529192912965,
          0.1171151994463661,
          0.07097522207747738
        ],
        [
          0.08192483322852327,
          0.014413998689718639,
          0.1615621010681833
        ]
      ]
    ]
  },
  "network_stats": {
    "neurons": 100,
    "connections": 262
  },
  "rollout_data": {
    "rewards": [
      176.0,
      286.0,
      170.0,
      304.0,
      224.0,
      205.0,
      150.0,
      145.0,
      157.0,
      200.0,
      175.0,
      245.0,
      230.0,
      176.0,
      177.0,
      137.0,
      217.0,
      211.0,
      259.0,
      171.0
    ],
    "lengths": [
      176,
      286,
      170,
      304,
      224,
      205,
      150,
      145,
      157,
      200,
      175,
      245,
      230,
      176,
      177,
      137,
      217,
      211,
      259,
      171
    ],
    "eval_seeds": [
      3031903,
      3031904,
      3031905,
      3031906,
      3031907,
      3031908,
      3031909,
      3031910,
      3031911,
      3031912,
      3031913,
      3031914,
      3031915,
      3031916,
      3031917,
      3031918,
      3031919,
      3031920,
      3031921,
      3031922
    ]
  }
}