{
  "network_id": 191272,
  "seed": 3191272,
  "valid": true,
  "baseline_reward": 467.25,
  "baseline_fitness": 0.9345,
  "stratum": "near_perfect",
  "genome": {
    "max_growth_steps": 200,
    "size_x": 10,
    "size_y": 10,
    "diffusion_rate": 0.11052532916464433,
    "num_morphogens": 3,
    "division_threshold": 0.6163678703706059,
    "cell_differentiation_threshold": 0.5186694217975731,
    "axon_growth_threshold": 0.4574878714523417,
    "max_axon_length": 4,
    "axon_connect_threshold": 0.7773679705609244,
    "self_connect_isolated_neurons_fraction": 0.22447501639890055,
    "weight_adjustment_target": 0.446001284198719,
    "weight_adjustment_rate": 0.011659866360150224,
    "progenitor_secretion_rates": [
      0.4431751123770987,
      0.02807774380096112,
      0.030444633899633533
    ],
    "neuron_secretion_rates": [
      0.18278648931800595,
      0.3113401633406952,
      0.2911100815125652
    ],
    "inhibition_matrix": [
      [
        0.0,
        0.0,
        0.3825483008393883
      ],
      [
        0.0,
        0.0,
        0.0
      ],
      [
        0.0,
        0.0,
        0.0
      ]
    ],
    "diffusion_patterns": [
      [
        [
          0.14634068836164868,
          0.04958379460025759,
          0.14759811551937524
        ],
        [
          0.00939449092990157,
          0.1726559495700119,
          0.22107343218685438
        ],
        [
          0.007304229621308105,
          0.02160442113086434,
          0.22444487807977823
        ]
      ],
      [
        [
          0.017602906719851392,
          0.06780717368761777,
          0.05662716249024141
        ],
        [
          0.1289508059168071,
          0.21429783819623066,
          0.20176533579580788
        ],
        [
          0.09143622960243264,
          0.1399158026498137,
          0.08159674494119733
        ]
      ],
      [
        [
          0.08766979712164377,
          0.11231434755892296,
          0.07553201433445224
        ],
        [
          0.2063889743495379,
          0.0006156530639840125,
          0.1688578582128552
        ],
        [
          0.1981587336740487,
          0.1111833195941328,
          0.03927930209042241
        ]
      ]
    ]
  },
  "network_stats": {
    "neurons": 100,
    "connections": 238
  },
  "rollout_data": {
    "rewards": [
      489.0,
      500.0,
      424.0,
      500.0,
      448.0,
      500.0,
      500.0,
      414.0,
      428.0,
      422.0,
      398.0,
      481.0,
      433.0,
      500.0,
      500.0,
      481.0,
      500.0,
      444.0,
      500.0,
      483.0
    ],
    "lengths": [
      489,
      500,
      424,
      500,
      448,
      500,
      500,
      414,
      428,
      422,
      398,
      481,
      433,
      500,
      500,
      481,
      500,
      444,
      500,
      483
    ],
    "eval_seeds": [
      3191272,
      3191273,
      3191274,
      3191275,
      3191276,
      3191277,
      3191278,
      3191279,
      3191280,
      3191281,
      3191282,
      3191283,
      3191284,
      3191285,
      3191286,
      3191287,
      3191288,
      3191289,
      3191290,
      3191291
    ]
  }
}