{
  "network_id": 38563,
  "seed": 3038563,
  "valid": true,
  "baseline_reward": 500.0,
  "baseline_fitness": 1.0,
  "stratum": "perfect",
  "genome": {
    "max_growth_steps": 200,
    "size_x": 10,
    "size_y": 10,
    "diffusion_rate": 0.15894623977161115,
    "num_morphogens": 3,
    "division_threshold": 0.3620276603438719,
    "cell_differentiation_threshold": 0.35082598068568255,
    "axon_growth_threshold": 0.2165804475118934,
    "max_axon_length": 5,
    "axon_connect_threshold": 0.6338598145425575,
    "self_connect_isolated_neurons_fraction": 0.29059292952013704,
    "weight_adjustment_target": 0.3041611206875689,
    "weight_adjustment_rate": 0.017454118586843637,
    "progenitor_secretion_rates": [
      0.35091098423687167,
      0.2703279540282822,
      0.10985409592293516
    ],
    "neuron_secretion_rates": [
      0.020988117209839785,
      0.31230816950764034,
      0.47305733012975887
    ],
    "inhibition_matrix": [
      [
        0.0,
        0.0,
        0.0
      ],
      [
        0.0,
        0.0,
        0.0
      ],
      [
        0.18796168430971905,
        0.062260163539319624,
        0.0
      ]
    ],
    "diffusion_patterns": [
      [
        [
          0.09046004688141986,
          0.15613022575537283,
          0.13299246818038174
        ],
        [
          0.032579437823680404,
          0.0532004082048985,
          0.15553913429608046
        ],
        [
          0.10546630396675243,
          0.11279499014659325,
          0.16083698474482053
        ]
      ],
      [
        [
          0.15571149002280926,
          0.02405799111789575,
          0.21372677155545325
        ],
        [
          0.007230286201973569,
          0.07495137249209678,
          0.10019559503650942
        ],
        [
          0.24519333075103622,
          0.017352999852147034,
          0.16158016297007882
        ]
      ],
      [
        [
          0.011238197489010473,
          0.07821813805602533,
          0.010537190391386607
        ],
        [
          0.13220608453265728,
          0.09697821027736363,
          0.1874399503243419
        ],
        [
          0.13559448561989362,
          0.16222544792402774,
          0.18556229538529326
        ]
      ]
    ]
  },
  "network_stats": {
    "neurons": 54,
    "connections": 214
  },
  "rollout_data": {
    "rewards": [
      500.0,
      500.0,
      500.0,
      500.0,
      500.0,
      500.0,
      500.0,
      500.0,
      500.0,
      500.0,
      500.0,
      500.0,
      500.0,
      500.0,
      500.0,
      500.0,
      500.0,
      500.0,
      500.0,
      500.0
    ],
    "lengths": [
      500,
      500,
      500,
      500,
      500,
      500,
      500,
      500,
      500,
      500,
      500,
      500,
      500,
      500,
      500,
      500,
      500,
      500,
      500,
      500
    ],
    "eval_seeds": [
      3038563,
      3038564,
      3038565,
      3038566,
      3038567,
      3038568,
      3038569,
      3038570,
      3038571,
      3038572,
      3038573,
      3038574,
      3038575,
      3038576,
      3038577,
      3038578,
      3038579,
      3038580,
      3038581,
      3038582
    ]
  }
}