{
  "network_id": 54718,
  "seed": 3054718,
  "valid": true,
  "baseline_reward": 253.95,
  "baseline_fitness": 0.5079,
  "stratum": "low_mid",
  "genome": {
    "max_growth_steps": 200,
    "size_x": 10,
    "size_y": 10,
    "diffusion_rate": 0.18189025506627093,
    "num_morphogens": 3,
    "division_threshold": 0.4267334771241523,
    "cell_differentiation_threshold": 0.3143601746275402,
    "axon_growth_threshold": 0.20302036031821388,
    "max_axon_length": 2,
    "axon_connect_threshold": 0.7184724438814919,
    "self_connect_isolated_neurons_fraction": 0.16416776537130287,
    "weight_adjustment_target": 0.5900954287168467,
    "weight_adjustment_rate": 0.017566233449743396,
    "progenitor_secretion_rates": [
      0.22961189495886575,
      0.07045933674087795,
      0.23040262343868811
    ],
    "neuron_secretion_rates": [
      0.4918463723077752,
      0.3467596083613428,
      0.015768910014803295
    ],
    "inhibition_matrix": [
      [
        0.0,
        0.43797749988404383,
        0.0
      ],
      [
        0.0,
        0.0,
        0.11235186383445023
      ],
      [
        0.0,
        0.0,
        0.0
      ]
    ],
    "diffusion_patterns": [
      [
        [
          0.1796428210669251,
          0.07777374026639194,
          0.130854676851451
        ],
        [
          0.20481644285120731,
          0.05432343791554283,
          0.10963750365031906
        ],
        [
          0.09609239520373736,
          0.05239934693729678,
          0.0944596352571285
        ]
      ],
      [
        [
          0.047093937395955784,
          0.002912678766772579,
          0.18935040586025714
        ],
        [
          0.047133817065052416,
          0.04193734326347438,
          0.11805700725465523
        ],
        [
          0.2032360995160064,
          0.21261032029281168,
          0.13766839058501432
        ]
      ],
      [
        [
          0.18089055733653273,
          0.19797464626053765,
          0.042566742873808044
        ],
        [
          0.033108241025727944,
          0.09709156750986206,
          0.2038232509033572
        ],
        [
          0.17560337371324738,
          0.02391276062319113,
          0.04502885975373593
        ]
      ]
    ]
  },
  "network_stats": {
    "neurons": 100,
    "connections": 224
  },
  "rollout_data": {
    "rewards": [
      167.0,
      276.0,
      461.0,
      347.0,
      264.0,
      160.0,
      157.0,
      262.0,
      188.0,
      316.0,
      239.0,
      241.0,
      324.0,
      194.0,
      164.0,
      215.0,
      235.0,
      219.0,
      298.0,
      352.0
    ],
    "lengths": [
      167,
      276,
      461,
      347,
      264,
      160,
      157,
      262,
      188,
      316,
      239,
      241,
      324,
      194,
      164,
      215,
      235,
      219,
      298,
      352
    ],
    "eval_seeds": [
      3054718,
      3054719,
      3054720,
      3054721,
      3054722,
      3054723,
      3054724,
      3054725,
      3054726,
      3054727,
      3054728,
      3054729,
      3054730,
      3054731,
      3054732,
      3054733,
      3054734,
      3054735,
      3054736,
      3054737
    ]
  }
}