{
  "network_id": 104227,
  "seed": 3104227,
  "valid": true,
  "baseline_reward": 500.0,
  "baseline_fitness": 1.0,
  "stratum": "perfect",
  "genome": {
    "max_growth_steps": 200,
    "size_x": 10,
    "size_y": 10,
    "diffusion_rate": 0.11439430903526542,
    "num_morphogens": 3,
    "division_threshold": 0.4731429087786536,
    "cell_differentiation_threshold": 0.44569824779782213,
    "axon_growth_threshold": 0.358846399584994,
    "max_axon_length": 10,
    "axon_connect_threshold": 0.6007025305171857,
    "self_connect_isolated_neurons_fraction": 0.24389333636773516,
    "weight_adjustment_target": 0.6683575444900136,
    "weight_adjustment_rate": 0.008291018774283065,
    "progenitor_secretion_rates": [
      0.38242053555165934,
      0.2732301389459348,
      0.14766668364274993
    ],
    "neuron_secretion_rates": [
      0.0959001180716651,
      0.17514596501616042,
      0.45239054849177573
    ],
    "inhibition_matrix": [
      [
        0.0,
        0.0,
        0.0
      ],
      [
        0.21139906553539745,
        0.0,
        0.0
      ],
      [
        0.0,
        0.0,
        0.0
      ]
    ],
    "diffusion_patterns": [
      [
        [
          0.0010633233484309782,
          0.1301489493035249,
          0.15796907366914617
        ],
        [
          0.10276314364170255,
          0.19364198346972233,
          0.023459206466326002
        ],
        [
          0.06412423370966802,
          0.0005186381883039433,
          0.3263114482031752
        ]
      ],
      [
        [
          0.09287652405984456,
          0.08385333642729827,
          0.02331847243526024
        ],
        [
          0.21583576394210038,
          0.08258383657728698,
          0.1727448667942429
        ],
        [
          0.035215434571849724,
          0.14786267635041725,
          0.1457090888416998
        ]
      ],
      [
        [
          0.11762543895016735,
          0.17035659764783984,
          3.717304992975853e-05
        ],
        [
          0.04404808380236224,
          0.07280648336659121,
          0.031291921247120554
        ],
        [
          0.14995815919726227,
          0.2007417558551518,
          0.21313438688357486
        ]
      ]
    ]
  },
  "network_stats": {
    "neurons": 100,
    "connections": 264
  },
  "rollout_data": {
    "rewards": [
      500.0,
      500.0,
      500.0,
      500.0,
      500.0,
      500.0,
      500.0,
      500.0,
      500.0,
      500.0,
      500.0,
      500.0,
      500.0,
      500.0,
      500.0,
      500.0,
      500.0,
      500.0,
      500.0,
      500.0
    ],
    "lengths": [
      500,
      500,
      500,
      500,
      500,
      500,
      500,
      500,
      500,
      500,
      500,
      500,
      500,
      500,
      500,
      500,
      500,
      500,
      500,
      500
    ],
    "eval_seeds": [
      3104227,
      3104228,
      3104229,
      3104230,
      3104231,
      3104232,
      3104233,
      3104234,
      3104235,
      3104236,
      3104237,
      3104238,
      3104239,
      3104240,
      3104241,
      3104242,
      3104243,
      3104244,
      3104245,
      3104246
    ]
  }
}