{
  "network_id": 146227,
  "seed": 3146227,
  "valid": true,
  "baseline_reward": 378.3,
  "baseline_fitness": 0.7566,
  "stratum": "high_mid",
  "genome": {
    "max_growth_steps": 200,
    "size_x": 10,
    "size_y": 10,
    "diffusion_rate": 0.14433173044574976,
    "num_morphogens": 3,
    "division_threshold": 0.41111688988724837,
    "cell_differentiation_threshold": 0.5004014957619174,
    "axon_growth_threshold": 0.3829309860695646,
    "max_axon_length": 2,
    "axon_connect_threshold": 0.6780777029466243,
    "self_connect_isolated_neurons_fraction": 0.28542565637439576,
    "weight_adjustment_target": 0.4580320854116283,
    "weight_adjustment_rate": 0.0069441260556856906,
    "progenitor_secretion_rates": [
      0.4255031774778563,
      0.34261435504767257,
      0.28265710495179613
    ],
    "neuron_secretion_rates": [
      0.3568153953025418,
      0.44486655769193123,
      0.313466754127949
    ],
    "inhibition_matrix": [
      [
        0.0,
        0.027439253364677674,
        0.0
      ],
      [
        0.1400976202575946,
        0.0,
        0.0
      ],
      [
        0.07635143100155561,
        0.0,
        0.0
      ]
    ],
    "diffusion_patterns": [
      [
        [
          0.14748842749032254,
          0.019528456066898032,
          0.09222420155932085
        ],
        [
          0.14309791149430254,
          0.15453550438533098,
          0.10108265269017741
        ],
        [
          0.10077712518775832,
          0.11062677106382467,
          0.13063895006206463
        ]
      ],
      [
        [
          0.07173295920892099,
          0.04753593735929475,
          0.10877799615831095
        ],
        [
          0.10322259225895475,
          0.056016983843979386,
          0.031103663228123135
        ],
        [
          0.008763389637827551,
          0.2963645463640947,
          0.2764819319404938
        ]
      ],
      [
        [
          0.09647593754264906,
          0.09076573224716934,
          0.13503538548725882
        ],
        [
          0.0664363471926773,
          0.14318518924822346,
          0.047649007006467174
        ],
        [
          0.1700953834538904,
          0.2056391686589589,
          0.044717849162705534
        ]
      ]
    ]
  },
  "network_stats": {
    "neurons": 100,
    "connections": 252
  },
  "rollout_data": {
    "rewards": [
      352.0,
      425.0,
      400.0,
      362.0,
      362.0,
      425.0,
      338.0,
      500.0,
      208.0,
      471.0,
      411.0,
      349.0,
      492.0,
      412.0,
      338.0,
      338.0,
      378.0,
      365.0,
      275.0,
      365.0
    ],
    "lengths": [
      352,
      425,
      400,
      362,
      362,
      425,
      338,
      500,
      208,
      471,
      411,
      349,
      492,
      412,
      338,
      338,
      378,
      365,
      275,
      365
    ],
    "eval_seeds": [
      3146227,
      3146228,
      3146229,
      3146230,
      3146231,
      3146232,
      3146233,
      3146234,
      3146235,
      3146236,
      3146237,
      3146238,
      3146239,
      3146240,
      3146241,
      3146242,
      3146243,
      3146244,
      3146245,
      3146246
    ]
  }
}