{
  "network_id": 58026,
  "seed": 3058026,
  "valid": true,
  "baseline_reward": 226.95,
  "baseline_fitness": 0.45389999999999997,
  "stratum": "low_mid",
  "genome": {
    "max_growth_steps": 200,
    "size_x": 10,
    "size_y": 10,
    "diffusion_rate": 0.19525642662338932,
    "num_morphogens": 3,
    "division_threshold": 0.6574745102905561,
    "cell_differentiation_threshold": 0.663389618037685,
    "axon_growth_threshold": 0.3274734372664998,
    "max_axon_length": 9,
    "axon_connect_threshold": 0.4996286551863545,
    "self_connect_isolated_neurons_fraction": 0.25990411809039904,
    "weight_adjustment_target": 0.4711333334847647,
    "weight_adjustment_rate": 0.018421363772438595,
    "progenitor_secretion_rates": [
      0.47122838069970385,
      0.29711490499247106,
      0.4653045356730222
    ],
    "neuron_secretion_rates": [
      0.41590267047025453,
      0.2463924975225542,
      0.37322626452190377
    ],
    "inhibition_matrix": [
      [
        0.0,
        0.0,
        0.0
      ],
      [
        0.13492865826132627,
        0.0,
        0.05036206142663108
      ],
      [
        0.0,
        0.13160801420438484,
        0.0
      ]
    ],
    "diffusion_patterns": [
      [
        [
          0.04479036763900769,
          0.052844093538560614,
          0.1216621878783243
        ],
        [
          0.0948042624769647,
          0.20928003705239848,
          0.181486954041782
        ],
        [
          0.07567657892929604,
          0.11979451986010442,
          0.0996609985835617
        ]
      ],
      [
        [
          0.0008788968636701654,
          0.12069126089015828,
          0.15777112742628716
        ],
        [
          0.05213406155258631,
          0.19819136580310445,
          0.07597506552752525
        ],
        [
          0.030614179546582146,
          0.21056192450372652,
          0.15318211788635971
        ]
      ],
      [
        [
          0.12504770364918422,
          0.05509679463917841,
          0.1292667856572856
        ],
        [
          0.12439455119535742,
          0.11030981983560456,
          0.14268745048829012
        ],
        [
          0.14577022425711494,
          0.05402293697150544,
          0.11340373330647924
        ]
      ]
    ]
  },
  "network_stats": {
    "neurons": 100,
    "connections": 335
  },
  "rollout_data": {
    "rewards": [
      143.0,
      245.0,
      263.0,
      255.0,
      167.0,
      149.0,
      199.0,
      228.0,
      316.0,
      161.0,
      211.0,
      181.0,
      251.0,
      175.0,
      271.0,
      205.0,
      237.0,
      311.0,
      329.0,
      242.0
    ],
    "lengths": [
      143,
      245,
      263,
      255,
      167,
      149,
      199,
      228,
      316,
      161,
      211,
      181,
      251,
      175,
      271,
      205,
      237,
      311,
      329,
      242
    ],
    "eval_seeds": [
      3058026,
      3058027,
      3058028,
      3058029,
      3058030,
      3058031,
      3058032,
      3058033,
      3058034,
      3058035,
      3058036,
      3058037,
      3058038,
      3058039,
      3058040,
      3058041,
      3058042,
      3058043,
      3058044,
      3058045
    ]
  }
}