{
  "network_id": 77146,
  "seed": 3077146,
  "valid": true,
  "baseline_reward": 500.0,
  "baseline_fitness": 1.0,
  "stratum": "perfect",
  "genome": {
    "max_growth_steps": 200,
    "size_x": 10,
    "size_y": 10,
    "diffusion_rate": 0.1431419567475854,
    "num_morphogens": 3,
    "division_threshold": 0.31289046855093006,
    "cell_differentiation_threshold": 0.612735079942987,
    "axon_growth_threshold": 0.30494240561707464,
    "max_axon_length": 3,
    "axon_connect_threshold": 0.7061921197093004,
    "self_connect_isolated_neurons_fraction": 0.0333135663482565,
    "weight_adjustment_target": 0.31502716255539354,
    "weight_adjustment_rate": 0.008479929135628318,
    "progenitor_secretion_rates": [
      0.2745586825308355,
      0.2591024046468008,
      0.30467632228966596
    ],
    "neuron_secretion_rates": [
      0.40006397326073373,
      0.20862449912629283,
      0.12828616280913235
    ],
    "inhibition_matrix": [
      [
        0.0,
        0.0,
        0.15777328432189858
      ],
      [
        0.20339705955698612,
        0.0,
        0.14200412621486336
      ],
      [
        0.07410490090038385,
        0.21578513927511928,
        0.0
      ]
    ],
    "diffusion_patterns": [
      [
        [
          0.00768968914243652,
          0.14879229850741052,
          0.1679162060556693
        ],
        [
          0.052923253190856494,
          0.062398238973656754,
          0.0006790485007321471
        ],
        [
          0.17103448272855787,
          0.1886038645429792,
          0.1999629183577011
        ]
      ],
      [
        [
          0.14250996053647325,
          0.023575844512263373,
          0.08894438776432968
        ],
        [
          0.19630500262695247,
          0.05377730180937536,
          0.054336905033240006
        ],
        [
          0.08337134703791897,
          0.23048621741442604,
          0.1266930332650209
        ]
      ],
      [
        [
          0.11345942487443977,
          0.05417030877461207,
          0.14107774689159522
        ],
        [
          0.15337659530335132,
          0.14303133891166944,
          0.09214899943695755
        ],
        [
          0.14462437645094853,
          0.022219875555733487,
          0.13589133380069268
        ]
      ]
    ]
  },
  "network_stats": {
    "neurons": 100,
    "connections": 152
  },
  "rollout_data": {
    "rewards": [
      500.0,
      500.0,
      500.0,
      500.0,
      500.0,
      500.0,
      500.0,
      500.0,
      500.0,
      500.0,
      500.0,
      500.0,
      500.0,
      500.0,
      500.0,
      500.0,
      500.0,
      500.0,
      500.0,
      500.0
    ],
    "lengths": [
      500,
      500,
      500,
      500,
      500,
      500,
      500,
      500,
      500,
      500,
      500,
      500,
      500,
      500,
      500,
      500,
      500,
      500,
      500,
      500
    ],
    "eval_seeds": [
      3077146,
      3077147,
      3077148,
      3077149,
      3077150,
      3077151,
      3077152,
      3077153,
      3077154,
      3077155,
      3077156,
      3077157,
      3077158,
      3077159,
      3077160,
      3077161,
      3077162,
      3077163,
      3077164,
      3077165
    ]
  }
}