{
  "network_id": 39417,
  "seed": 3039417,
  "valid": true,
  "baseline_reward": 16.65,
  "baseline_fitness": 0.033299999999999996,
  "stratum": "weak",
  "genome": {
    "max_growth_steps": 200,
    "size_x": 10,
    "size_y": 10,
    "diffusion_rate": 0.08334655035663317,
    "num_morphogens": 3,
    "division_threshold": 0.43584423275178086,
    "cell_differentiation_threshold": 0.4200620992642366,
    "axon_growth_threshold": 0.2699679460861782,
    "max_axon_length": 2,
    "axon_connect_threshold": 0.4389684705412036,
    "self_connect_isolated_neurons_fraction": 0.06319419886512918,
    "weight_adjustment_target": 0.3653595383769714,
    "weight_adjustment_rate": 0.01977466800318149,
    "progenitor_secretion_rates": [
      0.4042378344992722,
      0.11725577181352059,
      0.3443009802349997
    ],
    "neuron_secretion_rates": [
      0.48401924797971624,
      0.24696384719158115,
      0.0056395278610520405
    ],
    "inhibition_matrix": [
      [
        0.0,
        0.0,
        0.0
      ],
      [
        0.0,
        0.0,
        0.0
      ],
      [
        0.0,
        0.3025147565509691,
        0.0
      ]
    ],
    "diffusion_patterns": [
      [
        [
          0.20843722195126285,
          0.04017726659622054,
          0.03962860836609242
        ],
        [
          0.05581038818011795,
          0.1849733408340837,
          0.08429311201979145
        ],
        [
          0.17149266694863108,
          0.09559864005007568,
          0.11958875505372431
        ]
      ],
      [
        [
          0.04126330009392677,
          0.12587200985432434,
          0.13180700645949597
        ],
        [
          0.1648896072539179,
          0.2419741706407047,
          0.001119025764164476
        ],
        [
          0.0999934820030633,
          0.07270910516873183,
          0.12037229276167075
        ]
      ],
      [
        [
          0.1419169311942166,
          0.12292209212367713,
          0.1658638910385915
        ],
        [
          0.007374890737178154,
          0.05103296990368745,
          0.13559419032899658
        ],
        [
          0.22235512897391613,
          0.09841033353384677,
          0.054529572165889696
        ]
      ]
    ]
  },
  "network_stats": {
    "neurons": 100,
    "connections": 210
  },
  "rollout_data": {
    "rewards": [
      10.0,
      15.0,
      11.0,
      38.0,
      13.0,
      18.0,
      13.0,
      19.0,
      18.0,
      15.0,
      16.0,
      14.0,
      12.0,
      35.0,
      21.0,
      16.0,
      14.0,
      9.0,
      14.0,
      12.0
    ],
    "lengths": [
      10,
      15,
      11,
      38,
      13,
      18,
      13,
      19,
      18,
      15,
      16,
      14,
      12,
      35,
      21,
      16,
      14,
      9,
      14,
      12
    ],
    "eval_seeds": [
      3039417,
      3039418,
      3039419,
      3039420,
      3039421,
      3039422,
      3039423,
      3039424,
      3039425,
      3039426,
      3039427,
      3039428,
      3039429,
      3039430,
      3039431,
      3039432,
      3039433,
      3039434,
      3039435,
      3039436
    ]
  }
}