{
  "network_id": 156135,
  "seed": 3156135,
  "valid": true,
  "baseline_reward": 203.8,
  "baseline_fitness": 0.4076,
  "stratum": "low_mid",
  "genome": {
    "max_growth_steps": 200,
    "size_x": 10,
    "size_y": 10,
    "diffusion_rate": 0.14496172437887397,
    "num_morphogens": 3,
    "division_threshold": 0.48414245233605024,
    "cell_differentiation_threshold": 0.5701243999394003,
    "axon_growth_threshold": 0.4014954180016802,
    "max_axon_length": 2,
    "axon_connect_threshold": 0.439695752896976,
    "self_connect_isolated_neurons_fraction": 0.219407898887976,
    "weight_adjustment_target": 0.4777745429484048,
    "weight_adjustment_rate": 0.014959578543991131,
    "progenitor_secretion_rates": [
      0.36665357509906005,
      0.15333946123587844,
      0.03395147628440609
    ],
    "neuron_secretion_rates": [
      0.12716840380323502,
      0.030174906572128624,
      0.3666258861786287
    ],
    "inhibition_matrix": [
      [
        0.0,
        0.0,
        0.0
      ],
      [
        0.12969915881489874,
        0.0,
        0.0
      ],
      [
        0.0,
        0.0,
        0.0
      ]
    ],
    "diffusion_patterns": [
      [
        [
          0.006600671254215618,
          0.13720208069137413,
          0.1877183249955276
        ],
        [
          0.09086184235418794,
          0.199848041048298,
          0.08356699042488491
        ],
        [
          0.023230394510618257,
          0.19713768284773714,
          0.07383397187315643
        ]
      ],
      [
        [
          0.14090623484183876,
          0.048847298719246826,
          0.13211398178223635
        ],
        [
          0.11387003023538002,
          0.1327237639467994,
          0.14774985755030792
        ],
        [
          0.07503845917182254,
          0.06200416871097698,
          0.14674620504139116
        ]
      ],
      [
        [
          0.07590913386446246,
          0.14371818658781038,
          0.10440322416925173
        ],
        [
          0.0506887599697233,
          0.1533145162617904,
          0.1007754699182955
        ],
        [
          0.1312507656384906,
          0.08606501583180903,
          0.15387492775836653
        ]
      ]
    ]
  },
  "network_stats": {
    "neurons": 100,
    "connections": 253
  },
  "rollout_data": {
    "rewards": [
      263.0,
      277.0,
      202.0,
      153.0,
      154.0,
      216.0,
      257.0,
      226.0,
      139.0,
      244.0,
      250.0,
      141.0,
      142.0,
      229.0,
      141.0,
      245.0,
      206.0,
      168.0,
      210.0,
      213.0
    ],
    "lengths": [
      263,
      277,
      202,
      153,
      154,
      216,
      257,
      226,
      139,
      244,
      250,
      141,
      142,
      229,
      141,
      245,
      206,
      168,
      210,
      213
    ],
    "eval_seeds": [
      3156135,
      3156136,
      3156137,
      3156138,
      3156139,
      3156140,
      3156141,
      3156142,
      3156143,
      3156144,
      3156145,
      3156146,
      3156147,
      3156148,
      3156149,
      3156150,
      3156151,
      3156152,
      3156153,
      3156154
    ]
  }
}