{
  "network_id": 109233,
  "seed": 3109233,
  "valid": true,
  "baseline_reward": 203.35,
  "baseline_fitness": 0.4067,
  "stratum": "low_mid",
  "genome": {
    "max_growth_steps": 200,
    "size_x": 10,
    "size_y": 10,
    "diffusion_rate": 0.0928317508202722,
    "num_morphogens": 3,
    "division_threshold": 0.6393661869173919,
    "cell_differentiation_threshold": 0.5650902397063321,
    "axon_growth_threshold": 0.4843676364346152,
    "max_axon_length": 8,
    "axon_connect_threshold": 0.8213910857868559,
    "self_connect_isolated_neurons_fraction": 0.05187129477946519,
    "weight_adjustment_target": 0.33954839125501496,
    "weight_adjustment_rate": 0.012970259440279248,
    "progenitor_secretion_rates": [
      0.3735931090176654,
      0.14801634405050995,
      0.22786547992399458
    ],
    "neuron_secretion_rates": [
      0.07749979452088945,
      0.059603578772580657,
      0.3183218735211775
    ],
    "inhibition_matrix": [
      [
        0.0,
        0.0,
        0.0
      ],
      [
        0.0,
        0.0,
        0.0
      ],
      [
        0.0,
        0.0,
        0.0
      ]
    ],
    "diffusion_patterns": [
      [
        [
          0.01396683981980509,
          0.15661009974411313,
          0.04274198045550047
        ],
        [
          0.16538197199365837,
          0.20936747893741214,
          0.16239961871683023
        ],
        [
          0.2472809629850479,
          0.0005327047819837993,
          0.00171834256564878
        ]
      ],
      [
        [
          0.10476026852469794,
          0.12139352360183815,
          0.13233691947559775
        ],
        [
          0.07177880015893418,
          0.09428194447281403,
          0.12444062366348245
        ],
        [
          0.13952273401438497,
          0.08612070059879143,
          0.12536448548945905
        ]
      ],
      [
        [
          0.0615454529568294,
          0.031585092895361336,
          0.21806774377624177
        ],
        [
          0.21212900402894277,
          0.040641990136492674,
          0.12086000870590494
        ],
        [
          0.03278126418424083,
          0.2449117327869798,
          0.03747771052900641
        ]
      ]
    ]
  },
  "network_stats": {
    "neurons": 100,
    "connections": 237
  },
  "rollout_data": {
    "rewards": [
      176.0,
      284.0,
      229.0,
      292.0,
      137.0,
      152.0,
      214.0,
      152.0,
      178.0,
      202.0,
      222.0,
      278.0,
      165.0,
      221.0,
      229.0,
      241.0,
      185.0,
      196.0,
      157.0,
      157.0
    ],
    "lengths": [
      176,
      284,
      229,
      292,
      137,
      152,
      214,
      152,
      178,
      202,
      222,
      278,
      165,
      221,
      229,
      241,
      185,
      196,
      157,
      157
    ],
    "eval_seeds": [
      3109233,
      3109234,
      3109235,
      3109236,
      3109237,
      3109238,
      3109239,
      3109240,
      3109241,
      3109242,
      3109243,
      3109244,
      3109245,
      3109246,
      3109247,
      3109248,
      3109249,
      3109250,
      3109251,
      3109252
    ]
  }
}