{
  "network_id": 64386,
  "seed": 3064386,
  "valid": true,
  "baseline_reward": 216.6,
  "baseline_fitness": 0.4332,
  "stratum": "low_mid",
  "genome": {
    "max_growth_steps": 200,
    "size_x": 10,
    "size_y": 10,
    "diffusion_rate": 0.16412027183389272,
    "num_morphogens": 3,
    "division_threshold": 0.32465273297327685,
    "cell_differentiation_threshold": 0.4358702608229801,
    "axon_growth_threshold": 0.2311258572907896,
    "max_axon_length": 2,
    "axon_connect_threshold": 0.5354962516385804,
    "self_connect_isolated_neurons_fraction": 0.26789986116082326,
    "weight_adjustment_target": 0.6449278152203287,
    "weight_adjustment_rate": 0.01917838739809687,
    "progenitor_secretion_rates": [
      0.26811998140095483,
      0.14506635091283449,
      0.15640149292220412
    ],
    "neuron_secretion_rates": [
      0.1828624494354767,
      0.07827985109014468,
      0.4226546964589712
    ],
    "inhibition_matrix": [
      [
        0.0,
        0.0,
        0.22987177385796115
      ],
      [
        0.0,
        0.0,
        0.13377291562839094
      ],
      [
        0.20720650081692232,
        0.0,
        0.0
      ]
    ],
    "diffusion_patterns": [
      [
        [
          0.04410972088899876,
          0.05441156028476799,
          0.21487665283267343
        ],
        [
          0.13912912651824863,
          0.1934866306783016,
          0.10602267045448738
        ],
        [
          0.0039637036443625545,
          0.12851108741475384,
          0.11548884728340589
        ]
      ],
      [
        [
          0.15305112859447523,
          0.16334789093281213,
          0.13886124248145712
        ],
        [
          0.15544534625970682,
          0.05230002698206641,
          0.04495620865515183
        ],
        [
          0.050821193342151266,
          0.14082897225717425,
          0.10038799049500499
        ]
      ],
      [
        [
          0.0738378384565983,
          0.07886440478798945,
          0.12807441094877672
        ],
        [
          0.1265630193086656,
          0.11171127422992974,
          0.16592271514020798
        ],
        [
          0.009293503807171722,
          0.19898248970790874,
          0.10675034361275178
        ]
      ]
    ]
  },
  "network_stats": {
    "neurons": 100,
    "connections": 370
  },
  "rollout_data": {
    "rewards": [
      173.0,
      190.0,
      253.0,
      209.0,
      216.0,
      294.0,
      274.0,
      156.0,
      234.0,
      216.0,
      275.0,
      147.0,
      255.0,
      146.0,
      220.0,
      189.0,
      235.0,
      205.0,
      198.0,
      247.0
    ],
    "lengths": [
      173,
      190,
      253,
      209,
      216,
      294,
      274,
      156,
      234,
      216,
      275,
      147,
      255,
      146,
      220,
      189,
      235,
      205,
      198,
      247
    ],
    "eval_seeds": [
      3064386,
      3064387,
      3064388,
      3064389,
      3064390,
      3064391,
      3064392,
      3064393,
      3064394,
      3064395,
      3064396,
      3064397,
      3064398,
      3064399,
      3064400,
      3064401,
      3064402,
      3064403,
      3064404,
      3064405
    ]
  }
}