{
  "network_id": 181585,
  "seed": 3181585,
  "valid": true,
  "baseline_reward": 121.8,
  "baseline_fitness": 0.24359999999999998,
  "stratum": "weak",
  "genome": {
    "max_growth_steps": 200,
    "size_x": 10,
    "size_y": 10,
    "diffusion_rate": 0.09718026950886953,
    "num_morphogens": 3,
    "division_threshold": 0.5476866099150429,
    "cell_differentiation_threshold": 0.42411148816198796,
    "axon_growth_threshold": 0.4153248059503818,
    "max_axon_length": 4,
    "axon_connect_threshold": 0.6548430703424439,
    "self_connect_isolated_neurons_fraction": 0.06843992650922588,
    "weight_adjustment_target": 0.32863223358540194,
    "weight_adjustment_rate": 0.007008262622812399,
    "progenitor_secretion_rates": [
      0.46446708133045816,
      0.23725414273040724,
      0.49033655121079106
    ],
    "neuron_secretion_rates": [
      0.05496161612939793,
      0.49513844185487293,
      0.13988013809441907
    ],
    "inhibition_matrix": [
      [
        0.0,
        0.06531026707951215,
        0.0
      ],
      [
        0.023282884049502073,
        0.0,
        0.0
      ],
      [
        0.0,
        0.0,
        0.0
      ]
    ],
    "diffusion_patterns": [
      [
        [
          0.13580734865500518,
          0.09109165709896057,
          0.06726094027225471
        ],
        [
          0.11221515286403991,
          0.14307152108857443,
          0.1268911935474184
        ],
        [
          0.038943845771592496,
          0.13436492516715307,
          0.15035341553500123
        ]
      ],
      [
        [
          0.08043294659037775,
          0.1705726701372392,
          0.2448240742564976
        ],
        [
          0.016215095802732695,
          0.19985907927731583,
          0.06318572778603809
        ],
        [
          0.08483002090411877,
          0.079579483979409,
          0.06050090126627087
        ]
      ],
      [
        [
          0.07421808301256998,
          0.20214558068460237,
          0.14984273646541646
        ],
        [
          0.007838014652677954,
          0.07220556428708963,
          0.24794980649013357
        ],
        [
          0.09982076727369711,
          0.13863760326302862,
          0.007341843870784491
        ]
      ]
    ]
  },
  "network_stats": {
    "neurons": 100,
    "connections": 251
  },
  "rollout_data": {
    "rewards": [
      132.0,
      151.0,
      94.0,
      96.0,
      129.0,
      146.0,
      90.0,
      94.0,
      89.0,
      176.0,
      156.0,
      194.0,
      136.0,
      89.0,
      91.0,
      99.0,
      125.0,
      95.0,
      135.0,
      119.0
    ],
    "lengths": [
      132,
      151,
      94,
      96,
      129,
      146,
      90,
      94,
      89,
      176,
      156,
      194,
      136,
      89,
      91,
      99,
      125,
      95,
      135,
      119
    ],
    "eval_seeds": [
      3181585,
      3181586,
      3181587,
      3181588,
      3181589,
      3181590,
      3181591,
      3181592,
      3181593,
      3181594,
      3181595,
      3181596,
      3181597,
      3181598,
      3181599,
      3181600,
      3181601,
      3181602,
      3181603,
      3181604
    ]
  }
}