{
  "network_id": 27946,
  "seed": 3027946,
  "valid": true,
  "baseline_reward": 500.0,
  "baseline_fitness": 1.0,
  "stratum": "perfect",
  "genome": {
    "max_growth_steps": 200,
    "size_x": 10,
    "size_y": 10,
    "diffusion_rate": 0.16020506518154679,
    "num_morphogens": 3,
    "division_threshold": 0.32695096164927895,
    "cell_differentiation_threshold": 0.3271140903589918,
    "axon_growth_threshold": 0.32408301742896495,
    "max_axon_length": 9,
    "axon_connect_threshold": 0.6907797973859435,
    "self_connect_isolated_neurons_fraction": 0.1511829241479488,
    "weight_adjustment_target": 0.4133841991813152,
    "weight_adjustment_rate": 0.012719968982120303,
    "progenitor_secretion_rates": [
      0.15801822022568363,
      0.15553376559737375,
      0.3591917724028995
    ],
    "neuron_secretion_rates": [
      0.49061796928434187,
      0.1482148743481983,
      0.3592020252742522
    ],
    "inhibition_matrix": [
      [
        0.0,
        0.3049343119966508,
        0.0
      ],
      [
        0.0,
        0.0,
        0.21722241827005395
      ],
      [
        0.26724350721583506,
        0.0,
        0.0
      ]
    ],
    "diffusion_patterns": [
      [
        [
          0.09247410762775536,
          0.17122317162858974,
          0.06507182744707338
        ],
        [
          0.09244024042665043,
          0.0844562092177801,
          0.13227915114912137
        ],
        [
          0.04974943785377317,
          0.14476051252128638,
          0.1675453421279701
        ]
      ],
      [
        [
          0.14092212989788822,
          0.16521305131183842,
          0.07491281130192128
        ],
        [
          0.09966963371651281,
          0.10401522482561937,
          0.08861394912156229
        ],
        [
          0.13203046201409252,
          0.16469505601586537,
          0.029927681794699634
        ]
      ],
      [
        [
          0.019308566482079167,
          0.008141739004822363,
          0.27939761281992415
        ],
        [
          0.12775707503508602,
          0.10113264777140323,
          0.16237513886136482
        ],
        [
          0.08021244231599439,
          0.1508789906010796,
          0.07079578710824624
        ]
      ]
    ]
  },
  "network_stats": {
    "neurons": 100,
    "connections": 527
  },
  "rollout_data": {
    "rewards": [
      500.0,
      500.0,
      500.0,
      500.0,
      500.0,
      500.0,
      500.0,
      500.0,
      500.0,
      500.0,
      500.0,
      500.0,
      500.0,
      500.0,
      500.0,
      500.0,
      500.0,
      500.0,
      500.0,
      500.0
    ],
    "lengths": [
      500,
      500,
      500,
      500,
      500,
      500,
      500,
      500,
      500,
      500,
      500,
      500,
      500,
      500,
      500,
      500,
      500,
      500,
      500,
      500
    ],
    "eval_seeds": [
      3027946,
      3027947,
      3027948,
      3027949,
      3027950,
      3027951,
      3027952,
      3027953,
      3027954,
      3027955,
      3027956,
      3027957,
      3027958,
      3027959,
      3027960,
      3027961,
      3027962,
      3027963,
      3027964,
      3027965
    ]
  }
}