{
  "network_id": 16496,
  "seed": 3016496,
  "valid": true,
  "baseline_reward": 241.2,
  "baseline_fitness": 0.4824,
  "stratum": "low_mid",
  "genome": {
    "max_growth_steps": 200,
    "size_x": 10,
    "size_y": 10,
    "diffusion_rate": 0.08440793932316662,
    "num_morphogens": 3,
    "division_threshold": 0.3634006866970517,
    "cell_differentiation_threshold": 0.3054958550392817,
    "axon_growth_threshold": 0.2656231514903413,
    "max_axon_length": 7,
    "axon_connect_threshold": 0.8604391375730462,
    "self_connect_isolated_neurons_fraction": 0.20399817163673295,
    "weight_adjustment_target": 0.43652363137537287,
    "weight_adjustment_rate": 0.005490415835359641,
    "progenitor_secretion_rates": [
      0.02857427692823178,
      0.08839745413389183,
      0.3494114994213224
    ],
    "neuron_secretion_rates": [
      0.43446741550494716,
      0.3489382825830406,
      0.49778867125559073
    ],
    "inhibition_matrix": [
      [
        0.0,
        0.0,
        0.0
      ],
      [
        0.0,
        0.0,
        0.21140509336486313
      ],
      [
        0.0,
        0.0,
        0.0
      ]
    ],
    "diffusion_patterns": [
      [
        [
          0.010891039807693991,
          0.10943483173500139,
          0.1925186959654717
        ],
        [
          0.20175994464817162,
          0.2395087242785461,
          0.023925926262435487
        ],
        [
          0.14010952376263694,
          0.035553471502143635,
          0.04629784203789912
        ]
      ],
      [
        [
          0.11123210016869393,
          0.1336627787936283,
          0.1486263454122177
        ],
        [
          0.12822192262360707,
          0.10248420218680472,
          0.13638124927282014
        ],
        [
          0.016817737769984905,
          0.14599063855860994,
          0.07658302521363329
        ]
      ],
      [
        [
          0.026244250458821464,
          0.12297398844906882,
          0.23164867913898957
        ],
        [
          0.15528426481564317,
          0.27334879841048604,
          0.09040625639285739
        ],
        [
          0.004528160255369929,
          0.0022145756512165437,
          0.09335102642754697
        ]
      ]
    ]
  },
  "network_stats": {
    "neurons": 98,
    "connections": 181
  },
  "rollout_data": {
    "rewards": [
      471.0,
      187.0,
      305.0,
      179.0,
      229.0,
      173.0,
      260.0,
      171.0,
      255.0,
      239.0,
      298.0,
      215.0,
      230.0,
      206.0,
      233.0,
      276.0,
      221.0,
      186.0,
      172.0,
      318.0
    ],
    "lengths": [
      471,
      187,
      305,
      179,
      229,
      173,
      260,
      171,
      255,
      239,
      298,
      215,
      230,
      206,
      233,
      276,
      221,
      186,
      172,
      318
    ],
    "eval_seeds": [
      3016496,
      3016497,
      3016498,
      3016499,
      3016500,
      3016501,
      3016502,
      3016503,
      3016504,
      3016505,
      3016506,
      3016507,
      3016508,
      3016509,
      3016510,
      3016511,
      3016512,
      3016513,
      3016514,
      3016515
    ]
  }
}