{
  "network_id": 85500,
  "seed": 3085500,
  "valid": true,
  "baseline_reward": 200.7,
  "baseline_fitness": 0.4014,
  "stratum": "low_mid",
  "genome": {
    "max_growth_steps": 200,
    "size_x": 10,
    "size_y": 10,
    "diffusion_rate": 0.053093694331002694,
    "num_morphogens": 3,
    "division_threshold": 0.36717181419352524,
    "cell_differentiation_threshold": 0.3987412834687525,
    "axon_growth_threshold": 0.49352507061453205,
    "max_axon_length": 9,
    "axon_connect_threshold": 0.6356432152897109,
    "self_connect_isolated_neurons_fraction": 0.2985437378173791,
    "weight_adjustment_target": 0.3340777920972574,
    "weight_adjustment_rate": 0.010082057442357482,
    "progenitor_secretion_rates": [
      0.4002945873022145,
      0.2592592132011941,
      0.14938002955554264
    ],
    "neuron_secretion_rates": [
      0.07580155375867942,
      0.4592215265096505,
      0.4550141654888827
    ],
    "inhibition_matrix": [
      [
        0.0,
        0.002357406165488185,
        0.0
      ],
      [
        0.0,
        0.0,
        0.26849225530749676
      ],
      [
        0.0,
        0.3894108542390208,
        0.0
      ]
    ],
    "diffusion_patterns": [
      [
        [
          0.143403459748309,
          0.16684449869312884,
          0.06720208522311857
        ],
        [
          0.005286281684040712,
          0.15482974106567815,
          0.15145033768729518
        ],
        [
          0.07918408411062393,
          0.1444868314568261,
          0.0873126803309794
        ]
      ],
      [
        [
          0.18947980667976697,
          0.07600943437144465,
          0.10927663147178555
        ],
        [
          0.19394771810168618,
          0.0817367446311768,
          0.1365356177709468
        ],
        [
          0.10903421424072196,
          0.06929262624167556,
          0.03468720649079553
        ]
      ],
      [
        [
          0.12093139796560157,
          0.03287683081546258,
          0.16202524333629842
        ],
        [
          0.08210299767283802,
          0.001334977749180053,
          0.055572149640233715
        ],
        [
          0.15883408692833992,
          0.24398932497905984,
          0.14233299091298593
        ]
      ]
    ]
  },
  "network_stats": {
    "neurons": 100,
    "connections": 268
  },
  "rollout_data": {
    "rewards": [
      143.0,
      176.0,
      225.0,
      189.0,
      184.0,
      186.0,
      240.0,
      141.0,
      251.0,
      276.0,
      218.0,
      216.0,
      169.0,
      169.0,
      219.0,
      146.0,
      159.0,
      248.0,
      174.0,
      285.0
    ],
    "lengths": [
      143,
      176,
      225,
      189,
      184,
      186,
      240,
      141,
      251,
      276,
      218,
      216,
      169,
      169,
      219,
      146,
      159,
      248,
      174,
      285
    ],
    "eval_seeds": [
      3085500,
      3085501,
      3085502,
      3085503,
      3085504,
      3085505,
      3085506,
      3085507,
      3085508,
      3085509,
      3085510,
      3085511,
      3085512,
      3085513,
      3085514,
      3085515,
      3085516,
      3085517,
      3085518,
      3085519
    ]
  }
}