{
  "network_id": 167606,
  "seed": 3167606,
  "valid": true,
  "baseline_reward": 211.25,
  "baseline_fitness": 0.4225,
  "stratum": "low_mid",
  "genome": {
    "max_growth_steps": 200,
    "size_x": 10,
    "size_y": 10,
    "diffusion_rate": 0.11491814376242024,
    "num_morphogens": 3,
    "division_threshold": 0.5318965234922877,
    "cell_differentiation_threshold": 0.3515421336529168,
    "axon_growth_threshold": 0.34819150652203695,
    "max_axon_length": 5,
    "axon_connect_threshold": 0.5912186177014233,
    "self_connect_isolated_neurons_fraction": 0.06603484051940113,
    "weight_adjustment_target": 0.6798550878487871,
    "weight_adjustment_rate": 0.019924364287730062,
    "progenitor_secretion_rates": [
      0.21065278853477243,
      0.10938007386971937,
      0.4133737102126828
    ],
    "neuron_secretion_rates": [
      0.30341956726731373,
      0.40919403834151546,
      0.2075788421193266
    ],
    "inhibition_matrix": [
      [
        0.0,
        0.0,
        0.07413496511312878
      ],
      [
        0.09099711662578192,
        0.0,
        0.013465078686513587
      ],
      [
        0.0,
        0.0,
        0.0
      ]
    ],
    "diffusion_patterns": [
      [
        [
          0.1845460652803977,
          0.1395925689759531,
          0.13655605578810723
        ],
        [
          0.007764529460910808,
          0.00831529969003483,
          0.06324339662328395
        ],
        [
          0.10265059693554025,
          0.13089188937194768,
          0.22643959787382423
        ]
      ],
      [
        [
          0.16414151963117363,
          0.1235784712904864,
          0.1059984526164458
        ],
        [
          0.042186816794339554,
          0.018760549861161276,
          0.15299956755527516
        ],
        [
          0.04689282782951408,
          0.17202866206334133,
          0.17341313235826278
        ]
      ],
      [
        [
          0.2167275610968882,
          0.09586847891521079,
          0.0019852428020562893
        ],
        [
          0.07328410581542187,
          0.10137816316817086,
          0.10989776833803765
        ],
        [
          0.18466027523177894,
          0.11309989020990893,
          0.10309851442252645
        ]
      ]
    ]
  },
  "network_stats": {
    "neurons": 100,
    "connections": 256
  },
  "rollout_data": {
    "rewards": [
      291.0,
      257.0,
      249.0,
      284.0,
      276.0,
      242.0,
      142.0,
      141.0,
      252.0,
      159.0,
      216.0,
      150.0,
      148.0,
      154.0,
      218.0,
      141.0,
      333.0,
      227.0,
      151.0,
      194.0
    ],
    "lengths": [
      291,
      257,
      249,
      284,
      276,
      242,
      142,
      141,
      252,
      159,
      216,
      150,
      148,
      154,
      218,
      141,
      333,
      227,
      151,
      194
    ],
    "eval_seeds": [
      3167606,
      3167607,
      3167608,
      3167609,
      3167610,
      3167611,
      3167612,
      3167613,
      3167614,
      3167615,
      3167616,
      3167617,
      3167618,
      3167619,
      3167620,
      3167621,
      3167622,
      3167623,
      3167624,
      3167625
    ]
  }
}