{
  "network_id": 177716,
  "seed": 3177716,
  "valid": true,
  "baseline_reward": 9.45,
  "baseline_fitness": 0.0189,
  "stratum": "weak",
  "genome": {
    "max_growth_steps": 200,
    "size_x": 10,
    "size_y": 10,
    "diffusion_rate": 0.1279420606976706,
    "num_morphogens": 3,
    "division_threshold": 0.6028711770757864,
    "cell_differentiation_threshold": 0.4496515708679042,
    "axon_growth_threshold": 0.36031590130214863,
    "max_axon_length": 7,
    "axon_connect_threshold": 0.7744241371846059,
    "self_connect_isolated_neurons_fraction": 0.10691220171973505,
    "weight_adjustment_target": 0.6246894421002598,
    "weight_adjustment_rate": 0.019206335154045205,
    "progenitor_secretion_rates": [
      0.4755707068567858,
      0.24824865783951272,
      0.17017608254335231
    ],
    "neuron_secretion_rates": [
      0.14509195630823307,
      0.08383162375015085,
      0.40367551996195394
    ],
    "inhibition_matrix": [
      [
        0.0,
        0.4224487734143775,
        0.0
      ],
      [
        0.35175908068553097,
        0.0,
        0.0
      ],
      [
        0.31015226701655885,
        0.03022999371018581,
        0.0
      ]
    ],
    "diffusion_patterns": [
      [
        [
          0.15641631175765036,
          0.14478071031993991,
          0.07085389993204484
        ],
        [
          0.12302537681571958,
          0.09776707823647732,
          0.09486404255408466
        ],
        [
          0.14895844704857283,
          0.06737571576961117,
          0.0959584175658993
        ]
      ],
      [
        [
          0.1986954312446772,
          0.09743318127689526,
          0.10024832008125693
        ],
        [
          0.13103976593260966,
          0.09389968187599897,
          0.010324705701422876
        ],
        [
          0.1780312750449602,
          0.1854301678944136,
          0.0048974709477653516
        ]
      ],
      [
        [
          0.19757253006341913,
          0.06606649455816889,
          0.03984327938061124
        ],
        [
          0.055977192062181456,
          0.07058223876276493,
          0.027512910973558836
        ],
        [
          0.2589513235375167,
          0.1136530733849404,
          0.16984095727683848
        ]
      ]
    ]
  },
  "network_stats": {
    "neurons": 100,
    "connections": 407
  },
  "rollout_data": {
    "rewards": [
      10.0,
      9.0,
      9.0,
      10.0,
      9.0,
      10.0,
      10.0,
      10.0,
      10.0,
      9.0,
      10.0,
      9.0,
      9.0,
      10.0,
      10.0,
      8.0,
      9.0,
      10.0,
      9.0,
      9.0
    ],
    "lengths": [
      10,
      9,
      9,
      10,
      9,
      10,
      10,
      10,
      10,
      9,
      10,
      9,
      9,
      10,
      10,
      8,
      9,
      10,
      9,
      9
    ],
    "eval_seeds": [
      3177716,
      3177717,
      3177718,
      3177719,
      3177720,
      3177721,
      3177722,
      3177723,
      3177724,
      3177725,
      3177726,
      3177727,
      3177728,
      3177729,
      3177730,
      3177731,
      3177732,
      3177733,
      3177734,
      3177735
    ]
  }
}