{
  "network_id": 115119,
  "seed": 3115119,
  "valid": true,
  "baseline_reward": 204.3,
  "baseline_fitness": 0.4086,
  "stratum": "low_mid",
  "genome": {
    "max_growth_steps": 200,
    "size_x": 10,
    "size_y": 10,
    "diffusion_rate": 0.09565727601936978,
    "num_morphogens": 3,
    "division_threshold": 0.36819410778665007,
    "cell_differentiation_threshold": 0.31305909828167605,
    "axon_growth_threshold": 0.26146860741539324,
    "max_axon_length": 5,
    "axon_connect_threshold": 0.8576908520163251,
    "self_connect_isolated_neurons_fraction": 0.2175069988944176,
    "weight_adjustment_target": 0.3316010157185575,
    "weight_adjustment_rate": 0.015236652695391827,
    "progenitor_secretion_rates": [
      0.4143392746919137,
      0.0443360797539753,
      0.026161770115684324
    ],
    "neuron_secretion_rates": [
      0.022295255272368586,
      0.006451506548241448,
      0.1796708041855078
    ],
    "inhibition_matrix": [
      [
        0.0,
        0.0,
        0.11432767077712191
      ],
      [
        0.0,
        0.0,
        0.0
      ],
      [
        0.0,
        0.0,
        0.0
      ]
    ],
    "diffusion_patterns": [
      [
        [
          0.09190830229452732,
          0.11679591894789594,
          0.11806241839270978
        ],
        [
          0.13930379656475786,
          0.1495987137749167,
          0.15159352783533436
        ],
        [
          0.08100484332118553,
          0.1399469686816258,
          0.011785510187046747
        ]
      ],
      [
        [
          0.15413773530077146,
          0.01583880373709016,
          0.24207293819076708
        ],
        [
          0.22292261397549573,
          0.11661660816501739,
          0.02437567400727543
        ],
        [
          0.10532379429658294,
          0.10504794103945578,
          0.013663891287544076
        ]
      ],
      [
        [
          0.10195494384779048,
          0.13001837385858597,
          0.09320212475983332
        ],
        [
          0.1822282707797005,
          0.1794351442934999,
          0.010100300660160223
        ],
        [
          0.05759127268503749,
          0.19243350626139144,
          0.0530360628540006
        ]
      ]
    ]
  },
  "network_stats": {
    "neurons": 100,
    "connections": 281
  },
  "rollout_data": {
    "rewards": [
      211.0,
      242.0,
      213.0,
      147.0,
      178.0,
      211.0,
      221.0,
      196.0,
      165.0,
      195.0,
      228.0,
      145.0,
      198.0,
      166.0,
      248.0,
      202.0,
      213.0,
      223.0,
      221.0,
      263.0
    ],
    "lengths": [
      211,
      242,
      213,
      147,
      178,
      211,
      221,
      196,
      165,
      195,
      228,
      145,
      198,
      166,
      248,
      202,
      213,
      223,
      221,
      263
    ],
    "eval_seeds": [
      3115119,
      3115120,
      3115121,
      3115122,
      3115123,
      3115124,
      3115125,
      3115126,
      3115127,
      3115128,
      3115129,
      3115130,
      3115131,
      3115132,
      3115133,
      3115134,
      3115135,
      3115136,
      3115137,
      3115138
    ]
  }
}