{
  "network_id": 187337,
  "seed": 3187337,
  "valid": true,
  "baseline_reward": 500.0,
  "baseline_fitness": 1.0,
  "stratum": "perfect",
  "genome": {
    "max_growth_steps": 200,
    "size_x": 10,
    "size_y": 10,
    "diffusion_rate": 0.18503211585176566,
    "num_morphogens": 3,
    "division_threshold": 0.5737358093460956,
    "cell_differentiation_threshold": 0.5074710364427936,
    "axon_growth_threshold": 0.4352536433143376,
    "max_axon_length": 8,
    "axon_connect_threshold": 0.8918490712874909,
    "self_connect_isolated_neurons_fraction": 0.0063386873541531495,
    "weight_adjustment_target": 0.3687883268893837,
    "weight_adjustment_rate": 0.011311484522512537,
    "progenitor_secretion_rates": [
      0.35320109347799994,
      0.1761873139889623,
      0.14465262509403393
    ],
    "neuron_secretion_rates": [
      0.19157179621774711,
      0.39720324142519076,
      0.083320475426994
    ],
    "inhibition_matrix": [
      [
        0.0,
        0.0,
        0.0
      ],
      [
        0.0,
        0.0,
        0.0
      ],
      [
        0.0,
        0.0,
        0.0
      ]
    ],
    "diffusion_patterns": [
      [
        [
          0.06724202087644028,
          0.12990296710920163,
          0.19734101749507324
        ],
        [
          0.11918635972991594,
          0.01891707100892292,
          0.0009564544718358601
        ],
        [
          0.17252461001428282,
          0.11232989190613919,
          0.1815996073881882
        ]
      ],
      [
        [
          0.07459654996542874,
          0.20224062759251474,
          0.1966284945554869
        ],
        [
          0.17646042304165885,
          0.07020342766335738,
          0.06654603653395158
        ],
        [
          0.14070354429427367,
          0.0002447006429239374,
          0.07237619571040417
        ]
      ],
      [
        [
          0.15157792187948232,
          0.20454884441280974,
          0.15534735301319522
        ],
        [
          0.05695728220740456,
          0.04174169618707185,
          0.1574582988245083
        ],
        [
          0.06534317258320572,
          0.1664759396130511,
          0.0005494912792711849
        ]
      ]
    ]
  },
  "network_stats": {
    "neurons": 100,
    "connections": 335
  },
  "rollout_data": {
    "rewards": [
      500.0,
      500.0,
      500.0,
      500.0,
      500.0,
      500.0,
      500.0,
      500.0,
      500.0,
      500.0,
      500.0,
      500.0,
      500.0,
      500.0,
      500.0,
      500.0,
      500.0,
      500.0,
      500.0,
      500.0
    ],
    "lengths": [
      500,
      500,
      500,
      500,
      500,
      500,
      500,
      500,
      500,
      500,
      500,
      500,
      500,
      500,
      500,
      500,
      500,
      500,
      500,
      500
    ],
    "eval_seeds": [
      3187337,
      3187338,
      3187339,
      3187340,
      3187341,
      3187342,
      3187343,
      3187344,
      3187345,
      3187346,
      3187347,
      3187348,
      3187349,
      3187350,
      3187351,
      3187352,
      3187353,
      3187354,
      3187355,
      3187356
    ]
  }
}