{
  "network_id": 148771,
  "seed": 3148771,
  "valid": true,
  "baseline_reward": 205.65,
  "baseline_fitness": 0.4113,
  "stratum": "low_mid",
  "genome": {
    "max_growth_steps": 200,
    "size_x": 10,
    "size_y": 10,
    "diffusion_rate": 0.14686775422154172,
    "num_morphogens": 3,
    "division_threshold": 0.570376709226441,
    "cell_differentiation_threshold": 0.6601533425101237,
    "axon_growth_threshold": 0.4427259124712396,
    "max_axon_length": 8,
    "axon_connect_threshold": 0.7833635172457898,
    "self_connect_isolated_neurons_fraction": 0.17885779137789368,
    "weight_adjustment_target": 0.6345499600063137,
    "weight_adjustment_rate": 0.010710694083200887,
    "progenitor_secretion_rates": [
      0.306834858662366,
      0.19097989256797854,
      0.05071236899015458
    ],
    "neuron_secretion_rates": [
      0.03946992594159354,
      0.3175362999597729,
      0.490100358314074
    ],
    "inhibition_matrix": [
      [
        0.0,
        0.0,
        0.0
      ],
      [
        0.0,
        0.0,
        0.0
      ],
      [
        0.0,
        0.0,
        0.0
      ]
    ],
    "diffusion_patterns": [
      [
        [
          0.18542582771147997,
          0.02180061326442365,
          0.14364154561005607
        ],
        [
          0.19121142028599053,
          0.11275434099741176,
          0.11562303020854739
        ],
        [
          0.017804881675678442,
          0.029015765785790966,
          0.18272257446062104
        ]
      ],
      [
        [
          0.193815949474665,
          0.05710257162848293,
          0.03857575479994654
        ],
        [
          0.11878908036009628,
          0.01905589807897687,
          0.10845737370161002
        ],
        [
          0.1732011448477034,
          0.10768988231753991,
          0.1833123447909791
        ]
      ],
      [
        [
          0.0823769113103327,
          0.13460380020117327,
          0.13078382850309608
        ],
        [
          0.10345612230784147,
          0.21114622283420734,
          0.0014932798719551298
        ],
        [
          0.11934332962362251,
          0.06744051901414831,
          0.14935598633362315
        ]
      ]
    ]
  },
  "network_stats": {
    "neurons": 100,
    "connections": 251
  },
  "rollout_data": {
    "rewards": [
      219.0,
      220.0,
      244.0,
      266.0,
      147.0,
      283.0,
      139.0,
      192.0,
      195.0,
      256.0,
      226.0,
      207.0,
      212.0,
      236.0,
      155.0,
      156.0,
      153.0,
      249.0,
      191.0,
      167.0
    ],
    "lengths": [
      219,
      220,
      244,
      266,
      147,
      283,
      139,
      192,
      195,
      256,
      226,
      207,
      212,
      236,
      155,
      156,
      153,
      249,
      191,
      167
    ],
    "eval_seeds": [
      3148771,
      3148772,
      3148773,
      3148774,
      3148775,
      3148776,
      3148777,
      3148778,
      3148779,
      3148780,
      3148781,
      3148782,
      3148783,
      3148784,
      3148785,
      3148786,
      3148787,
      3148788,
      3148789,
      3148790
    ]
  }
}