{
  "network_id": 162130,
  "seed": 3162130,
  "valid": true,
  "baseline_reward": 208.4,
  "baseline_fitness": 0.4168,
  "stratum": "low_mid",
  "genome": {
    "max_growth_steps": 200,
    "size_x": 10,
    "size_y": 10,
    "diffusion_rate": 0.05711294185653751,
    "num_morphogens": 3,
    "division_threshold": 0.4881885178776082,
    "cell_differentiation_threshold": 0.4137608116514821,
    "axon_growth_threshold": 0.36487587360555507,
    "max_axon_length": 2,
    "axon_connect_threshold": 0.5070676751435329,
    "self_connect_isolated_neurons_fraction": 0.2950337111554479,
    "weight_adjustment_target": 0.6979596121662979,
    "weight_adjustment_rate": 0.013119125390029341,
    "progenitor_secretion_rates": [
      0.45656738642458666,
      0.24666619836017983,
      0.4818402427982264
    ],
    "neuron_secretion_rates": [
      0.14240484732933179,
      0.17679259059162367,
      0.39200832414484205
    ],
    "inhibition_matrix": [
      [
        0.0,
        0.0,
        0.0
      ],
      [
        0.0,
        0.0,
        0.1690305918881908
      ],
      [
        0.08016314484104164,
        0.26392830294667563,
        0.0
      ]
    ],
    "diffusion_patterns": [
      [
        [
          0.10326140627097616,
          0.1453886722784557,
          0.16686740761439706
        ],
        [
          0.00506470801404586,
          0.08756550744366853,
          0.0884611881359171
        ],
        [
          0.1426899799290769,
          0.12770675100333387,
          0.13299437931012875
        ]
      ],
      [
        [
          0.20918341876682642,
          0.18381223586785939,
          0.037218787561502285
        ],
        [
          0.13070153842360602,
          0.07897310152247407,
          0.0903492086376197
        ],
        [
          0.022988542343900725,
          0.1409224222666683,
          0.10585074460954304
        ]
      ],
      [
        [
          0.11641477191475794,
          0.16301320569309996,
          0.16117438132760117
        ],
        [
          0.09691583260640904,
          0.06558499934600556,
          0.06799464379875471
        ],
        [
          0.15958175605112726,
          0.06764226043694671,
          0.10167814882529753
        ]
      ]
    ]
  },
  "network_stats": {
    "neurons": 100,
    "connections": 374
  },
  "rollout_data": {
    "rewards": [
      156.0,
      210.0,
      236.0,
      224.0,
      245.0,
      218.0,
      307.0,
      292.0,
      157.0,
      216.0,
      266.0,
      167.0,
      159.0,
      138.0,
      153.0,
      200.0,
      143.0,
      224.0,
      315.0,
      142.0
    ],
    "lengths": [
      156,
      210,
      236,
      224,
      245,
      218,
      307,
      292,
      157,
      216,
      266,
      167,
      159,
      138,
      153,
      200,
      143,
      224,
      315,
      142
    ],
    "eval_seeds": [
      3162130,
      3162131,
      3162132,
      3162133,
      3162134,
      3162135,
      3162136,
      3162137,
      3162138,
      3162139,
      3162140,
      3162141,
      3162142,
      3162143,
      3162144,
      3162145,
      3162146,
      3162147,
      3162148,
      3162149
    ]
  }
}