{
  "network_id": 90549,
  "seed": 3090549,
  "valid": true,
  "baseline_reward": 470.4,
  "baseline_fitness": 0.9408,
  "stratum": "near_perfect",
  "genome": {
    "max_growth_steps": 200,
    "size_x": 10,
    "size_y": 10,
    "diffusion_rate": 0.13691559324160457,
    "num_morphogens": 3,
    "division_threshold": 0.477085836351844,
    "cell_differentiation_threshold": 0.6048739668587684,
    "axon_growth_threshold": 0.21710889059006142,
    "max_axon_length": 6,
    "axon_connect_threshold": 0.9742783338460171,
    "self_connect_isolated_neurons_fraction": 0.13076988673171816,
    "weight_adjustment_target": 0.5567987242576689,
    "weight_adjustment_rate": 0.015764519058714586,
    "progenitor_secretion_rates": [
      0.48136713095952277,
      0.189494286726907,
      0.47046975751444586
    ],
    "neuron_secretion_rates": [
      0.036989431264857986,
      0.06528732984362862,
      0.0361720937278775
    ],
    "inhibition_matrix": [
      [
        0.0,
        0.0,
        0.3524271682160991
      ],
      [
        0.07975962685276611,
        0.0,
        0.0
      ],
      [
        0.3330795136420427,
        0.0,
        0.0
      ]
    ],
    "diffusion_patterns": [
      [
        [
          0.05798632827149601,
          0.13171155128964238,
          0.037711789746672796
        ],
        [
          0.14655894559115928,
          0.14474366658733087,
          0.14437655690169937
        ],
        [
          0.10377748679666078,
          0.1297530021352275,
          0.10338067268011106
        ]
      ],
      [
        [
          0.11675412365363994,
          0.021077474905151765,
          0.07686222296060505
        ],
        [
          0.27131009008196977,
          0.009395866044552127,
          0.2496709047723914
        ],
        [
          0.05736045167974166,
          0.04802736246633723,
          0.14954150343561115
        ]
      ],
      [
        [
          0.09350383379433391,
          0.09304084917055447,
          0.08440046598741405
        ],
        [
          0.12820024171302766,
          0.1384920104244792,
          0.07321621817844083
        ],
        [
          0.13767199544944228,
          0.1580468462262276,
          0.09342753905608009
        ]
      ]
    ]
  },
  "network_stats": {
    "neurons": 100,
    "connections": 381
  },
  "rollout_data": {
    "rewards": [
      500.0,
      389.0,
      500.0,
      500.0,
      500.0,
      381.0,
      457.0,
      500.0,
      385.0,
      500.0,
      500.0,
      500.0,
      383.0,
      468.0,
      500.0,
      500.0,
      484.0,
      500.0,
      461.0,
      500.0
    ],
    "lengths": [
      500,
      389,
      500,
      500,
      500,
      381,
      457,
      500,
      385,
      500,
      500,
      500,
      383,
      468,
      500,
      500,
      484,
      500,
      461,
      500
    ],
    "eval_seeds": [
      3090549,
      3090550,
      3090551,
      3090552,
      3090553,
      3090554,
      3090555,
      3090556,
      3090557,
      3090558,
      3090559,
      3090560,
      3090561,
      3090562,
      3090563,
      3090564,
      3090565,
      3090566,
      3090567,
      3090568
    ]
  }
}