{
  "network_id": 9240,
  "seed": 3009240,
  "valid": true,
  "baseline_reward": 215.75,
  "baseline_fitness": 0.4315,
  "stratum": "low_mid",
  "genome": {
    "max_growth_steps": 200,
    "size_x": 10,
    "size_y": 10,
    "diffusion_rate": 0.06591381620067652,
    "num_morphogens": 3,
    "division_threshold": 0.6598235019805978,
    "cell_differentiation_threshold": 0.4875770777507453,
    "axon_growth_threshold": 0.4589664902495049,
    "max_axon_length": 6,
    "axon_connect_threshold": 0.6652630171193772,
    "self_connect_isolated_neurons_fraction": 0.24954485740623436,
    "weight_adjustment_target": 0.3688878682971193,
    "weight_adjustment_rate": 0.00819186614780215,
    "progenitor_secretion_rates": [
      0.3956398151471554,
      0.1911284575142299,
      0.2819952697530594
    ],
    "neuron_secretion_rates": [
      0.05939576908799937,
      0.10154028509721819,
      0.10637784293092173
    ],
    "inhibition_matrix": [
      [
        0.0,
        0.3326691584013218,
        0.0
      ],
      [
        0.2312822366129838,
        0.0,
        0.0
      ],
      [
        0.0,
        0.23945061036707566,
        0.0
      ]
    ],
    "diffusion_patterns": [
      [
        [
          0.0060652517595910236,
          0.22322941571949534,
          0.14271730749523098
        ],
        [
          0.15777564038706435,
          0.012249465513041093,
          0.10214469806572538
        ],
        [
          0.1301611948797772,
          0.09812505393035859,
          0.127531972249716
        ]
      ],
      [
        [
          0.1060326373675289,
          0.1612440024532371,
          0.17465286458941182
        ],
        [
          0.025829621004010168,
          0.13266866039217357,
          0.1658202164035875
        ],
        [
          0.0480797798611462,
          0.010389443875100655,
          0.1752827740538042
        ]
      ],
      [
        [
          0.06734455116267839,
          0.21760157256537382,
          0.02471071544178563
        ],
        [
          0.004659043544594301,
          0.16458574199559325,
          0.08138821344118437
        ],
        [
          0.11199901365151127,
          0.15756683230814972,
          0.1701443158891293
        ]
      ]
    ]
  },
  "network_stats": {
    "neurons": 100,
    "connections": 316
  },
  "rollout_data": {
    "rewards": [
      211.0,
      220.0,
      205.0,
      192.0,
      183.0,
      227.0,
      141.0,
      158.0,
      286.0,
      286.0,
      283.0,
      264.0,
      173.0,
      237.0,
      207.0,
      206.0,
      220.0,
      186.0,
      215.0,
      215.0
    ],
    "lengths": [
      211,
      220,
      205,
      192,
      183,
      227,
      141,
      158,
      286,
      286,
      283,
      264,
      173,
      237,
      207,
      206,
      220,
      186,
      215,
      215
    ],
    "eval_seeds": [
      3009240,
      3009241,
      3009242,
      3009243,
      3009244,
      3009245,
      3009246,
      3009247,
      3009248,
      3009249,
      3009250,
      3009251,
      3009252,
      3009253,
      3009254,
      3009255,
      3009256,
      3009257,
      3009258,
      3009259
    ]
  }
}