{
  "network_id": 45799,
  "seed": 3045799,
  "valid": true,
  "baseline_reward": 203.0,
  "baseline_fitness": 0.406,
  "stratum": "low_mid",
  "genome": {
    "max_growth_steps": 200,
    "size_x": 10,
    "size_y": 10,
    "diffusion_rate": 0.13486244886043122,
    "num_morphogens": 3,
    "division_threshold": 0.5785951152852844,
    "cell_differentiation_threshold": 0.6073404722180789,
    "axon_growth_threshold": 0.4689740088305968,
    "max_axon_length": 7,
    "axon_connect_threshold": 0.9640475000205577,
    "self_connect_isolated_neurons_fraction": 0.26962692102702396,
    "weight_adjustment_target": 0.5502374779553627,
    "weight_adjustment_rate": 0.010140676246211813,
    "progenitor_secretion_rates": [
      0.21600180040835226,
      0.22304092012985904,
      0.3678199934452077
    ],
    "neuron_secretion_rates": [
      0.2953123775329216,
      0.10502317462764316,
      0.46238788633823735
    ],
    "inhibition_matrix": [
      [
        0.0,
        0.006632078145185238,
        0.0
      ],
      [
        0.0,
        0.0,
        0.0
      ],
      [
        0.0,
        0.0,
        0.0
      ]
    ],
    "diffusion_patterns": [
      [
        [
          0.15529320874520675,
          0.08533766272744087,
          0.07496458022656177
        ],
        [
          0.015795622502569197,
          0.12206542008732638,
          0.1114522177808963
        ],
        [
          0.13213015022171876,
          0.18306372552578193,
          0.11989741218249798
        ]
      ],
      [
        [
          0.12499227793264485,
          0.01110766394414543,
          0.1424211422480609
        ],
        [
          0.20798200518776414,
          0.06364094687547812,
          0.11187137014506213
        ],
        [
          0.04274582819690862,
          0.13102605820828211,
          0.1642127072616538
        ]
      ],
      [
        [
          0.11246499443888527,
          0.17706224028924752,
          0.0924566219740266
        ],
        [
          0.08635259600064137,
          0.05499579878970952,
          0.11550953522704598
        ],
        [
          0.15355668512416645,
          0.026675664580469112,
          0.18092586357580828
        ]
      ]
    ]
  },
  "network_stats": {
    "neurons": 100,
    "connections": 273
  },
  "rollout_data": {
    "rewards": [
      246.0,
      143.0,
      162.0,
      220.0,
      203.0,
      190.0,
      141.0,
      167.0,
      141.0,
      197.0,
      253.0,
      248.0,
      224.0,
      221.0,
      217.0,
      148.0,
      229.0,
      302.0,
      183.0,
      225.0
    ],
    "lengths": [
      246,
      143,
      162,
      220,
      203,
      190,
      141,
      167,
      141,
      197,
      253,
      248,
      224,
      221,
      217,
      148,
      229,
      302,
      183,
      225
    ],
    "eval_seeds": [
      3045799,
      3045800,
      3045801,
      3045802,
      3045803,
      3045804,
      3045805,
      3045806,
      3045807,
      3045808,
      3045809,
      3045810,
      3045811,
      3045812,
      3045813,
      3045814,
      3045815,
      3045816,
      3045817,
      3045818
    ]
  }
}