{
  "network_id": 83046,
  "seed": 3083046,
  "valid": true,
  "baseline_reward": 471.85,
  "baseline_fitness": 0.9437000000000001,
  "stratum": "near_perfect",
  "genome": {
    "max_growth_steps": 200,
    "size_x": 10,
    "size_y": 10,
    "diffusion_rate": 0.14291801455728442,
    "num_morphogens": 3,
    "division_threshold": 0.4108037386606709,
    "cell_differentiation_threshold": 0.5625677974188812,
    "axon_growth_threshold": 0.3253244492481566,
    "max_axon_length": 9,
    "axon_connect_threshold": 0.5140928862590673,
    "self_connect_isolated_neurons_fraction": 0.27128385229853,
    "weight_adjustment_target": 0.4709897678172872,
    "weight_adjustment_rate": 0.019072261772288587,
    "progenitor_secretion_rates": [
      0.3855007721415497,
      0.3103931837871768,
      0.011532625827524401
    ],
    "neuron_secretion_rates": [
      0.22241951926126619,
      0.08024485498540795,
      0.19304854627163825
    ],
    "inhibition_matrix": [
      [
        0.0,
        0.0,
        0.0
      ],
      [
        0.07374173269893525,
        0.0,
        0.3249577999069935
      ],
      [
        0.0,
        0.28813648315969614,
        0.0
      ]
    ],
    "diffusion_patterns": [
      [
        [
          0.15382585573227314,
          0.13521681393150337,
          0.033226496054524025
        ],
        [
          0.11852944038299508,
          0.10785371481568207,
          0.08774107469040746
        ],
        [
          0.16511298261212484,
          0.0650312824362879,
          0.13346233934420204
        ]
      ],
      [
        [
          0.18463316931223334,
          0.15628513359180005,
          0.06074009327014288
        ],
        [
          0.2027507603378147,
          0.05955849612026568,
          0.029995622965043354
        ],
        [
          0.19433248813340787,
          0.04137191285761789,
          0.07033232341167404
        ]
      ],
      [
        [
          0.0640638592091618,
          0.1854693022925871,
          0.014654977007271818
        ],
        [
          0.1430424311787079,
          0.17746801855738234,
          0.10307187167519034
        ],
        [
          0.16735978278490005,
          0.04388192006205421,
          0.1009878372327445
        ]
      ]
    ]
  },
  "network_stats": {
    "neurons": 100,
    "connections": 363
  },
  "rollout_data": {
    "rewards": [
      500.0,
      418.0,
      500.0,
      500.0,
      500.0,
      421.0,
      500.0,
      482.0,
      466.0,
      500.0,
      500.0,
      497.0,
      411.0,
      492.0,
      500.0,
      402.0,
      495.0,
      353.0,
      500.0,
      500.0
    ],
    "lengths": [
      500,
      418,
      500,
      500,
      500,
      421,
      500,
      482,
      466,
      500,
      500,
      497,
      411,
      492,
      500,
      402,
      495,
      353,
      500,
      500
    ],
    "eval_seeds": [
      3083046,
      3083047,
      3083048,
      3083049,
      3083050,
      3083051,
      3083052,
      3083053,
      3083054,
      3083055,
      3083056,
      3083057,
      3083058,
      3083059,
      3083060,
      3083061,
      3083062,
      3083063,
      3083064,
      3083065
    ]
  }
}