{
  "network_id": 134731,
  "seed": 3134731,
  "valid": true,
  "baseline_reward": 500.0,
  "baseline_fitness": 1.0,
  "stratum": "perfect",
  "genome": {
    "max_growth_steps": 200,
    "size_x": 10,
    "size_y": 10,
    "diffusion_rate": 0.157980331377798,
    "num_morphogens": 3,
    "division_threshold": 0.3668975888381079,
    "cell_differentiation_threshold": 0.5981726168390611,
    "axon_growth_threshold": 0.2647719167391912,
    "max_axon_length": 9,
    "axon_connect_threshold": 0.8359134589764967,
    "self_connect_isolated_neurons_fraction": 0.14888791860812808,
    "weight_adjustment_target": 0.4218251065924761,
    "weight_adjustment_rate": 0.008379371118923689,
    "progenitor_secretion_rates": [
      0.43389617186461554,
      0.4040196043907841,
      0.1473342430553396
    ],
    "neuron_secretion_rates": [
      0.20914585276015346,
      0.16612437950869252,
      0.22487140730837035
    ],
    "inhibition_matrix": [
      [
        0.0,
        0.0,
        0.0
      ],
      [
        0.0,
        0.0,
        0.16175542504016877
      ],
      [
        0.0,
        0.0,
        0.0
      ]
    ],
    "diffusion_patterns": [
      [
        [
          0.2326751645497256,
          0.1454233573928592,
          0.0684268525422194
        ],
        [
          0.05939548428566359,
          0.10639565763076993,
          0.06047369379132706
        ],
        [
          0.17438125154669162,
          0.07116613467307997,
          0.08166240358766355
        ]
      ],
      [
        [
          0.06983276758679909,
          0.12805686408327716,
          0.02962463281619763
        ],
        [
          0.06805664821648809,
          0.20057002898665582,
          0.17466306384495658
        ],
        [
          0.07946025719843278,
          0.05143506297553797,
          0.19830067429165502
        ]
      ],
      [
        [
          0.05586341451753023,
          0.17011405658148188,
          0.23969928451320538
        ],
        [
          0.031981144721212794,
          0.1680487836692773,
          0.19050772082041248
        ],
        [
          0.010649618471644497,
          0.05029859056092555,
          0.08283738614430988
        ]
      ]
    ]
  },
  "network_stats": {
    "neurons": 100,
    "connections": 275
  },
  "rollout_data": {
    "rewards": [
      500.0,
      500.0,
      500.0,
      500.0,
      500.0,
      500.0,
      500.0,
      500.0,
      500.0,
      500.0,
      500.0,
      500.0,
      500.0,
      500.0,
      500.0,
      500.0,
      500.0,
      500.0,
      500.0,
      500.0
    ],
    "lengths": [
      500,
      500,
      500,
      500,
      500,
      500,
      500,
      500,
      500,
      500,
      500,
      500,
      500,
      500,
      500,
      500,
      500,
      500,
      500,
      500
    ],
    "eval_seeds": [
      3134731,
      3134732,
      3134733,
      3134734,
      3134735,
      3134736,
      3134737,
      3134738,
      3134739,
      3134740,
      3134741,
      3134742,
      3134743,
      3134744,
      3134745,
      3134746,
      3134747,
      3134748,
      3134749,
      3134750
    ]
  }
}