{
  "network_id": 107862,
  "seed": 3107862,
  "valid": true,
  "baseline_reward": 500.0,
  "baseline_fitness": 1.0,
  "stratum": "perfect",
  "genome": {
    "max_growth_steps": 200,
    "size_x": 10,
    "size_y": 10,
    "diffusion_rate": 0.16019086226568696,
    "num_morphogens": 3,
    "division_threshold": 0.3552505770553398,
    "cell_differentiation_threshold": 0.5856820862457282,
    "axon_growth_threshold": 0.4114942282886072,
    "max_axon_length": 5,
    "axon_connect_threshold": 0.6289987631415835,
    "self_connect_isolated_neurons_fraction": 0.06921928120358835,
    "weight_adjustment_target": 0.4505892459030785,
    "weight_adjustment_rate": 0.018182484704690593,
    "progenitor_secretion_rates": [
      0.4700945149908174,
      0.41860651688691863,
      0.4799908013874372
    ],
    "neuron_secretion_rates": [
      0.02685432114914743,
      0.14387779348265306,
      0.05242038202464583
    ],
    "inhibition_matrix": [
      [
        0.0,
        0.0,
        0.0
      ],
      [
        0.0,
        0.0,
        0.0
      ],
      [
        0.0,
        0.0,
        0.0
      ]
    ],
    "diffusion_patterns": [
      [
        [
          0.009741026041940017,
          0.11027738073416928,
          0.03363071131564516
        ],
        [
          0.08691949134777789,
          0.265163582245442,
          0.1590886588424737
        ],
        [
          0.030600269418528746,
          0.03768718973593135,
          0.2668916903180918
        ]
      ],
      [
        [
          0.09378181920453674,
          0.1143808338557118,
          0.07267632842658309
        ],
        [
          0.03236356744057399,
          0.14181140952764362,
          0.22056939094959632
        ],
        [
          0.15084302697841548,
          0.034030212730409765,
          0.13954341088652916
        ]
      ],
      [
        [
          0.13251436746217538,
          0.11346385149333028,
          0.031014872229760432
        ],
        [
          0.01136516534778704,
          0.16651995864777414,
          0.05841863589366058
        ],
        [
          0.10913258497453375,
          0.22824825221086253,
          0.1493223117401159
        ]
      ]
    ]
  },
  "network_stats": {
    "neurons": 100,
    "connections": 285
  },
  "rollout_data": {
    "rewards": [
      500.0,
      500.0,
      500.0,
      500.0,
      500.0,
      500.0,
      500.0,
      500.0,
      500.0,
      500.0,
      500.0,
      500.0,
      500.0,
      500.0,
      500.0,
      500.0,
      500.0,
      500.0,
      500.0,
      500.0
    ],
    "lengths": [
      500,
      500,
      500,
      500,
      500,
      500,
      500,
      500,
      500,
      500,
      500,
      500,
      500,
      500,
      500,
      500,
      500,
      500,
      500,
      500
    ],
    "eval_seeds": [
      3107862,
      3107863,
      3107864,
      3107865,
      3107866,
      3107867,
      3107868,
      3107869,
      3107870,
      3107871,
      3107872,
      3107873,
      3107874,
      3107875,
      3107876,
      3107877,
      3107878,
      3107879,
      3107880,
      3107881
    ]
  }
}