{
  "network_id": 38964,
  "seed": 3038964,
  "valid": true,
  "baseline_reward": 206.5,
  "baseline_fitness": 0.413,
  "stratum": "low_mid",
  "genome": {
    "max_growth_steps": 200,
    "size_x": 10,
    "size_y": 10,
    "diffusion_rate": 0.08243312734592212,
    "num_morphogens": 3,
    "division_threshold": 0.4287611889894068,
    "cell_differentiation_threshold": 0.6410430948249131,
    "axon_growth_threshold": 0.35383247337700396,
    "max_axon_length": 9,
    "axon_connect_threshold": 0.8227377895879577,
    "self_connect_isolated_neurons_fraction": 0.006184034747330325,
    "weight_adjustment_target": 0.5380676548527563,
    "weight_adjustment_rate": 0.007191842004473564,
    "progenitor_secretion_rates": [
      0.27031273223913327,
      0.20318115629510874,
      0.06671612467301774
    ],
    "neuron_secretion_rates": [
      0.21031050505500748,
      0.23115713472501093,
      0.09439745987192516
    ],
    "inhibition_matrix": [
      [
        0.0,
        0.2742912271024364,
        0.23505678963645688
      ],
      [
        0.0,
        0.0,
        0.35039634015132903
      ],
      [
        0.0,
        0.0,
        0.0
      ]
    ],
    "diffusion_patterns": [
      [
        [
          0.21784937157131468,
          0.17568290081004262,
          0.013646922654558956
        ],
        [
          0.04459253563378407,
          0.13587085426961149,
          0.027379152101827585
        ],
        [
          0.22886695365563914,
          0.06995236109021993,
          0.08615894821300148
        ]
      ],
      [
        [
          0.19035729580470567,
          0.07263302085888099,
          0.00808070679005003
        ],
        [
          0.08142724289019378,
          0.20608087287030388,
          0.09923745578064103
        ],
        [
          0.06538702599590947,
          0.20165347398692368,
          0.07514290502239147
        ]
      ],
      [
        [
          0.1634412715975434,
          0.112659130185254,
          0.16314398964531687
        ],
        [
          0.0734998945976736,
          0.11419044388575218,
          0.04442272877945322
        ],
        [
          0.12656818090256627,
          0.1239994644812718,
          0.07807489592516868
        ]
      ]
    ]
  },
  "network_stats": {
    "neurons": 100,
    "connections": 352
  },
  "rollout_data": {
    "rewards": [
      228.0,
      147.0,
      173.0,
      224.0,
      241.0,
      236.0,
      237.0,
      280.0,
      232.0,
      234.0,
      263.0,
      136.0,
      230.0,
      227.0,
      133.0,
      169.0,
      153.0,
      174.0,
      251.0,
      162.0
    ],
    "lengths": [
      228,
      147,
      173,
      224,
      241,
      236,
      237,
      280,
      232,
      234,
      263,
      136,
      230,
      227,
      133,
      169,
      153,
      174,
      251,
      162
    ],
    "eval_seeds": [
      3038964,
      3038965,
      3038966,
      3038967,
      3038968,
      3038969,
      3038970,
      3038971,
      3038972,
      3038973,
      3038974,
      3038975,
      3038976,
      3038977,
      3038978,
      3038979,
      3038980,
      3038981,
      3038982,
      3038983
    ]
  }
}