{
  "network_id": 155743,
  "seed": 3155743,
  "valid": true,
  "baseline_reward": 210.1,
  "baseline_fitness": 0.42019999999999996,
  "stratum": "low_mid",
  "genome": {
    "max_growth_steps": 200,
    "size_x": 10,
    "size_y": 10,
    "diffusion_rate": 0.18526601160048728,
    "num_morphogens": 3,
    "division_threshold": 0.4713421031324283,
    "cell_differentiation_threshold": 0.4679696075330575,
    "axon_growth_threshold": 0.46490823647457763,
    "max_axon_length": 4,
    "axon_connect_threshold": 0.43441357867150515,
    "self_connect_isolated_neurons_fraction": 0.24667793827826803,
    "weight_adjustment_target": 0.5368037275738728,
    "weight_adjustment_rate": 0.01183856192693889,
    "progenitor_secretion_rates": [
      0.43159916568978046,
      0.1974022434827437,
      0.12019403346301089
    ],
    "neuron_secretion_rates": [
      0.3309895954841275,
      0.15080678910997464,
      0.21957323361458375
    ],
    "inhibition_matrix": [
      [
        0.0,
        0.0,
        0.0
      ],
      [
        0.0,
        0.0,
        0.230031174663958
      ],
      [
        0.0,
        0.0,
        0.0
      ]
    ],
    "diffusion_patterns": [
      [
        [
          0.05519309844049605,
          0.08666672582272189,
          0.17362464453582827
        ],
        [
          0.1739844904143777,
          0.1348015387421922,
          0.13960666429815596
        ],
        [
          0.07753478239027903,
          0.049085438836048434,
          0.10950261651990054
        ]
      ],
      [
        [
          0.1515607293030727,
          0.10719635884490362,
          0.0781358861640488
        ],
        [
          0.08347630860167135,
          0.06655059572415194,
          0.12910735699745157
        ],
        [
          0.10251397706279852,
          0.13983895223748868,
          0.14161983506441284
        ]
      ],
      [
        [
          0.2525704697247812,
          0.1503693487751019,
          0.1275601675866621
        ],
        [
          0.23425716380672945,
          0.07915814853264981,
          0.0032742450430748326
        ],
        [
          0.0042562784456753435,
          0.04383124408543022,
          0.10472293399989514
        ]
      ]
    ]
  },
  "network_stats": {
    "neurons": 100,
    "connections": 261
  },
  "rollout_data": {
    "rewards": [
      161.0,
      270.0,
      136.0,
      143.0,
      240.0,
      171.0,
      233.0,
      223.0,
      230.0,
      260.0,
      288.0,
      172.0,
      250.0,
      217.0,
      155.0,
      231.0,
      229.0,
      147.0,
      177.0,
      269.0
    ],
    "lengths": [
      161,
      270,
      136,
      143,
      240,
      171,
      233,
      223,
      230,
      260,
      288,
      172,
      250,
      217,
      155,
      231,
      229,
      147,
      177,
      269
    ],
    "eval_seeds": [
      3155743,
      3155744,
      3155745,
      3155746,
      3155747,
      3155748,
      3155749,
      3155750,
      3155751,
      3155752,
      3155753,
      3155754,
      3155755,
      3155756,
      3155757,
      3155758,
      3155759,
      3155760,
      3155761,
      3155762
    ]
  }
}