{
  "network_id": 2159,
  "seed": 3002159,
  "valid": true,
  "baseline_reward": 273.9,
  "baseline_fitness": 0.5478,
  "stratum": "low_mid",
  "genome": {
    "max_growth_steps": 200,
    "size_x": 10,
    "size_y": 10,
    "diffusion_rate": 0.09485416641175462,
    "num_morphogens": 3,
    "division_threshold": 0.3127931341258667,
    "cell_differentiation_threshold": 0.6298407201539091,
    "axon_growth_threshold": 0.44224659699597446,
    "max_axon_length": 9,
    "axon_connect_threshold": 0.5868749915745044,
    "self_connect_isolated_neurons_fraction": 0.16250021067116033,
    "weight_adjustment_target": 0.6645951812886726,
    "weight_adjustment_rate": 0.017217706795821443,
    "progenitor_secretion_rates": [
      0.39506275166362825,
      0.48564665017547476,
      0.15833779042828733
    ],
    "neuron_secretion_rates": [
      0.15220493520687928,
      0.42721515709330804,
      0.3815912875031485
    ],
    "inhibition_matrix": [
      [
        0.0,
        0.0,
        0.0
      ],
      [
        0.0,
        0.0,
        0.10179834828139778
      ],
      [
        0.059188233983456406,
        0.0,
        0.0
      ]
    ],
    "diffusion_patterns": [
      [
        [
          0.05487594965461164,
          0.12238729292727618,
          0.15012852915256228
        ],
        [
          0.1279985114715461,
          0.20141593156491366,
          0.057468571395628935
        ],
        [
          0.06342920549927782,
          0.04915413262072989,
          0.17314187571345344
        ]
      ],
      [
        [
          0.09645424080724921,
          0.035226044125069814,
          0.16913190897423072
        ],
        [
          0.10244381155575617,
          0.17193840889440973,
          0.06311466655604142
        ],
        [
          0.17069713454009872,
          0.11104951531823484,
          0.07994426922890939
        ]
      ],
      [
        [
          0.023014510775470617,
          0.09511729523916612,
          0.141331319524827
        ],
        [
          0.16366943866861444,
          0.15673409001921618,
          0.12081928222109951
        ],
        [
          0.11003112473472021,
          0.11453461346296734,
          0.07474832535391866
        ]
      ]
    ]
  },
  "network_stats": {
    "neurons": 100,
    "connections": 261
  },
  "rollout_data": {
    "rewards": [
      230.0,
      235.0,
      373.0,
      248.0,
      385.0,
      158.0,
      242.0,
      269.0,
      332.0,
      273.0,
      163.0,
      500.0,
      271.0,
      208.0,
      160.0,
      380.0,
      373.0,
      175.0,
      163.0,
      340.0
    ],
    "lengths": [
      230,
      235,
      373,
      248,
      385,
      158,
      242,
      269,
      332,
      273,
      163,
      500,
      271,
      208,
      160,
      380,
      373,
      175,
      163,
      340
    ],
    "eval_seeds": [
      3002159,
      3002160,
      3002161,
      3002162,
      3002163,
      3002164,
      3002165,
      3002166,
      3002167,
      3002168,
      3002169,
      3002170,
      3002171,
      3002172,
      3002173,
      3002174,
      3002175,
      3002176,
      3002177,
      3002178
    ]
  }
}