{
  "network_id": 84484,
  "seed": 3084484,
  "valid": true,
  "baseline_reward": 381.0,
  "baseline_fitness": 0.762,
  "stratum": "high_mid",
  "genome": {
    "max_growth_steps": 200,
    "size_x": 10,
    "size_y": 10,
    "diffusion_rate": 0.18576160242051676,
    "num_morphogens": 3,
    "division_threshold": 0.5581370503548817,
    "cell_differentiation_threshold": 0.6018391684238857,
    "axon_growth_threshold": 0.4610914643240871,
    "max_axon_length": 3,
    "axon_connect_threshold": 0.4321585657148188,
    "self_connect_isolated_neurons_fraction": 0.08705148265599831,
    "weight_adjustment_target": 0.42438925054157767,
    "weight_adjustment_rate": 0.014763539195203488,
    "progenitor_secretion_rates": [
      0.3639694470252008,
      0.3792272004645467,
      0.05764372430668563
    ],
    "neuron_secretion_rates": [
      0.14803415041590573,
      0.4191781351734435,
      0.3842770207671902
    ],
    "inhibition_matrix": [
      [
        0.0,
        0.0,
        0.0
      ],
      [
        0.0,
        0.0,
        0.0
      ],
      [
        0.009693043544234059,
        0.0,
        0.0
      ]
    ],
    "diffusion_patterns": [
      [
        [
          0.07808577100281713,
          0.014240292413063104,
          0.1620568223653201
        ],
        [
          0.14844945870925416,
          0.18471261793944915,
          0.058477189155435
        ],
        [
          0.19021727928507942,
          0.09832089808529478,
          0.0654396710442872
        ]
      ],
      [
        [
          0.1968508912584539,
          0.19341154768615096,
          0.021128462601710335
        ],
        [
          0.007793053347892429,
          0.020428745758564917,
          0.2140318200074197
        ],
        [
          0.1405856863101172,
          0.03080742110790203,
          0.17496237192178846
        ]
      ],
      [
        [
          0.007811362087788073,
          0.07117727570906088,
          0.1570695587279309
        ],
        [
          0.18364412603192426,
          0.174557743762742,
          0.2025196877413019
        ],
        [
          0.027403368650621533,
          0.04954530789547258,
          0.12627156939315773
        ]
      ]
    ]
  },
  "network_stats": {
    "neurons": 86,
    "connections": 266
  },
  "rollout_data": {
    "rewards": [
      287.0,
      365.0,
      211.0,
      431.0,
      364.0,
      413.0,
      277.0,
      288.0,
      458.0,
      499.0,
      498.0,
      500.0,
      465.0,
      500.0,
      400.0,
      243.0,
      291.0,
      449.0,
      214.0,
      467.0
    ],
    "lengths": [
      287,
      365,
      211,
      431,
      364,
      413,
      277,
      288,
      458,
      499,
      498,
      500,
      465,
      500,
      400,
      243,
      291,
      449,
      214,
      467
    ],
    "eval_seeds": [
      3084484,
      3084485,
      3084486,
      3084487,
      3084488,
      3084489,
      3084490,
      3084491,
      3084492,
      3084493,
      3084494,
      3084495,
      3084496,
      3084497,
      3084498,
      3084499,
      3084500,
      3084501,
      3084502,
      3084503
    ]
  }
}