{
  "network_id": 122036,
  "seed": 3122036,
  "valid": true,
  "baseline_reward": 419.85,
  "baseline_fitness": 0.8397,
  "stratum": "high_mid",
  "genome": {
    "max_growth_steps": 200,
    "size_x": 10,
    "size_y": 10,
    "diffusion_rate": 0.19960161478607508,
    "num_morphogens": 3,
    "division_threshold": 0.41072435680097197,
    "cell_differentiation_threshold": 0.4592726312629202,
    "axon_growth_threshold": 0.32783460997930397,
    "max_axon_length": 5,
    "axon_connect_threshold": 0.83373687623792,
    "self_connect_isolated_neurons_fraction": 0.09565099676538279,
    "weight_adjustment_target": 0.6955947365429851,
    "weight_adjustment_rate": 0.018756673363600932,
    "progenitor_secretion_rates": [
      0.2866982351583928,
      0.42147320014096584,
      0.06790826222927521
    ],
    "neuron_secretion_rates": [
      0.4208065904252065,
      0.3559188528338039,
      0.3680017432558905
    ],
    "inhibition_matrix": [
      [
        0.0,
        0.0,
        0.0
      ],
      [
        0.21765292543454973,
        0.0,
        0.060278815168058886
      ],
      [
        0.0,
        0.0,
        0.0
      ]
    ],
    "diffusion_patterns": [
      [
        [
          0.08240323032296447,
          0.12075275235092886,
          0.12570870538179388
        ],
        [
          0.021726853829386203,
          0.0348333131072065,
          0.14176947194358605
        ],
        [
          0.19053040166643645,
          0.10102594906409598,
          0.18124932233360164
        ]
      ],
      [
        [
          0.04319836997859521,
          0.033295235138626485,
          0.19252024093035303
        ],
        [
          0.08402974099401446,
          0.11118560047358197,
          0.08962175354646176
        ],
        [
          0.20348839730385218,
          0.12930519046255176,
          0.11335547117196304
        ]
      ],
      [
        [
          0.1311358087249638,
          0.1287227741851612,
          0.09905927853690329
        ],
        [
          0.1312974936171799,
          0.004695264277004111,
          0.15639717206003478
        ],
        [
          0.1716845609253929,
          0.042154536883667465,
          0.13485311078969248
        ]
      ]
    ]
  },
  "network_stats": {
    "neurons": 100,
    "connections": 253
  },
  "rollout_data": {
    "rewards": [
      383.0,
      374.0,
      437.0,
      474.0,
      390.0,
      499.0,
      406.0,
      441.0,
      448.0,
      379.0,
      417.0,
      396.0,
      452.0,
      295.0,
      398.0,
      369.0,
      436.0,
      495.0,
      500.0,
      408.0
    ],
    "lengths": [
      383,
      374,
      437,
      474,
      390,
      499,
      406,
      441,
      448,
      379,
      417,
      396,
      452,
      295,
      398,
      369,
      436,
      495,
      500,
      408
    ],
    "eval_seeds": [
      3122036,
      3122037,
      3122038,
      3122039,
      3122040,
      3122041,
      3122042,
      3122043,
      3122044,
      3122045,
      3122046,
      3122047,
      3122048,
      3122049,
      3122050,
      3122051,
      3122052,
      3122053,
      3122054,
      3122055
    ]
  }
}