{
  "network_id": 180553,
  "seed": 3180553,
  "valid": true,
  "baseline_reward": 500.0,
  "baseline_fitness": 1.0,
  "stratum": "perfect",
  "genome": {
    "max_growth_steps": 200,
    "size_x": 10,
    "size_y": 10,
    "diffusion_rate": 0.16174741506331008,
    "num_morphogens": 3,
    "division_threshold": 0.3030960739884348,
    "cell_differentiation_threshold": 0.698529308856768,
    "axon_growth_threshold": 0.22878941207679904,
    "max_axon_length": 3,
    "axon_connect_threshold": 0.5219495175167174,
    "self_connect_isolated_neurons_fraction": 0.09288132018579144,
    "weight_adjustment_target": 0.3798001748981621,
    "weight_adjustment_rate": 0.013632323633979239,
    "progenitor_secretion_rates": [
      0.15517220130628928,
      0.031248772768775968,
      0.030833431522430954
    ],
    "neuron_secretion_rates": [
      0.40740715701236024,
      0.27260129301939134,
      0.3244518879951051
    ],
    "inhibition_matrix": [
      [
        0.0,
        0.0,
        0.48536385502814
      ],
      [
        0.0,
        0.0,
        0.0
      ],
      [
        0.19042230521766562,
        0.0,
        0.0
      ]
    ],
    "diffusion_patterns": [
      [
        [
          0.1560112954305296,
          0.19697484489319078,
          0.05613245476077868
        ],
        [
          0.03181684966620279,
          0.13406484239672417,
          0.22278309298815904
        ],
        [
          0.04401677211110442,
          0.1111626289956555,
          0.04703721875765521
        ]
      ],
      [
        [
          0.08281037474792408,
          0.018628288521492755,
          0.13466498878424438
        ],
        [
          0.1743041083137164,
          0.08178063000360786,
          0.1264903873641813
        ],
        [
          0.05027814138270369,
          0.14794052168298902,
          0.18310255919914056
        ]
      ],
      [
        [
          0.18245825119233933,
          0.14947499344087495,
          0.16722214877060815
        ],
        [
          0.05474955695641456,
          0.1790282228792888,
          0.0287586051900741
        ],
        [
          0.06729518259500485,
          0.12557985097627775,
          0.045433187999117546
        ]
      ]
    ]
  },
  "network_stats": {
    "neurons": 100,
    "connections": 295
  },
  "rollout_data": {
    "rewards": [
      500.0,
      500.0,
      500.0,
      500.0,
      500.0,
      500.0,
      500.0,
      500.0,
      500.0,
      500.0,
      500.0,
      500.0,
      500.0,
      500.0,
      500.0,
      500.0,
      500.0,
      500.0,
      500.0,
      500.0
    ],
    "lengths": [
      500,
      500,
      500,
      500,
      500,
      500,
      500,
      500,
      500,
      500,
      500,
      500,
      500,
      500,
      500,
      500,
      500,
      500,
      500,
      500
    ],
    "eval_seeds": [
      3180553,
      3180554,
      3180555,
      3180556,
      3180557,
      3180558,
      3180559,
      3180560,
      3180561,
      3180562,
      3180563,
      3180564,
      3180565,
      3180566,
      3180567,
      3180568,
      3180569,
      3180570,
      3180571,
      3180572
    ]
  }
}