{
  "network_id": 91180,
  "seed": 3091180,
  "valid": true,
  "baseline_reward": 214.15,
  "baseline_fitness": 0.4283,
  "stratum": "low_mid",
  "genome": {
    "max_growth_steps": 200,
    "size_x": 10,
    "size_y": 10,
    "diffusion_rate": 0.14873443857930724,
    "num_morphogens": 3,
    "division_threshold": 0.641974469149823,
    "cell_differentiation_threshold": 0.40130235473627834,
    "axon_growth_threshold": 0.208565068084484,
    "max_axon_length": 10,
    "axon_connect_threshold": 0.506694782307489,
    "self_connect_isolated_neurons_fraction": 0.25351592308101006,
    "weight_adjustment_target": 0.6012229169708373,
    "weight_adjustment_rate": 0.01885309886193368,
    "progenitor_secretion_rates": [
      0.4788549963252283,
      0.04976682204777361,
      0.04770550213898289
    ],
    "neuron_secretion_rates": [
      0.3853536192869905,
      0.4197153136605636,
      0.19902140837744803
    ],
    "inhibition_matrix": [
      [
        0.0,
        0.0,
        0.4568086865306817
      ],
      [
        0.0,
        0.0,
        0.0
      ],
      [
        0.0,
        0.0,
        0.0
      ]
    ],
    "diffusion_patterns": [
      [
        [
          0.06380756550401499,
          0.12020746593487205,
          0.013342833170914522
        ],
        [
          0.19545973865424474,
          0.13171482592054448,
          0.18125738141700573
        ],
        [
          0.032806359935754204,
          0.056803256159111255,
          0.20460057330353812
        ]
      ],
      [
        [
          0.21530280497745308,
          0.005828561609598584,
          0.18756679114627478
        ],
        [
          0.12727672661827671,
          0.084346803959728,
          0.124784067575607
        ],
        [
          0.13014141495654682,
          0.051387884054214496,
          0.07336494510230056
        ]
      ],
      [
        [
          0.013215889642164197,
          0.07504950456219817,
          0.04713955938958939
        ],
        [
          0.03756296727711968,
          0.1434926571052909,
          0.07241908618343691
        ],
        [
          0.19826591919918798,
          0.2434497579311994,
          0.16940465870981347
        ]
      ]
    ]
  },
  "network_stats": {
    "neurons": 100,
    "connections": 242
  },
  "rollout_data": {
    "rewards": [
      196.0,
      215.0,
      204.0,
      156.0,
      200.0,
      250.0,
      225.0,
      222.0,
      195.0,
      222.0,
      207.0,
      155.0,
      249.0,
      253.0,
      225.0,
      245.0,
      322.0,
      151.0,
      236.0,
      155.0
    ],
    "lengths": [
      196,
      215,
      204,
      156,
      200,
      250,
      225,
      222,
      195,
      222,
      207,
      155,
      249,
      253,
      225,
      245,
      322,
      151,
      236,
      155
    ],
    "eval_seeds": [
      3091180,
      3091181,
      3091182,
      3091183,
      3091184,
      3091185,
      3091186,
      3091187,
      3091188,
      3091189,
      3091190,
      3091191,
      3091192,
      3091193,
      3091194,
      3091195,
      3091196,
      3091197,
      3091198,
      3091199
    ]
  }
}