{
  "network_id": 103455,
  "seed": 3103455,
  "valid": true,
  "baseline_reward": 212.05,
  "baseline_fitness": 0.42410000000000003,
  "stratum": "low_mid",
  "genome": {
    "max_growth_steps": 200,
    "size_x": 10,
    "size_y": 10,
    "diffusion_rate": 0.13815433002344696,
    "num_morphogens": 3,
    "division_threshold": 0.33933235557509195,
    "cell_differentiation_threshold": 0.6787797565158671,
    "axon_growth_threshold": 0.45397636492481985,
    "max_axon_length": 3,
    "axon_connect_threshold": 0.4359602014615923,
    "self_connect_isolated_neurons_fraction": 0.26228444593728945,
    "weight_adjustment_target": 0.5022310759145633,
    "weight_adjustment_rate": 0.005124656508825987,
    "progenitor_secretion_rates": [
      0.17251498906146728,
      0.1928962657049021,
      0.14319796465898432
    ],
    "neuron_secretion_rates": [
      0.11741249405468923,
      0.21376316302494874,
      0.04913408577037198
    ],
    "inhibition_matrix": [
      [
        0.0,
        0.3388911276845634,
        0.0
      ],
      [
        0.24286520618886154,
        0.0,
        0.0
      ],
      [
        0.0,
        0.0,
        0.0
      ]
    ],
    "diffusion_patterns": [
      [
        [
          0.16367759589505454,
          0.10204171408645647,
          0.09371331816174192
        ],
        [
          0.0885698773624411,
          0.15522714913607139,
          0.13247506989124752
        ],
        [
          0.13555120025200734,
          0.10658258432917346,
          0.02216149088580618
        ]
      ],
      [
        [
          0.07789966625951068,
          0.10870780021340896,
          0.17022580546813057
        ],
        [
          0.06051978697535577,
          0.1203713006733371,
          0.11348864177516432
        ],
        [
          0.18056406985126874,
          0.09852915024682492,
          0.06969377853699903
        ]
      ],
      [
        [
          0.2292933498056231,
          0.0731677145320453,
          0.13043659735270727
        ],
        [
          0.2190162723047465,
          0.08256202308771135,
          0.06131250406509714
        ],
        [
          0.12887766658910638,
          0.026413700670187633,
          0.048920171592775445
        ]
      ]
    ]
  },
  "network_stats": {
    "neurons": 100,
    "connections": 270
  },
  "rollout_data": {
    "rewards": [
      181.0,
      184.0,
      274.0,
      175.0,
      157.0,
      250.0,
      208.0,
      214.0,
      210.0,
      217.0,
      164.0,
      246.0,
      167.0,
      246.0,
      222.0,
      278.0,
      204.0,
      254.0,
      229.0,
      161.0
    ],
    "lengths": [
      181,
      184,
      274,
      175,
      157,
      250,
      208,
      214,
      210,
      217,
      164,
      246,
      167,
      246,
      222,
      278,
      204,
      254,
      229,
      161
    ],
    "eval_seeds": [
      3103455,
      3103456,
      3103457,
      3103458,
      3103459,
      3103460,
      3103461,
      3103462,
      3103463,
      3103464,
      3103465,
      3103466,
      3103467,
      3103468,
      3103469,
      3103470,
      3103471,
      3103472,
      3103473,
      3103474
    ]
  }
}