{
  "network_id": 62817,
  "seed": 3062817,
  "valid": true,
  "baseline_reward": 209.55,
  "baseline_fitness": 0.41910000000000003,
  "stratum": "low_mid",
  "genome": {
    "max_growth_steps": 200,
    "size_x": 10,
    "size_y": 10,
    "diffusion_rate": 0.16098920448426296,
    "num_morphogens": 3,
    "division_threshold": 0.6206483027655265,
    "cell_differentiation_threshold": 0.5821716676808618,
    "axon_growth_threshold": 0.32065642732911875,
    "max_axon_length": 9,
    "axon_connect_threshold": 0.6190303442119678,
    "self_connect_isolated_neurons_fraction": 0.20430907053386688,
    "weight_adjustment_target": 0.5765758934751894,
    "weight_adjustment_rate": 0.014248915517599697,
    "progenitor_secretion_rates": [
      0.4059736422729041,
      0.28440391599434556,
      0.016529863186391824
    ],
    "neuron_secretion_rates": [
      0.30531333109626013,
      0.43493342152349507,
      0.2389151543142915
    ],
    "inhibition_matrix": [
      [
        0.0,
        0.0,
        0.0
      ],
      [
        0.0,
        0.0,
        0.0
      ],
      [
        0.0,
        0.21644470670171717,
        0.0
      ]
    ],
    "diffusion_patterns": [
      [
        [
          0.06056223725149985,
          0.26129156598527753,
          0.01580051422249131
        ],
        [
          0.0251320583376142,
          0.023219601499891718,
          0.16444369828387356
        ],
        [
          0.06755006476037587,
          0.12634177980118877,
          0.2556584798577872
        ]
      ],
      [
        [
          0.1451839405907976,
          0.1267849849382216,
          0.0701811227488668
        ],
        [
          0.025566791609353153,
          0.20974478199959712,
          0.08644760631959263
        ],
        [
          0.0927065764524249,
          0.024074167624139147,
          0.21931002771700706
        ]
      ],
      [
        [
          0.1078353571455131,
          0.06431878669259383,
          0.24339431595865907
        ],
        [
          0.05019275264760488,
          0.07344799633386911,
          0.1739931883777712
        ],
        [
          0.10048099392235728,
          0.1584360449906087,
          0.027900563931022897
        ]
      ]
    ]
  },
  "network_stats": {
    "neurons": 100,
    "connections": 319
  },
  "rollout_data": {
    "rewards": [
      210.0,
      253.0,
      256.0,
      188.0,
      194.0,
      172.0,
      181.0,
      203.0,
      231.0,
      214.0,
      223.0,
      280.0,
      136.0,
      273.0,
      169.0,
      204.0,
      219.0,
      218.0,
      221.0,
      146.0
    ],
    "lengths": [
      210,
      253,
      256,
      188,
      194,
      172,
      181,
      203,
      231,
      214,
      223,
      280,
      136,
      273,
      169,
      204,
      219,
      218,
      221,
      146
    ],
    "eval_seeds": [
      3062817,
      3062818,
      3062819,
      3062820,
      3062821,
      3062822,
      3062823,
      3062824,
      3062825,
      3062826,
      3062827,
      3062828,
      3062829,
      3062830,
      3062831,
      3062832,
      3062833,
      3062834,
      3062835,
      3062836
    ]
  }
}