{
  "network_id": 38734,
  "seed": 3038734,
  "valid": true,
  "baseline_reward": 424.7,
  "baseline_fitness": 0.8493999999999999,
  "stratum": "high_mid",
  "genome": {
    "max_growth_steps": 200,
    "size_x": 10,
    "size_y": 10,
    "diffusion_rate": 0.05843276258836774,
    "num_morphogens": 3,
    "division_threshold": 0.47354750092521647,
    "cell_differentiation_threshold": 0.5255056682641239,
    "axon_growth_threshold": 0.30057005544039317,
    "max_axon_length": 5,
    "axon_connect_threshold": 0.8873839122984983,
    "self_connect_isolated_neurons_fraction": 0.20434375627568122,
    "weight_adjustment_target": 0.35455186437081565,
    "weight_adjustment_rate": 0.005291939439818112,
    "progenitor_secretion_rates": [
      0.4890413074424461,
      0.13020360534146924,
      0.07121510407875592
    ],
    "neuron_secretion_rates": [
      0.30368365199023145,
      0.30661416096687855,
      0.03341772588303349
    ],
    "inhibition_matrix": [
      [
        0.0,
        0.0,
        0.0
      ],
      [
        0.08079518672064795,
        0.0,
        0.0
      ],
      [
        0.0,
        0.0,
        0.0
      ]
    ],
    "diffusion_patterns": [
      [
        [
          0.22635690875877557,
          0.0599305322798515,
          0.23222891670952805
        ],
        [
          0.018330178529246073,
          0.09342381161919786,
          0.21609356804074958
        ],
        [
          0.11536387514687471,
          0.02361794112547556,
          0.014654267790301082
        ]
      ],
      [
        [
          0.12087659473675084,
          0.13225878562736448,
          0.10709728174642162
        ],
        [
          0.056782062063325166,
          0.13789423659308161,
          0.11495045752214969
        ],
        [
          0.0821476377915879,
          0.09469492077767108,
          0.15329802314164762
        ]
      ],
      [
        [
          0.13845379671722569,
          0.15674497227262169,
          0.022790720249819738
        ],
        [
          0.02187067658894562,
          0.09188829507062421,
          0.07220120124847573
        ],
        [
          0.06511360567043772,
          0.2064591904569455,
          0.22447754172490403
        ]
      ]
    ]
  },
  "network_stats": {
    "neurons": 100,
    "connections": 448
  },
  "rollout_data": {
    "rewards": [
      351.0,
      257.0,
      500.0,
      500.0,
      500.0,
      500.0,
      500.0,
      500.0,
      500.0,
      257.0,
      500.0,
      500.0,
      445.0,
      500.0,
      316.0,
      500.0,
      348.0,
      179.0,
      341.0,
      500.0
    ],
    "lengths": [
      351,
      257,
      500,
      500,
      500,
      500,
      500,
      500,
      500,
      257,
      500,
      500,
      445,
      500,
      316,
      500,
      348,
      179,
      341,
      500
    ],
    "eval_seeds": [
      3038734,
      3038735,
      3038736,
      3038737,
      3038738,
      3038739,
      3038740,
      3038741,
      3038742,
      3038743,
      3038744,
      3038745,
      3038746,
      3038747,
      3038748,
      3038749,
      3038750,
      3038751,
      3038752,
      3038753
    ]
  }
}