{
  "network_id": 7622,
  "seed": 3007622,
  "valid": true,
  "baseline_reward": 236.9,
  "baseline_fitness": 0.4738,
  "stratum": "low_mid",
  "genome": {
    "max_growth_steps": 200,
    "size_x": 10,
    "size_y": 10,
    "diffusion_rate": 0.11698289803172514,
    "num_morphogens": 3,
    "division_threshold": 0.4754887683085097,
    "cell_differentiation_threshold": 0.6725329487426599,
    "axon_growth_threshold": 0.49344132798299634,
    "max_axon_length": 5,
    "axon_connect_threshold": 0.730488194540978,
    "self_connect_isolated_neurons_fraction": 0.22019826314966703,
    "weight_adjustment_target": 0.689129077003318,
    "weight_adjustment_rate": 0.015461404498939794,
    "progenitor_secretion_rates": [
      0.2795955749566047,
      0.11944061365703712,
      0.04196728118163906
    ],
    "neuron_secretion_rates": [
      0.3726135086389526,
      0.18826855523667407,
      0.2316280983795797
    ],
    "inhibition_matrix": [
      [
        0.0,
        0.01887540788713754,
        0.0
      ],
      [
        0.0,
        0.0,
        0.0
      ],
      [
        0.0,
        0.0,
        0.0
      ]
    ],
    "diffusion_patterns": [
      [
        [
          0.1266123346903894,
          0.03445264035616276,
          0.12748445752019097
        ],
        [
          0.03700602337438723,
          0.12341412413682025,
          0.14440868936574303
        ],
        [
          0.2328364624156811,
          0.1023802412840902,
          0.07140502685653512
        ]
      ],
      [
        [
          0.06885681767076321,
          0.12237576820167452,
          0.14285551453785852
        ],
        [
          0.07703312601483257,
          0.15574689234489286,
          0.1398662719004576
        ],
        [
          0.05812150516525097,
          0.12102430314836919,
          0.11411980101590057
        ]
      ],
      [
        [
          0.035468886668278625,
          0.00500814687022034,
          0.07241909515171947
        ],
        [
          0.23574239393608482,
          0.1353512813171385,
          0.03648540216935033
        ],
        [
          0.1796760262183933,
          0.1005164274416464,
          0.19933234022716814
        ]
      ]
    ]
  },
  "network_stats": {
    "neurons": 100,
    "connections": 247
  },
  "rollout_data": {
    "rewards": [
      305.0,
      169.0,
      173.0,
      177.0,
      178.0,
      224.0,
      331.0,
      270.0,
      286.0,
      178.0,
      178.0,
      247.0,
      259.0,
      291.0,
      238.0,
      325.0,
      295.0,
      298.0,
      158.0,
      158.0
    ],
    "lengths": [
      305,
      169,
      173,
      177,
      178,
      224,
      331,
      270,
      286,
      178,
      178,
      247,
      259,
      291,
      238,
      325,
      295,
      298,
      158,
      158
    ],
    "eval_seeds": [
      3007622,
      3007623,
      3007624,
      3007625,
      3007626,
      3007627,
      3007628,
      3007629,
      3007630,
      3007631,
      3007632,
      3007633,
      3007634,
      3007635,
      3007636,
      3007637,
      3007638,
      3007639,
      3007640,
      3007641
    ]
  }
}