{
  "network_id": 57740,
  "seed": 3057740,
  "valid": true,
  "baseline_reward": 9.4,
  "baseline_fitness": 0.0188,
  "stratum": "weak",
  "genome": {
    "max_growth_steps": 200,
    "size_x": 10,
    "size_y": 10,
    "diffusion_rate": 0.18791925594807868,
    "num_morphogens": 3,
    "division_threshold": 0.30191523466899156,
    "cell_differentiation_threshold": 0.3142813967569294,
    "axon_growth_threshold": 0.25477459621921456,
    "max_axon_length": 2,
    "axon_connect_threshold": 0.560782086302157,
    "self_connect_isolated_neurons_fraction": 0.21335707916162888,
    "weight_adjustment_target": 0.3304222430320748,
    "weight_adjustment_rate": 0.01620067938253891,
    "progenitor_secretion_rates": [
      0.4010099065402525,
      0.3687926459667734,
      0.1948454836787446
    ],
    "neuron_secretion_rates": [
      0.37161367873703344,
      0.4366954213948548,
      0.1772729046989815
    ],
    "inhibition_matrix": [
      [
        0.0,
        0.0,
        0.21648867482157708
      ],
      [
        0.0,
        0.0,
        0.0
      ],
      [
        0.0,
        0.0,
        0.0
      ]
    ],
    "diffusion_patterns": [
      [
        [
          0.04869958410968654,
          0.11665197620445618,
          0.21291031125420823
        ],
        [
          0.14603547034352565,
          0.14132587220967163,
          0.02769682044548126
        ],
        [
          0.07117605097670472,
          0.11439969274243268,
          0.12110422171383321
        ]
      ],
      [
        [
          0.15672256806331208,
          0.0657493796304784,
          0.09856041188036731
        ],
        [
          0.021236252401076197,
          0.17166209943484675,
          0.18906791238018286
        ],
        [
          0.16196766331077675,
          0.08679058392791825,
          0.04824312897104145
        ]
      ],
      [
        [
          0.06384261769749106,
          0.1963540577140934,
          0.014275244456583824
        ],
        [
          0.1954436525885613,
          0.25048628542676993,
          0.08481310797158535
        ],
        [
          0.007545010885712013,
          0.055476924078418095,
          0.13176309918078505
        ]
      ]
    ]
  },
  "network_stats": {
    "neurons": 36,
    "connections": 86
  },
  "rollout_data": {
    "rewards": [
      9.0,
      10.0,
      10.0,
      8.0,
      10.0,
      9.0,
      10.0,
      10.0,
      10.0,
      10.0,
      10.0,
      10.0,
      10.0,
      9.0,
      8.0,
      8.0,
      9.0,
      8.0,
      10.0,
      10.0
    ],
    "lengths": [
      9,
      10,
      10,
      8,
      10,
      9,
      10,
      10,
      10,
      10,
      10,
      10,
      10,
      9,
      8,
      8,
      9,
      8,
      10,
      10
    ],
    "eval_seeds": [
      3057740,
      3057741,
      3057742,
      3057743,
      3057744,
      3057745,
      3057746,
      3057747,
      3057748,
      3057749,
      3057750,
      3057751,
      3057752,
      3057753,
      3057754,
      3057755,
      3057756,
      3057757,
      3057758,
      3057759
    ]
  }
}