{
  "network_id": 112874,
  "seed": 3112874,
  "valid": true,
  "baseline_reward": 8.95,
  "baseline_fitness": 0.0179,
  "stratum": "weak",
  "genome": {
    "max_growth_steps": 200,
    "size_x": 10,
    "size_y": 10,
    "diffusion_rate": 0.08943530140852184,
    "num_morphogens": 3,
    "division_threshold": 0.5946365003811276,
    "cell_differentiation_threshold": 0.45776150303960916,
    "axon_growth_threshold": 0.3436239384395522,
    "max_axon_length": 8,
    "axon_connect_threshold": 0.5107967600049912,
    "self_connect_isolated_neurons_fraction": 0.03779887563645396,
    "weight_adjustment_target": 0.5809027639652511,
    "weight_adjustment_rate": 0.014528773731205782,
    "progenitor_secretion_rates": [
      0.3087934542003001,
      0.09189568806838039,
      0.3806755114883068
    ],
    "neuron_secretion_rates": [
      0.2871167284346673,
      0.1272965357714022,
      0.18064639662364057
    ],
    "inhibition_matrix": [
      [
        0.0,
        0.0,
        0.0
      ],
      [
        0.0,
        0.0,
        0.0
      ],
      [
        0.0,
        0.09474851320937339,
        0.0
      ]
    ],
    "diffusion_patterns": [
      [
        [
          0.04632197415414495,
          0.07439239860495624,
          0.04182326665727258
        ],
        [
          0.1704240980946144,
          0.26491414744669284,
          0.06604032154703235
        ],
        [
          0.2670260626388486,
          0.023593962862926678,
          0.04546376799351145
        ]
      ],
      [
        [
          0.1534468446106702,
          0.1356321374468494,
          0.04527807570723046
        ],
        [
          0.10298147004349621,
          0.18640279384373457,
          0.11571221891561222
        ],
        [
          0.16739168884314679,
          0.09145230925586921,
          0.0017024613333908422
        ]
      ],
      [
        [
          0.15128819879653188,
          0.10719547882965985,
          0.13517480483573452
        ],
        [
          0.038337423017992915,
          0.062369392393198636,
          0.1179036045680151
        ],
        [
          0.1629399093047618,
          0.10104506474281225,
          0.12374612351129316
        ]
      ]
    ]
  },
  "network_stats": {
    "neurons": 100,
    "connections": 304
  },
  "rollout_data": {
    "rewards": [
      10.0,
      9.0,
      9.0,
      9.0,
      10.0,
      10.0,
      8.0,
      9.0,
      8.0,
      9.0,
      9.0,
      8.0,
      10.0,
      9.0,
      8.0,
      10.0,
      8.0,
      9.0,
      9.0,
      8.0
    ],
    "lengths": [
      10,
      9,
      9,
      9,
      10,
      10,
      8,
      9,
      8,
      9,
      9,
      8,
      10,
      9,
      8,
      10,
      8,
      9,
      9,
      8
    ],
    "eval_seeds": [
      3112874,
      3112875,
      3112876,
      3112877,
      3112878,
      3112879,
      3112880,
      3112881,
      3112882,
      3112883,
      3112884,
      3112885,
      3112886,
      3112887,
      3112888,
      3112889,
      3112890,
      3112891,
      3112892,
      3112893
    ]
  }
}