{
  "network_id": 63656,
  "seed": 3063656,
  "valid": true,
  "baseline_reward": 201.9,
  "baseline_fitness": 0.4038,
  "stratum": "low_mid",
  "genome": {
    "max_growth_steps": 200,
    "size_x": 10,
    "size_y": 10,
    "diffusion_rate": 0.10399179951288784,
    "num_morphogens": 3,
    "division_threshold": 0.342619096794024,
    "cell_differentiation_threshold": 0.658045804576934,
    "axon_growth_threshold": 0.46385588058745203,
    "max_axon_length": 3,
    "axon_connect_threshold": 0.649737648104352,
    "self_connect_isolated_neurons_fraction": 0.06882903957200565,
    "weight_adjustment_target": 0.6754925798217516,
    "weight_adjustment_rate": 0.005343260483126466,
    "progenitor_secretion_rates": [
      0.2371916345489472,
      0.22803820218365345,
      0.37928762027873464
    ],
    "neuron_secretion_rates": [
      0.47981025732557764,
      0.346340461042525,
      0.42016930029167915
    ],
    "inhibition_matrix": [
      [
        0.0,
        0.0,
        0.0
      ],
      [
        0.0,
        0.0,
        0.0
      ],
      [
        0.26262171244320237,
        0.0,
        0.0
      ]
    ],
    "diffusion_patterns": [
      [
        [
          0.14118711662630576,
          0.04907162244532531,
          0.20663042082281335
        ],
        [
          0.08003648633898529,
          0.05942763225483169,
          0.15978423809906056
        ],
        [
          0.13153902297393766,
          0.12067484885317965,
          0.051648611585560764
        ]
      ],
      [
        [
          0.09160458568420304,
          0.025480080164614036,
          0.16027928925887697
        ],
        [
          0.12388675954116707,
          0.17563057549537478,
          0.11224344276405394
        ],
        [
          0.1136668116056934,
          0.03869335499155556,
          0.15851510049446113
        ]
      ],
      [
        [
          0.04666150538178134,
          0.18226085170733766,
          0.07970167978650383
        ],
        [
          0.10910444300307484,
          0.13235013792458172,
          0.06129490609583566
        ],
        [
          0.08261982949246628,
          0.11935714822682235,
          0.18664949838159636
        ]
      ]
    ]
  },
  "network_stats": {
    "neurons": 100,
    "connections": 383
  },
  "rollout_data": {
    "rewards": [
      241.0,
      170.0,
      204.0,
      199.0,
      234.0,
      136.0,
      198.0,
      243.0,
      206.0,
      163.0,
      218.0,
      169.0,
      268.0,
      278.0,
      180.0,
      185.0,
      200.0,
      224.0,
      138.0,
      184.0
    ],
    "lengths": [
      241,
      170,
      204,
      199,
      234,
      136,
      198,
      243,
      206,
      163,
      218,
      169,
      268,
      278,
      180,
      185,
      200,
      224,
      138,
      184
    ],
    "eval_seeds": [
      3063656,
      3063657,
      3063658,
      3063659,
      3063660,
      3063661,
      3063662,
      3063663,
      3063664,
      3063665,
      3063666,
      3063667,
      3063668,
      3063669,
      3063670,
      3063671,
      3063672,
      3063673,
      3063674,
      3063675
    ]
  }
}