{
  "network_id": 88621,
  "seed": 3088621,
  "valid": true,
  "baseline_reward": 204.9,
  "baseline_fitness": 0.4098,
  "stratum": "low_mid",
  "genome": {
    "max_growth_steps": 200,
    "size_x": 10,
    "size_y": 10,
    "diffusion_rate": 0.09608037956874901,
    "num_morphogens": 3,
    "division_threshold": 0.6052262081584483,
    "cell_differentiation_threshold": 0.6233519229478384,
    "axon_growth_threshold": 0.4508768568829277,
    "max_axon_length": 5,
    "axon_connect_threshold": 0.5210382762588999,
    "self_connect_isolated_neurons_fraction": 0.11587907364728706,
    "weight_adjustment_target": 0.643978408715298,
    "weight_adjustment_rate": 0.019013905974516195,
    "progenitor_secretion_rates": [
      0.2769559105415517,
      0.15781673166649307,
      0.40053748613546963
    ],
    "neuron_secretion_rates": [
      0.3595283646595581,
      0.2911289180770496,
      0.010677147582500879
    ],
    "inhibition_matrix": [
      [
        0.0,
        0.12370322700895259,
        0.0
      ],
      [
        0.0,
        0.0,
        0.0
      ],
      [
        0.0,
        0.0,
        0.0
      ]
    ],
    "diffusion_patterns": [
      [
        [
          0.13774992226943303,
          0.2478426847862264,
          0.030643225903593627
        ],
        [
          0.058611369458975486,
          0.10861470549846841,
          0.12349942847489732
        ],
        [
          0.011760345254070973,
          0.24762879544216604,
          0.033649522912168696
        ]
      ],
      [
        [
          0.006515344552181194,
          0.1912391894053296,
          0.18241316445070138
        ],
        [
          0.15075694391112576,
          0.13858867546787218,
          0.04250232016117245
        ],
        [
          0.1254012896322027,
          0.0471415098435331,
          0.11544156257588158
        ]
      ],
      [
        [
          0.026080607727075208,
          0.17091804669512156,
          0.09405411519186307
        ],
        [
          0.028557180312453925,
          0.07340428178171417,
          0.197835123042595
        ],
        [
          0.19585113323266223,
          0.018313299240173716,
          0.19498621277634123
        ]
      ]
    ]
  },
  "network_stats": {
    "neurons": 100,
    "connections": 270
  },
  "rollout_data": {
    "rewards": [
      223.0,
      223.0,
      177.0,
      223.0,
      229.0,
      145.0,
      156.0,
      186.0,
      207.0,
      246.0,
      252.0,
      286.0,
      219.0,
      225.0,
      168.0,
      222.0,
      145.0,
      141.0,
      178.0,
      247.0
    ],
    "lengths": [
      223,
      223,
      177,
      223,
      229,
      145,
      156,
      186,
      207,
      246,
      252,
      286,
      219,
      225,
      168,
      222,
      145,
      141,
      178,
      247
    ],
    "eval_seeds": [
      3088621,
      3088622,
      3088623,
      3088624,
      3088625,
      3088626,
      3088627,
      3088628,
      3088629,
      3088630,
      3088631,
      3088632,
      3088633,
      3088634,
      3088635,
      3088636,
      3088637,
      3088638,
      3088639,
      3088640
    ]
  }
}