{
  "network_id": 139115,
  "seed": 3139115,
  "valid": true,
  "baseline_reward": 500.0,
  "baseline_fitness": 1.0,
  "stratum": "perfect",
  "genome": {
    "max_growth_steps": 200,
    "size_x": 10,
    "size_y": 10,
    "diffusion_rate": 0.19900164550870014,
    "num_morphogens": 3,
    "division_threshold": 0.6058662703964918,
    "cell_differentiation_threshold": 0.6769067449993446,
    "axon_growth_threshold": 0.2920614861064498,
    "max_axon_length": 2,
    "axon_connect_threshold": 0.4745519274468406,
    "self_connect_isolated_neurons_fraction": 0.1420027640520081,
    "weight_adjustment_target": 0.35172127674651804,
    "weight_adjustment_rate": 0.007748669402879253,
    "progenitor_secretion_rates": [
      0.41067710905223115,
      0.03335805936585012,
      0.007831837005218223
    ],
    "neuron_secretion_rates": [
      0.024619338011885594,
      0.03793668628330438,
      0.35445477022012434
    ],
    "inhibition_matrix": [
      [
        0.0,
        0.0,
        0.24945701827800232
      ],
      [
        0.0,
        0.0,
        0.0
      ],
      [
        0.22697120266319198,
        0.0,
        0.0
      ]
    ],
    "diffusion_patterns": [
      [
        [
          0.10845025348289979,
          0.1270349162456659,
          0.18467107142200553
        ],
        [
          0.06875862816744512,
          0.08358602135917137,
          0.1239041527110692
        ],
        [
          0.08022834306465214,
          0.10447882889732424,
          0.11888778464976663
        ]
      ],
      [
        [
          0.13079626593730737,
          0.12052016639151507,
          0.06480375611409694
        ],
        [
          0.08178468474421532,
          0.17272672154904747,
          0.08117118174814997
        ],
        [
          0.15628528076924295,
          0.09555839743131035,
          0.0963535453151146
        ]
      ],
      [
        [
          0.0419153351737665,
          0.126491501865928,
          0.1475121571004762
        ],
        [
          0.10773303839351829,
          0.3200111395430262,
          0.05366684148158073
        ],
        [
          0.01350769099936901,
          0.10797346617054099,
          0.08118882927179417
        ]
      ]
    ]
  },
  "network_stats": {
    "neurons": 100,
    "connections": 380
  },
  "rollout_data": {
    "rewards": [
      500.0,
      500.0,
      500.0,
      500.0,
      500.0,
      500.0,
      500.0,
      500.0,
      500.0,
      500.0,
      500.0,
      500.0,
      500.0,
      500.0,
      500.0,
      500.0,
      500.0,
      500.0,
      500.0,
      500.0
    ],
    "lengths": [
      500,
      500,
      500,
      500,
      500,
      500,
      500,
      500,
      500,
      500,
      500,
      500,
      500,
      500,
      500,
      500,
      500,
      500,
      500,
      500
    ],
    "eval_seeds": [
      3139115,
      3139116,
      3139117,
      3139118,
      3139119,
      3139120,
      3139121,
      3139122,
      3139123,
      3139124,
      3139125,
      3139126,
      3139127,
      3139128,
      3139129,
      3139130,
      3139131,
      3139132,
      3139133,
      3139134
    ]
  }
}