{
  "network_id": 43276,
  "seed": 3043276,
  "valid": true,
  "baseline_reward": 500.0,
  "baseline_fitness": 1.0,
  "stratum": "perfect",
  "genome": {
    "max_growth_steps": 200,
    "size_x": 10,
    "size_y": 10,
    "diffusion_rate": 0.16587319001071077,
    "num_morphogens": 3,
    "division_threshold": 0.40739847593993395,
    "cell_differentiation_threshold": 0.5565262250707592,
    "axon_growth_threshold": 0.2914182268770821,
    "max_axon_length": 9,
    "axon_connect_threshold": 0.6764663767627058,
    "self_connect_isolated_neurons_fraction": 0.08145051562007752,
    "weight_adjustment_target": 0.5377969929424928,
    "weight_adjustment_rate": 0.010690945696909041,
    "progenitor_secretion_rates": [
      0.26645424108000854,
      0.04691875232214454,
      0.4761493955929333
    ],
    "neuron_secretion_rates": [
      0.4052846848314853,
      0.3534542331569145,
      0.15874937756955665
    ],
    "inhibition_matrix": [
      [
        0.0,
        0.20678633515677963,
        0.0
      ],
      [
        0.06738508460469839,
        0.0,
        0.0
      ],
      [
        0.0,
        0.08424084057297432,
        0.0
      ]
    ],
    "diffusion_patterns": [
      [
        [
          0.17308752171825958,
          0.2140622507019019,
          0.12313848705308916
        ],
        [
          0.0022967499658854756,
          0.1292322748963389,
          0.0053485790276109856
        ],
        [
          0.09300483939619815,
          0.07411709651158607,
          0.1857122007291297
        ]
      ],
      [
        [
          0.1913094996536904,
          0.07746821254554778,
          0.1618303113727022
        ],
        [
          0.19202500311867723,
          0.09300942885251029,
          0.18591818675865365
        ],
        [
          0.035902858635893965,
          0.04212863907492886,
          0.02040785998739571
        ]
      ],
      [
        [
          0.17638042036223475,
          0.11271180539424215,
          0.21170460227553806
        ],
        [
          0.012976681799595793,
          0.18280523012578023,
          0.009746754526439843
        ],
        [
          0.16610894196792167,
          0.08935719848793362,
          0.038208365060314
        ]
      ]
    ]
  },
  "network_stats": {
    "neurons": 100,
    "connections": 226
  },
  "rollout_data": {
    "rewards": [
      500.0,
      500.0,
      500.0,
      500.0,
      500.0,
      500.0,
      500.0,
      500.0,
      500.0,
      500.0,
      500.0,
      500.0,
      500.0,
      500.0,
      500.0,
      500.0,
      500.0,
      500.0,
      500.0,
      500.0
    ],
    "lengths": [
      500,
      500,
      500,
      500,
      500,
      500,
      500,
      500,
      500,
      500,
      500,
      500,
      500,
      500,
      500,
      500,
      500,
      500,
      500,
      500
    ],
    "eval_seeds": [
      3043276,
      3043277,
      3043278,
      3043279,
      3043280,
      3043281,
      3043282,
      3043283,
      3043284,
      3043285,
      3043286,
      3043287,
      3043288,
      3043289,
      3043290,
      3043291,
      3043292,
      3043293,
      3043294,
      3043295
    ]
  }
}