{
  "network_id": 58382,
  "seed": 3058382,
  "valid": true,
  "baseline_reward": 336.2,
  "baseline_fitness": 0.6724,
  "stratum": "low_mid",
  "genome": {
    "max_growth_steps": 200,
    "size_x": 10,
    "size_y": 10,
    "diffusion_rate": 0.05347259001827537,
    "num_morphogens": 3,
    "division_threshold": 0.31993500924541657,
    "cell_differentiation_threshold": 0.36315506955617577,
    "axon_growth_threshold": 0.39658721640438255,
    "max_axon_length": 10,
    "axon_connect_threshold": 0.4274047972891966,
    "self_connect_isolated_neurons_fraction": 0.15286049178655894,
    "weight_adjustment_target": 0.45942064249858156,
    "weight_adjustment_rate": 0.015485702864306478,
    "progenitor_secretion_rates": [
      0.24515979256259496,
      0.1721692805902163,
      0.0479849026966403
    ],
    "neuron_secretion_rates": [
      0.49782238008522345,
      0.3231767830368198,
      0.15027029781831208
    ],
    "inhibition_matrix": [
      [
        0.0,
        0.0,
        0.0
      ],
      [
        0.0,
        0.0,
        0.20902958722186055
      ],
      [
        0.0,
        0.0,
        0.0
      ]
    ],
    "diffusion_patterns": [
      [
        [
          0.11177622624695716,
          0.05142231320022905,
          0.10214728653500747
        ],
        [
          0.17543493716685005,
          0.20447959324302356,
          0.15639081848899822
        ],
        [
          0.07404600105969719,
          0.0373788486079966,
          0.08692397545124082
        ]
      ],
      [
        [
          0.10823193707865653,
          0.09907969338744164,
          0.17402286382870305
        ],
        [
          0.009277354578088069,
          0.18234870969249467,
          0.11336585819239939
        ],
        [
          0.07323982993512626,
          0.06351689856764549,
          0.1769168547394448
        ]
      ],
      [
        [
          0.20349195255766483,
          0.04115989403533056,
          0.06086038390074038
        ],
        [
          0.16035579090954818,
          0.13582289271116313,
          0.17065225021004343
        ],
        [
          0.015385080890175408,
          0.08529685720479566,
          0.1269748975805384
        ]
      ]
    ]
  },
  "network_stats": {
    "neurons": 100,
    "connections": 266
  },
  "rollout_data": {
    "rewards": [
      177.0,
      500.0,
      320.0,
      206.0,
      305.0,
      500.0,
      327.0,
      500.0,
      500.0,
      206.0,
      475.0,
      262.0,
      442.0,
      207.0,
      213.0,
      500.0,
      211.0,
      460.0,
      201.0,
      212.0
    ],
    "lengths": [
      177,
      500,
      320,
      206,
      305,
      500,
      327,
      500,
      500,
      206,
      475,
      262,
      442,
      207,
      213,
      500,
      211,
      460,
      201,
      212
    ],
    "eval_seeds": [
      3058382,
      3058383,
      3058384,
      3058385,
      3058386,
      3058387,
      3058388,
      3058389,
      3058390,
      3058391,
      3058392,
      3058393,
      3058394,
      3058395,
      3058396,
      3058397,
      3058398,
      3058399,
      3058400,
      3058401
    ]
  }
}