{
  "network_id": 166872,
  "seed": 3166872,
  "valid": true,
  "baseline_reward": 487.85,
  "baseline_fitness": 0.9757,
  "stratum": "perfect",
  "genome": {
    "max_growth_steps": 200,
    "size_x": 10,
    "size_y": 10,
    "diffusion_rate": 0.12858709373359226,
    "num_morphogens": 3,
    "division_threshold": 0.34218044596206176,
    "cell_differentiation_threshold": 0.676014447942208,
    "axon_growth_threshold": 0.4060762019621573,
    "max_axon_length": 2,
    "axon_connect_threshold": 0.7401419040902917,
    "self_connect_isolated_neurons_fraction": 0.23414830889926616,
    "weight_adjustment_target": 0.3154449544657157,
    "weight_adjustment_rate": 0.013211710172866351,
    "progenitor_secretion_rates": [
      0.4379434413529849,
      0.36936692338317234,
      0.005836956123151382
    ],
    "neuron_secretion_rates": [
      0.48913623850328514,
      0.03267264548004978,
      0.466005100666419
    ],
    "inhibition_matrix": [
      [
        0.0,
        0.0,
        0.0
      ],
      [
        0.0,
        0.0,
        0.49512854110305243
      ],
      [
        0.0,
        0.0,
        0.0
      ]
    ],
    "diffusion_patterns": [
      [
        [
          0.07372160409652552,
          0.12381553351630643,
          0.1416386083487127
        ],
        [
          0.14500609154837474,
          0.08540532909722535,
          0.006278896676210091
        ],
        [
          0.14718827650698055,
          0.1348493785234144,
          0.14209628168625035
        ]
      ],
      [
        [
          0.10408511171982081,
          0.06236715566999411,
          0.13551870854822073
        ],
        [
          0.12121090760882611,
          0.1144877116995692,
          0.13865659157088697
        ],
        [
          0.1344423584711453,
          0.05291935798934143,
          0.13631209672219527
        ]
      ],
      [
        [
          0.10143808315099265,
          0.08350651425995151,
          0.15549864631512636
        ],
        [
          0.19422183058438833,
          0.01890968036239088,
          0.03151346334702341
        ],
        [
          0.26311363590105585,
          0.050630404467391615,
          0.10116774161167938
        ]
      ]
    ]
  },
  "network_stats": {
    "neurons": 100,
    "connections": 258
  },
  "rollout_data": {
    "rewards": [
      500.0,
      385.0,
      500.0,
      500.0,
      500.0,
      500.0,
      500.0,
      500.0,
      500.0,
      500.0,
      500.0,
      500.0,
      500.0,
      500.0,
      500.0,
      500.0,
      372.0,
      500.0,
      500.0,
      500.0
    ],
    "lengths": [
      500,
      385,
      500,
      500,
      500,
      500,
      500,
      500,
      500,
      500,
      500,
      500,
      500,
      500,
      500,
      500,
      372,
      500,
      500,
      500
    ],
    "eval_seeds": [
      3166872,
      3166873,
      3166874,
      3166875,
      3166876,
      3166877,
      3166878,
      3166879,
      3166880,
      3166881,
      3166882,
      3166883,
      3166884,
      3166885,
      3166886,
      3166887,
      3166888,
      3166889,
      3166890,
      3166891
    ]
  }
}