{
  "network_id": 105398,
  "seed": 3105398,
  "valid": true,
  "baseline_reward": 283.6,
  "baseline_fitness": 0.5672,
  "stratum": "low_mid",
  "genome": {
    "max_growth_steps": 200,
    "size_x": 10,
    "size_y": 10,
    "diffusion_rate": 0.0921625450581409,
    "num_morphogens": 3,
    "division_threshold": 0.5208798285887384,
    "cell_differentiation_threshold": 0.4068924186914864,
    "axon_growth_threshold": 0.23833158030161367,
    "max_axon_length": 6,
    "axon_connect_threshold": 0.8399212575452624,
    "self_connect_isolated_neurons_fraction": 0.023792745435003346,
    "weight_adjustment_target": 0.4830607407659394,
    "weight_adjustment_rate": 0.014033520033743745,
    "progenitor_secretion_rates": [
      0.12419380344124153,
      0.013569358705480539,
      0.4422221756724415
    ],
    "neuron_secretion_rates": [
      0.014322842464891739,
      0.004087209609632991,
      0.03842735200802272
    ],
    "inhibition_matrix": [
      [
        0.0,
        0.41334547846124486,
        0.0
      ],
      [
        0.0,
        0.0,
        0.0
      ],
      [
        0.37382900895583815,
        0.007532552190576414,
        0.0
      ]
    ],
    "diffusion_patterns": [
      [
        [
          0.2827522531027445,
          0.03442640116356532,
          0.029375192700600787
        ],
        [
          0.05913070820260326,
          0.18049017679106974,
          0.15600810347839186
        ],
        [
          0.11144648780850912,
          0.09991926417879743,
          0.04645141257371799
        ]
      ],
      [
        [
          0.03779640207998073,
          0.17992847491757497,
          0.14429478267171353
        ],
        [
          0.04245095406493657,
          0.16614414650362175,
          0.15235371626579344
        ],
        [
          0.1308883292593371,
          0.0009501796311914226,
          0.14519301460585046
        ]
      ],
      [
        [
          0.15178011752978013,
          0.1148535698286994,
          0.18049402068581585
        ],
        [
          0.06849357702376833,
          0.08184754980000569,
          0.09254918061813773
        ],
        [
          0.14876738912211818,
          0.03575101654846283,
          0.1254635788432119
        ]
      ]
    ]
  },
  "network_stats": {
    "neurons": 100,
    "connections": 312
  },
  "rollout_data": {
    "rewards": [
      398.0,
      285.0,
      256.0,
      317.0,
      239.0,
      240.0,
      337.0,
      256.0,
      275.0,
      313.0,
      264.0,
      255.0,
      355.0,
      254.0,
      360.0,
      287.0,
      256.0,
      257.0,
      277.0,
      191.0
    ],
    "lengths": [
      398,
      285,
      256,
      317,
      239,
      240,
      337,
      256,
      275,
      313,
      264,
      255,
      355,
      254,
      360,
      287,
      256,
      257,
      277,
      191
    ],
    "eval_seeds": [
      3105398,
      3105399,
      3105400,
      3105401,
      3105402,
      3105403,
      3105404,
      3105405,
      3105406,
      3105407,
      3105408,
      3105409,
      3105410,
      3105411,
      3105412,
      3105413,
      3105414,
      3105415,
      3105416,
      3105417
    ]
  }
}