{
  "network_id": 31904,
  "seed": 3031904,
  "valid": true,
  "baseline_reward": 204.5,
  "baseline_fitness": 0.409,
  "stratum": "low_mid",
  "genome": {
    "max_growth_steps": 200,
    "size_x": 10,
    "size_y": 10,
    "diffusion_rate": 0.10247609553405988,
    "num_morphogens": 3,
    "division_threshold": 0.5860148069607467,
    "cell_differentiation_threshold": 0.5933499328363594,
    "axon_growth_threshold": 0.40544903318396186,
    "max_axon_length": 2,
    "axon_connect_threshold": 0.9126137067324372,
    "self_connect_isolated_neurons_fraction": 0.21307529392895153,
    "weight_adjustment_target": 0.6324344594510808,
    "weight_adjustment_rate": 0.016616979247935596,
    "progenitor_secretion_rates": [
      0.35998505788844354,
      0.14861793135381196,
      0.08312602497566346
    ],
    "neuron_secretion_rates": [
      0.21310469991877273,
      0.2602898626809144,
      0.17808230404106223
    ],
    "inhibition_matrix": [
      [
        0.0,
        0.0,
        0.0
      ],
      [
        0.0,
        0.0,
        0.0
      ],
      [
        0.0,
        0.0,
        0.0
      ]
    ],
    "diffusion_patterns": [
      [
        [
          0.1654771579844343,
          0.10348194419637695,
          0.09410775997055879
        ],
        [
          0.15568711649296124,
          0.07353579392508873,
          0.09208283683854683
        ],
        [
          0.15103947603141998,
          0.06624336847749422,
          0.0983445460831189
        ]
      ],
      [
        [
          0.09810564493794378,
          0.0778226675754523,
          0.1478406898372821
        ],
        [
          0.2258474797288712,
          0.006988619959220181,
          0.1406613715543021
        ],
        [
          0.10533974161844924,
          0.1498183722278222,
          0.047575412560656956
        ]
      ],
      [
        [
          0.10472615793924975,
          0.07736270992227139,
          0.12585731835500705
        ],
        [
          0.01600205260813425,
          0.13582392234666757,
          0.17996007563601032
        ],
        [
          0.05504783017884617,
          0.1443520487406697,
          0.16086788427314364
        ]
      ]
    ]
  },
  "network_stats": {
    "neurons": 100,
    "connections": 259
  },
  "rollout_data": {
    "rewards": [
      286.0,
      170.0,
      304.0,
      224.0,
      205.0,
      150.0,
      145.0,
      157.0,
      200.0,
      175.0,
      245.0,
      230.0,
      176.0,
      177.0,
      137.0,
      217.0,
      211.0,
      259.0,
      171.0,
      251.0
    ],
    "lengths": [
      286,
      170,
      304,
      224,
      205,
      150,
      145,
      157,
      200,
      175,
      245,
      230,
      176,
      177,
      137,
      217,
      211,
      259,
      171,
      251
    ],
    "eval_seeds": [
      3031904,
      3031905,
      3031906,
      3031907,
      3031908,
      3031909,
      3031910,
      3031911,
      3031912,
      3031913,
      3031914,
      3031915,
      3031916,
      3031917,
      3031918,
      3031919,
      3031920,
      3031921,
      3031922,
      3031923
    ]
  }
}