{
  "network_id": 178922,
  "seed": 3178922,
  "valid": true,
  "baseline_reward": 14.35,
  "baseline_fitness": 0.0287,
  "stratum": "weak",
  "genome": {
    "max_growth_steps": 200,
    "size_x": 10,
    "size_y": 10,
    "diffusion_rate": 0.19957650409442806,
    "num_morphogens": 3,
    "division_threshold": 0.38324564436427044,
    "cell_differentiation_threshold": 0.522549359723392,
    "axon_growth_threshold": 0.28109241475968233,
    "max_axon_length": 9,
    "axon_connect_threshold": 0.7255802656340874,
    "self_connect_isolated_neurons_fraction": 0.24913295067836597,
    "weight_adjustment_target": 0.5926124488504396,
    "weight_adjustment_rate": 0.019693992821217803,
    "progenitor_secretion_rates": [
      0.45558161230029565,
      0.3876328478997225,
      0.010583045010002179
    ],
    "neuron_secretion_rates": [
      0.23127462564834628,
      0.0072273736532745825,
      0.31682992434529006
    ],
    "inhibition_matrix": [
      [
        0.0,
        0.0,
        0.0
      ],
      [
        0.0,
        0.0,
        0.0
      ],
      [
        0.0,
        0.0,
        0.0
      ]
    ],
    "diffusion_patterns": [
      [
        [
          0.21289963342681234,
          0.18356419850716543,
          0.15745270557453453
        ],
        [
          0.058590167561940874,
          0.06273438115588174,
          0.027930543442548965
        ],
        [
          0.08604123519577582,
          0.1492042110879612,
          0.061582924047379015
        ]
      ],
      [
        [
          0.09849027412196507,
          0.16163977833888138,
          0.09252447752236456
        ],
        [
          0.14119153879572874,
          0.14020649794096904,
          0.03736788207655264
        ],
        [
          0.11272788597027342,
          0.08292856593116485,
          0.13292309930210025
        ]
      ],
      [
        [
          0.17181387142675633,
          0.17058159649322216,
          0.11578914818716729
        ],
        [
          0.022689470855772043,
          0.16782858999589442,
          0.06991153387099046
        ],
        [
          0.11681972135696198,
          0.09425720288607557,
          0.07030886492715972
        ]
      ]
    ]
  },
  "network_stats": {
    "neurons": 100,
    "connections": 263
  },
  "rollout_data": {
    "rewards": [
      10.0,
      29.0,
      15.0,
      29.0,
      9.0,
      27.0,
      9.0,
      25.0,
      9.0,
      10.0,
      8.0,
      10.0,
      13.0,
      10.0,
      9.0,
      9.0,
      9.0,
      10.0,
      8.0,
      29.0
    ],
    "lengths": [
      10,
      29,
      15,
      29,
      9,
      27,
      9,
      25,
      9,
      10,
      8,
      10,
      13,
      10,
      9,
      9,
      9,
      10,
      8,
      29
    ],
    "eval_seeds": [
      3178922,
      3178923,
      3178924,
      3178925,
      3178926,
      3178927,
      3178928,
      3178929,
      3178930,
      3178931,
      3178932,
      3178933,
      3178934,
      3178935,
      3178936,
      3178937,
      3178938,
      3178939,
      3178940,
      3178941
    ]
  }
}