{
  "network_id": 128964,
  "seed": 3128964,
  "valid": true,
  "baseline_reward": 206.55,
  "baseline_fitness": 0.4131,
  "stratum": "low_mid",
  "genome": {
    "max_growth_steps": 200,
    "size_x": 10,
    "size_y": 10,
    "diffusion_rate": 0.11783977413909441,
    "num_morphogens": 3,
    "division_threshold": 0.34746539035429913,
    "cell_differentiation_threshold": 0.35725080617215194,
    "axon_growth_threshold": 0.20055614246803105,
    "max_axon_length": 9,
    "axon_connect_threshold": 0.46147744220709275,
    "self_connect_isolated_neurons_fraction": 0.21640353454183506,
    "weight_adjustment_target": 0.49223477133429316,
    "weight_adjustment_rate": 0.011327000920876554,
    "progenitor_secretion_rates": [
      0.33098578118978655,
      0.3355636381236971,
      0.10807147230866543
    ],
    "neuron_secretion_rates": [
      0.20559233836867274,
      0.11409240973675816,
      0.1939724153873814
    ],
    "inhibition_matrix": [
      [
        0.0,
        0.0,
        0.3190939690678412
      ],
      [
        0.0,
        0.0,
        0.4059157815844881
      ],
      [
        0.0,
        0.0,
        0.0
      ]
    ],
    "diffusion_patterns": [
      [
        [
          0.17108797932461928,
          0.1461557329528527,
          0.15620297337324632
        ],
        [
          0.04231007235467424,
          0.05561666717216583,
          0.0734503709074839
        ],
        [
          0.10229412195821605,
          0.10836616170682943,
          0.14451592024991225
        ]
      ],
      [
        [
          0.1311863141593716,
          0.11623535508610709,
          0.16073075946264845
        ],
        [
          0.05537170769290383,
          0.1056794160214116,
          0.14225852700001787
        ],
        [
          0.07657947371725186,
          0.13056554801089304,
          0.08139289884939468
        ]
      ],
      [
        [
          0.025767455698999766,
          0.06481433667588951,
          0.004782007905298102
        ],
        [
          0.16324141006621223,
          0.17295042545817424,
          0.1888110830459032
        ],
        [
          0.026424747575308376,
          0.1731816151726266,
          0.1800269184015879
        ]
      ]
    ]
  },
  "network_stats": {
    "neurons": 100,
    "connections": 277
  },
  "rollout_data": {
    "rewards": [
      220.0,
      163.0,
      147.0,
      148.0,
      174.0,
      257.0,
      240.0,
      229.0,
      148.0,
      293.0,
      235.0,
      234.0,
      175.0,
      257.0,
      243.0,
      147.0,
      209.0,
      201.0,
      160.0,
      251.0
    ],
    "lengths": [
      220,
      163,
      147,
      148,
      174,
      257,
      240,
      229,
      148,
      293,
      235,
      234,
      175,
      257,
      243,
      147,
      209,
      201,
      160,
      251
    ],
    "eval_seeds": [
      3128964,
      3128965,
      3128966,
      3128967,
      3128968,
      3128969,
      3128970,
      3128971,
      3128972,
      3128973,
      3128974,
      3128975,
      3128976,
      3128977,
      3128978,
      3128979,
      3128980,
      3128981,
      3128982,
      3128983
    ]
  }
}