{
  "network_id": 66648,
  "seed": 3066648,
  "valid": true,
  "baseline_reward": 200.95,
  "baseline_fitness": 0.4019,
  "stratum": "low_mid",
  "genome": {
    "max_growth_steps": 200,
    "size_x": 10,
    "size_y": 10,
    "diffusion_rate": 0.07565623567264129,
    "num_morphogens": 3,
    "division_threshold": 0.4757208929345118,
    "cell_differentiation_threshold": 0.4034437829009824,
    "axon_growth_threshold": 0.31387534800686717,
    "max_axon_length": 9,
    "axon_connect_threshold": 0.8798999250128164,
    "self_connect_isolated_neurons_fraction": 0.06597522239999318,
    "weight_adjustment_target": 0.544476655830158,
    "weight_adjustment_rate": 0.006999257190967901,
    "progenitor_secretion_rates": [
      0.2915685812120447,
      0.137101166748283,
      0.1325691231431685
    ],
    "neuron_secretion_rates": [
      0.11920814079680003,
      0.47204869644408187,
      0.08662990390890613
    ],
    "inhibition_matrix": [
      [
        0.0,
        0.0,
        0.0
      ],
      [
        0.0,
        0.0,
        0.0
      ],
      [
        0.0,
        0.0,
        0.0
      ]
    ],
    "diffusion_patterns": [
      [
        [
          0.11563653249695104,
          0.1101358399898635,
          0.16335023114714742
        ],
        [
          0.11368972497206384,
          0.029481883678113847,
          0.19030186497919918
        ],
        [
          0.04697674225025367,
          0.056200384801299165,
          0.1742267956851083
        ]
      ],
      [
        [
          0.060708139870252094,
          0.17004455363558188,
          0.010669488717534033
        ],
        [
          0.1489350854388165,
          0.03488701473485756,
          0.18782982341853663
        ],
        [
          0.12443450322477988,
          0.0034595288967657887,
          0.2590318620628757
        ]
      ],
      [
        [
          0.012114159871123997,
          0.19411261584898407,
          0.002602113504586453
        ],
        [
          0.10060551458067607,
          0.12532832952551667,
          0.19203445909228686
        ],
        [
          0.03201139890559261,
          0.2527346597359919,
          0.08845674893524144
        ]
      ]
    ]
  },
  "network_stats": {
    "neurons": 100,
    "connections": 328
  },
  "rollout_data": {
    "rewards": [
      249.0,
      171.0,
      240.0,
      202.0,
      254.0,
      207.0,
      255.0,
      203.0,
      232.0,
      175.0,
      215.0,
      246.0,
      225.0,
      191.0,
      134.0,
      154.0,
      231.0,
      144.0,
      143.0,
      148.0
    ],
    "lengths": [
      249,
      171,
      240,
      202,
      254,
      207,
      255,
      203,
      232,
      175,
      215,
      246,
      225,
      191,
      134,
      154,
      231,
      144,
      143,
      148
    ],
    "eval_seeds": [
      3066648,
      3066649,
      3066650,
      3066651,
      3066652,
      3066653,
      3066654,
      3066655,
      3066656,
      3066657,
      3066658,
      3066659,
      3066660,
      3066661,
      3066662,
      3066663,
      3066664,
      3066665,
      3066666,
      3066667
    ]
  }
}