{
  "network_id": 48317,
  "seed": 3048317,
  "valid": true,
  "baseline_reward": 450.65,
  "baseline_fitness": 0.9013,
  "stratum": "near_perfect",
  "genome": {
    "max_growth_steps": 200,
    "size_x": 10,
    "size_y": 10,
    "diffusion_rate": 0.12070182914028064,
    "num_morphogens": 3,
    "division_threshold": 0.4365488106165487,
    "cell_differentiation_threshold": 0.6840068637951203,
    "axon_growth_threshold": 0.28954403010135893,
    "max_axon_length": 7,
    "axon_connect_threshold": 0.6799937794556823,
    "self_connect_isolated_neurons_fraction": 0.1273447336921613,
    "weight_adjustment_target": 0.46635919794407166,
    "weight_adjustment_rate": 0.014949307311648487,
    "progenitor_secretion_rates": [
      0.36402384895566137,
      0.456245589027336,
      0.14543527992010818
    ],
    "neuron_secretion_rates": [
      0.40603130007645555,
      0.09881075739974232,
      0.14636020034765734
    ],
    "inhibition_matrix": [
      [
        0.0,
        0.0,
        0.0
      ],
      [
        0.0,
        0.0,
        0.0
      ],
      [
        0.0,
        0.0,
        0.0
      ]
    ],
    "diffusion_patterns": [
      [
        [
          0.11069599073812557,
          0.20378186812082807,
          0.17299510538552507
        ],
        [
          0.12168506293438665,
          0.06820410522409737,
          0.00520273340677889
        ],
        [
          0.2166280272291539,
          0.010926166313290284,
          0.0898809406478142
        ]
      ],
      [
        [
          0.05795963830517244,
          0.12420054729473445,
          0.1954033143663136
        ],
        [
          0.038994203987958755,
          0.26245969789542273,
          0.005599554465118504
        ],
        [
          0.08977923875917121,
          0.21220855391037202,
          0.013395251015736345
        ]
      ],
      [
        [
          0.09509781943947061,
          0.14278721390248666,
          0.14087720978118543
        ],
        [
          0.06847293178419642,
          0.1515821855231292,
          0.06776221714917631
        ],
        [
          0.14073653329694233,
          0.061759491321263696,
          0.13092439780214932
        ]
      ]
    ]
  },
  "network_stats": {
    "neurons": 100,
    "connections": 277
  },
  "rollout_data": {
    "rewards": [
      500.0,
      374.0,
      500.0,
      225.0,
      500.0,
      500.0,
      500.0,
      500.0,
      356.0,
      308.0,
      250.0,
      500.0,
      500.0,
      500.0,
      500.0,
      500.0,
      500.0,
      500.0,
      500.0,
      500.0
    ],
    "lengths": [
      500,
      374,
      500,
      225,
      500,
      500,
      500,
      500,
      356,
      308,
      250,
      500,
      500,
      500,
      500,
      500,
      500,
      500,
      500,
      500
    ],
    "eval_seeds": [
      3048317,
      3048318,
      3048319,
      3048320,
      3048321,
      3048322,
      3048323,
      3048324,
      3048325,
      3048326,
      3048327,
      3048328,
      3048329,
      3048330,
      3048331,
      3048332,
      3048333,
      3048334,
      3048335,
      3048336
    ]
  }
}