{
  "network_id": 76763,
  "seed": 3076763,
  "valid": true,
  "baseline_reward": 471.6,
  "baseline_fitness": 0.9432,
  "stratum": "near_perfect",
  "genome": {
    "max_growth_steps": 200,
    "size_x": 10,
    "size_y": 10,
    "diffusion_rate": 0.12703108627149856,
    "num_morphogens": 3,
    "division_threshold": 0.3971568407705337,
    "cell_differentiation_threshold": 0.5467645358668742,
    "axon_growth_threshold": 0.40475219787194305,
    "max_axon_length": 6,
    "axon_connect_threshold": 0.8614690618465979,
    "self_connect_isolated_neurons_fraction": 0.18568337037151333,
    "weight_adjustment_target": 0.5478162515536622,
    "weight_adjustment_rate": 0.01218864711861679,
    "progenitor_secretion_rates": [
      0.26069019991394127,
      0.33491351930695895,
      0.1867479362487865
    ],
    "neuron_secretion_rates": [
      0.1672579849865231,
      0.41319182064942317,
      0.2625959854041845
    ],
    "inhibition_matrix": [
      [
        0.0,
        0.0,
        0.0
      ],
      [
        0.0,
        0.0,
        0.0
      ],
      [
        0.0,
        0.0,
        0.0
      ]
    ],
    "diffusion_patterns": [
      [
        [
          0.0520715045849977,
          0.23590408366440715,
          0.0497747201962339
        ],
        [
          0.10562560704973659,
          0.017125613666254026,
          0.14976016644993356
        ],
        [
          0.2480163954937303,
          0.02178761252160098,
          0.11993429637310567
        ]
      ],
      [
        [
          0.009881274378232358,
          0.19945234770105294,
          0.0446956521371146
        ],
        [
          0.11248200298848147,
          0.19327292633924678,
          0.11951176037688273
        ],
        [
          0.10825403460809878,
          0.0030249824845749373,
          0.20942501898631538
        ]
      ],
      [
        [
          0.1658125361916013,
          0.09929774464570486,
          0.16933721736490764
        ],
        [
          0.024267645934995336,
          0.17137765269858588,
          0.1451196484349029
        ],
        [
          0.052184744312355376,
          0.0072937552201424475,
          0.1653090551968042
        ]
      ]
    ]
  },
  "network_stats": {
    "neurons": 100,
    "connections": 274
  },
  "rollout_data": {
    "rewards": [
      500.0,
      383.0,
      461.0,
      462.0,
      500.0,
      498.0,
      353.0,
      500.0,
      500.0,
      465.0,
      500.0,
      500.0,
      467.0,
      500.0,
      433.0,
      500.0,
      466.0,
      461.0,
      483.0,
      500.0
    ],
    "lengths": [
      500,
      383,
      461,
      462,
      500,
      498,
      353,
      500,
      500,
      465,
      500,
      500,
      467,
      500,
      433,
      500,
      466,
      461,
      483,
      500
    ],
    "eval_seeds": [
      3076763,
      3076764,
      3076765,
      3076766,
      3076767,
      3076768,
      3076769,
      3076770,
      3076771,
      3076772,
      3076773,
      3076774,
      3076775,
      3076776,
      3076777,
      3076778,
      3076779,
      3076780,
      3076781,
      3076782
    ]
  }
}