{
  "network_id": 64964,
  "seed": 3064964,
  "valid": true,
  "baseline_reward": 203.1,
  "baseline_fitness": 0.4062,
  "stratum": "low_mid",
  "genome": {
    "max_growth_steps": 200,
    "size_x": 10,
    "size_y": 10,
    "diffusion_rate": 0.07991565504857477,
    "num_morphogens": 3,
    "division_threshold": 0.5250126072474023,
    "cell_differentiation_threshold": 0.539605743585487,
    "axon_growth_threshold": 0.45204562564091966,
    "max_axon_length": 5,
    "axon_connect_threshold": 0.6262256248843259,
    "self_connect_isolated_neurons_fraction": 0.13064525244613132,
    "weight_adjustment_target": 0.6033118476440131,
    "weight_adjustment_rate": 0.007039963083450521,
    "progenitor_secretion_rates": [
      0.42609221797196445,
      0.3983656108166371,
      0.2576898296878552
    ],
    "neuron_secretion_rates": [
      0.1846555929349733,
      0.1654219445799111,
      0.09034526436715068
    ],
    "inhibition_matrix": [
      [
        0.0,
        0.0,
        0.0
      ],
      [
        0.0,
        0.0,
        0.06803457028713394
      ],
      [
        0.0,
        0.0,
        0.0
      ]
    ],
    "diffusion_patterns": [
      [
        [
          0.009948234161765965,
          0.19617345532013625,
          0.10486369018210775
        ],
        [
          0.1845947856149975,
          0.018101120818650025,
          0.20518281838714983
        ],
        [
          0.054514096775004565,
          0.052552382904448476,
          0.17406941583573965
        ]
      ],
      [
        [
          0.15154572932066088,
          0.19549081354333167,
          0.0565003304498958
        ],
        [
          0.08832955883971375,
          0.18144720447635782,
          0.07014484104493945
        ],
        [
          0.1291139515103843,
          0.1082823626249599,
          0.01914520818975638
        ]
      ],
      [
        [
          0.15623808669470465,
          0.09298737261759799,
          0.09516552716584041
        ],
        [
          2.6658355789885354e-05,
          0.08936905095425905,
          0.06738413191777044
        ],
        [
          0.19798780123417306,
          0.14324415122977083,
          0.15759721983009373
        ]
      ]
    ]
  },
  "network_stats": {
    "neurons": 100,
    "connections": 267
  },
  "rollout_data": {
    "rewards": [
      183.0,
      164.0,
      213.0,
      145.0,
      293.0,
      148.0,
      198.0,
      232.0,
      190.0,
      208.0,
      187.0,
      213.0,
      248.0,
      192.0,
      238.0,
      189.0,
      242.0,
      233.0,
      187.0,
      159.0
    ],
    "lengths": [
      183,
      164,
      213,
      145,
      293,
      148,
      198,
      232,
      190,
      208,
      187,
      213,
      248,
      192,
      238,
      189,
      242,
      233,
      187,
      159
    ],
    "eval_seeds": [
      3064964,
      3064965,
      3064966,
      3064967,
      3064968,
      3064969,
      3064970,
      3064971,
      3064972,
      3064973,
      3064974,
      3064975,
      3064976,
      3064977,
      3064978,
      3064979,
      3064980,
      3064981,
      3064982,
      3064983
    ]
  }
}