{
  "network_id": 102285,
  "seed": 3102285,
  "valid": true,
  "baseline_reward": 9.45,
  "baseline_fitness": 0.0189,
  "stratum": "weak",
  "genome": {
    "max_growth_steps": 200,
    "size_x": 10,
    "size_y": 10,
    "diffusion_rate": 0.08073408306101384,
    "num_morphogens": 3,
    "division_threshold": 0.4649452738037372,
    "cell_differentiation_threshold": 0.46208946942605167,
    "axon_growth_threshold": 0.4668134496703229,
    "max_axon_length": 4,
    "axon_connect_threshold": 0.9687672194769399,
    "self_connect_isolated_neurons_fraction": 0.12962764768867668,
    "weight_adjustment_target": 0.6507849595830303,
    "weight_adjustment_rate": 0.010554563224305376,
    "progenitor_secretion_rates": [
      0.16077366685523553,
      0.03996301408651415,
      0.23508514521350804
    ],
    "neuron_secretion_rates": [
      0.04801087342692956,
      0.23236192146051932,
      0.17975067912519338
    ],
    "inhibition_matrix": [
      [
        0.0,
        0.0,
        0.0
      ],
      [
        0.0,
        0.0,
        0.0
      ],
      [
        0.0,
        0.0,
        0.0
      ]
    ],
    "diffusion_patterns": [
      [
        [
          0.16364103081551776,
          0.09190595093708027,
          0.05064035844360934
        ],
        [
          0.14315198241402333,
          0.011031575703054871,
          0.13625956426040467
        ],
        [
          0.1396310277896599,
          0.15677061539844386,
          0.10696789423820578
        ]
      ],
      [
        [
          0.19518242257587887,
          0.2372605391877127,
          0.04589839924156831
        ],
        [
          0.052876739500118376,
          0.18724136028351915,
          0.1801456871113436
        ],
        [
          0.008644122227396541,
          0.04138848368474321,
          0.05136224618771919
        ]
      ],
      [
        [
          0.07257555734848903,
          0.1606513149363983,
          0.020893760850450194
        ],
        [
          0.11314622059081209,
          0.06085747913760006,
          0.15712775635999274
        ],
        [
          0.1108952731663936,
          0.13785136724869085,
          0.16600127036117318
        ]
      ]
    ]
  },
  "network_stats": {
    "neurons": 100,
    "connections": 127
  },
  "rollout_data": {
    "rewards": [
      10.0,
      9.0,
      9.0,
      10.0,
      9.0,
      10.0,
      11.0,
      9.0,
      9.0,
      8.0,
      10.0,
      9.0,
      10.0,
      9.0,
      10.0,
      9.0,
      10.0,
      9.0,
      10.0,
      9.0
    ],
    "lengths": [
      10,
      9,
      9,
      10,
      9,
      10,
      11,
      9,
      9,
      8,
      10,
      9,
      10,
      9,
      10,
      9,
      10,
      9,
      10,
      9
    ],
    "eval_seeds": [
      3102285,
      3102286,
      3102287,
      3102288,
      3102289,
      3102290,
      3102291,
      3102292,
      3102293,
      3102294,
      3102295,
      3102296,
      3102297,
      3102298,
      3102299,
      3102300,
      3102301,
      3102302,
      3102303,
      3102304
    ]
  }
}