{
  "network_id": 763,
  "seed": 3000763,
  "valid": true,
  "baseline_reward": 206.0,
  "baseline_fitness": 0.412,
  "stratum": "low_mid",
  "genome": {
    "max_growth_steps": 200,
    "size_x": 10,
    "size_y": 10,
    "diffusion_rate": 0.17995670782440798,
    "num_morphogens": 3,
    "division_threshold": 0.3521524831310916,
    "cell_differentiation_threshold": 0.3751890523519008,
    "axon_growth_threshold": 0.20575497860552955,
    "max_axon_length": 7,
    "axon_connect_threshold": 0.8525907193744398,
    "self_connect_isolated_neurons_fraction": 0.10286162948556747,
    "weight_adjustment_target": 0.4263892791697603,
    "weight_adjustment_rate": 0.009497975419048179,
    "progenitor_secretion_rates": [
      0.2831477545301134,
      0.18384523935923974,
      0.08676025616054567
    ],
    "neuron_secretion_rates": [
      0.3023633897338496,
      0.2919157454581761,
      0.33241744515755994
    ],
    "inhibition_matrix": [
      [
        0.0,
        0.26206850510140184,
        0.0
      ],
      [
        0.045236039578444576,
        0.0,
        0.40799617923393655
      ],
      [
        0.0,
        0.0,
        0.0
      ]
    ],
    "diffusion_patterns": [
      [
        [
          0.0913606307885238,
          0.0972497281072435,
          0.15552282397152783
        ],
        [
          0.18916455189332257,
          0.1832298218886038,
          0.015199998789231787
        ],
        [
          0.09058740913959809,
          0.010236181055020666,
          0.1674488543669279
        ]
      ],
      [
        [
          0.1571929750578816,
          0.15955936420017605,
          0.03176003978051359
        ],
        [
          0.08658394819764029,
          0.1209904226138166,
          0.13370083458258902
        ],
        [
          0.10393361731943465,
          0.15363047816582084,
          0.05264832008212743
        ]
      ],
      [
        [
          0.17465340217438224,
          0.043973245277154335,
          0.18527332967937987
        ],
        [
          0.05628818926954263,
          0.011095296237976138,
          0.17940991507416082
        ],
        [
          0.2559300627224497,
          0.014562510887433303,
          0.07881404867752088
        ]
      ]
    ]
  },
  "network_stats": {
    "neurons": 100,
    "connections": 248
  },
  "rollout_data": {
    "rewards": [
      151.0,
      211.0,
      156.0,
      218.0,
      220.0,
      205.0,
      231.0,
      270.0,
      207.0,
      240.0,
      215.0,
      160.0,
      241.0,
      181.0,
      219.0,
      190.0,
      156.0,
      236.0,
      194.0,
      219.0
    ],
    "lengths": [
      151,
      211,
      156,
      218,
      220,
      205,
      231,
      270,
      207,
      240,
      215,
      160,
      241,
      181,
      219,
      190,
      156,
      236,
      194,
      219
    ],
    "eval_seeds": [
      3000763,
      3000764,
      3000765,
      3000766,
      3000767,
      3000768,
      3000769,
      3000770,
      3000771,
      3000772,
      3000773,
      3000774,
      3000775,
      3000776,
      3000777,
      3000778,
      3000779,
      3000780,
      3000781,
      3000782
    ]
  }
}