{
  "network_id": 16378,
  "seed": 3016378,
  "valid": true,
  "baseline_reward": 206.2,
  "baseline_fitness": 0.4124,
  "stratum": "low_mid",
  "genome": {
    "max_growth_steps": 200,
    "size_x": 10,
    "size_y": 10,
    "diffusion_rate": 0.06932428681606798,
    "num_morphogens": 3,
    "division_threshold": 0.6305987437781596,
    "cell_differentiation_threshold": 0.3454553455854709,
    "axon_growth_threshold": 0.3574287651253453,
    "max_axon_length": 6,
    "axon_connect_threshold": 0.9075376945187954,
    "self_connect_isolated_neurons_fraction": 0.05869241197942408,
    "weight_adjustment_target": 0.49831275486764004,
    "weight_adjustment_rate": 0.007333819303045774,
    "progenitor_secretion_rates": [
      0.2689159483627657,
      0.08938768944985759,
      0.18528383838849227
    ],
    "neuron_secretion_rates": [
      0.18865245721099266,
      0.07890001981671041,
      0.05893820269356259
    ],
    "inhibition_matrix": [
      [
        0.0,
        0.0,
        0.0
      ],
      [
        0.0,
        0.0,
        0.0
      ],
      [
        0.0,
        0.0,
        0.0
      ]
    ],
    "diffusion_patterns": [
      [
        [
          0.018956781359105866,
          0.009856770055312113,
          0.11727067509918784
        ],
        [
          0.1692955616761706,
          0.15877102592033845,
          0.16679680931517166
        ],
        [
          0.1665463402120243,
          0.10116816970925839,
          0.09133786665343074
        ]
      ],
      [
        [
          0.16963668543497779,
          0.01872884820665796,
          0.02818504482116318
        ],
        [
          0.14991055930686908,
          0.17894073420036744,
          0.058410209346442026
        ],
        [
          0.027471846639632716,
          0.14517962805652482,
          0.2235364439873649
        ]
      ],
      [
        [
          0.1779882616977418,
          0.1519042759829364,
          0.15919565322592535
        ],
        [
          0.14038385077831642,
          0.12728867526888418,
          0.0342599626339044
        ],
        [
          0.08852796074036515,
          0.11080456074709155,
          0.009646798924834677
        ]
      ]
    ]
  },
  "network_stats": {
    "neurons": 100,
    "connections": 260
  },
  "rollout_data": {
    "rewards": [
      152.0,
      204.0,
      225.0,
      194.0,
      220.0,
      252.0,
      226.0,
      158.0,
      242.0,
      212.0,
      145.0,
      225.0,
      232.0,
      152.0,
      251.0,
      241.0,
      148.0,
      267.0,
      145.0,
      233.0
    ],
    "lengths": [
      152,
      204,
      225,
      194,
      220,
      252,
      226,
      158,
      242,
      212,
      145,
      225,
      232,
      152,
      251,
      241,
      148,
      267,
      145,
      233
    ],
    "eval_seeds": [
      3016378,
      3016379,
      3016380,
      3016381,
      3016382,
      3016383,
      3016384,
      3016385,
      3016386,
      3016387,
      3016388,
      3016389,
      3016390,
      3016391,
      3016392,
      3016393,
      3016394,
      3016395,
      3016396,
      3016397
    ]
  }
}