{
  "network_id": 139727,
  "seed": 3139727,
  "valid": true,
  "baseline_reward": 206.35,
  "baseline_fitness": 0.4127,
  "stratum": "low_mid",
  "genome": {
    "max_growth_steps": 200,
    "size_x": 10,
    "size_y": 10,
    "diffusion_rate": 0.13735060678908928,
    "num_morphogens": 3,
    "division_threshold": 0.662291878780767,
    "cell_differentiation_threshold": 0.6962073229763227,
    "axon_growth_threshold": 0.3781347451960139,
    "max_axon_length": 2,
    "axon_connect_threshold": 0.9891605120411606,
    "self_connect_isolated_neurons_fraction": 0.011558621736360974,
    "weight_adjustment_target": 0.6775816717840009,
    "weight_adjustment_rate": 0.006747869986588507,
    "progenitor_secretion_rates": [
      0.33830898289295525,
      0.25467211681382057,
      0.12768228238540852
    ],
    "neuron_secretion_rates": [
      0.37624505411636855,
      0.021797465544295402,
      0.08603523092628507
    ],
    "inhibition_matrix": [
      [
        0.0,
        0.0,
        0.0
      ],
      [
        0.0,
        0.0,
        0.0
      ],
      [
        0.0,
        0.0,
        0.0
      ]
    ],
    "diffusion_patterns": [
      [
        [
          0.0964496677140762,
          0.1742158216586258,
          0.030146102053668012
        ],
        [
          0.017322855000724068,
          0.10018182630927423,
          0.0738769730041716
        ],
        [
          0.1743161121016944,
          0.19256813538834608,
          0.14092250676941953
        ]
      ],
      [
        [
          0.18316150242904616,
          0.04465734570423015,
          0.09990574234948411
        ],
        [
          0.25286408063884874,
          0.005958303959668845,
          0.10389050379061111
        ],
        [
          0.15604289592579923,
          0.13116208958249817,
          0.02235753561981354
        ]
      ],
      [
        [
          0.19189014902361717,
          0.05130959763589462,
          0.18468660348139576
        ],
        [
          0.012944740215886258,
          0.19851550085133443,
          0.012152154609287681
        ],
        [
          0.13534243595121437,
          0.1946896263729088,
          0.01846919185846084
        ]
      ]
    ]
  },
  "network_stats": {
    "neurons": 100,
    "connections": 264
  },
  "rollout_data": {
    "rewards": [
      238.0,
      151.0,
      253.0,
      191.0,
      202.0,
      225.0,
      143.0,
      228.0,
      218.0,
      246.0,
      241.0,
      229.0,
      239.0,
      148.0,
      152.0,
      202.0,
      194.0,
      290.0,
      163.0,
      174.0
    ],
    "lengths": [
      238,
      151,
      253,
      191,
      202,
      225,
      143,
      228,
      218,
      246,
      241,
      229,
      239,
      148,
      152,
      202,
      194,
      290,
      163,
      174
    ],
    "eval_seeds": [
      3139727,
      3139728,
      3139729,
      3139730,
      3139731,
      3139732,
      3139733,
      3139734,
      3139735,
      3139736,
      3139737,
      3139738,
      3139739,
      3139740,
      3139741,
      3139742,
      3139743,
      3139744,
      3139745,
      3139746
    ]
  }
}