{
  "network_id": 85341,
  "seed": 3085341,
  "valid": true,
  "baseline_reward": 497.3,
  "baseline_fitness": 0.9946,
  "stratum": "perfect",
  "genome": {
    "max_growth_steps": 200,
    "size_x": 10,
    "size_y": 10,
    "diffusion_rate": 0.13598386264773576,
    "num_morphogens": 3,
    "division_threshold": 0.537352166933158,
    "cell_differentiation_threshold": 0.5165261336496962,
    "axon_growth_threshold": 0.3822536511094562,
    "max_axon_length": 8,
    "axon_connect_threshold": 0.9399235080823835,
    "self_connect_isolated_neurons_fraction": 0.05264591052533709,
    "weight_adjustment_target": 0.3935987645901532,
    "weight_adjustment_rate": 0.008943093638985683,
    "progenitor_secretion_rates": [
      0.25603673883084976,
      0.1996224566628687,
      0.00542996867908524
    ],
    "neuron_secretion_rates": [
      0.0336282447142115,
      0.10551993754120381,
      0.4879430390354883
    ],
    "inhibition_matrix": [
      [
        0.0,
        0.0,
        0.2683206142518016
      ],
      [
        0.20813294905739588,
        0.0,
        0.3541102002986608
      ],
      [
        0.1730413236106652,
        0.0,
        0.0
      ]
    ],
    "diffusion_patterns": [
      [
        [
          0.18703006898601224,
          0.04724733491305417,
          0.04999758797082827
        ],
        [
          0.0939136028710727,
          0.005447622131528415,
          0.16124384185750626
        ],
        [
          0.1761514662017206,
          0.20416508819191093,
          0.07480338687636635
        ]
      ],
      [
        [
          0.17941457809589748,
          0.13954258557967655,
          0.081051280701772
        ],
        [
          0.21595844987605958,
          0.04043400924640219,
          0.025911915397682728
        ],
        [
          0.11507872221908501,
          0.10744076268471092,
          0.09516769619871358
        ]
      ],
      [
        [
          0.040721476712281005,
          0.2117459114650993,
          0.19298170252649363
        ],
        [
          0.14077927433497422,
          0.05394240765829601,
          0.17725020909271264
        ],
        [
          0.026600131905014722,
          0.1459821963722574,
          0.009996689932871077
        ]
      ]
    ]
  },
  "network_stats": {
    "neurons": 99,
    "connections": 471
  },
  "rollout_data": {
    "rewards": [
      500.0,
      500.0,
      500.0,
      500.0,
      500.0,
      500.0,
      500.0,
      446.0,
      500.0,
      500.0,
      500.0,
      500.0,
      500.0,
      500.0,
      500.0,
      500.0,
      500.0,
      500.0,
      500.0,
      500.0
    ],
    "lengths": [
      500,
      500,
      500,
      500,
      500,
      500,
      500,
      446,
      500,
      500,
      500,
      500,
      500,
      500,
      500,
      500,
      500,
      500,
      500,
      500
    ],
    "eval_seeds": [
      3085341,
      3085342,
      3085343,
      3085344,
      3085345,
      3085346,
      3085347,
      3085348,
      3085349,
      3085350,
      3085351,
      3085352,
      3085353,
      3085354,
      3085355,
      3085356,
      3085357,
      3085358,
      3085359,
      3085360
    ]
  }
}