{
  "network_id": 99203,
  "seed": 3099203,
  "valid": true,
  "baseline_reward": 500.0,
  "baseline_fitness": 1.0,
  "stratum": "perfect",
  "genome": {
    "max_growth_steps": 200,
    "size_x": 10,
    "size_y": 10,
    "diffusion_rate": 0.12703599718172356,
    "num_morphogens": 3,
    "division_threshold": 0.35066025874103346,
    "cell_differentiation_threshold": 0.3688182084272618,
    "axon_growth_threshold": 0.20285450896763274,
    "max_axon_length": 5,
    "axon_connect_threshold": 0.5461122138631597,
    "self_connect_isolated_neurons_fraction": 0.10558428214018391,
    "weight_adjustment_target": 0.5628856785565427,
    "weight_adjustment_rate": 0.01733908013217179,
    "progenitor_secretion_rates": [
      0.4580199940854377,
      0.13451780382967438,
      0.26376103039768545
    ],
    "neuron_secretion_rates": [
      0.30421559031740375,
      0.24969414786918465,
      0.059368789425892576
    ],
    "inhibition_matrix": [
      [
        0.0,
        0.0,
        0.2761707526824071
      ],
      [
        0.07656364239735436,
        0.0,
        0.2083530199231124
      ],
      [
        0.0,
        0.4772363013047871,
        0.0
      ]
    ],
    "diffusion_patterns": [
      [
        [
          0.05205802767667707,
          0.04302023250214414,
          0.055427536018816496
        ],
        [
          0.12572300694903615,
          0.1636665375664744,
          0.17013691399380076
        ],
        [
          0.14276809866112788,
          0.1979225109747868,
          0.04927713565713636
        ]
      ],
      [
        [
          0.00022922075851718505,
          0.09205767305580581,
          0.07085886054182007
        ],
        [
          0.07258961458716705,
          0.19710123337377092,
          0.06114995349018757
        ],
        [
          0.2113762683311308,
          0.129266925611138,
          0.16537025025046262
        ]
      ],
      [
        [
          0.0538595772115028,
          0.17051524524347347,
          0.13040870982638292
        ],
        [
          0.0737133223152747,
          0.12003504844976935,
          0.11890310836976957
        ],
        [
          0.05138441986306552,
          0.16031506662283207,
          0.12086550209792964
        ]
      ]
    ]
  },
  "network_stats": {
    "neurons": 100,
    "connections": 129
  },
  "rollout_data": {
    "rewards": [
      500.0,
      500.0,
      500.0,
      500.0,
      500.0,
      500.0,
      500.0,
      500.0,
      500.0,
      500.0,
      500.0,
      500.0,
      500.0,
      500.0,
      500.0,
      500.0,
      500.0,
      500.0,
      500.0,
      500.0
    ],
    "lengths": [
      500,
      500,
      500,
      500,
      500,
      500,
      500,
      500,
      500,
      500,
      500,
      500,
      500,
      500,
      500,
      500,
      500,
      500,
      500,
      500
    ],
    "eval_seeds": [
      3099203,
      3099204,
      3099205,
      3099206,
      3099207,
      3099208,
      3099209,
      3099210,
      3099211,
      3099212,
      3099213,
      3099214,
      3099215,
      3099216,
      3099217,
      3099218,
      3099219,
      3099220,
      3099221,
      3099222
    ]
  }
}