{
  "network_id": 142604,
  "seed": 3142604,
  "valid": true,
  "baseline_reward": 9.5,
  "baseline_fitness": 0.019,
  "stratum": "weak",
  "genome": {
    "max_growth_steps": 200,
    "size_x": 10,
    "size_y": 10,
    "diffusion_rate": 0.13824048427096133,
    "num_morphogens": 3,
    "division_threshold": 0.3986329930343734,
    "cell_differentiation_threshold": 0.5678053011370765,
    "axon_growth_threshold": 0.4910600013778763,
    "max_axon_length": 9,
    "axon_connect_threshold": 0.7703881494359488,
    "self_connect_isolated_neurons_fraction": 0.07880701542362263,
    "weight_adjustment_target": 0.609540131405454,
    "weight_adjustment_rate": 0.011243855493835088,
    "progenitor_secretion_rates": [
      0.467091389319095,
      0.37143510674629204,
      0.3644194703560239
    ],
    "neuron_secretion_rates": [
      0.2900911618051499,
      0.21373647934004658,
      0.20437640562108844
    ],
    "inhibition_matrix": [
      [
        0.0,
        0.0,
        0.1628026109682098
      ],
      [
        0.0,
        0.0,
        0.3261718632434396
      ],
      [
        0.0,
        0.3098991871167542,
        0.0
      ]
    ],
    "diffusion_patterns": [
      [
        [
          0.08988400492739912,
          0.12358377688880395,
          0.02830222501569446
        ],
        [
          0.05212797630181719,
          0.1459177198244389,
          0.17481334779928456
        ],
        [
          0.10330743068005792,
          0.14922209345593992,
          0.13284142510656397
        ]
      ],
      [
        [
          0.13896854426061925,
          0.19699545916820593,
          0.0715024175600515
        ],
        [
          0.10982359800964936,
          0.17924208517418624,
          0.08114357853789254
        ],
        [
          0.18499980101709376,
          0.02347456178881612,
          0.013849954483485194
        ]
      ],
      [
        [
          0.15565512675105883,
          0.10744185137057487,
          0.110096306274128
        ],
        [
          0.18251641525394394,
          0.10365374664315076,
          0.08360769701912195
        ],
        [
          0.14262123252054626,
          0.10007000348695198,
          0.014337620680523366
        ]
      ]
    ]
  },
  "network_stats": {
    "neurons": 100,
    "connections": 338
  },
  "rollout_data": {
    "rewards": [
      10.0,
      10.0,
      10.0,
      10.0,
      8.0,
      10.0,
      9.0,
      9.0,
      9.0,
      9.0,
      9.0,
      9.0,
      9.0,
      10.0,
      10.0,
      10.0,
      9.0,
      10.0,
      10.0,
      10.0
    ],
    "lengths": [
      10,
      10,
      10,
      10,
      8,
      10,
      9,
      9,
      9,
      9,
      9,
      9,
      9,
      10,
      10,
      10,
      9,
      10,
      10,
      10
    ],
    "eval_seeds": [
      3142604,
      3142605,
      3142606,
      3142607,
      3142608,
      3142609,
      3142610,
      3142611,
      3142612,
      3142613,
      3142614,
      3142615,
      3142616,
      3142617,
      3142618,
      3142619,
      3142620,
      3142621,
      3142622,
      3142623
    ]
  }
}