{
  "network_id": 154441,
  "seed": 3154441,
  "valid": true,
  "baseline_reward": 482.0,
  "baseline_fitness": 0.964,
  "stratum": "perfect",
  "genome": {
    "max_growth_steps": 200,
    "size_x": 10,
    "size_y": 10,
    "diffusion_rate": 0.11453556303362679,
    "num_morphogens": 3,
    "division_threshold": 0.5379050448425089,
    "cell_differentiation_threshold": 0.677788731951016,
    "axon_growth_threshold": 0.2943732760898975,
    "max_axon_length": 3,
    "axon_connect_threshold": 0.596217412309695,
    "self_connect_isolated_neurons_fraction": 0.008383403437883963,
    "weight_adjustment_target": 0.4809857777752878,
    "weight_adjustment_rate": 0.010440638970447627,
    "progenitor_secretion_rates": [
      0.21210953329450416,
      0.20183517011456759,
      0.16193585885177436
    ],
    "neuron_secretion_rates": [
      0.34053909284686085,
      0.2778151646577816,
      0.032785821160634776
    ],
    "inhibition_matrix": [
      [
        0.0,
        0.0,
        0.0
      ],
      [
        0.0,
        0.0,
        0.0
      ],
      [
        0.0,
        0.0,
        0.0
      ]
    ],
    "diffusion_patterns": [
      [
        [
          0.0712145379136412,
          0.14139246643547734,
          0.1261287535751396
        ],
        [
          0.14800342263209745,
          0.06650157722659003,
          0.11919593446105956
        ],
        [
          0.1319241962506997,
          0.11447194935764678,
          0.08116716214764837
        ]
      ],
      [
        [
          0.1782955713990445,
          0.13997530405760958,
          0.16392148915169524
        ],
        [
          0.16638166169075677,
          0.1481059360778742,
          0.13738708731854762
        ],
        [
          0.004772763443430714,
          0.038068414235745925,
          0.023091772625295444
        ]
      ],
      [
        [
          0.14114798513288218,
          0.18876397867594072,
          0.14963090479682525
        ],
        [
          0.045233918720693045,
          0.0022081012715709086,
          0.11219602278938556
        ],
        [
          0.17003295671288596,
          0.018208942955783344,
          0.17257718894403315
        ]
      ]
    ]
  },
  "network_stats": {
    "neurons": 100,
    "connections": 263
  },
  "rollout_data": {
    "rewards": [
      422.0,
      500.0,
      500.0,
      500.0,
      500.0,
      218.0,
      500.0,
      500.0,
      500.0,
      500.0,
      500.0,
      500.0,
      500.0,
      500.0,
      500.0,
      500.0,
      500.0,
      500.0,
      500.0,
      500.0
    ],
    "lengths": [
      422,
      500,
      500,
      500,
      500,
      218,
      500,
      500,
      500,
      500,
      500,
      500,
      500,
      500,
      500,
      500,
      500,
      500,
      500,
      500
    ],
    "eval_seeds": [
      3154441,
      3154442,
      3154443,
      3154444,
      3154445,
      3154446,
      3154447,
      3154448,
      3154449,
      3154450,
      3154451,
      3154452,
      3154453,
      3154454,
      3154455,
      3154456,
      3154457,
      3154458,
      3154459,
      3154460
    ]
  }
}