{
  "network_id": 155004,
  "seed": 3155004,
  "valid": true,
  "baseline_reward": 209.0,
  "baseline_fitness": 0.418,
  "stratum": "low_mid",
  "genome": {
    "max_growth_steps": 200,
    "size_x": 10,
    "size_y": 10,
    "diffusion_rate": 0.06440793125427552,
    "num_morphogens": 3,
    "division_threshold": 0.6747670160739478,
    "cell_differentiation_threshold": 0.4059426090487204,
    "axon_growth_threshold": 0.45879531905307863,
    "max_axon_length": 8,
    "axon_connect_threshold": 0.8147717740319995,
    "self_connect_isolated_neurons_fraction": 0.27484872089550894,
    "weight_adjustment_target": 0.575428820762401,
    "weight_adjustment_rate": 0.009514449453398924,
    "progenitor_secretion_rates": [
      0.4261858627192865,
      0.13376295174562552,
      0.15453116222980723
    ],
    "neuron_secretion_rates": [
      0.4150792446338159,
      0.37102533989226844,
      0.3105645314936676
    ],
    "inhibition_matrix": [
      [
        0.0,
        0.02136256808168374,
        0.25795756005390824
      ],
      [
        0.006381296507870227,
        0.0,
        0.0
      ],
      [
        0.0,
        0.0,
        0.0
      ]
    ],
    "diffusion_patterns": [
      [
        [
          0.09558903489838663,
          0.08857628835107062,
          0.20573802220450849
        ],
        [
          0.03713174777232849,
          0.15849899751044608,
          0.07914908461933579
        ],
        [
          0.08145568035989084,
          0.14961463261793603,
          0.10424651166609696
        ]
      ],
      [
        [
          0.08794330586781948,
          0.03384356669784162,
          0.25326713707480164
        ],
        [
          0.08516813570117661,
          0.061636314471233244,
          0.12387583218743332
        ],
        [
          0.013249098466027795,
          0.23915741654789963,
          0.10185919298576648
        ]
      ],
      [
        [
          0.1486882030490344,
          0.1354540708707859,
          0.14483081126728856
        ],
        [
          0.012982199327683352,
          0.09601572357039165,
          0.01120969474636624
        ],
        [
          0.16329908650137398,
          0.13192560055365707,
          0.1555946101134189
        ]
      ]
    ]
  },
  "network_stats": {
    "neurons": 100,
    "connections": 254
  },
  "rollout_data": {
    "rewards": [
      153.0,
      258.0,
      205.0,
      187.0,
      174.0,
      217.0,
      266.0,
      142.0,
      249.0,
      225.0,
      145.0,
      251.0,
      282.0,
      226.0,
      141.0,
      232.0,
      223.0,
      221.0,
      168.0,
      215.0
    ],
    "lengths": [
      153,
      258,
      205,
      187,
      174,
      217,
      266,
      142,
      249,
      225,
      145,
      251,
      282,
      226,
      141,
      232,
      223,
      221,
      168,
      215
    ],
    "eval_seeds": [
      3155004,
      3155005,
      3155006,
      3155007,
      3155008,
      3155009,
      3155010,
      3155011,
      3155012,
      3155013,
      3155014,
      3155015,
      3155016,
      3155017,
      3155018,
      3155019,
      3155020,
      3155021,
      3155022,
      3155023
    ]
  }
}