{
  "network_id": 64666,
  "seed": 3064666,
  "valid": true,
  "baseline_reward": 288.55,
  "baseline_fitness": 0.5771000000000001,
  "stratum": "low_mid",
  "genome": {
    "max_growth_steps": 200,
    "size_x": 10,
    "size_y": 10,
    "diffusion_rate": 0.07584836190460129,
    "num_morphogens": 3,
    "division_threshold": 0.3016234302490706,
    "cell_differentiation_threshold": 0.6827841252614433,
    "axon_growth_threshold": 0.4763092700830604,
    "max_axon_length": 10,
    "axon_connect_threshold": 0.5466303205185641,
    "self_connect_isolated_neurons_fraction": 0.07600635950884485,
    "weight_adjustment_target": 0.30712904469281954,
    "weight_adjustment_rate": 0.018683849903289345,
    "progenitor_secretion_rates": [
      0.3804773823375261,
      0.33617531631014097,
      0.03714866890432578
    ],
    "neuron_secretion_rates": [
      0.3389758250392694,
      0.22036385894101862,
      0.16218234730381242
    ],
    "inhibition_matrix": [
      [
        0.0,
        0.0,
        0.0
      ],
      [
        0.0,
        0.0,
        0.0
      ],
      [
        0.0,
        0.0,
        0.0
      ]
    ],
    "diffusion_patterns": [
      [
        [
          0.12086665186165527,
          0.09992057693135965,
          0.07553748099480918
        ],
        [
          0.042470347242145746,
          0.12135817462248706,
          0.08151859907585975
        ],
        [
          0.09015767397687585,
          0.14223686259863233,
          0.22593363269617506
        ]
      ],
      [
        [
          0.11980470479213692,
          0.003034819452357304,
          0.05485633996907078
        ],
        [
          0.027157543090966314,
          0.36369802988498245,
          0.07697265470174346
        ],
        [
          0.03697071274803183,
          0.010084320646397249,
          0.30742087471431384
        ]
      ],
      [
        [
          0.15168705981497418,
          0.08978317199349878,
          0.14098679673768436
        ],
        [
          0.1584121873207885,
          0.0893203447656595,
          0.1290179740149224
        ],
        [
          0.02955717716629535,
          0.08761215196807516,
          0.12362313621810177
        ]
      ]
    ]
  },
  "network_stats": {
    "neurons": 100,
    "connections": 250
  },
  "rollout_data": {
    "rewards": [
      382.0,
      253.0,
      289.0,
      303.0,
      332.0,
      311.0,
      207.0,
      226.0,
      500.0,
      264.0,
      294.0,
      219.0,
      322.0,
      204.0,
      222.0,
      225.0,
      352.0,
      264.0,
      278.0,
      324.0
    ],
    "lengths": [
      382,
      253,
      289,
      303,
      332,
      311,
      207,
      226,
      500,
      264,
      294,
      219,
      322,
      204,
      222,
      225,
      352,
      264,
      278,
      324
    ],
    "eval_seeds": [
      3064666,
      3064667,
      3064668,
      3064669,
      3064670,
      3064671,
      3064672,
      3064673,
      3064674,
      3064675,
      3064676,
      3064677,
      3064678,
      3064679,
      3064680,
      3064681,
      3064682,
      3064683,
      3064684,
      3064685
    ]
  }
}