{
  "network_id": 101314,
  "seed": 3101314,
  "valid": true,
  "baseline_reward": 478.45,
  "baseline_fitness": 0.9569,
  "stratum": "perfect",
  "genome": {
    "max_growth_steps": 200,
    "size_x": 10,
    "size_y": 10,
    "diffusion_rate": 0.06649180294591449,
    "num_morphogens": 3,
    "division_threshold": 0.6189272813846713,
    "cell_differentiation_threshold": 0.4096206888928515,
    "axon_growth_threshold": 0.4708073799415515,
    "max_axon_length": 2,
    "axon_connect_threshold": 0.6852335584008409,
    "self_connect_isolated_neurons_fraction": 0.1643266874426312,
    "weight_adjustment_target": 0.44623220645403,
    "weight_adjustment_rate": 0.013245997777180555,
    "progenitor_secretion_rates": [
      0.4085598707275497,
      0.4043284544009248,
      0.048726769536014014
    ],
    "neuron_secretion_rates": [
      0.4954387697732096,
      0.053036476886045014,
      0.19730748240780277
    ],
    "inhibition_matrix": [
      [
        0.0,
        0.0,
        0.0
      ],
      [
        0.314905294164968,
        0.0,
        0.0
      ],
      [
        0.0,
        0.0,
        0.0
      ]
    ],
    "diffusion_patterns": [
      [
        [
          0.18373473076693986,
          0.11404928708985773,
          0.04337612551212743
        ],
        [
          0.18426582277369336,
          0.11068448018877843,
          0.08542801224938129
        ],
        [
          0.08345290015554926,
          0.15191136972651184,
          0.0430972715371608
        ]
      ],
      [
        [
          0.013035905251049765,
          0.05377544231674825,
          0.0859753439703204
        ],
        [
          0.09154820273862904,
          0.2164102113174888,
          0.07326278617920276
        ],
        [
          0.13475486117487684,
          0.15846220990820653,
          0.17277503714347767
        ]
      ],
      [
        [
          0.27224658196456525,
          0.07419242771286776,
          0.03374573062845042
        ],
        [
          0.005806408609905707,
          0.3048633758150949,
          0.030267892264757547
        ],
        [
          0.014834645713257164,
          0.06566226193009944,
          0.1983806753610018
        ]
      ]
    ]
  },
  "network_stats": {
    "neurons": 100,
    "connections": 293
  },
  "rollout_data": {
    "rewards": [
      425.0,
      500.0,
      452.0,
      500.0,
      500.0,
      475.0,
      464.0,
      500.0,
      500.0,
      467.0,
      478.0,
      441.0,
      476.0,
      409.0,
      482.0,
      500.0,
      500.0,
      500.0,
      500.0,
      500.0
    ],
    "lengths": [
      425,
      500,
      452,
      500,
      500,
      475,
      464,
      500,
      500,
      467,
      478,
      441,
      476,
      409,
      482,
      500,
      500,
      500,
      500,
      500
    ],
    "eval_seeds": [
      3101314,
      3101315,
      3101316,
      3101317,
      3101318,
      3101319,
      3101320,
      3101321,
      3101322,
      3101323,
      3101324,
      3101325,
      3101326,
      3101327,
      3101328,
      3101329,
      3101330,
      3101331,
      3101332,
      3101333
    ]
  }
}