{
  "network_id": 164549,
  "seed": 3164549,
  "valid": true,
  "baseline_reward": 252.1,
  "baseline_fitness": 0.5042,
  "stratum": "low_mid",
  "genome": {
    "max_growth_steps": 200,
    "size_x": 10,
    "size_y": 10,
    "diffusion_rate": 0.1405429805268295,
    "num_morphogens": 3,
    "division_threshold": 0.5161705534140623,
    "cell_differentiation_threshold": 0.5307217212031539,
    "axon_growth_threshold": 0.30220673494893324,
    "max_axon_length": 3,
    "axon_connect_threshold": 0.7956688304006427,
    "self_connect_isolated_neurons_fraction": 0.24061290748921785,
    "weight_adjustment_target": 0.6515680146445753,
    "weight_adjustment_rate": 0.007266604264922506,
    "progenitor_secretion_rates": [
      0.40295096170244643,
      0.3548921104106555,
      0.24812293852637068
    ],
    "neuron_secretion_rates": [
      0.19196107075771923,
      0.23925342313236625,
      0.14866851596081587
    ],
    "inhibition_matrix": [
      [
        0.0,
        0.0,
        0.0
      ],
      [
        0.0,
        0.0,
        0.0
      ],
      [
        0.0,
        0.0,
        0.0
      ]
    ],
    "diffusion_patterns": [
      [
        [
          0.019511044571275015,
          0.05043187601323211,
          0.15225651605557955
        ],
        [
          0.07844087834254625,
          0.2268720196262821,
          0.06559040637014674
        ],
        [
          0.22623895905242639,
          0.046716166203779684,
          0.13394213376473213
        ]
      ],
      [
        [
          0.1520479755645006,
          0.01894106760331066,
          0.09526880756123346
        ],
        [
          0.088475097696057,
          0.17629841797236662,
          0.0691007882005535
        ],
        [
          0.11770369513198262,
          0.165889480644763,
          0.11627466962523253
        ]
      ],
      [
        [
          0.026713941869976224,
          0.17319911411592737,
          0.02101049950618191
        ],
        [
          0.24052152522558043,
          0.032230934011063514,
          0.13473147078800307
        ],
        [
          0.17977328794285755,
          0.10272667958904676,
          0.08909254695136318
        ]
      ]
    ]
  },
  "network_stats": {
    "neurons": 100,
    "connections": 269
  },
  "rollout_data": {
    "rewards": [
      325.0,
      297.0,
      280.0,
      264.0,
      173.0,
      212.0,
      214.0,
      322.0,
      170.0,
      322.0,
      182.0,
      282.0,
      307.0,
      180.0,
      245.0,
      170.0,
      254.0,
      157.0,
      366.0,
      320.0
    ],
    "lengths": [
      325,
      297,
      280,
      264,
      173,
      212,
      214,
      322,
      170,
      322,
      182,
      282,
      307,
      180,
      245,
      170,
      254,
      157,
      366,
      320
    ],
    "eval_seeds": [
      3164549,
      3164550,
      3164551,
      3164552,
      3164553,
      3164554,
      3164555,
      3164556,
      3164557,
      3164558,
      3164559,
      3164560,
      3164561,
      3164562,
      3164563,
      3164564,
      3164565,
      3164566,
      3164567,
      3164568
    ]
  }
}