{
  "network_id": 118715,
  "seed": 3118715,
  "valid": true,
  "baseline_reward": 311.65,
  "baseline_fitness": 0.6233,
  "stratum": "low_mid",
  "genome": {
    "max_growth_steps": 200,
    "size_x": 10,
    "size_y": 10,
    "diffusion_rate": 0.13343348960238843,
    "num_morphogens": 3,
    "division_threshold": 0.3305272245607922,
    "cell_differentiation_threshold": 0.6075589610980623,
    "axon_growth_threshold": 0.4536165002355193,
    "max_axon_length": 3,
    "axon_connect_threshold": 0.9878823558364873,
    "self_connect_isolated_neurons_fraction": 0.07003316774261056,
    "weight_adjustment_target": 0.5454301364491114,
    "weight_adjustment_rate": 0.005235930986404124,
    "progenitor_secretion_rates": [
      0.2667621738708836,
      0.41109250102530503,
      0.3662520864891594
    ],
    "neuron_secretion_rates": [
      0.19854211680858286,
      0.05501593394753995,
      0.10906126160274798
    ],
    "inhibition_matrix": [
      [
        0.0,
        0.0,
        0.08320203633962225
      ],
      [
        0.0,
        0.0,
        0.07522163651863029
      ],
      [
        0.0,
        0.0,
        0.0
      ]
    ],
    "diffusion_patterns": [
      [
        [
          0.08434135354815657,
          0.09518066720556412,
          0.25533772440122954
        ],
        [
          0.039815401076532475,
          0.2536473476219518,
          0.09669259979464868
        ],
        [
          0.16000272231659468,
          0.002455417580203942,
          0.012526766455118092
        ]
      ],
      [
        [
          0.18189987548186862,
          0.14611730856625707,
          0.21877200814109699
        ],
        [
          0.07502178198558203,
          0.003935988783879951,
          0.11181903847737225
        ],
        [
          0.12220611567342313,
          0.13720403469005818,
          0.003023848200461716
        ]
      ],
      [
        [
          0.1551824597216735,
          0.15803888124607463,
          0.06225785897795542
        ],
        [
          0.15362010126094916,
          0.08132865945760583,
          0.047172513577919954
        ],
        [
          0.05649959818784913,
          0.12618704628786323,
          0.15971288128210914
        ]
      ]
    ]
  },
  "network_stats": {
    "neurons": 100,
    "connections": 268
  },
  "rollout_data": {
    "rewards": [
      500.0,
      139.0,
      169.0,
      500.0,
      182.0,
      168.0,
      500.0,
      500.0,
      166.0,
      174.0,
      500.0,
      153.0,
      500.0,
      500.0,
      117.0,
      500.0,
      164.0,
      152.0,
      500.0,
      149.0
    ],
    "lengths": [
      500,
      139,
      169,
      500,
      182,
      168,
      500,
      500,
      166,
      174,
      500,
      153,
      500,
      500,
      117,
      500,
      164,
      152,
      500,
      149
    ],
    "eval_seeds": [
      3118715,
      3118716,
      3118717,
      3118718,
      3118719,
      3118720,
      3118721,
      3118722,
      3118723,
      3118724,
      3118725,
      3118726,
      3118727,
      3118728,
      3118729,
      3118730,
      3118731,
      3118732,
      3118733,
      3118734
    ]
  }
}