{
  "network_id": 160910,
  "seed": 3160910,
  "valid": true,
  "baseline_reward": 500.0,
  "baseline_fitness": 1.0,
  "stratum": "perfect",
  "genome": {
    "max_growth_steps": 200,
    "size_x": 10,
    "size_y": 10,
    "diffusion_rate": 0.1973973088210524,
    "num_morphogens": 3,
    "division_threshold": 0.320204229495042,
    "cell_differentiation_threshold": 0.37976541104800965,
    "axon_growth_threshold": 0.43526908504492323,
    "max_axon_length": 10,
    "axon_connect_threshold": 0.9094116761196867,
    "self_connect_isolated_neurons_fraction": 0.08489469826007792,
    "weight_adjustment_target": 0.556202494883163,
    "weight_adjustment_rate": 0.008863134994191208,
    "progenitor_secretion_rates": [
      0.44245874673166513,
      0.12674309580667842,
      0.30173906261636535
    ],
    "neuron_secretion_rates": [
      0.2958334794300131,
      0.4158036092562152,
      0.14401709083304587
    ],
    "inhibition_matrix": [
      [
        0.0,
        0.0,
        0.03342742740678856
      ],
      [
        0.0,
        0.0,
        0.0
      ],
      [
        0.0,
        0.0,
        0.0
      ]
    ],
    "diffusion_patterns": [
      [
        [
          0.05307693736490669,
          0.03537793737913171,
          0.15010076382992932
        ],
        [
          0.18095267753036934,
          0.059281269909003634,
          0.13712828751901487
        ],
        [
          0.16949469087633331,
          0.1402330426250069,
          0.07435439296630415
        ]
      ],
      [
        [
          0.17856843832081798,
          0.009510811667399591,
          0.04418028034561024
        ],
        [
          0.10108456403826328,
          0.1478840626861063,
          0.15954552436497257
        ],
        [
          0.08523841884671315,
          0.11445970560848377,
          0.1595281941216331
        ]
      ],
      [
        [
          0.11962885505544306,
          0.10265898651327757,
          0.028241938135084344
        ],
        [
          0.13784077424254354,
          0.1776667973561488,
          0.0753077998297215
        ],
        [
          0.12673852473499872,
          0.2104192485796829,
          0.0214970755530997
        ]
      ]
    ]
  },
  "network_stats": {
    "neurons": 100,
    "connections": 244
  },
  "rollout_data": {
    "rewards": [
      500.0,
      500.0,
      500.0,
      500.0,
      500.0,
      500.0,
      500.0,
      500.0,
      500.0,
      500.0,
      500.0,
      500.0,
      500.0,
      500.0,
      500.0,
      500.0,
      500.0,
      500.0,
      500.0,
      500.0
    ],
    "lengths": [
      500,
      500,
      500,
      500,
      500,
      500,
      500,
      500,
      500,
      500,
      500,
      500,
      500,
      500,
      500,
      500,
      500,
      500,
      500,
      500
    ],
    "eval_seeds": [
      3160910,
      3160911,
      3160912,
      3160913,
      3160914,
      3160915,
      3160916,
      3160917,
      3160918,
      3160919,
      3160920,
      3160921,
      3160922,
      3160923,
      3160924,
      3160925,
      3160926,
      3160927,
      3160928,
      3160929
    ]
  }
}