{
  "network_id": 87300,
  "seed": 3087300,
  "valid": true,
  "baseline_reward": 231.2,
  "baseline_fitness": 0.4624,
  "stratum": "low_mid",
  "genome": {
    "max_growth_steps": 200,
    "size_x": 10,
    "size_y": 10,
    "diffusion_rate": 0.12533946004325952,
    "num_morphogens": 3,
    "division_threshold": 0.6750688466112973,
    "cell_differentiation_threshold": 0.5713444989573119,
    "axon_growth_threshold": 0.271372421901196,
    "max_axon_length": 3,
    "axon_connect_threshold": 0.4464213370205624,
    "self_connect_isolated_neurons_fraction": 0.04537225464197325,
    "weight_adjustment_target": 0.4876487261044733,
    "weight_adjustment_rate": 0.006445583630429492,
    "progenitor_secretion_rates": [
      0.4430519428467026,
      0.3589093111226375,
      0.3807205448022273
    ],
    "neuron_secretion_rates": [
      0.04014064951826102,
      0.05177284377541996,
      0.020071489122600317
    ],
    "inhibition_matrix": [
      [
        0.0,
        0.0,
        0.0
      ],
      [
        0.2214712880618716,
        0.0,
        0.0
      ],
      [
        0.0,
        0.0,
        0.0
      ]
    ],
    "diffusion_patterns": [
      [
        [
          0.011987234914846167,
          0.043948481059777646,
          0.1491150475770903
        ],
        [
          0.19893537531875022,
          0.16756389330424762,
          0.0335311310547297
        ],
        [
          0.2019639206346146,
          0.0007622858367484619,
          0.19219263029919534
        ]
      ],
      [
        [
          0.18608218627548362,
          0.1310240522685194,
          0.17338576549261128
        ],
        [
          0.008383862231855752,
          0.18109261375910454,
          0.17239834592347494
        ],
        [
          0.008714748979385562,
          0.12639827854160157,
          0.012520146527963339
        ]
      ],
      [
        [
          0.13897895295414084,
          0.08721199441736847,
          0.13532095409655753
        ],
        [
          0.08998608643446863,
          0.09461847257679576,
          0.06537077893588353
        ],
        [
          0.1655872399936303,
          0.059606464206685875,
          0.16331905638446909
        ]
      ]
    ]
  },
  "network_stats": {
    "neurons": 100,
    "connections": 301
  },
  "rollout_data": {
    "rewards": [
      240.0,
      140.0,
      245.0,
      258.0,
      245.0,
      149.0,
      292.0,
      257.0,
      162.0,
      304.0,
      281.0,
      144.0,
      230.0,
      265.0,
      192.0,
      277.0,
      227.0,
      235.0,
      258.0,
      223.0
    ],
    "lengths": [
      240,
      140,
      245,
      258,
      245,
      149,
      292,
      257,
      162,
      304,
      281,
      144,
      230,
      265,
      192,
      277,
      227,
      235,
      258,
      223
    ],
    "eval_seeds": [
      3087300,
      3087301,
      3087302,
      3087303,
      3087304,
      3087305,
      3087306,
      3087307,
      3087308,
      3087309,
      3087310,
      3087311,
      3087312,
      3087313,
      3087314,
      3087315,
      3087316,
      3087317,
      3087318,
      3087319
    ]
  }
}