{
  "network_id": 139421,
  "seed": 3139421,
  "valid": true,
  "baseline_reward": 500.0,
  "baseline_fitness": 1.0,
  "stratum": "perfect",
  "genome": {
    "max_growth_steps": 200,
    "size_x": 10,
    "size_y": 10,
    "diffusion_rate": 0.0609558281102947,
    "num_morphogens": 3,
    "division_threshold": 0.4979792890883735,
    "cell_differentiation_threshold": 0.5081192076586927,
    "axon_growth_threshold": 0.28856908903111994,
    "max_axon_length": 3,
    "axon_connect_threshold": 0.6673975547696764,
    "self_connect_isolated_neurons_fraction": 0.10839404829387057,
    "weight_adjustment_target": 0.5691031939988653,
    "weight_adjustment_rate": 0.014958121917444382,
    "progenitor_secretion_rates": [
      0.2620376424499886,
      0.17719048714828473,
      0.048017608142602586
    ],
    "neuron_secretion_rates": [
      0.3406217262484976,
      0.11438614740208158,
      0.2621054706189023
    ],
    "inhibition_matrix": [
      [
        0.0,
        0.0,
        0.0
      ],
      [
        0.0,
        0.0,
        0.0
      ],
      [
        0.0,
        0.0,
        0.0
      ]
    ],
    "diffusion_patterns": [
      [
        [
          0.23263207003159814,
          0.1900232194083314,
          0.19518049081443226
        ],
        [
          0.06926513495124625,
          0.11966505812916231,
          0.026254520387647067
        ],
        [
          0.09702842637032268,
          0.06081111291949313,
          0.009139966987766876
        ]
      ],
      [
        [
          0.14162065793198106,
          0.04551264748568157,
          0.05783342151746328
        ],
        [
          0.011000433262033812,
          0.25163567623033406,
          0.11178519865238512
        ],
        [
          0.2743590163650138,
          0.02100978397553699,
          0.0852431645795702
        ]
      ],
      [
        [
          0.0862248872688477,
          0.11902787634005312,
          0.1760513791415827
        ],
        [
          0.05873228110222329,
          0.17900776587715955,
          0.0416788865227337
        ],
        [
          0.08304358083607452,
          0.09159890252503422,
          0.1646344403862913
        ]
      ]
    ]
  },
  "network_stats": {
    "neurons": 100,
    "connections": 285
  },
  "rollout_data": {
    "rewards": [
      500.0,
      500.0,
      500.0,
      500.0,
      500.0,
      500.0,
      500.0,
      500.0,
      500.0,
      500.0,
      500.0,
      500.0,
      500.0,
      500.0,
      500.0,
      500.0,
      500.0,
      500.0,
      500.0,
      500.0
    ],
    "lengths": [
      500,
      500,
      500,
      500,
      500,
      500,
      500,
      500,
      500,
      500,
      500,
      500,
      500,
      500,
      500,
      500,
      500,
      500,
      500,
      500
    ],
    "eval_seeds": [
      3139421,
      3139422,
      3139423,
      3139424,
      3139425,
      3139426,
      3139427,
      3139428,
      3139429,
      3139430,
      3139431,
      3139432,
      3139433,
      3139434,
      3139435,
      3139436,
      3139437,
      3139438,
      3139439,
      3139440
    ]
  }
}