{
  "network_id": 94554,
  "seed": 3094554,
  "valid": true,
  "baseline_reward": 500.0,
  "baseline_fitness": 1.0,
  "stratum": "perfect",
  "genome": {
    "max_growth_steps": 200,
    "size_x": 10,
    "size_y": 10,
    "diffusion_rate": 0.09538947372872389,
    "num_morphogens": 3,
    "division_threshold": 0.3329420003595194,
    "cell_differentiation_threshold": 0.3324417481077004,
    "axon_growth_threshold": 0.23883923533505147,
    "max_axon_length": 6,
    "axon_connect_threshold": 0.607818392663113,
    "self_connect_isolated_neurons_fraction": 0.12522539314646544,
    "weight_adjustment_target": 0.44567675002470053,
    "weight_adjustment_rate": 0.012928105058554684,
    "progenitor_secretion_rates": [
      0.31435820495667177,
      0.18890907401307483,
      0.3419163875880306
    ],
    "neuron_secretion_rates": [
      0.47269725102512133,
      0.3223079368820896,
      0.41799227314383225
    ],
    "inhibition_matrix": [
      [
        0.0,
        0.3200754406182878,
        0.0
      ],
      [
        0.0,
        0.0,
        0.2119177130914217
      ],
      [
        0.0,
        0.4045254908643686,
        0.0
      ]
    ],
    "diffusion_patterns": [
      [
        [
          0.129739445734306,
          0.013943274105714068,
          0.13063154505905078
        ],
        [
          0.013760756099560557,
          0.2171113541103353,
          0.19977523916645826
        ],
        [
          0.12167183646835544,
          0.09503320457943575,
          0.07833334467678384
        ]
      ],
      [
        [
          0.1083113753913135,
          0.12228236040749553,
          0.17813581549227264
        ],
        [
          0.011644642133198803,
          0.10767224738569352,
          0.16244100798736488
        ],
        [
          0.03074780402425722,
          0.2028402617044507,
          0.07592448547395317
        ]
      ],
      [
        [
          0.026259511460651107,
          0.0035987610969833556,
          0.1598030138120518
        ],
        [
          0.006444344541148343,
          0.11695820027648665,
          0.2642443292797246
        ],
        [
          0.22321184073840614,
          0.09053066226759979,
          0.10894933652694819
        ]
      ]
    ]
  },
  "network_stats": {
    "neurons": 100,
    "connections": 408
  },
  "rollout_data": {
    "rewards": [
      500.0,
      500.0,
      500.0,
      500.0,
      500.0,
      500.0,
      500.0,
      500.0,
      500.0,
      500.0,
      500.0,
      500.0,
      500.0,
      500.0,
      500.0,
      500.0,
      500.0,
      500.0,
      500.0,
      500.0
    ],
    "lengths": [
      500,
      500,
      500,
      500,
      500,
      500,
      500,
      500,
      500,
      500,
      500,
      500,
      500,
      500,
      500,
      500,
      500,
      500,
      500,
      500
    ],
    "eval_seeds": [
      3094554,
      3094555,
      3094556,
      3094557,
      3094558,
      3094559,
      3094560,
      3094561,
      3094562,
      3094563,
      3094564,
      3094565,
      3094566,
      3094567,
      3094568,
      3094569,
      3094570,
      3094571,
      3094572,
      3094573
    ]
  }
}