{
  "network_id": 182090,
  "seed": 3182090,
  "valid": true,
  "baseline_reward": 201.0,
  "baseline_fitness": 0.402,
  "stratum": "low_mid",
  "genome": {
    "max_growth_steps": 200,
    "size_x": 10,
    "size_y": 10,
    "diffusion_rate": 0.10284981574548298,
    "num_morphogens": 3,
    "division_threshold": 0.6670689072959561,
    "cell_differentiation_threshold": 0.453605552994194,
    "axon_growth_threshold": 0.3838113734927241,
    "max_axon_length": 2,
    "axon_connect_threshold": 0.6043131636361627,
    "self_connect_isolated_neurons_fraction": 0.14681019262994505,
    "weight_adjustment_target": 0.46798443663155737,
    "weight_adjustment_rate": 0.016962011102746644,
    "progenitor_secretion_rates": [
      0.35755230946763195,
      0.09275064941820904,
      0.08247927228303714
    ],
    "neuron_secretion_rates": [
      0.01370270471181867,
      0.4000362740589209,
      0.10411139090836763
    ],
    "inhibition_matrix": [
      [
        0.0,
        0.0,
        0.27382946134447805
      ],
      [
        0.0,
        0.0,
        0.0
      ],
      [
        0.0,
        0.0,
        0.0
      ]
    ],
    "diffusion_patterns": [
      [
        [
          0.0410532084915614,
          0.062019563239621434,
          0.031543300603828005
        ],
        [
          0.11467289491229876,
          0.20811979028800784,
          0.07469042011658063
        ],
        [
          0.15082447485236097,
          0.11529619579834084,
          0.20178015169740024
        ]
      ],
      [
        [
          0.13138893329300305,
          0.05956798636863723,
          0.10239488389231399
        ],
        [
          0.1568654497082758,
          0.02953382395318446,
          0.1276395435752923
        ],
        [
          0.07244257153151243,
          0.14288824003132936,
          0.17727856764645122
        ]
      ],
      [
        [
          0.12212021990309975,
          0.1484103680228442,
          0.15135398206354608
        ],
        [
          0.0802915649729915,
          0.010326967514184876,
          0.1155083007378931
        ],
        [
          0.11911511047894925,
          0.10215703938522935,
          0.15071644692126196
        ]
      ]
    ]
  },
  "network_stats": {
    "neurons": 100,
    "connections": 261
  },
  "rollout_data": {
    "rewards": [
      197.0,
      148.0,
      228.0,
      246.0,
      233.0,
      144.0,
      149.0,
      211.0,
      213.0,
      177.0,
      213.0,
      224.0,
      173.0,
      227.0,
      252.0,
      235.0,
      209.0,
      213.0,
      174.0,
      154.0
    ],
    "lengths": [
      197,
      148,
      228,
      246,
      233,
      144,
      149,
      211,
      213,
      177,
      213,
      224,
      173,
      227,
      252,
      235,
      209,
      213,
      174,
      154
    ],
    "eval_seeds": [
      3182090,
      3182091,
      3182092,
      3182093,
      3182094,
      3182095,
      3182096,
      3182097,
      3182098,
      3182099,
      3182100,
      3182101,
      3182102,
      3182103,
      3182104,
      3182105,
      3182106,
      3182107,
      3182108,
      3182109
    ]
  }
}