{
  "network_id": 49187,
  "seed": 3049187,
  "valid": true,
  "baseline_reward": 500.0,
  "baseline_fitness": 1.0,
  "stratum": "perfect",
  "genome": {
    "max_growth_steps": 200,
    "size_x": 10,
    "size_y": 10,
    "diffusion_rate": 0.11984269466048002,
    "num_morphogens": 3,
    "division_threshold": 0.5973311852016655,
    "cell_differentiation_threshold": 0.5376866704485045,
    "axon_growth_threshold": 0.3835980972642269,
    "max_axon_length": 10,
    "axon_connect_threshold": 0.5456352724172482,
    "self_connect_isolated_neurons_fraction": 0.2317284939346626,
    "weight_adjustment_target": 0.5773734853779905,
    "weight_adjustment_rate": 0.017841546843120087,
    "progenitor_secretion_rates": [
      0.479785888400831,
      0.34772972920386425,
      0.41272445477627373
    ],
    "neuron_secretion_rates": [
      0.48630239555846766,
      0.3163453413735209,
      0.2196447960290419
    ],
    "inhibition_matrix": [
      [
        0.0,
        0.0,
        0.0
      ],
      [
        0.0,
        0.0,
        0.0
      ],
      [
        0.0,
        0.0,
        0.0
      ]
    ],
    "diffusion_patterns": [
      [
        [
          0.22527899397055287,
          0.08280612265520797,
          0.18697721802506126
        ],
        [
          0.17161211585857805,
          0.07117265453079505,
          0.018772264435245038
        ],
        [
          0.14641903055871802,
          0.0473173140364239,
          0.049644285929417824
        ]
      ],
      [
        [
          0.07090505191475523,
          0.070059039648346,
          0.16505468237596793
        ],
        [
          0.04865970047525544,
          0.12418862644543718,
          0.20226759311410536
        ],
        [
          0.06887004689578347,
          0.05804991332917143,
          0.19194534580117806
        ]
      ],
      [
        [
          0.19472951100110955,
          0.08228612407063297,
          0.08268985684407977
        ],
        [
          0.15935015121148458,
          0.038115286029754454,
          0.07965336706436518
        ],
        [
          0.14615540698278148,
          0.168663841490163,
          0.04835645530562902
        ]
      ]
    ]
  },
  "network_stats": {
    "neurons": 100,
    "connections": 275
  },
  "rollout_data": {
    "rewards": [
      500.0,
      500.0,
      500.0,
      500.0,
      500.0,
      500.0,
      500.0,
      500.0,
      500.0,
      500.0,
      500.0,
      500.0,
      500.0,
      500.0,
      500.0,
      500.0,
      500.0,
      500.0,
      500.0,
      500.0
    ],
    "lengths": [
      500,
      500,
      500,
      500,
      500,
      500,
      500,
      500,
      500,
      500,
      500,
      500,
      500,
      500,
      500,
      500,
      500,
      500,
      500,
      500
    ],
    "eval_seeds": [
      3049187,
      3049188,
      3049189,
      3049190,
      3049191,
      3049192,
      3049193,
      3049194,
      3049195,
      3049196,
      3049197,
      3049198,
      3049199,
      3049200,
      3049201,
      3049202,
      3049203,
      3049204,
      3049205,
      3049206
    ]
  }
}