{
  "network_id": 122387,
  "seed": 3122387,
  "valid": true,
  "baseline_reward": 9.15,
  "baseline_fitness": 0.0183,
  "stratum": "weak",
  "genome": {
    "max_growth_steps": 200,
    "size_x": 10,
    "size_y": 10,
    "diffusion_rate": 0.06125658189484058,
    "num_morphogens": 3,
    "division_threshold": 0.5350388411973741,
    "cell_differentiation_threshold": 0.4910399478534958,
    "axon_growth_threshold": 0.2271833988909635,
    "max_axon_length": 7,
    "axon_connect_threshold": 0.7869042067565549,
    "self_connect_isolated_neurons_fraction": 0.22005825566975099,
    "weight_adjustment_target": 0.6459260804623974,
    "weight_adjustment_rate": 0.00824863397208375,
    "progenitor_secretion_rates": [
      0.32003983581400636,
      0.2744907905345556,
      0.3684378699184692
    ],
    "neuron_secretion_rates": [
      0.03002490152161258,
      0.2694884616086938,
      0.4108210883934713
    ],
    "inhibition_matrix": [
      [
        0.0,
        0.0,
        0.0
      ],
      [
        0.0,
        0.0,
        0.0
      ],
      [
        0.0,
        0.2172289372461662,
        0.0
      ]
    ],
    "diffusion_patterns": [
      [
        [
          0.21951758066044919,
          0.13741281023319674,
          0.1151758630905655
        ],
        [
          0.07266341532666352,
          0.046988527015469295,
          0.10109479727146842
        ],
        [
          0.13598581523529563,
          0.0993887195536253,
          0.07177247161326636
        ]
      ],
      [
        [
          0.0037542782094320917,
          0.08119798521436508,
          0.18078374749380466
        ],
        [
          0.16340229450963006,
          0.08311526706489636,
          0.19203364153913388
        ],
        [
          0.057350999094615725,
          0.06322954322207058,
          0.17513224365205166
        ]
      ],
      [
        [
          0.09399843196792465,
          0.2306901998005333,
          0.12933153098388478
        ],
        [
          0.03205862305542777,
          0.018062720866507297,
          0.01796547441073091
        ],
        [
          0.20400809537511772,
          0.11192372600031608,
          0.1619611975395575
        ]
      ]
    ]
  },
  "network_stats": {
    "neurons": 15,
    "connections": 12
  },
  "rollout_data": {
    "rewards": [
      10.0,
      9.0,
      8.0,
      9.0,
      10.0,
      10.0,
      9.0,
      9.0,
      9.0,
      10.0,
      10.0,
      8.0,
      9.0,
      9.0,
      9.0,
      10.0,
      9.0,
      10.0,
      8.0,
      8.0
    ],
    "lengths": [
      10,
      9,
      8,
      9,
      10,
      10,
      9,
      9,
      9,
      10,
      10,
      8,
      9,
      9,
      9,
      10,
      9,
      10,
      8,
      8
    ],
    "eval_seeds": [
      3122387,
      3122388,
      3122389,
      3122390,
      3122391,
      3122392,
      3122393,
      3122394,
      3122395,
      3122396,
      3122397,
      3122398,
      3122399,
      3122400,
      3122401,
      3122402,
      3122403,
      3122404,
      3122405,
      3122406
    ]
  }
}