{
  "network_id": 142539,
  "seed": 3142539,
  "valid": true,
  "baseline_reward": 474.35,
  "baseline_fitness": 0.9487000000000001,
  "stratum": "near_perfect",
  "genome": {
    "max_growth_steps": 200,
    "size_x": 10,
    "size_y": 10,
    "diffusion_rate": 0.07762936392845589,
    "num_morphogens": 3,
    "division_threshold": 0.32191166092478657,
    "cell_differentiation_threshold": 0.6708608632764821,
    "axon_growth_threshold": 0.20345291198531953,
    "max_axon_length": 9,
    "axon_connect_threshold": 0.4908740001708344,
    "self_connect_isolated_neurons_fraction": 0.04698411194612715,
    "weight_adjustment_target": 0.35357379826813806,
    "weight_adjustment_rate": 0.017934583613987098,
    "progenitor_secretion_rates": [
      0.40770400932935846,
      0.19930971389106156,
      0.2533477799870321
    ],
    "neuron_secretion_rates": [
      0.42377916484017814,
      0.43453887361161264,
      0.23627052925899272
    ],
    "inhibition_matrix": [
      [
        0.0,
        0.0,
        0.0
      ],
      [
        0.0,
        0.0,
        0.0
      ],
      [
        0.0,
        0.11098887184372719,
        0.0
      ]
    ],
    "diffusion_patterns": [
      [
        [
          0.18537159033999226,
          0.1628823219816113,
          0.13576421609082148
        ],
        [
          0.052397564064406356,
          0.09841598674146565,
          0.14953696602197405
        ],
        [
          0.14556233469868712,
          0.06217063917518963,
          0.007898380885852126
        ]
      ],
      [
        [
          0.0060716660075229075,
          0.13660044864486015,
          0.14514832676356404
        ],
        [
          0.09833720271528361,
          0.17149574515508187,
          0.04142776430782314
        ],
        [
          0.13597198344054587,
          0.1517022656814118,
          0.11324459728390662
        ]
      ],
      [
        [
          0.1388823718361526,
          0.12587083790162898,
          0.1265640239783865
        ],
        [
          0.05817477931473875,
          0.10859721693839945,
          0.12169441650233455
        ],
        [
          0.1314980092334073,
          0.1116669896308052,
          0.0770513546641467
        ]
      ]
    ]
  },
  "network_stats": {
    "neurons": 100,
    "connections": 279
  },
  "rollout_data": {
    "rewards": [
      500.0,
      500.0,
      500.0,
      500.0,
      500.0,
      500.0,
      500.0,
      480.0,
      500.0,
      360.0,
      500.0,
      500.0,
      500.0,
      282.0,
      500.0,
      365.0,
      500.0,
      500.0,
      500.0,
      500.0
    ],
    "lengths": [
      500,
      500,
      500,
      500,
      500,
      500,
      500,
      480,
      500,
      360,
      500,
      500,
      500,
      282,
      500,
      365,
      500,
      500,
      500,
      500
    ],
    "eval_seeds": [
      3142539,
      3142540,
      3142541,
      3142542,
      3142543,
      3142544,
      3142545,
      3142546,
      3142547,
      3142548,
      3142549,
      3142550,
      3142551,
      3142552,
      3142553,
      3142554,
      3142555,
      3142556,
      3142557,
      3142558
    ]
  }
}