{
  "network_id": 152572,
  "seed": 3152572,
  "valid": true,
  "baseline_reward": 500.0,
  "baseline_fitness": 1.0,
  "stratum": "perfect",
  "genome": {
    "max_growth_steps": 200,
    "size_x": 10,
    "size_y": 10,
    "diffusion_rate": 0.06041720694142304,
    "num_morphogens": 3,
    "division_threshold": 0.45363381672515135,
    "cell_differentiation_threshold": 0.6888518113475794,
    "axon_growth_threshold": 0.2676423704365107,
    "max_axon_length": 3,
    "axon_connect_threshold": 0.7661622865535915,
    "self_connect_isolated_neurons_fraction": 0.055612573880166404,
    "weight_adjustment_target": 0.6268572421857521,
    "weight_adjustment_rate": 0.009498942163270376,
    "progenitor_secretion_rates": [
      0.36485013291172297,
      0.4795294066450379,
      0.2002336171421873
    ],
    "neuron_secretion_rates": [
      0.4037241489285598,
      0.384521610658126,
      0.2522615268791034
    ],
    "inhibition_matrix": [
      [
        0.0,
        0.015302077873064646,
        0.0
      ],
      [
        0.0,
        0.0,
        0.0
      ],
      [
        0.0,
        0.0,
        0.0
      ]
    ],
    "diffusion_patterns": [
      [
        [
          0.15963882461328713,
          0.08803029231048781,
          0.18492413218401885
        ],
        [
          0.15640850381257165,
          0.06974540292245941,
          0.033041211540547656
        ],
        [
          0.058307249679122534,
          0.17055871635764178,
          0.0793456665798631
        ]
      ],
      [
        [
          0.19814936755958476,
          0.00020681900297090628,
          0.2760402087222574
        ],
        [
          0.04245926774438184,
          0.0027840825141520692,
          0.2109617493191673
        ],
        [
          0.0993375651205865,
          0.13948082323452188,
          0.03058011678237728
        ]
      ],
      [
        [
          0.17519065774449083,
          0.17432619942822766,
          0.07842248752932517
        ],
        [
          0.14414285224171408,
          0.05788960988233988,
          0.16922353416472646
        ],
        [
          0.04350965303763596,
          0.13129242615877892,
          0.026002579812761092
        ]
      ]
    ]
  },
  "network_stats": {
    "neurons": 100,
    "connections": 272
  },
  "rollout_data": {
    "rewards": [
      500.0,
      500.0,
      500.0,
      500.0,
      500.0,
      500.0,
      500.0,
      500.0,
      500.0,
      500.0,
      500.0,
      500.0,
      500.0,
      500.0,
      500.0,
      500.0,
      500.0,
      500.0,
      500.0,
      500.0
    ],
    "lengths": [
      500,
      500,
      500,
      500,
      500,
      500,
      500,
      500,
      500,
      500,
      500,
      500,
      500,
      500,
      500,
      500,
      500,
      500,
      500,
      500
    ],
    "eval_seeds": [
      3152572,
      3152573,
      3152574,
      3152575,
      3152576,
      3152577,
      3152578,
      3152579,
      3152580,
      3152581,
      3152582,
      3152583,
      3152584,
      3152585,
      3152586,
      3152587,
      3152588,
      3152589,
      3152590,
      3152591
    ]
  }
}