{
  "network_id": 86498,
  "seed": 3086498,
  "valid": true,
  "baseline_reward": 500.0,
  "baseline_fitness": 1.0,
  "stratum": "perfect",
  "genome": {
    "max_growth_steps": 200,
    "size_x": 10,
    "size_y": 10,
    "diffusion_rate": 0.1978287939556197,
    "num_morphogens": 3,
    "division_threshold": 0.37412282355006676,
    "cell_differentiation_threshold": 0.3083633428900964,
    "axon_growth_threshold": 0.23713520555076387,
    "max_axon_length": 2,
    "axon_connect_threshold": 0.7951141039155492,
    "self_connect_isolated_neurons_fraction": 0.2447755721088787,
    "weight_adjustment_target": 0.4464916892409313,
    "weight_adjustment_rate": 0.012336090231232673,
    "progenitor_secretion_rates": [
      0.2820946031922381,
      0.07415867956820854,
      0.13103661679174816
    ],
    "neuron_secretion_rates": [
      0.06935948033072276,
      0.22713952663169568,
      0.48188951158261106
    ],
    "inhibition_matrix": [
      [
        0.0,
        0.0,
        0.0
      ],
      [
        0.0,
        0.0,
        0.0
      ],
      [
        0.094561245107538,
        0.0,
        0.0
      ]
    ],
    "diffusion_patterns": [
      [
        [
          0.16186646785944275,
          0.17626875142730988,
          0.19764215104411753
        ],
        [
          0.07208888901834312,
          0.15219852030543313,
          0.1622053120345199
        ],
        [
          0.04044545005280967,
          0.03609377780512084,
          0.00119068045290306
        ]
      ],
      [
        [
          0.1760142815684164,
          0.05006378538887896,
          0.006790896432739235
        ],
        [
          0.1481014236693296,
          0.12262455151724463,
          0.18087581254301283
        ],
        [
          0.10889409041997138,
          0.03664952863763988,
          0.169985629822767
        ]
      ],
      [
        [
          0.02680416854833645,
          0.156436327597139,
          0.052326965585207566
        ],
        [
          0.1634606187722393,
          0.12096510191619653,
          0.20124893561343607
        ],
        [
          0.08150111780768148,
          0.11137680655069014,
          0.08587995760907345
        ]
      ]
    ]
  },
  "network_stats": {
    "neurons": 100,
    "connections": 290
  },
  "rollout_data": {
    "rewards": [
      500.0,
      500.0,
      500.0,
      500.0,
      500.0,
      500.0,
      500.0,
      500.0,
      500.0,
      500.0,
      500.0,
      500.0,
      500.0,
      500.0,
      500.0,
      500.0,
      500.0,
      500.0,
      500.0,
      500.0
    ],
    "lengths": [
      500,
      500,
      500,
      500,
      500,
      500,
      500,
      500,
      500,
      500,
      500,
      500,
      500,
      500,
      500,
      500,
      500,
      500,
      500,
      500
    ],
    "eval_seeds": [
      3086498,
      3086499,
      3086500,
      3086501,
      3086502,
      3086503,
      3086504,
      3086505,
      3086506,
      3086507,
      3086508,
      3086509,
      3086510,
      3086511,
      3086512,
      3086513,
      3086514,
      3086515,
      3086516,
      3086517
    ]
  }
}