{
  "network_id": 53063,
  "seed": 3053063,
  "valid": true,
  "baseline_reward": 9.45,
  "baseline_fitness": 0.0189,
  "stratum": "weak",
  "genome": {
    "max_growth_steps": 200,
    "size_x": 10,
    "size_y": 10,
    "diffusion_rate": 0.15356230780022756,
    "num_morphogens": 3,
    "division_threshold": 0.3995120010233996,
    "cell_differentiation_threshold": 0.5425230905629002,
    "axon_growth_threshold": 0.2595433553748707,
    "max_axon_length": 8,
    "axon_connect_threshold": 0.5429554294650536,
    "self_connect_isolated_neurons_fraction": 0.23484308053422337,
    "weight_adjustment_target": 0.34902582207860766,
    "weight_adjustment_rate": 0.011550599293599449,
    "progenitor_secretion_rates": [
      0.2740862333280723,
      0.36806327965672725,
      0.46414910894346373
    ],
    "neuron_secretion_rates": [
      0.4654244522221122,
      0.07309950275556082,
      0.2829318857431505
    ],
    "inhibition_matrix": [
      [
        0.0,
        0.42893287391924284,
        0.0
      ],
      [
        0.0,
        0.0,
        0.40103537633080666
      ],
      [
        0.33838300225467616,
        0.2355342372230162,
        0.0
      ]
    ],
    "diffusion_patterns": [
      [
        [
          0.2886949882194776,
          0.19250990458916967,
          0.048786309556091326
        ],
        [
          0.04754720560908993,
          0.2115102842076496,
          0.061594107312781955
        ],
        [
          0.04654167224510655,
          0.013472304449691625,
          0.08934322381094177
        ]
      ],
      [
        [
          0.11203284316203196,
          0.08079524077932457,
          0.09764760994982369
        ],
        [
          0.19192629472547443,
          0.13740533164354815,
          0.19072394142207055
        ],
        [
          0.0996018642154597,
          0.0671444207764909,
          0.02272245332577597
        ]
      ],
      [
        [
          0.16911107001626535,
          0.043949571713313575,
          0.0616716932594345
        ],
        [
          0.1587331325134493,
          0.18736626725943287,
          0.08487216918387509
        ],
        [
          0.015675144235596294,
          0.11686738523535048,
          0.16175356658328258
        ]
      ]
    ]
  },
  "network_stats": {
    "neurons": 32,
    "connections": 33
  },
  "rollout_data": {
    "rewards": [
      9.0,
      9.0,
      10.0,
      9.0,
      9.0,
      9.0,
      10.0,
      9.0,
      9.0,
      10.0,
      10.0,
      9.0,
      10.0,
      10.0,
      10.0,
      9.0,
      8.0,
      11.0,
      9.0,
      10.0
    ],
    "lengths": [
      9,
      9,
      10,
      9,
      9,
      9,
      10,
      9,
      9,
      10,
      10,
      9,
      10,
      10,
      10,
      9,
      8,
      11,
      9,
      10
    ],
    "eval_seeds": [
      3053063,
      3053064,
      3053065,
      3053066,
      3053067,
      3053068,
      3053069,
      3053070,
      3053071,
      3053072,
      3053073,
      3053074,
      3053075,
      3053076,
      3053077,
      3053078,
      3053079,
      3053080,
      3053081,
      3053082
    ]
  }
}