{
  "network_id": 68542,
  "seed": 3068542,
  "valid": true,
  "baseline_reward": 343.65,
  "baseline_fitness": 0.6872999999999999,
  "stratum": "low_mid",
  "genome": {
    "max_growth_steps": 200,
    "size_x": 10,
    "size_y": 10,
    "diffusion_rate": 0.07733080656535904,
    "num_morphogens": 3,
    "division_threshold": 0.46945739018851207,
    "cell_differentiation_threshold": 0.5442333261548291,
    "axon_growth_threshold": 0.3573765171258395,
    "max_axon_length": 10,
    "axon_connect_threshold": 0.5085359676084947,
    "self_connect_isolated_neurons_fraction": 0.0015446397634326869,
    "weight_adjustment_target": 0.5293650860120062,
    "weight_adjustment_rate": 0.007705516540688158,
    "progenitor_secretion_rates": [
      0.407826278243738,
      0.46016211435312426,
      0.39421735572729527
    ],
    "neuron_secretion_rates": [
      0.33073177555843114,
      0.4084570186500797,
      0.1675498048655759
    ],
    "inhibition_matrix": [
      [
        0.0,
        0.0,
        0.14031749268328075
      ],
      [
        0.331186062543202,
        0.0,
        0.0046752992578933394
      ],
      [
        0.0,
        0.24916408089242154,
        0.0
      ]
    ],
    "diffusion_patterns": [
      [
        [
          0.017429374178988984,
          0.09443023504810383,
          0.08636880171545039
        ],
        [
          0.07468362857170739,
          0.1369958738853064,
          0.13971575396556402
        ],
        [
          0.18673291925361865,
          0.14626401434962183,
          0.11737939903163848
        ]
      ],
      [
        [
          0.18369756830744272,
          0.13968356087996064,
          0.17798776348442388
        ],
        [
          0.15108417793276419,
          0.008525469479887022,
          0.014942764442074194
        ],
        [
          0.14690281528965324,
          0.12086044389610222,
          0.05631543628769187
        ]
      ],
      [
        [
          0.1067679029373804,
          0.18922204536342754,
          0.0019620448109039464
        ],
        [
          0.14369586836629974,
          0.028663653792336766,
          0.1123744839794362
        ],
        [
          0.1877719745786217,
          0.20141961612910764,
          0.028122410042486137
        ]
      ]
    ]
  },
  "network_stats": {
    "neurons": 100,
    "connections": 334
  },
  "rollout_data": {
    "rewards": [
      500.0,
      179.0,
      169.0,
      500.0,
      500.0,
      500.0,
      500.0,
      125.0,
      500.0,
      216.0,
      181.0,
      162.0,
      500.0,
      500.0,
      133.0,
      184.0,
      500.0,
      500.0,
      215.0,
      309.0
    ],
    "lengths": [
      500,
      179,
      169,
      500,
      500,
      500,
      500,
      125,
      500,
      216,
      181,
      162,
      500,
      500,
      133,
      184,
      500,
      500,
      215,
      309
    ],
    "eval_seeds": [
      3068542,
      3068543,
      3068544,
      3068545,
      3068546,
      3068547,
      3068548,
      3068549,
      3068550,
      3068551,
      3068552,
      3068553,
      3068554,
      3068555,
      3068556,
      3068557,
      3068558,
      3068559,
      3068560,
      3068561
    ]
  }
}