{
  "network_id": 40059,
  "seed": 3040059,
  "valid": true,
  "baseline_reward": 227.4,
  "baseline_fitness": 0.45480000000000004,
  "stratum": "low_mid",
  "genome": {
    "max_growth_steps": 200,
    "size_x": 10,
    "size_y": 10,
    "diffusion_rate": 0.12305273221738139,
    "num_morphogens": 3,
    "division_threshold": 0.4723910473218518,
    "cell_differentiation_threshold": 0.34058095684930784,
    "axon_growth_threshold": 0.21715907073380952,
    "max_axon_length": 2,
    "axon_connect_threshold": 0.4179265198208184,
    "self_connect_isolated_neurons_fraction": 0.016837650850400697,
    "weight_adjustment_target": 0.48051596958064646,
    "weight_adjustment_rate": 0.013221913418815404,
    "progenitor_secretion_rates": [
      0.39454876842510445,
      0.2147403933460445,
      0.3748283818945811
    ],
    "neuron_secretion_rates": [
      0.4493142273899116,
      0.19355849330728275,
      0.1047856094875021
    ],
    "inhibition_matrix": [
      [
        0.0,
        0.0,
        0.0
      ],
      [
        0.0866001872946009,
        0.0,
        0.0
      ],
      [
        0.0,
        0.0,
        0.0
      ]
    ],
    "diffusion_patterns": [
      [
        [
          0.13545292363515948,
          0.13469262295342319,
          0.1602267975672946
        ],
        [
          0.027460910680436466,
          0.044637859285242165,
          0.059479050220615615
        ],
        [
          0.13151816311212652,
          0.09812361495638164,
          0.20840805758932024
        ]
      ],
      [
        [
          0.14110155275276934,
          0.10554494205630008,
          0.05671980391777885
        ],
        [
          0.12615584641604732,
          0.11988292244673997,
          0.08207422278480346
        ],
        [
          0.17877590705643667,
          0.08293788603257965,
          0.10680691653654455
        ]
      ],
      [
        [
          0.04716252791460827,
          0.12987809833480388,
          0.2132030326048468
        ],
        [
          0.22506437449485048,
          0.013948788282455063,
          0.058444394139865956
        ],
        [
          0.1118368982417339,
          0.10662580073336533,
          0.09383608525347037
        ]
      ]
    ]
  },
  "network_stats": {
    "neurons": 100,
    "connections": 268
  },
  "rollout_data": {
    "rewards": [
      317.0,
      274.0,
      190.0,
      210.0,
      248.0,
      168.0,
      240.0,
      181.0,
      238.0,
      266.0,
      294.0,
      155.0,
      253.0,
      189.0,
      327.0,
      268.0,
      155.0,
      156.0,
      161.0,
      258.0
    ],
    "lengths": [
      317,
      274,
      190,
      210,
      248,
      168,
      240,
      181,
      238,
      266,
      294,
      155,
      253,
      189,
      327,
      268,
      155,
      156,
      161,
      258
    ],
    "eval_seeds": [
      3040059,
      3040060,
      3040061,
      3040062,
      3040063,
      3040064,
      3040065,
      3040066,
      3040067,
      3040068,
      3040069,
      3040070,
      3040071,
      3040072,
      3040073,
      3040074,
      3040075,
      3040076,
      3040077,
      3040078
    ]
  }
}