{
  "network_id": 179215,
  "seed": 3179215,
  "valid": true,
  "baseline_reward": 500.0,
  "baseline_fitness": 1.0,
  "stratum": "perfect",
  "genome": {
    "max_growth_steps": 200,
    "size_x": 10,
    "size_y": 10,
    "diffusion_rate": 0.05377631819231837,
    "num_morphogens": 3,
    "division_threshold": 0.4429818486381652,
    "cell_differentiation_threshold": 0.3811503427626141,
    "axon_growth_threshold": 0.45599508079051715,
    "max_axon_length": 4,
    "axon_connect_threshold": 0.48930685603145513,
    "self_connect_isolated_neurons_fraction": 0.06904496903093474,
    "weight_adjustment_target": 0.5238181511640377,
    "weight_adjustment_rate": 0.018567113623264603,
    "progenitor_secretion_rates": [
      0.4713459573046545,
      0.37137174307981224,
      0.22935157852213717
    ],
    "neuron_secretion_rates": [
      0.46032022986466786,
      0.19370381807631248,
      0.49845880544608706
    ],
    "inhibition_matrix": [
      [
        0.0,
        0.0,
        0.0557653878921931
      ],
      [
        0.0,
        0.0,
        0.0
      ],
      [
        0.0,
        0.46943214428246094,
        0.0
      ]
    ],
    "diffusion_patterns": [
      [
        [
          0.16063770214694958,
          0.1308666288117796,
          0.14087575790578216
        ],
        [
          0.14102080132164227,
          0.10138114658810411,
          0.137115259873651
        ],
        [
          0.025198635674347287,
          0.08473474532118523,
          0.07816932235655873
        ]
      ],
      [
        [
          0.15673731192989682,
          0.09677395843000934,
          0.09060404241635256
        ],
        [
          0.24087198174321844,
          0.050637996123862834,
          0.13898334789527003
        ],
        [
          0.05372133341731825,
          0.09885056288349295,
          0.07281946516057893
        ]
      ],
      [
        [
          0.13486127649373936,
          0.12343422538993909,
          0.028905780837010384
        ],
        [
          0.13510934545082148,
          0.20086177966456378,
          0.06054533026314512
        ],
        [
          0.13679402307187008,
          0.011002726753119486,
          0.16848551207579118
        ]
      ]
    ]
  },
  "network_stats": {
    "neurons": 65,
    "connections": 229
  },
  "rollout_data": {
    "rewards": [
      500.0,
      500.0,
      500.0,
      500.0,
      500.0,
      500.0,
      500.0,
      500.0,
      500.0,
      500.0,
      500.0,
      500.0,
      500.0,
      500.0,
      500.0,
      500.0,
      500.0,
      500.0,
      500.0,
      500.0
    ],
    "lengths": [
      500,
      500,
      500,
      500,
      500,
      500,
      500,
      500,
      500,
      500,
      500,
      500,
      500,
      500,
      500,
      500,
      500,
      500,
      500,
      500
    ],
    "eval_seeds": [
      3179215,
      3179216,
      3179217,
      3179218,
      3179219,
      3179220,
      3179221,
      3179222,
      3179223,
      3179224,
      3179225,
      3179226,
      3179227,
      3179228,
      3179229,
      3179230,
      3179231,
      3179232,
      3179233,
      3179234
    ]
  }
}