{
  "network_id": 113095,
  "seed": 3113095,
  "valid": true,
  "baseline_reward": 209.75,
  "baseline_fitness": 0.4195,
  "stratum": "low_mid",
  "genome": {
    "max_growth_steps": 200,
    "size_x": 10,
    "size_y": 10,
    "diffusion_rate": 0.1527358469784638,
    "num_morphogens": 3,
    "division_threshold": 0.5506424740188592,
    "cell_differentiation_threshold": 0.3145757620243128,
    "axon_growth_threshold": 0.26376781665585003,
    "max_axon_length": 7,
    "axon_connect_threshold": 0.7463520277197393,
    "self_connect_isolated_neurons_fraction": 0.18042248488850504,
    "weight_adjustment_target": 0.46474654975229357,
    "weight_adjustment_rate": 0.013060862513641209,
    "progenitor_secretion_rates": [
      0.4337204136669749,
      0.12392698255657975,
      0.09068114406455219
    ],
    "neuron_secretion_rates": [
      0.303294198974372,
      0.12627764511200623,
      0.3515409661650163
    ],
    "inhibition_matrix": [
      [
        0.0,
        0.0,
        0.4787558490223487
      ],
      [
        0.0,
        0.0,
        0.0
      ],
      [
        0.38614794565745436,
        0.0,
        0.0
      ]
    ],
    "diffusion_patterns": [
      [
        [
          0.15372668474201182,
          0.08644405273764165,
          0.032308372055685736
        ],
        [
          0.10373337846905782,
          0.06174232969589959,
          0.19423474298956475
        ],
        [
          0.16294595698335754,
          0.026925515683262347,
          0.1779389666435188
        ]
      ],
      [
        [
          0.027584806744267713,
          0.17402616745044994,
          0.14584228012848957
        ],
        [
          0.03211770882454786,
          0.18655063182032042,
          0.1747870024142006
        ],
        [
          0.11608746367347114,
          0.13536621636313917,
          0.007637722581113433
        ]
      ],
      [
        [
          0.0844995327230873,
          0.22293986227589957,
          0.11985747381437382
        ],
        [
          0.19693803402621637,
          0.0072811954597437065,
          0.00851950840732512
        ],
        [
          0.1956059729828609,
          0.015049561830214568,
          0.14930885848027867
        ]
      ]
    ]
  },
  "network_stats": {
    "neurons": 100,
    "connections": 311
  },
  "rollout_data": {
    "rewards": [
      213.0,
      229.0,
      254.0,
      133.0,
      165.0,
      251.0,
      219.0,
      148.0,
      222.0,
      259.0,
      159.0,
      232.0,
      267.0,
      173.0,
      163.0,
      172.0,
      215.0,
      255.0,
      241.0,
      225.0
    ],
    "lengths": [
      213,
      229,
      254,
      133,
      165,
      251,
      219,
      148,
      222,
      259,
      159,
      232,
      267,
      173,
      163,
      172,
      215,
      255,
      241,
      225
    ],
    "eval_seeds": [
      3113095,
      3113096,
      3113097,
      3113098,
      3113099,
      3113100,
      3113101,
      3113102,
      3113103,
      3113104,
      3113105,
      3113106,
      3113107,
      3113108,
      3113109,
      3113110,
      3113111,
      3113112,
      3113113,
      3113114
    ]
  }
}