{
  "network_id": 142321,
  "seed": 3142321,
  "valid": true,
  "baseline_reward": 500.0,
  "baseline_fitness": 1.0,
  "stratum": "perfect",
  "genome": {
    "max_growth_steps": 200,
    "size_x": 10,
    "size_y": 10,
    "diffusion_rate": 0.06945782897426016,
    "num_morphogens": 3,
    "division_threshold": 0.33658561053160796,
    "cell_differentiation_threshold": 0.4084894031292154,
    "axon_growth_threshold": 0.401895165430154,
    "max_axon_length": 4,
    "axon_connect_threshold": 0.4322797525861225,
    "self_connect_isolated_neurons_fraction": 0.2988572420733476,
    "weight_adjustment_target": 0.31282165822093627,
    "weight_adjustment_rate": 0.015901456976637574,
    "progenitor_secretion_rates": [
      0.22435766391674727,
      0.3031566545702898,
      0.36529048931813485
    ],
    "neuron_secretion_rates": [
      0.3963233181785898,
      0.46636312784254796,
      0.05770244007524039
    ],
    "inhibition_matrix": [
      [
        0.0,
        0.0,
        0.017175107255227695
      ],
      [
        0.0,
        0.0,
        0.254583591018868
      ],
      [
        0.0,
        0.0,
        0.0
      ]
    ],
    "diffusion_patterns": [
      [
        [
          0.18439131857516852,
          0.18949306271406227,
          0.08865114542396892
        ],
        [
          0.10281540220653279,
          0.09102654284943106,
          0.1781844834580085
        ],
        [
          0.010274896342179225,
          0.0332917578685344,
          0.12187139056211438
        ]
      ],
      [
        [
          0.04861082966835136,
          0.11176020032863158,
          0.05861107388819089
        ],
        [
          0.1813361044617378,
          0.0801459195305614,
          0.07572135457041362
        ],
        [
          0.14908152257221444,
          0.10927793731270895,
          0.18545505766719
        ]
      ],
      [
        [
          0.08450497343447406,
          0.151182529088993,
          0.029467996455130346
        ],
        [
          0.14605587650219307,
          0.2495046789277412,
          0.11996306201638336
        ],
        [
          0.0019892808760514223,
          0.10665729453190254,
          0.11067430816713097
        ]
      ]
    ]
  },
  "network_stats": {
    "neurons": 100,
    "connections": 286
  },
  "rollout_data": {
    "rewards": [
      500.0,
      500.0,
      500.0,
      500.0,
      500.0,
      500.0,
      500.0,
      500.0,
      500.0,
      500.0,
      500.0,
      500.0,
      500.0,
      500.0,
      500.0,
      500.0,
      500.0,
      500.0,
      500.0,
      500.0
    ],
    "lengths": [
      500,
      500,
      500,
      500,
      500,
      500,
      500,
      500,
      500,
      500,
      500,
      500,
      500,
      500,
      500,
      500,
      500,
      500,
      500,
      500
    ],
    "eval_seeds": [
      3142321,
      3142322,
      3142323,
      3142324,
      3142325,
      3142326,
      3142327,
      3142328,
      3142329,
      3142330,
      3142331,
      3142332,
      3142333,
      3142334,
      3142335,
      3142336,
      3142337,
      3142338,
      3142339,
      3142340
    ]
  }
}