{
  "network_id": 54433,
  "seed": 3054433,
  "valid": true,
  "baseline_reward": 196.4,
  "baseline_fitness": 0.39280000000000004,
  "stratum": "weak",
  "genome": {
    "max_growth_steps": 200,
    "size_x": 10,
    "size_y": 10,
    "diffusion_rate": 0.12038838296539076,
    "num_morphogens": 3,
    "division_threshold": 0.30244866732120235,
    "cell_differentiation_threshold": 0.5510539810795962,
    "axon_growth_threshold": 0.4756696439992106,
    "max_axon_length": 4,
    "axon_connect_threshold": 0.7297263043464663,
    "self_connect_isolated_neurons_fraction": 0.01333007115801944,
    "weight_adjustment_target": 0.44202700068517947,
    "weight_adjustment_rate": 0.011796393022422476,
    "progenitor_secretion_rates": [
      0.41279192308412604,
      0.21541248160474646,
      0.48294102028856545
    ],
    "neuron_secretion_rates": [
      0.19521072022515434,
      0.17077355063119182,
      0.28231835038275077
    ],
    "inhibition_matrix": [
      [
        0.0,
        0.408307511798667,
        0.0
      ],
      [
        0.0,
        0.0,
        0.0
      ],
      [
        0.28335226517070616,
        0.0,
        0.0
      ]
    ],
    "diffusion_patterns": [
      [
        [
          0.0092292058741648,
          0.15374472664435018,
          0.11955195379904372
        ],
        [
          0.10062771162887393,
          0.05899348347313608,
          0.04774762831400929
        ],
        [
          0.1657173677051176,
          0.1829361392169645,
          0.16145178334433996
        ]
      ],
      [
        [
          0.13283104386166233,
          0.19186033822712836,
          0.06552229499009374
        ],
        [
          0.13428737779221125,
          0.09742577093314175,
          0.11897196747235404
        ],
        [
          0.02075093803120404,
          0.03319487501430207,
          0.20515539367790228
        ]
      ],
      [
        [
          0.11050277993337959,
          0.061060841316122154,
          0.08646929095948766
        ],
        [
          0.12440071389816437,
          0.14746482482916196,
          0.03552458367748049
        ],
        [
          0.030453802725056975,
          0.18678997021298585,
          0.21733319244816104
        ]
      ]
    ]
  },
  "network_stats": {
    "neurons": 100,
    "connections": 315
  },
  "rollout_data": {
    "rewards": [
      228.0,
      202.0,
      244.0,
      159.0,
      174.0,
      213.0,
      145.0,
      210.0,
      237.0,
      201.0,
      148.0,
      158.0,
      168.0,
      235.0,
      216.0,
      215.0,
      151.0,
      218.0,
      252.0,
      154.0
    ],
    "lengths": [
      228,
      202,
      244,
      159,
      174,
      213,
      145,
      210,
      237,
      201,
      148,
      158,
      168,
      235,
      216,
      215,
      151,
      218,
      252,
      154
    ],
    "eval_seeds": [
      3054433,
      3054434,
      3054435,
      3054436,
      3054437,
      3054438,
      3054439,
      3054440,
      3054441,
      3054442,
      3054443,
      3054444,
      3054445,
      3054446,
      3054447,
      3054448,
      3054449,
      3054450,
      3054451,
      3054452
    ]
  }
}