{
  "network_id": 167002,
  "seed": 3167002,
  "valid": true,
  "baseline_reward": 210.2,
  "baseline_fitness": 0.4204,
  "stratum": "low_mid",
  "genome": {
    "max_growth_steps": 200,
    "size_x": 10,
    "size_y": 10,
    "diffusion_rate": 0.10135536539741655,
    "num_morphogens": 3,
    "division_threshold": 0.4178894647454789,
    "cell_differentiation_threshold": 0.6626347929526896,
    "axon_growth_threshold": 0.4989479666166109,
    "max_axon_length": 4,
    "axon_connect_threshold": 0.4571506684051462,
    "self_connect_isolated_neurons_fraction": 0.1736125872783445,
    "weight_adjustment_target": 0.3450799380039702,
    "weight_adjustment_rate": 0.01587578927739386,
    "progenitor_secretion_rates": [
      0.287290615429356,
      0.20819528651142682,
      0.0794325837800543
    ],
    "neuron_secretion_rates": [
      0.4166686532737278,
      0.4698328897329435,
      0.43591666816929936
    ],
    "inhibition_matrix": [
      [
        0.0,
        0.012578899110175346,
        0.0
      ],
      [
        0.0,
        0.0,
        0.0
      ],
      [
        0.07495764487775586,
        0.2243811419709299,
        0.0
      ]
    ],
    "diffusion_patterns": [
      [
        [
          0.12336787182768107,
          0.19974225362465314,
          0.02664909523824799
        ],
        [
          0.08839575890408433,
          0.16053877793323096,
          0.11940292692742299
        ],
        [
          0.059021296653643154,
          0.16543733964731075,
          0.057444679243725746
        ]
      ],
      [
        [
          0.13940523645411407,
          0.21366752093787603,
          0.15227531029614344
        ],
        [
          0.13697809944847136,
          0.1333938538381092,
          0.11655848998650381
        ],
        [
          0.02844923356482636,
          0.03209166732908178,
          0.04718058814487393
        ]
      ],
      [
        [
          0.20766739155541064,
          0.05987376096965832,
          0.0592444334375307
        ],
        [
          0.1544256616761986,
          0.19698084764966245,
          0.1383403259008452
        ],
        [
          0.03717467854377585,
          0.07833126720338641,
          0.06796163306353174
        ]
      ]
    ]
  },
  "network_stats": {
    "neurons": 100,
    "connections": 261
  },
  "rollout_data": {
    "rewards": [
      241.0,
      232.0,
      169.0,
      267.0,
      159.0,
      157.0,
      212.0,
      170.0,
      222.0,
      253.0,
      226.0,
      173.0,
      243.0,
      220.0,
      163.0,
      193.0,
      163.0,
      238.0,
      256.0,
      247.0
    ],
    "lengths": [
      241,
      232,
      169,
      267,
      159,
      157,
      212,
      170,
      222,
      253,
      226,
      173,
      243,
      220,
      163,
      193,
      163,
      238,
      256,
      247
    ],
    "eval_seeds": [
      3167002,
      3167003,
      3167004,
      3167005,
      3167006,
      3167007,
      3167008,
      3167009,
      3167010,
      3167011,
      3167012,
      3167013,
      3167014,
      3167015,
      3167016,
      3167017,
      3167018,
      3167019,
      3167020,
      3167021
    ]
  }
}