{
  "network_id": 44482,
  "seed": 3044482,
  "valid": true,
  "baseline_reward": 457.95,
  "baseline_fitness": 0.9158999999999999,
  "stratum": "near_perfect",
  "genome": {
    "max_growth_steps": 200,
    "size_x": 10,
    "size_y": 10,
    "diffusion_rate": 0.12900170000777378,
    "num_morphogens": 3,
    "division_threshold": 0.35727206004253537,
    "cell_differentiation_threshold": 0.41091140373889457,
    "axon_growth_threshold": 0.3334453686101549,
    "max_axon_length": 4,
    "axon_connect_threshold": 0.6156521877765954,
    "self_connect_isolated_neurons_fraction": 0.22269092317914335,
    "weight_adjustment_target": 0.3795531408841022,
    "weight_adjustment_rate": 0.006989002370901559,
    "progenitor_secretion_rates": [
      0.22963995759893513,
      0.26146262699744277,
      0.224027079977289
    ],
    "neuron_secretion_rates": [
      0.15740972560638222,
      0.07051222509510663,
      0.43314167186614705
    ],
    "inhibition_matrix": [
      [
        0.0,
        0.0,
        0.0
      ],
      [
        0.0,
        0.0,
        0.17418385222699517
      ],
      [
        0.35261394387564504,
        0.0,
        0.0
      ]
    ],
    "diffusion_patterns": [
      [
        [
          0.0942114493692037,
          0.1488642472838751,
          0.1662674903736617
        ],
        [
          0.020020907944056237,
          0.10062953947707387,
          0.16335251212623475
        ],
        [
          0.14102016766624142,
          0.12353112666127963,
          0.042102559098373626
        ]
      ],
      [
        [
          0.028319847079605928,
          0.022272797852341555,
          0.048447169100653414
        ],
        [
          0.2655656602870199,
          0.11898531962544155,
          0.07081462415046208
        ],
        [
          0.212544885977694,
          0.1581624611610752,
          0.07488723476570652
        ]
      ],
      [
        [
          0.055173588137160265,
          0.14655031908444835,
          0.08596703584204692
        ],
        [
          0.1637973777631146,
          0.12197194331203572,
          0.03333468575733124
        ],
        [
          0.19953108774390216,
          0.07262124766774598,
          0.12105271469221465
        ]
      ]
    ]
  },
  "network_stats": {
    "neurons": 100,
    "connections": 480
  },
  "rollout_data": {
    "rewards": [
      500.0,
      500.0,
      500.0,
      458.0,
      384.0,
      408.0,
      500.0,
      500.0,
      380.0,
      402.0,
      500.0,
      430.0,
      500.0,
      493.0,
      360.0,
      500.0,
      500.0,
      424.0,
      420.0,
      500.0
    ],
    "lengths": [
      500,
      500,
      500,
      458,
      384,
      408,
      500,
      500,
      380,
      402,
      500,
      430,
      500,
      493,
      360,
      500,
      500,
      424,
      420,
      500
    ],
    "eval_seeds": [
      3044482,
      3044483,
      3044484,
      3044485,
      3044486,
      3044487,
      3044488,
      3044489,
      3044490,
      3044491,
      3044492,
      3044493,
      3044494,
      3044495,
      3044496,
      3044497,
      3044498,
      3044499,
      3044500,
      3044501
    ]
  }
}