{
  "network_id": 144028,
  "seed": 3144028,
  "valid": true,
  "baseline_reward": 9.15,
  "baseline_fitness": 0.0183,
  "stratum": "weak",
  "genome": {
    "max_growth_steps": 200,
    "size_x": 10,
    "size_y": 10,
    "diffusion_rate": 0.18399145333822353,
    "num_morphogens": 3,
    "division_threshold": 0.4252272339751188,
    "cell_differentiation_threshold": 0.6924918650657936,
    "axon_growth_threshold": 0.4185681710382409,
    "max_axon_length": 8,
    "axon_connect_threshold": 0.5784567162434445,
    "self_connect_isolated_neurons_fraction": 0.2775255327320972,
    "weight_adjustment_target": 0.38167304468407015,
    "weight_adjustment_rate": 0.006581676761596136,
    "progenitor_secretion_rates": [
      0.44789994605752853,
      0.17351369013860563,
      0.18260747620317613
    ],
    "neuron_secretion_rates": [
      0.36744112044672306,
      0.15863550747390315,
      0.1883303431000271
    ],
    "inhibition_matrix": [
      [
        0.0,
        0.0,
        0.0
      ],
      [
        0.0,
        0.0,
        0.0
      ],
      [
        0.0,
        0.0,
        0.0
      ]
    ],
    "diffusion_patterns": [
      [
        [
          0.13187471990922836,
          0.12646825837567613,
          0.08668830406833858
        ],
        [
          0.1517149456667296,
          0.1116661114930216,
          0.14268058603364236
        ],
        [
          0.03372846293347869,
          0.15485034666265937,
          0.06032826485722528
        ]
      ],
      [
        [
          0.11835937113031346,
          0.045651616978948976,
          0.13793150556607184
        ],
        [
          0.09638105787356317,
          0.06707535433514217,
          0.14017407064048637
        ],
        [
          0.1373749477051056,
          0.10899112915561115,
          0.14806094661475724
        ]
      ],
      [
        [
          0.16929021199608552,
          0.16790995984975227,
          0.19007710373975584
        ],
        [
          0.09305279400204254,
          0.09889095168494519,
          0.025149511896979664
        ],
        [
          0.06452892183862506,
          0.11288391822477448,
          0.07821662676703937
        ]
      ]
    ]
  },
  "network_stats": {
    "neurons": 100,
    "connections": 250
  },
  "rollout_data": {
    "rewards": [
      9.0,
      9.0,
      9.0,
      10.0,
      9.0,
      10.0,
      10.0,
      10.0,
      8.0,
      8.0,
      10.0,
      8.0,
      9.0,
      10.0,
      8.0,
      9.0,
      10.0,
      9.0,
      8.0,
      10.0
    ],
    "lengths": [
      9,
      9,
      9,
      10,
      9,
      10,
      10,
      10,
      8,
      8,
      10,
      8,
      9,
      10,
      8,
      9,
      10,
      9,
      8,
      10
    ],
    "eval_seeds": [
      3144028,
      3144029,
      3144030,
      3144031,
      3144032,
      3144033,
      3144034,
      3144035,
      3144036,
      3144037,
      3144038,
      3144039,
      3144040,
      3144041,
      3144042,
      3144043,
      3144044,
      3144045,
      3144046,
      3144047
    ]
  }
}