{
  "network_id": 151420,
  "seed": 3151420,
  "valid": true,
  "baseline_reward": 280.35,
  "baseline_fitness": 0.5607000000000001,
  "stratum": "low_mid",
  "genome": {
    "max_growth_steps": 200,
    "size_x": 10,
    "size_y": 10,
    "diffusion_rate": 0.15534376750829898,
    "num_morphogens": 3,
    "division_threshold": 0.3970007685350746,
    "cell_differentiation_threshold": 0.5392244928858692,
    "axon_growth_threshold": 0.3245256881254932,
    "max_axon_length": 8,
    "axon_connect_threshold": 0.6032453055439377,
    "self_connect_isolated_neurons_fraction": 0.08571555736860745,
    "weight_adjustment_target": 0.6322183464902968,
    "weight_adjustment_rate": 0.010613305835244457,
    "progenitor_secretion_rates": [
      0.3647857823148175,
      0.23597366910820455,
      0.2502053773715508
    ],
    "neuron_secretion_rates": [
      0.48823276238145247,
      0.00452708402433688,
      0.18912950906993425
    ],
    "inhibition_matrix": [
      [
        0.0,
        0.0,
        0.0
      ],
      [
        0.0,
        0.0,
        0.0
      ],
      [
        0.0,
        0.27799174192886955,
        0.0
      ]
    ],
    "diffusion_patterns": [
      [
        [
          0.17209119470241394,
          0.11883355307854122,
          0.12249505834864992
        ],
        [
          0.09451778055797722,
          0.16996465437315553,
          0.04341769497010445
        ],
        [
          0.15731703109180895,
          0.11895304908584613,
          0.0024099837915026005
        ]
      ],
      [
        [
          0.0010915984586201955,
          0.08019462948172323,
          0.08238017897759954
        ],
        [
          0.2626093355216829,
          0.09456546854113498,
          0.14370239454794467
        ],
        [
          0.17054039751473202,
          0.04615827234789284,
          0.11875772460866972
        ]
      ],
      [
        [
          0.02085684557406869,
          0.14370600116318338,
          0.13096270494758336
        ],
        [
          0.27574769520121845,
          0.13944122049524793,
          0.0227685529833835
        ],
        [
          0.053880186855538595,
          0.17141711340172322,
          0.0412196793780529
        ]
      ]
    ]
  },
  "network_stats": {
    "neurons": 100,
    "connections": 348
  },
  "rollout_data": {
    "rewards": [
      500.0,
      500.0,
      500.0,
      174.0,
      171.0,
      500.0,
      208.0,
      204.0,
      235.0,
      162.0,
      225.0,
      212.0,
      293.0,
      205.0,
      271.0,
      500.0,
      170.0,
      238.0,
      168.0,
      171.0
    ],
    "lengths": [
      500,
      500,
      500,
      174,
      171,
      500,
      208,
      204,
      235,
      162,
      225,
      212,
      293,
      205,
      271,
      500,
      170,
      238,
      168,
      171
    ],
    "eval_seeds": [
      3151420,
      3151421,
      3151422,
      3151423,
      3151424,
      3151425,
      3151426,
      3151427,
      3151428,
      3151429,
      3151430,
      3151431,
      3151432,
      3151433,
      3151434,
      3151435,
      3151436,
      3151437,
      3151438,
      3151439
    ]
  }
}