{
  "network_id": 47375,
  "seed": 3047375,
  "valid": true,
  "baseline_reward": 200.75,
  "baseline_fitness": 0.4015,
  "stratum": "low_mid",
  "genome": {
    "max_growth_steps": 200,
    "size_x": 10,
    "size_y": 10,
    "diffusion_rate": 0.17209177114597157,
    "num_morphogens": 3,
    "division_threshold": 0.3700279639465369,
    "cell_differentiation_threshold": 0.6780340721310552,
    "axon_growth_threshold": 0.3682147556102578,
    "max_axon_length": 3,
    "axon_connect_threshold": 0.4241788626647869,
    "self_connect_isolated_neurons_fraction": 0.21277786607711666,
    "weight_adjustment_target": 0.5405466649725139,
    "weight_adjustment_rate": 0.011701433246748855,
    "progenitor_secretion_rates": [
      0.3077416603397167,
      0.4698806087693556,
      0.23497618841127155
    ],
    "neuron_secretion_rates": [
      0.3530176020177527,
      0.22025445232783214,
      0.24099534659813587
    ],
    "inhibition_matrix": [
      [
        0.0,
        0.0,
        0.0
      ],
      [
        0.0,
        0.0,
        0.26680830496034097
      ],
      [
        0.0,
        0.0,
        0.0
      ]
    ],
    "diffusion_patterns": [
      [
        [
          0.005896184239995224,
          0.28199089596922255,
          0.07111037281533374
        ],
        [
          0.15649046708958797,
          0.09892002524338257,
          0.0977164432572381
        ],
        [
          0.015562625680243247,
          0.16018291096666176,
          0.11213007473833482
        ]
      ],
      [
        [
          0.10797065016629129,
          0.08351684231936168,
          0.0109548896762479
        ],
        [
          0.00931025317915045,
          0.05035303871165952,
          0.2575340120472861
        ],
        [
          0.21376191127635405,
          0.21733822503604955,
          0.04926017758759939
        ]
      ],
      [
        [
          0.05207893543717092,
          0.15550664073268133,
          0.053719338887083905
        ],
        [
          0.004245783114503651,
          0.04430293420699046,
          0.16785960990805177
        ],
        [
          0.07544444066522564,
          0.24647164455525616,
          0.2003706724930362
        ]
      ]
    ]
  },
  "network_stats": {
    "neurons": 100,
    "connections": 261
  },
  "rollout_data": {
    "rewards": [
      167.0,
      273.0,
      137.0,
      250.0,
      198.0,
      229.0,
      178.0,
      170.0,
      173.0,
      215.0,
      223.0,
      225.0,
      269.0,
      152.0,
      194.0,
      260.0,
      142.0,
      148.0,
      154.0,
      258.0
    ],
    "lengths": [
      167,
      273,
      137,
      250,
      198,
      229,
      178,
      170,
      173,
      215,
      223,
      225,
      269,
      152,
      194,
      260,
      142,
      148,
      154,
      258
    ],
    "eval_seeds": [
      3047375,
      3047376,
      3047377,
      3047378,
      3047379,
      3047380,
      3047381,
      3047382,
      3047383,
      3047384,
      3047385,
      3047386,
      3047387,
      3047388,
      3047389,
      3047390,
      3047391,
      3047392,
      3047393,
      3047394
    ]
  }
}