{
  "genome": {
    "max_growth_steps": 199,
    "size_x": 20,
    "size_y": 20,
    "diffusion_rate": 0.11879939292585197,
    "num_morphogens": 3,
    "division_threshold": 0.314421439956727,
    "cell_differentiation_threshold": 0.5308861910442799,
    "axon_growth_threshold": 0.3397747009009039,
    "max_axon_length": 6,
    "axon_connect_threshold": 0.2558200816920049,
    "self_connect_isolated_neurons_fraction": 0.35994944088951397,
    "weight_adjustment_target": 0.8967697249083619,
    "weight_adjustment_rate": 0.018474241026572642,
    "progenitor_secretion_rates": [
      0.3882447401338952,
      0.3683667361530461,
      0.06693924862670886
    ],
    "neuron_secretion_rates": [
      0.15021314414785714,
      0.028248215072417426,
      0.31211925180036787
    ],
    "inhibition_matrix": [
      [
        0.0,
        0.2755803077716068,
        0.0
      ],
      [
        0.0,
        0.0,
        0.05357087953512685
      ],
      [
        0.04559577151759875,
        0.0,
        0.3105168786081514
      ]
    ],
    "diffusion_patterns": [
      [
        [
          0.11733395276710326,
          0.06543526877307984,
          0.14096023838610233
        ],
        [
          0.11961561762309919,
          0.19715116965178317,
          0.12871775172501798
        ],
        [
          0.09288371373966892,
          0.023473071355225698,
          0.11442921597891946
        ]
      ],
      [
        [
          0.14881994880005717,
          0.1194132390616603,
          0.16328719140741108
        ],
        [
          0.11902826578640689,
          0.14627402835969572,
          0.05373049289821094
        ],
        [
          0.053382616777921194,
          0.03732775055481414,
          0.15873646635382246
        ]
      ],
      [
        [
          0.186436003554449,
          0.19794571870208605,
          0.11106827749955937
        ],
        [
          0.08532258342661658,
          0.06608121720785234,
          0.1552925251479102
        ],
        [
          0.009060531701213936,
          0.13903806164701632,
          0.0497550811132961
        ]
      ]
    ]
  },
  "eta": 0.0,
  "decay": 0.0,
  "fitness": 0.8472999999999999,
  "reward": -76.35000000000002,
  "stratum": "high_mid",
  "condition": "A",
  "run_seed": 1019,
  "env": "Acrobot-v1"
}