{
  "genome": {
    "max_growth_steps": 233,
    "size_x": 10,
    "size_y": 10,
    "diffusion_rate": 0.18755963098792555,
    "num_morphogens": 3,
    "division_threshold": 0.1839075694380561,
    "cell_differentiation_threshold": 0.2902449428399236,
    "axon_growth_threshold": 0.4738354762295304,
    "max_axon_length": 7,
    "axon_connect_threshold": 0.44180469302203185,
    "self_connect_isolated_neurons_fraction": 0.38357312865809934,
    "weight_adjustment_target": 0.7257379786873903,
    "weight_adjustment_rate": 0.005706281673176096,
    "progenitor_secretion_rates": [
      0.3170896120261143,
      0.14752305206591076,
      0.13584464065824098
    ],
    "neuron_secretion_rates": [
      0.17218461817819247,
      0.04817567705570924,
      0.17999186371082215
    ],
    "inhibition_matrix": [
      [
        0.0,
        0.0,
        0.0
      ],
      [
        0.0,
        0.0,
        0.0
      ],
      [
        0.2299309699156375,
        0.0,
        0.06269694601524617
      ]
    ],
    "diffusion_patterns": [
      [
        [
          0.08943866041566571,
          0.017218650756849616,
          0.2008137319638301
        ],
        [
          0.13113016798489208,
          0.06143748475175454,
          0.051881491368118704
        ],
        [
          0.054404320327858066,
          0.1344674943804797,
          0.25920799805055156
        ]
      ],
      [
        [
          0.01505205098681761,
          0.11725737694995993,
          0.12570182890948167
        ],
        [
          0.1013919596634934,
          0.15682436634647035,
          0.13471883772756416
        ],
        [
          0.18474830503870868,
          0.15301763537696014,
          0.01128763900054418
        ]
      ],
      [
        [
          0.12547494445844395,
          0.02324528581208195,
          0.10865537855342598
        ],
        [
          0.1322304669573896,
          0.2188012931261003,
          0.17750690266381708
        ],
        [
          0.008213456622920107,
          0.008080231875827218,
          0.1977920399299938
        ]
      ]
    ]
  },
  "eta": 0.0,
  "decay": 0.0,
  "fitness": 1.0,
  "reward": 500.0,
  "stratum": "perfect",
  "condition": "A",
  "run_seed": 1023
}