{
  "genome": {
    "max_growth_steps": 180,
    "size_x": 20,
    "size_y": 20,
    "diffusion_rate": 0.07087948346867134,
    "num_morphogens": 3,
    "division_threshold": 0.5839788452616401,
    "cell_differentiation_threshold": 0.5646125516484342,
    "axon_growth_threshold": 0.4688007564237053,
    "max_axon_length": 5,
    "axon_connect_threshold": 0.8424699055183051,
    "self_connect_isolated_neurons_fraction": 0.46530080177578276,
    "weight_adjustment_target": 1.0,
    "weight_adjustment_rate": 0.0150053122026241,
    "progenitor_secretion_rates": [
      0.3211822011144003,
      0.17266578726623905,
      0.24766284080265705
    ],
    "neuron_secretion_rates": [
      0.3747553249780886,
      0.14109336401859274,
      0.47260458840374
    ],
    "inhibition_matrix": [
      [
        0.0,
        0.0,
        0.0694418499989537
      ],
      [
        0.0,
        0.3538704762601869,
        0.0
      ],
      [
        0.0,
        0.11567242516597154,
        0.15713048805290247
      ]
    ],
    "diffusion_patterns": [
      [
        [
          0.11722321983341831,
          0.043913979292364416,
          0.17485811281373176
        ],
        [
          0.0020100084536824013,
          0.16801461620112432,
          0.15039118802771573
        ],
        [
          0.13626256641210013,
          0.16903534953312688,
          0.03829095943273606
        ]
      ],
      [
        [
          0.15570796504891546,
          0.04534979215912076,
          0.09897698061900197
        ],
        [
          0.16169174234412195,
          0.0032094795508921113,
          0.07470986928266557
        ],
        [
          0.13665428252126863,
          0.17055882606799283,
          0.15314106240602082
        ]
      ],
      [
        [
          0.15795054128998784,
          0.04323406416483106,
          0.1502681068610008
        ],
        [
          0.0912604887942258,
          0.003251221531638337,
          0.13407857393851738
        ],
        [
          0.16233758914032617,
          0.1678775411986168,
          0.08974187308085568
        ]
      ]
    ]
  },
  "eta": -0.001,
  "decay": 0.05,
  "fitness": 0.8499,
  "reward": -75.05000000000001,
  "stratum": "high_mid",
  "condition": "B",
  "run_seed": 1029,
  "env": "Acrobot-v1"
}