{
  "genome": {
    "max_growth_steps": 90,
    "size_x": 20,
    "size_y": 20,
    "diffusion_rate": 0.18639976086733778,
    "num_morphogens": 3,
    "division_threshold": 0.46038980301433613,
    "cell_differentiation_threshold": 0.46362445160086924,
    "axon_growth_threshold": 0.2808210369923806,
    "max_axon_length": 6,
    "axon_connect_threshold": 0.9621379624181285,
    "self_connect_isolated_neurons_fraction": 0.4997453383463267,
    "weight_adjustment_target": 0.8806840135968877,
    "weight_adjustment_rate": 0.008391623467151785,
    "progenitor_secretion_rates": [
      0.2895105760010841,
      0.25573850224546907,
      0.005170531175226423
    ],
    "neuron_secretion_rates": [
      0.40800868994747785,
      0.03614480058259861,
      0.060599918414879994
    ],
    "inhibition_matrix": [
      [
        0.0,
        0.0,
        0.0
      ],
      [
        0.0,
        0.0,
        0.0
      ],
      [
        0.0,
        0.0,
        0.47491491775874356
      ]
    ],
    "diffusion_patterns": [
      [
        [
          0.13774767566996926,
          0.03253956208201929,
          0.11949508690217053
        ],
        [
          0.04652483318786532,
          0.15686320451026273,
          0.19006442498118564
        ],
        [
          0.1781780640756578,
          0.09423052488711982,
          0.044356623703749515
        ]
      ],
      [
        [
          0.10434911943927111,
          0.17437974146502352,
          0.10521304175081951
        ],
        [
          0.05308905599204073,
          0.043164793698062906,
          0.17056137868709234
        ],
        [
          0.08050081047359656,
          0.11971781340851656,
          0.1490242450855768
        ]
      ],
      [
        [
          0.1657058490031192,
          0.046590667850898465,
          0.09841064173189301
        ],
        [
          0.17277546410725983,
          0.10456146091673825,
          0.09400141750893745
        ],
        [
          0.14370482184266598,
          0.03503468638184265,
          0.13921499065664514
        ]
      ]
    ]
  },
  "eta": -0.001,
  "decay": 0.05,
  "fitness": 0.7923,
  "reward": -103.85,
  "stratum": "high_mid",
  "condition": "B",
  "run_seed": 1028,
  "env": "Acrobot-v1"
}