{
  "genome": {
    "max_growth_steps": 155,
    "size_x": 10,
    "size_y": 10,
    "diffusion_rate": 0.18433433353343726,
    "num_morphogens": 3,
    "division_threshold": 0.3962536506029302,
    "cell_differentiation_threshold": 0.6069493568119666,
    "axon_growth_threshold": 0.4518741086752944,
    "max_axon_length": 8,
    "axon_connect_threshold": 0.3828045625538699,
    "self_connect_isolated_neurons_fraction": 0.06986087677864065,
    "weight_adjustment_target": 1.0,
    "weight_adjustment_rate": 0.018058218441191785,
    "progenitor_secretion_rates": [
      0.4118497924576338,
      0.18128545935095952,
      0.011892609384427988
    ],
    "neuron_secretion_rates": [
      0.15245134108481823,
      0.18263298606507278,
      0.2194967807998957
    ],
    "inhibition_matrix": [
      [
        0.17632676631949384,
        0.19754773367964346,
        0.006532946882350232
      ],
      [
        0.14580212032888606,
        0.4126619416319428,
        0.0
      ],
      [
        5.838196323026956e-05,
        0.2115884597833208,
        0.0
      ]
    ],
    "diffusion_patterns": [
      [
        [
          0.09334462542386081,
          0.12213013200549537,
          0.14068629866354007
        ],
        [
          0.08507681494935242,
          0.11901366439128795,
          0.11098387951900324
        ],
        [
          0.08372933866931509,
          0.12654651738926018,
          0.11848872898888486
        ]
      ],
      [
        [
          0.1564085259876196,
          0.04531414343997412,
          0.09815446374515574
        ],
        [
          0.08529760117412453,
          0.07687749558177812,
          0.1607319925870194
        ],
        [
          0.2046024098920893,
          0.16863541654611675,
          0.003977951046122411
        ]
      ],
      [
        [
          0.042497082519675294,
          0.015252553137857295,
          0.09546185933421489
        ],
        [
          0.2141652576109174,
          0.16956790827305027,
          0.12098572298339537
        ],
        [
          0.05654172425113105,
          0.11159301468126435,
          0.17393487720849404
        ]
      ]
    ]
  },
  "eta": -0.01,
  "decay": 0.01,
  "fitness": 1.0,
  "reward": 500.0,
  "stratum": "perfect",
  "condition": "B",
  "run_seed": 1006
}