{
  "genome": {
    "max_growth_steps": 117,
    "size_x": 10,
    "size_y": 10,
    "diffusion_rate": 0.19538731604491955,
    "num_morphogens": 3,
    "division_threshold": 0.3199427470597311,
    "cell_differentiation_threshold": 0.49942867117829914,
    "axon_growth_threshold": 0.24857753822008383,
    "max_axon_length": 7,
    "axon_connect_threshold": 0.9621379624181285,
    "self_connect_isolated_neurons_fraction": 1.0,
    "weight_adjustment_target": 0.6271119899235957,
    "weight_adjustment_rate": 0.0351917355445174,
    "progenitor_secretion_rates": [
      0.49771152283447895,
      0.37267018925860274,
      0.32846572681466096
    ],
    "neuron_secretion_rates": [
      0.323453723579212,
      0.03614480058259861,
      0.061815144123586185
    ],
    "inhibition_matrix": [
      [
        0.0,
        0.27216539038479826,
        0.0
      ],
      [
        0.0,
        0.0,
        0.0
      ],
      [
        0.0,
        0.0,
        0.47491491775874356
      ]
    ],
    "diffusion_patterns": [
      [
        [
          0.02451268883190974,
          0.23112295117578602,
          0.2235092345679732
        ],
        [
          0.12287435477653795,
          0.19053437811028703,
          0.008665175290486665
        ],
        [
          0.059019514670774514,
          0.045227377332596144,
          0.0945343252436487
        ]
      ],
      [
        [
          0.011078934894493802,
          0.07037242048355341,
          0.003109125523175428
        ],
        [
          0.1270643271053253,
          0.11577549168662717,
          0.19472237807073928
        ],
        [
          0.18137378454922176,
          0.08075953001215443,
          0.21574400767470955
        ]
      ],
      [
        [
          0.1726987277271825,
          0.1354037984991038,
          0.15441160757495676
        ],
        [
          0.12091826724669616,
          0.05208967679480158,
          0.05146102093313411
        ],
        [
          0.14995302314770587,
          0.07529076077079214,
          0.08777311730562712
        ]
      ]
    ]
  },
  "eta": 0.0,
  "decay": 0.0,
  "fitness": 1.0,
  "reward": 500.0,
  "stratum": "perfect",
  "condition": "A",
  "run_seed": 1028
}